-- MySQL dump 10.13  Distrib 8.0.15, for Linux (x86_64)
--
-- Host: localhost    Database: projet
-- ------------------------------------------------------
-- Server version	8.0.15

CREATE DATABASE projet;
use projet;

/*!40101 SET @OLD_CHARACTER_SET_CLIENT=@@CHARACTER_SET_CLIENT */;
/*!40101 SET @OLD_CHARACTER_SET_RESULTS=@@CHARACTER_SET_RESULTS */;
/*!40101 SET @OLD_COLLATION_CONNECTION=@@COLLATION_CONNECTION */;
 SET NAMES utf8mb4 ;
/*!40103 SET @OLD_TIME_ZONE=@@TIME_ZONE */;
/*!40103 SET TIME_ZONE='+00:00' */;
/*!40014 SET @OLD_UNIQUE_CHECKS=@@UNIQUE_CHECKS, UNIQUE_CHECKS=0 */;
/*!40014 SET @OLD_FOREIGN_KEY_CHECKS=@@FOREIGN_KEY_CHECKS, FOREIGN_KEY_CHECKS=0 */;
/*!40101 SET @OLD_SQL_MODE=@@SQL_MODE, SQL_MODE='NO_AUTO_VALUE_ON_ZERO' */;
/*!40111 SET @OLD_SQL_NOTES=@@SQL_NOTES, SQL_NOTES=0 */;

--
-- Table structure for table `Account`
--

DROP TABLE IF EXISTS `Account`;
/*!40101 SET @saved_cs_client     = @@character_set_client */;
 SET character_set_client = utf8mb4 ;
CREATE TABLE `Account` (
  `id` int(11) NOT NULL AUTO_INCREMENT,
  `id_User` int(11) NOT NULL,
  `id_Address` int(11) NOT NULL,
  `firstName` varchar(50) NOT NULL,
  `lastName` varchar(50) NOT NULL,
  `email` varchar(50) NOT NULL,
  `password` varbinary(100) NOT NULL,
  PRIMARY KEY (`id`),
  UNIQUE KEY `id_User` (`id_User`),
  KEY `id_Address` (`id_Address`),
  CONSTRAINT `Account_ibfk_1` FOREIGN KEY (`id_User`) REFERENCES `User` (`id`),
  CONSTRAINT `Account_ibfk_2` FOREIGN KEY (`id_Address`) REFERENCES `Address` (`id`)
) ENGINE=InnoDB AUTO_INCREMENT=103 DEFAULT CHARSET=utf8mb4 COLLATE=utf8mb4_0900_ai_ci COMMENT='Private user infos.';
/*!40101 SET character_set_client = @saved_cs_client */;

--
-- Dumping data for table `Account`
--

LOCK TABLES `Account` WRITE;
/*!40000 ALTER TABLE `Account` DISABLE KEYS */;
INSERT INTO `Account` VALUES (1,1,1,'John','Doe','test@cooky.com',_binary '$2b$12$P7zznnh6OQHMBG50M6GydOnH41ycfD4llZp.ec81TwV9cQu.s9Fne'),(2,2,2,'Murgomhellhi','Tyfoxe','Murgomhellhi.Tyfoxe@gmail.com',_binary '$2b$12$QijCWUm7ErpIjAAwjMYe9.4CmaJFIuo.Szy.Aia7bRiaYQ2fUEAd.'),(3,3,3,'Govopy','Piphafy','Govopy.Piphafy@gmail.com',_binary '$2b$12$yxvFrbG1SeGcmHFoOtW/a.G7tMIKxYPfxMe9vslTUJisIilfOjxA6'),(4,4,4,'Barlugha','Govopy','Barlugha.Govopy@gmail.com',_binary '$2b$12$LQozRHlPVJNtDyUPBh.SLuB1KRj6AyMUesZLczWevu7qXc.jkCc86'),(5,5,5,'Gake','Dunummo','Gake.Dunummo@gmail.com',_binary '$2b$12$gufo7U8j0vLKdDpi4MnRu.bUqNyXqKLNrwTBUFv05h7qBjcnRjel2'),(6,6,6,'Rroky','Rluggum','Rroky.Rluggum@gmail.com',_binary '$2b$12$/ZiJ4C0GbSGmohaQutnOSut5n9TGD7gw02pyPOG2NciyQBcy95Bwi'),(7,7,7,'Phikotho','Laqui','Phikotho.Laqui@gmail.com',_binary '$2b$12$krQzktvmfuUkjgUg/9rqm.qo7dESLteoqgQHmdCZoD8RArsOKrbwO'),(8,8,8,'Fille','Salhu','Fille.Salhu@gmail.com',_binary '$2b$12$.rtZss7Ns1/ou/6Huw1Pherure1ju8KlbUYZHpaCfaqGw6arW2V4y'),(9,9,9,'Navede','Jeduty','Navede.Jeduty@gmail.com',_binary '$2b$12$waYcNC0.BkNMMZY8bz7HMOKnQaN/FCSlYFC4LZVKYHUtiqfxbddBy'),(10,10,10,'Cyllig','Mmoxuby','Cyllig.Mmoxuby@gmail.com',_binary '$2b$12$M6tfO9QgNMtagwhfuS8KzOmR8P08Xyav8JLg0uuVMDBjAQVaGEuCa'),(11,11,11,'Thuju','Senoze','Thuju.Senoze@gmail.com',_binary '$2b$12$XwLt.5G2hspQAUzzxU37budVpFNXjCR0NEKcuhEPsz6vwjpKP9F9i'),(12,12,12,'Solgamberthi','Mmelli','Solgamberthi.Mmelli@gmail.com',_binary '$2b$12$v5vAnls2.KMmqGKOPcOCUuL8CYh1QBhnRMC6XA.DFeSx3O1SN5E7a'),(13,13,13,'Hagyga','Hathulemhe','Hagyga.Hathulemhe@gmail.com',_binary '$2b$12$6VCKuKn0VmsTbvqe7CfFCOQW3Y5DXzOhGT/wGHiLmwLdu6mJIpbfe'),(14,14,14,'Rriwufi','Fibonu','Rriwufi.Fibonu@gmail.com',_binary '$2b$12$.HWzTUw.KgIuBejJ8FHRp.loofLCsTdNqa19XrUb7ibplUfGT8USC'),(15,15,15,'Laglyslomlis','Mirborcil','Laglyslomlis.Mirborcil@gmail.com',_binary '$2b$12$UOx1hVRRxwIPwHn8p9N8Wu.tVpwoIX2TIdETuHOR8br1h9owYZMDS'),(16,16,16,'Celmorgember','Byrhebyr','Celmorgember.Byrhebyr@gmail.com',_binary '$2b$12$foRfD8SCD.9PoqNjucjCEuFltb/bleErVKv1AGZm49EWbxmnkKqNC'),(17,17,17,'Pima','Piphafy','Pima.Piphafy@gmail.com',_binary '$2b$12$QQn9zCHxgw78CIkzMjA3Q.1ghq9kja/DpnC7MPWoxRiYTgpeeknSO'),(18,18,18,'Tumu','Xathe','Tumu.Xathe@gmail.com',_binary '$2b$12$S/OT9umbq9AeqUKFVuphoOAEgj.stS7bxNI2vvXEU1p8aF8/qhN06'),(19,19,19,'Senoze','Wireju','Senoze.Wireju@gmail.com',_binary '$2b$12$Q3EBof3T6iWdQfPj9lWycOFJ7VZ0rsEwt5.F9XEyZ9LS3eW5OXqZ2'),(20,20,20,'Fille','Fadylu','Fille.Fadylu@gmail.com',_binary '$2b$12$EyuJ56yyHG5Y0832zHZEG.lIFKaLs5yGq2RBLNViVLATBFXVDHnzq'),(21,21,21,'Lugcul','Mmoxuby','Lugcul.Mmoxuby@gmail.com',_binary '$2b$12$fDpWwgdVTqJXwrr.JGKcpOc9GKlwmVHykPEvOSMVpRlI.Y..7vDkC'),(22,22,22,'Calornthilog','Vesi','Calornthilog.Vesi@gmail.com',_binary '$2b$12$nB2vbdKX.UXdDBagBArMTuocLXHoWCvPW9VCftzVnIpp25qIDSIyi'),(23,23,23,'Rycypy','Thine','Rycypy.Thine@gmail.com',_binary '$2b$12$3ePOOG3dmKjnVn2cOvvwfOIGyoKUGOm27exjcMXvh32xYB2lB.XCS'),(24,24,24,'Rruno','Billu','Rruno.Billu@gmail.com',_binary '$2b$12$i8xt8TlV3JhaRm.S06BwMOaAP6OsBuMF5q.z4bcrJ9hWHJHmjXx1G'),(25,25,25,'Quarrythy','Sozawy','Quarrythy.Sozawy@gmail.com',_binary '$2b$12$08NQfmaT8Friwk2iHIeIxuUI69L2dItWaQJZn9vziEHy29DhVceLq'),(26,26,26,'Helisloshi','Salhu','Helisloshi.Salhu@gmail.com',_binary '$2b$12$SdeUS/kErkts/0706pixU.R.KAe/ABkodrzoA.azHqfmqCTIMfEom'),(27,27,27,'Morcalsul','Vesi','Morcalsul.Vesi@gmail.com',_binary '$2b$12$pQNjCHE6ukfRp99X8mi4buUS31LwEYvpw7hwKYmA3JNqoMWBLx54u'),(28,28,28,'Zajerry','Polo','Zajerry.Polo@gmail.com',_binary '$2b$12$BvmOhUR8XCCPpNfnoBIKKe9p/SwOVrAFg62XJclOZLDz18hPEMN/q'),(29,29,29,'Mmuquoby','Juzuke','Mmuquoby.Juzuke@gmail.com',_binary '$2b$12$bbmaOT06EJPFf7xkwfOH/ucGKpCt9H2nwzz83.B4td6vYzbIxUO7i'),(30,30,30,'Rydu','Govopy','Rydu.Govopy@gmail.com',_binary '$2b$12$73S4yo4HGNmz4mmFtdv9M.qzRW9ZHxCEVp0cQEog8Y/v168RzMWrW'),(31,31,31,'Lumsolthalig','Gumsalculsil','Lumsolthalig.Gumsalculsil@gmail.com',_binary '$2b$12$6ructa5dOzKpz8eJseCt0OML8wsz8ZHzzG1FQ4kzsnTHR1trbSejC'),(32,32,32,'Nophe','Barbirorn','Nophe.Barbirorn@gmail.com',_binary '$2b$12$JFqR/b4FJqMg5Eow2.WC3ek5W2BbvrNpJdxN8HRbhdMX8EzmW5hJ2'),(33,33,33,'Mmichera','Sujytho','Mmichera.Sujytho@gmail.com',_binary '$2b$12$47/4TkX.eH8ltuxBCIB4Lu1lO8Wbe3tBLXKe5sZ1HXdbrj/nee0MW'),(34,34,34,'Merhosyl','Pakufa','Merhosyl.Pakufa@gmail.com',_binary '$2b$12$sjj9QUaaFYcNZCmSzLzbOOgV.T84OWPbLdSGD2q/z6fN2MBfs3ZfG'),(35,35,35,'Lumsolthalig','Hapha','Lumsolthalig.Hapha@gmail.com',_binary '$2b$12$dw8RDpzbFgBDDAQ97Diqs.ib4Dpma7ut5YAlDogJtdbdYtfzyImJm'),(36,36,36,'Muphaba','Barbirorn','Muphaba.Barbirorn@gmail.com',_binary '$2b$12$c4gtgbx7ANJmKCvJdrjqweQW2/qmJUhNxhXGn7w/0ir7hL5OcfH8y'),(37,37,37,'Syllag','Nophy','Syllag.Nophy@gmail.com',_binary '$2b$12$NbRnQHeGrETvEc88b22Xs.jYu0GkqZr.Y1Wi6d8Boni8CzIN82DGG'),(38,38,38,'Polymmo','Chullene','Polymmo.Chullene@gmail.com',_binary '$2b$12$ckYRgS5IUhh9abe8v8b4Q.LbiOZrcft/1LBNJylcAWDLWol6mU052'),(39,39,39,'Wimma','Phasone','Wimma.Phasone@gmail.com',_binary '$2b$12$1oKSHm5ieVOB.Vu1nCT/I.5KGShYclS7aMzKC.6GIguyxTrD68Wvq'),(40,40,40,'Loxocho','Pazasi','Loxocho.Pazasi@gmail.com',_binary '$2b$12$J078C.pXSWnEOgj3Xb99LulLigDdb267XxKo8F5Zh19ZK4Y5x.XXe'),(41,41,41,'Gyka','Phasone','Gyka.Phasone@gmail.com',_binary '$2b$12$WXt.I5VJfNEBGF9fQb6sWeeFDdwm91lw8T2P3mI5tT.ZdbFDg3Bhy'),(42,42,42,'Lasnormer','Lletyjo','Lasnormer.Lletyjo@gmail.com',_binary '$2b$12$FUvfVRq/20D6pE9KkOMcdOo5cLCUKmGowdsXYEh2BeMaakSPVIqDu'),(43,43,43,'Loscal','Byjuwi','Loscal.Byjuwi@gmail.com',_binary '$2b$12$yKTeWNNuiLlBd8TNv5xx2u1DUrqF2hHLArqoBOOsKFdVCm5HlUts6'),(44,44,44,'Burcylcel','Erngomlig','Burcylcel.Erngomlig@gmail.com',_binary '$2b$12$lIQKfyCAwgk/x7Me8xNa7OLH7dLoqEmI8gLYqo69BrcnCBb6QvOV6'),(45,45,45,'Poru','Thuju','Poru.Thuju@gmail.com',_binary '$2b$12$Fwl.bLmVAUj2FrS59B6Lb.0GmJrk27p2oKgHRuCllTSXDDL3sYjWy'),(46,46,46,'Wireju','Lomlos','Wireju.Lomlos@gmail.com',_binary '$2b$12$/XPx5no72lZPxbHDZ6.JHOV2yXOD2laIHPc2RfEi5HR8/R6j1lNIe'),(47,47,47,'Thuju','Syllas','Thuju.Syllas@gmail.com',_binary '$2b$12$f7P7NittZz6iLPTi4EsfgOjEtr11QAulaOH0vw/6l3Mitrp.AHVlK'),(48,48,48,'Mmoxuby','Ligbir','Mmoxuby.Ligbir@gmail.com',_binary '$2b$12$/B1mhgrse5EOeGMbWG50ju51pj9CK5A6CQ0PqiD1.C9akoPLPSdCS'),(49,49,49,'Rrobysu','Nyxichi','Rrobysu.Nyxichi@gmail.com',_binary '$2b$12$uiFBiygPmf9/NUwpdNcFKe2BQB/3PxJPgguciAYhbb2BfhmPyvHiq'),(50,50,50,'Gymcalhober','Sylcyllis','Gymcalhober.Sylcyllis@gmail.com',_binary '$2b$12$IJk1KaCc9pnvy6sbhXzZI.bUJo2cA6XP6YZC1NJN.DYv5L17KdrP6'),(51,51,51,'Chusuny','Morlag','Chusuny.Morlag@gmail.com',_binary '$2b$12$95tg2oZxLhZ1lsf2pN3tReNRc5nBc/bVo5Ot0p8TY6RL06.LwGlDG'),(52,52,52,'Nyxichi','Nopho','Nyxichi.Nopho@gmail.com',_binary '$2b$12$jri9Zid0FK1j8BDSW7QXOu96ulBooMRsKFvQNRCVLnYDbbS2BC8de'),(53,53,53,'Silbartha','Thehyko','Silbartha.Thehyko@gmail.com',_binary '$2b$12$I8XLBuWSkINf6IoCE5mH0.Uu3rWss7/xtdIsyWQx0Oh.tkpWH1v2q'),(54,54,54,'Laglyslomlis','Rycypy','Laglyslomlis.Rycypy@gmail.com',_binary '$2b$12$I8p9upOb.wKB1F7E8hAE/OUzNXZIuK08kXoNZRFbw4nzLqZAkVPX.'),(55,55,55,'Vozella','Wireju','Vozella.Wireju@gmail.com',_binary '$2b$12$fkgOECdk7FsHuw8Ezx.tqufvKJGtFliGwfTypiiknspmKexlKvghC'),(56,56,56,'Ornmur','Gymlys','Ornmur.Gymlys@gmail.com',_binary '$2b$12$LmQUFdta9BFdwVXU00eOa.fMlxnkEv0gIMFI1hTgu6/jnjJmmZKg6'),(57,57,57,'Gyka','Pakufa','Gyka.Pakufa@gmail.com',_binary '$2b$12$HVr8zPBzu7hIRbCQZCdp7eHeJ4kqZ//Vv9BppQ5pzqeeSQ3PuN8Ky'),(58,58,58,'Poru','Lasloglag','Poru.Lasloglag@gmail.com',_binary '$2b$12$Dw2ZlfVwIagZXds73KPIK.zieyhcQW1ZlSiEk73XaoitNsEAkCBAe'),(59,59,59,'Rluggum','Fasopy','Rluggum.Fasopy@gmail.com',_binary '$2b$12$JnY/jY.LVy6LPXmJWxj1penKbV6zKolTPci9SqNFQUjKPMo8WICwi'),(60,60,60,'Rycypy','Borlessil','Rycypy.Borlessil@gmail.com',_binary '$2b$12$y8TjWR4F4QOZdto8AhxNsu104a7oSC2CgAlMM09YQ5Bl.uZo1UaX.'),(61,61,61,'Jimiru','Coquawi','Jimiru.Coquawi@gmail.com',_binary '$2b$12$Ux.9fizh8hU4ETcx4BTeJuAbfO9GfC7WLLNIccZSzstXYryNd6MCO'),(62,62,62,'Tysy','Sulbarmornar','Tysy.Sulbarmornar@gmail.com',_binary '$2b$12$p/NT7gwAKU3mpVVkp3NeeuNllAAx5F5Q/.Z.OHpsdtqrBbI9jShsC'),(63,63,63,'Bermor','Gyki','Bermor.Gyki@gmail.com',_binary '$2b$12$ZkqV6WN..mIH5aWVM..pPOMaG74NdXw4.TCqsu.8IFl3YjCXcMg4e'),(64,64,64,'Liscal','Rothe','Liscal.Rothe@gmail.com',_binary '$2b$12$VOu3SCtkgg.hfXrJqIc/RejPnHJ.zywrqstX0ko3kyNcQFWNyRGoW'),(65,65,65,'Cyllig','Hathulemhe','Cyllig.Hathulemhe@gmail.com',_binary '$2b$12$0VYEeQtYfHoT.b16edDlneP8GYriZRTU2DxirFwGN.8JvQm4gu.Gu'),(66,66,66,'Narmar','Quoquafa','Narmar.Quoquafa@gmail.com',_binary '$2b$12$Mh7cnXvoV5.ZrAmDSD6SxOc/gXPOxd7UPZ.0KKQdDLb/4SUOWKokq'),(67,67,67,'Erngomlig','Sulleshe','Erngomlig.Sulleshe@gmail.com',_binary '$2b$12$LL4B0DeYCsUVSMaBMYx8BuzKiOns1NBcIacZUEMCTobznidNk0McO'),(68,68,68,'Narmarborern','Sulbarmornar','Narmarborern.Sulbarmornar@gmail.com',_binary '$2b$12$KldHpJDSU6swCQ/L9jw/bO0O.Bij5j4iE8oqT73NkT3lnrG.46krS'),(69,69,69,'Kidoxa','Chullene','Kidoxa.Chullene@gmail.com',_binary '$2b$12$KbnlUctSHkJkKnIhywLWp.CnGGc7cx67Ku.2AaRsN16nT0NgiSMTK'),(70,70,70,'Burcylcel','Mmyjyhe','Burcylcel.Mmyjyhe@gmail.com',_binary '$2b$12$c0BG5BTNfhly6ZThJnZulOVrY39j9pgOWkt53Ch5/xndUaMa8ytE6'),(71,71,71,'Borlessil','Fibonu','Borlessil.Fibonu@gmail.com',_binary '$2b$12$CdhsS0NXnWPzDL5PTx.aoesBX2ln6sRlCfsBJIKpWWezE9HzBXCLK'),(72,72,72,'Phikotho','Boquirri','Phikotho.Boquirri@gmail.com',_binary '$2b$12$/tQqhCZxz91VlR16qzkIU.QDWzau/iGDuJwlh1i7V8MMQgPCIEgbq'),(73,73,73,'Nophy','Morlag','Nophy.Morlag@gmail.com',_binary '$2b$12$ZVDOuDQvBovJqq410BfE/un7YUertOnc4DRvfCCyK24TE8lQ3Q2Hm'),(74,74,74,'Rruxigu','Mirborcil','Rruxigu.Mirborcil@gmail.com',_binary '$2b$12$stfDPPlWoCtaESPEdTuXEu.p4BaBApKVvBcdMSRGyR3dlr4cWt2AS'),(75,75,75,'Cukemo','Fibonu','Cukemo.Fibonu@gmail.com',_binary '$2b$12$soZ8itzG2DpUnSa6gg6Eh.2DAtXMvZvBNcSpivLEaX1i0LvlAeJhK'),(76,76,76,'Nophe','Gichu','Nophe.Gichu@gmail.com',_binary '$2b$12$1HxMks0n25aUBvpzy4VX8eXY7kLA2aOosKz/LUKh7hMC2nvduCR46'),(77,77,77,'Leshe','Cuphiwa','Leshe.Cuphiwa@gmail.com',_binary '$2b$12$hAVvj1N8YAiJti0sACk.A.KYEECM1zCGa1GbS4yat5K0LvlDQwEqq'),(78,78,78,'Orncilbirgom','Narlescul','Orncilbirgom.Narlescul@gmail.com',_binary '$2b$12$TRfLBSt1Zy7JSmUkCdV7K.XsFv/4yjzcKYSMKPk4fZ8SNHSMUCLwm'),(79,79,79,'Bibowo','Calornthilog','Bibowo.Calornthilog@gmail.com',_binary '$2b$12$XCjScnEHtI15jrfB9ClssOQ.CmMMOKDH1NR/h3zc1bJAPW0utQdzm'),(80,80,80,'Sidemi','Dodyra','Sidemi.Dodyra@gmail.com',_binary '$2b$12$yBYUuRYpy8kvka3TvtX/XeLqd10ylIxeWCCUtZrmdkltqchAz5DRO'),(81,81,81,'Zapu','Murgomhellhi','Zapu.Murgomhellhi@gmail.com',_binary '$2b$12$RSdInK4EnJiSJg6MfQNmQODwQZl5h0yBVAt8A05U2Jtmt4m4Jp0PG'),(82,82,82,'Byrhebyr','Syllas','Byrhebyr.Syllas@gmail.com',_binary '$2b$12$4p1jmWze1RTZ8bIvnm9vLOdkMJ3SKp41B1HZX00wmKKnSmlhHPLqe'),(83,83,83,'Xathe','Phata','Xathe.Phata@gmail.com',_binary '$2b$12$YHIBF5KBRniWWzYatoXC3uHkeMO1Aa8yy5MJI1grPz.wsqWrNdUwK'),(84,84,84,'Erngomlig','Lomlember','Erngomlig.Lomlember@gmail.com',_binary '$2b$12$RnGhqpMmOi/Zm7AH4zMzVedmj62NwrTdOf1y/vyX2JFXb9fTUzY6C'),(85,85,85,'Juzuke','Hellu','Juzuke.Hellu@gmail.com',_binary '$2b$12$GfkXHNYIsjWBJoD7jy9guOZzLmcvuwdyGVqYH2LR5/olW1QmmYE.2'),(86,86,86,'Helisloshi','Colmorhi','Helisloshi.Colmorhi@gmail.com',_binary '$2b$12$wrll3TV2YdaIwxmL5sBkfuiNKX7A8MyWsb7ZoFbFsTkvn4bBu9HC6'),(87,87,87,'Mmeka','Hymmy','Mmeka.Hymmy@gmail.com',_binary '$2b$12$eKl8Q17A3c0vtru2fFm1Qe8eL89hIFmYgUwxndKXJ70P/BQA2VEPm'),(88,88,88,'Hyse','Sylcyllis','Hyse.Sylcyllis@gmail.com',_binary '$2b$12$PVcmbJjtOcHi.JEj6d0UMOcm5xplk2LaAi1J57xGfeJe7RHII5VQ6'),(89,89,89,'Zurruca','Gomlamthi','Zurruca.Gomlamthi@gmail.com',_binary '$2b$12$0emy/r/86xDz/3vbywIvXu4M.JcauJX.jp3CUx21QhByLwwgVRT7i'),(90,90,90,'Llommiga','Mmiweso','Llommiga.Mmiweso@gmail.com',_binary '$2b$12$A/rhBVQ8F68RNHP5qB5UAuDtEEviFgGq1Db.V22JQSmmTOBRWyiCO'),(91,91,91,'Fille','Hapha','Fille.Hapha@gmail.com',_binary '$2b$12$Z8i6cxvWydNykPlOq8v2LuN2rJ6r313vRAd6EuSaPz5jLp.efNTrq'),(92,92,92,'Pima','Narlisho','Pima.Narlisho@gmail.com',_binary '$2b$12$untVLlk0oB7oWw7Uww.HouyToavHQMDhEPMYxRWIb.iysfDXPBfXm'),(93,93,93,'Vesi','Morcalsul','Vesi.Morcalsul@gmail.com',_binary '$2b$12$vq7vFP7GnuIDmMevR/lHM.2LRBw8zCRy5t7E/oZJvDu9YB/ppAdH2'),(94,94,94,'Hallloslysbur','Mmeka','Hallloslysbur.Mmeka@gmail.com',_binary '$2b$12$kGTd/kLcbHjXivbj3ZoIyOsH3zZNEuE73wq/hwkK6LHgAPHtLdBe.'),(95,95,95,'Chirra','Narmarborern','Chirra.Narmarborern@gmail.com',_binary '$2b$12$ABGDgk5B48NzOOWfyAShPeS7xTDESOtqRim1YNXvWvzeZSEX8nI7m'),(96,96,96,'Zyhi','Salhu','Zyhi.Salhu@gmail.com',_binary '$2b$12$qXt/TMnkiGqiiTSvMc65FeC44dQXWD/70Gt/ISDOOIpP/jON.kXhG'),(97,97,97,'Colmorhi','Thuju','Colmorhi.Thuju@gmail.com',_binary '$2b$12$wFwuns.Q4VfXI2hfk6xq6eOd03iC4PdTgpCAxMWRj0708qfPx2njG'),(98,98,98,'Thaserra','Jegi','Thaserra.Jegi@gmail.com',_binary '$2b$12$NikliA4d4juGoKCH.5yiBe2fXdATuVyxIUT5MWin62suJG0lXUDYC'),(99,99,99,'Dunummo','Suchu','Dunummo.Suchu@gmail.com',_binary '$2b$12$Xe7hDRS5/84O2cMIm4zgIeaPfYzlOPF8N3o.g2KmS1rCDsw6L1M6C'),(100,100,100,'Nophy','Phuxu','Nophy.Phuxu@gmail.com',_binary '$2b$12$6qm1FvXwiDghnfF364Cp3OtIhrnYo4lTCzFXWZHYV1W8xzOKr9wd2'),(101,101,101,'hjg jhkg j','gjhgjhgjhg ','jg jhg jg j',_binary '$2b$12$8r3TNvK1zIpqtFqblFFn8eUjHdq/YxNG0H3i1J.sQ8xn4eBL8A4GG'),(102,102,102,'hjg jg j','gjhg jhf','gjhg jg j',_binary '$2b$12$5NIMiRoa/AkRZnlfwmerbOSLu8B.VtxwFp2yR2cEQAoDsaWYuJ9xC');
/*!40000 ALTER TABLE `Account` ENABLE KEYS */;
UNLOCK TABLES;

--
-- Table structure for table `Address`
--

DROP TABLE IF EXISTS `Address`;
/*!40101 SET @saved_cs_client     = @@character_set_client */;
 SET character_set_client = utf8mb4 ;
CREATE TABLE `Address` (
  `id` int(11) NOT NULL AUTO_INCREMENT,
  `number` int(11) NOT NULL,
  `apartment` int(11) DEFAULT NULL,
  `street` varchar(30) NOT NULL,
  `city` varchar(30) NOT NULL,
  `country` varchar(30) NOT NULL,
  PRIMARY KEY (`id`)
) ENGINE=InnoDB AUTO_INCREMENT=103 DEFAULT CHARSET=utf8mb4 COLLATE=utf8mb4_0900_ai_ci;
/*!40101 SET character_set_client = @saved_cs_client */;

--
-- Dumping data for table `Address`
--

LOCK TABLES `Address` WRITE;
/*!40000 ALTER TABLE `Address` DISABLE KEYS */;
INSERT INTO `Address` VALUES (1,98,518,'Gully Blvd','Thytha','Loxocho'),(2,19,NULL,'Laglyslomlis Blvd','Juzuke','Rroky'),(3,94,NULL,'Geka Rd','Thuju','Solgamberthi'),(4,8,572,'Thitha Blvd','Suchu','Bogu'),(5,89,NULL,'Ornbar Rd','Jazo','Lleji'),(6,87,220,'Lletyjo Ave','Liscal','Mmyjyhe'),(7,43,578,'Llommiga St','Jazo','Nowomi'),(8,12,338,'Hyza Rd','Polo','Dunummo'),(9,37,NULL,'Tysy St','Solgamberthi','Pakufa'),(10,59,NULL,'Lledagy Blvd','Syllag','Celloggimbur'),(11,19,NULL,'Silgimculnir Blvd','Burlyscul','Lugcul'),(12,66,NULL,'Jazo St','Hical','Mirborcil'),(13,7,NULL,'Lyshallluslam Rd','Syllas','Fasopy'),(14,58,NULL,'Thitha Blvd','Hagyga','Piphafy'),(15,88,81,'Cukemo St','Barlugha','Nircalbur'),(16,91,290,'Limbarmar Blvd','Lleji','Berburthamur'),(17,81,108,'Berburthamur Ave','Chusuny','Phuxu'),(18,11,NULL,'Limbarmar Ave','Poje','Jyfybo'),(19,65,NULL,'Nircalbur St','Gimcul','Morcalsul'),(20,56,NULL,'Chirra St','Morcalsul','Dodyra'),(21,9,218,'Wetu Ave','Rrotyhu','Dodyra'),(22,82,537,'Rluggum Blvd','Morbir','Mmocho'),(23,20,736,'Lasloglag Ave','Cyllig','Borbyrhulys'),(24,54,NULL,'Salthalegorn Ave','Gumsalculsil','Nirmersolurn'),(25,53,NULL,'Hagyga Blvd','Quacy','Logcel'),(26,36,503,'Syqua Ave','Loxocho','Gocahy'),(27,64,NULL,'Pazasi Blvd','Laglesgim','Morbir'),(28,18,NULL,'Gimcul Ave','Hogym','Phikotho'),(29,44,NULL,'Suquajo Rd','Llollace','Borbyrhulys'),(30,85,NULL,'Lleji Ave','Syllag','Mexo'),(31,30,NULL,'Wogaha Rd','Gumsalculsil','Mowe'),(32,66,727,'Senoze Blvd','Jegi','Hesolmar'),(33,20,604,'Burmir Blvd','Zeto','Jasu'),(34,98,843,'Jegi Rd','Mata','Thytha'),(35,14,NULL,'Billu Rd','Fadylu','Dodyra'),(36,75,787,'Jegi Ave','Mmeka','Orncilbirgom'),(37,68,324,'Hymmy Ave','Gimcul','Chirra'),(38,79,NULL,'Bibowo Rd','Leshe','Mmeka'),(39,94,448,'Piphafy Blvd','Mechiwi','Phikotho'),(40,33,NULL,'Mmoxuby Blvd','Thuju','Byjuwi'),(41,23,NULL,'Xathe Blvd','Hyse','Wogaha'),(42,71,88,'Rrobysu Blvd','Erngomlig','Sipehu'),(43,34,NULL,'Byrhebyr Rd','Syllag','Gumsalculsil'),(44,39,483,'Rroce Rd','Zapu','Gimcul'),(45,98,275,'Murgomhellhi St','Thicolthu','Sozawy'),(46,31,NULL,'Loxocho Ave','Nircalbur','Thicolthu'),(47,46,335,'Hugimirn Blvd','Xusini','Dypu'),(48,46,NULL,'Gocahy Blvd','Raci','Lledagy'),(49,54,NULL,'Dunummo St','Mmyjyhe','Silbartha'),(50,68,NULL,'Llollace St','Bermor','Vesi'),(51,59,822,'Theky St','Hallloslysbur','Humarhamur'),(52,93,NULL,'Syllas St','Rycho','Lasloglum'),(53,62,462,'Cuphu St','Thatheluslag','Zafu'),(54,85,NULL,'Fadylu Blvd','Mallyzy','Mata'),(55,65,NULL,'Theky Ave','Nibo','Tumu'),(56,53,594,'Burlyscul St','Mmoha','Billu'),(57,73,482,'Thigomcul Blvd','Syqua','Kevygu'),(58,26,935,'Rethu Ave','Salhu','Nirmersolurn'),(59,72,201,'Gomlamthi Rd','Medy','Suchu'),(60,2,NULL,'Kotherru St','Rruxigu','Wogaha'),(61,30,20,'Thatheluslag St','Jeduty','Hallloslysbur'),(62,93,NULL,'Gichu St','Hesolmar','Lessellamyrn'),(63,47,450,'Nircalbur Rd','Zapu','Hallloslysbur'),(64,45,235,'Quelli Ave','Senoze','Rroce'),(65,94,100,'Berburthamur St','Cukemo','Wipugo'),(66,12,NULL,'Lasloglum Ave','Mixevo','Hisol'),(67,71,NULL,'Ornbar St','Syqua','Fasopy'),(68,89,245,'Thuju Rd','Gomlamthi','Gully'),(69,46,890,'Rruxigu Blvd','Mmyjyhe','Gamlusmorcol'),(70,90,905,'Loxocho St','Lloto','Mmiweso'),(71,6,318,'Narlisho Ave','Lugcul','Dodyra'),(72,89,132,'Geka Blvd','Mmyjyhe','Rroky'),(73,61,237,'Zajerry Rd','Mmuquoby','Quarrythy'),(74,93,740,'Dunummo Blvd','Berthe','Gymlys'),(75,71,NULL,'Rruxigu Rd','Cehypy','Xathe'),(76,11,923,'Vupo Ave','Polymmo','Jazo'),(77,98,NULL,'Jegi St','Mirborcil','Logcel'),(78,57,NULL,'Byrhebyr St','Mirborcil','Lumsolthalig'),(79,62,NULL,'Thuju St','Hogym','Sujytho'),(80,19,NULL,'Tyfoxe Blvd','Rroce','Rrobysu'),(81,87,933,'Birhogim Rd','Kidoxa','Narlescul'),(82,98,NULL,'Chusuny Blvd','Berburthamur','Chirra'),(83,63,NULL,'Laqui Blvd','Mechiwi','Rroce'),(84,67,NULL,'Poru Rd','Jyfybo','Wimma'),(85,16,606,'Medy Ave','Thaserra','Coquawi'),(86,46,NULL,'Poru Ave','Sixare','Murgomhellhi'),(87,3,483,'Wetu St','Piphafy','Colmorhi'),(88,10,309,'Thulam Blvd','Erngomlig','Hapha'),(89,70,243,'Sylcyllis Ave','Hapha','Gocahy'),(90,31,NULL,'Sala Rd','Sipehu','Gyki'),(91,2,NULL,'Cyllig St','Lamber','Thyxuwu'),(92,55,306,'Birhogim Blvd','Gocahy','Mmyjyhe'),(93,22,NULL,'Pehide Ave','Navede','Lyshallluslam'),(94,68,NULL,'Cylcelnor Rd','Callisthunir','Rycho'),(95,18,914,'Zeto Blvd','Nopho','Gequo'),(96,64,NULL,'Syllas Blvd','Gimcul','Erngomlig'),(97,41,812,'Zajerry Rd','Dunummo','Bermor'),(98,5,NULL,'Bibowo St','Loscal','Jimiru'),(99,18,NULL,'Mmelli Blvd','Mmyte','Pima'),(100,67,NULL,'Geka St','Laqui','Bermor'),(101,123,NULL,'jhg jhg ','kgkjg ','kg kg '),(102,12,NULL,'jhg jf','jhf jhf ','jhfj f hf');
/*!40000 ALTER TABLE `Address` ENABLE KEYS */;
UNLOCK TABLES;

--
-- Table structure for table `Cart`
--

DROP TABLE IF EXISTS `Cart`;
/*!40101 SET @saved_cs_client     = @@character_set_client */;
 SET character_set_client = utf8mb4 ;
CREATE TABLE `Cart` (
  `id` int(11) NOT NULL AUTO_INCREMENT,
  `id_User` int(11) NOT NULL,
  `totalCost` float(16,2) NOT NULL DEFAULT '0.00',
  PRIMARY KEY (`id`),
  KEY `id_User` (`id_User`),
  CONSTRAINT `Cart_ibfk_1` FOREIGN KEY (`id_User`) REFERENCES `User` (`id`)
) ENGINE=InnoDB AUTO_INCREMENT=303 DEFAULT CHARSET=utf8mb4 COLLATE=utf8mb4_0900_ai_ci;
/*!40101 SET character_set_client = @saved_cs_client */;

--
-- Dumping data for table `Cart`
--

LOCK TABLES `Cart` WRITE;
/*!40000 ALTER TABLE `Cart` DISABLE KEYS */;
INSERT INTO `Cart` VALUES (1,1,124.13),(2,2,66.76),(3,3,117.04),(4,4,129.07),(5,5,142.31),(6,6,116.61),(7,7,74.12),(8,8,111.90),(9,9,73.15),(10,10,113.58),(11,11,176.97),(12,12,110.09),(13,13,62.25),(14,14,91.10),(15,15,139.85),(16,16,115.19),(17,17,147.15),(18,18,117.61),(19,19,108.38),(20,20,124.42),(21,21,127.75),(22,22,32.02),(23,23,100.11),(24,24,39.73),(25,25,96.42),(26,26,138.03),(27,27,26.58),(28,28,106.25),(29,29,67.43),(30,30,46.12),(31,31,126.06),(32,32,137.59),(33,33,155.67),(34,34,115.83),(35,35,40.33),(36,36,64.38),(37,37,63.06),(38,38,104.06),(39,39,138.72),(40,40,160.04),(41,41,50.90),(42,42,104.70),(43,43,73.84),(44,44,122.73),(45,45,94.90),(46,46,32.93),(47,47,82.25),(48,48,37.32),(49,49,44.79),(50,50,72.97),(51,51,142.86),(52,52,88.75),(53,53,159.08),(54,54,52.56),(55,55,100.55),(56,56,52.31),(57,57,137.85),(58,58,53.66),(59,59,54.54),(60,60,133.29),(61,61,122.50),(62,62,49.35),(63,63,53.44),(64,64,84.04),(65,65,89.68),(66,66,129.15),(67,67,137.97),(68,68,133.21),(69,69,91.76),(70,70,114.67),(71,71,129.05),(72,72,79.58),(73,73,54.44),(74,74,145.65),(75,75,90.76),(76,76,137.43),(77,77,82.80),(78,78,65.14),(79,79,51.09),(80,80,77.63),(81,81,94.73),(82,82,183.71),(83,83,66.15),(84,84,142.08),(85,85,82.44),(86,86,130.47),(87,87,95.49),(88,88,52.16),(89,89,121.64),(90,90,131.32),(91,91,146.30),(92,92,91.94),(93,93,90.58),(94,94,101.25),(95,95,122.88),(96,96,78.88),(97,97,124.09),(98,98,90.95),(99,99,124.67),(100,100,145.64),(101,30,0.00),(102,30,0.00),(103,13,0.00),(104,13,0.00),(105,8,0.00),(106,8,0.00),(107,20,0.00),(108,20,0.00),(109,39,0.00),(110,39,0.00),(111,82,0.00),(112,82,0.00),(113,23,0.00),(114,23,0.00),(115,95,0.00),(116,95,0.00),(117,58,0.00),(118,58,0.00),(119,62,0.00),(120,62,0.00),(121,42,0.00),(122,42,0.00),(123,70,0.00),(124,70,0.00),(125,58,0.00),(126,58,0.00),(127,96,0.00),(128,96,0.00),(129,83,0.00),(130,83,0.00),(131,39,0.00),(132,39,0.00),(133,13,0.00),(134,13,0.00),(135,86,0.00),(136,86,0.00),(137,43,0.00),(138,43,0.00),(139,76,0.00),(140,76,0.00),(141,9,0.00),(142,9,0.00),(143,100,0.00),(144,100,0.00),(145,82,0.00),(146,82,0.00),(147,6,0.00),(148,6,0.00),(149,83,0.00),(150,83,0.00),(151,20,0.00),(152,20,0.00),(153,23,0.00),(154,23,0.00),(155,96,0.00),(156,96,0.00),(157,84,0.00),(158,84,0.00),(159,98,0.00),(160,98,0.00),(161,76,0.00),(162,76,0.00),(163,35,0.00),(164,35,0.00),(165,29,0.00),(166,29,0.00),(167,47,0.00),(168,47,0.00),(169,37,0.00),(170,37,0.00),(171,48,0.00),(172,48,0.00),(173,35,0.00),(174,35,0.00),(175,52,0.00),(176,52,0.00),(177,88,0.00),(178,88,0.00),(179,66,0.00),(180,66,0.00),(181,58,0.00),(182,58,0.00),(183,37,0.00),(184,37,0.00),(185,22,0.00),(186,22,0.00),(187,65,0.00),(188,65,0.00),(189,58,0.00),(190,58,0.00),(191,69,0.00),(192,69,0.00),(193,81,0.00),(194,81,0.00),(195,83,0.00),(196,83,0.00),(197,75,0.00),(198,75,0.00),(199,21,0.00),(200,21,0.00),(201,97,0.00),(202,97,0.00),(203,67,0.00),(204,67,0.00),(205,25,0.00),(206,25,0.00),(207,11,0.00),(208,11,0.00),(209,21,0.00),(210,21,0.00),(211,82,0.00),(212,82,0.00),(213,92,0.00),(214,92,0.00),(215,42,0.00),(216,42,0.00),(217,84,0.00),(218,84,0.00),(219,94,0.00),(220,94,0.00),(221,47,0.00),(222,47,0.00),(223,59,0.00),(224,59,0.00),(225,76,0.00),(226,76,0.00),(227,63,0.00),(228,63,0.00),(229,88,0.00),(230,88,0.00),(231,41,0.00),(232,41,0.00),(233,7,0.00),(234,7,0.00),(235,21,0.00),(236,21,0.00),(237,40,0.00),(238,40,0.00),(239,31,0.00),(240,31,0.00),(241,24,0.00),(242,24,0.00),(243,60,0.00),(244,60,0.00),(245,57,0.00),(246,57,0.00),(247,52,0.00),(248,52,0.00),(249,71,0.00),(250,71,0.00),(251,66,0.00),(252,66,0.00),(253,66,0.00),(254,66,0.00),(255,94,0.00),(256,94,0.00),(257,65,0.00),(258,65,0.00),(259,44,0.00),(260,44,0.00),(261,51,0.00),(262,51,0.00),(263,2,0.00),(264,2,0.00),(265,22,0.00),(266,22,0.00),(267,42,0.00),(268,42,0.00),(269,38,0.00),(270,38,0.00),(271,91,0.00),(272,91,0.00),(273,68,0.00),(274,68,0.00),(275,70,0.00),(276,70,0.00),(277,81,0.00),(278,81,0.00),(279,5,0.00),(280,5,0.00),(281,95,0.00),(282,95,0.00),(283,45,0.00),(284,45,0.00),(285,11,0.00),(286,11,0.00),(287,92,0.00),(288,92,0.00),(289,46,0.00),(290,46,0.00),(291,77,0.00),(292,77,0.00),(293,13,0.00),(294,13,0.00),(295,15,0.00),(296,15,0.00),(297,70,0.00),(298,70,0.00),(299,57,0.00),(300,57,0.00),(301,101,0.00),(302,102,0.00);
/*!40000 ALTER TABLE `Cart` ENABLE KEYS */;
UNLOCK TABLES;

--
-- Table structure for table `CartItem`
--

DROP TABLE IF EXISTS `CartItem`;
/*!40101 SET @saved_cs_client     = @@character_set_client */;
 SET character_set_client = utf8mb4 ;
CREATE TABLE `CartItem` (
  `id` int(11) NOT NULL AUTO_INCREMENT,
  `id_Ingredient` int(11) NOT NULL,
  `id_Cart` int(11) NOT NULL,
  `multiplier` int(11) NOT NULL DEFAULT '1',
  `subCost` float(16,2) NOT NULL DEFAULT '0.00',
  PRIMARY KEY (`id`),
  UNIQUE KEY `UC_CartItem` (`id_Ingredient`,`id_Cart`),
  KEY `id_Cart` (`id_Cart`),
  CONSTRAINT `CartItem_ibfk_1` FOREIGN KEY (`id_Ingredient`) REFERENCES `Ingredient` (`id`),
  CONSTRAINT `CartItem_ibfk_2` FOREIGN KEY (`id_Cart`) REFERENCES `Cart` (`id`)
) ENGINE=InnoDB AUTO_INCREMENT=1258 DEFAULT CHARSET=utf8mb4 COLLATE=utf8mb4_0900_ai_ci;
/*!40101 SET character_set_client = @saved_cs_client */;

--
-- Dumping data for table `CartItem`
--

LOCK TABLES `CartItem` WRITE;
/*!40000 ALTER TABLE `CartItem` DISABLE KEYS */;
INSERT INTO `CartItem` VALUES (1,2,1,1,2.28),(2,17,1,1,13.31),(3,78,1,1,1.44),(4,25,1,1,12.09),(5,83,1,1,7.08),(6,42,1,1,2.64),(7,50,1,1,8.78),(8,95,1,1,12.24),(9,93,1,1,7.14),(10,19,1,1,14.42),(11,44,1,1,13.48),(12,88,1,1,14.20),(13,23,1,1,9.57),(14,18,1,1,5.46),(15,26,2,1,5.45),(16,42,2,1,2.64),(17,77,2,1,1.69),(18,1,2,1,9.25),(19,16,2,1,6.62),(20,39,2,1,14.07),(21,15,2,1,14.45),(22,18,2,1,5.46),(23,40,2,1,7.13),(24,82,3,1,11.74),(25,18,3,1,5.46),(26,72,3,1,2.00),(27,15,3,1,14.45),(28,41,3,1,12.06),(29,59,3,1,3.16),(30,33,3,1,4.43),(31,23,3,1,9.57),(32,47,3,1,2.20),(33,66,3,1,8.33),(34,53,3,1,1.32),(35,9,3,1,6.73),(36,57,3,1,10.51),(37,64,3,1,7.11),(38,60,3,1,8.82),(39,12,3,1,9.15),(40,26,4,1,5.45),(41,46,4,1,14.43),(42,9,4,1,6.73),(43,83,4,1,7.08),(44,32,4,1,10.96),(45,94,4,1,6.51),(46,24,4,1,12.22),(47,74,4,1,1.42),(48,33,4,1,4.43),(49,16,4,1,6.62),(50,88,4,1,14.20),(51,18,4,1,5.46),(52,60,4,1,8.82),(53,29,4,1,12.49),(54,6,4,1,2.37),(55,49,4,1,9.88),(56,12,5,1,9.15),(57,39,5,1,14.07),(58,49,5,1,9.88),(59,16,5,1,6.62),(60,58,5,1,11.48),(61,22,5,1,14.56),(62,46,5,1,14.43),(63,23,5,1,9.57),(64,100,5,1,10.31),(65,53,5,1,1.32),(66,5,5,1,12.23),(67,40,5,1,7.13),(68,90,5,1,0.68),(69,54,5,1,11.19),(70,80,5,1,6.53),(71,59,5,1,3.16),(72,24,6,1,12.22),(73,11,6,1,11.01),(74,42,6,1,2.64),(75,50,6,1,8.78),(76,15,6,1,14.45),(77,62,6,1,10.40),(78,2,6,1,2.28),(79,92,6,1,8.38),(80,59,6,1,3.16),(81,30,6,1,2.60),(82,74,6,1,1.42),(83,18,6,1,5.46),(84,20,6,1,10.86),(85,93,6,1,7.14),(86,57,6,1,10.51),(87,3,6,1,0.96),(88,87,6,1,4.34),(89,96,7,1,5.52),(90,59,7,1,3.16),(91,25,7,1,12.09),(92,12,7,1,9.15),(93,45,7,1,4.28),(94,83,7,1,7.08),(95,32,7,1,10.96),(96,62,7,1,10.40),(97,58,7,1,11.48),(98,96,8,1,5.52),(99,71,8,1,7.65),(100,86,8,1,4.09),(101,25,8,1,12.09),(102,27,8,1,7.17),(103,18,8,1,5.46),(104,22,8,1,14.56),(105,47,8,1,2.20),(106,9,8,1,6.73),(107,16,8,1,6.62),(108,64,8,1,7.11),(109,42,8,1,2.64),(110,31,8,1,11.93),(111,6,8,1,2.37),(112,17,8,1,13.31),(113,13,8,1,1.77),(114,90,8,1,0.68),(115,69,9,1,0.93),(116,39,9,1,14.07),(117,31,9,1,11.93),(118,93,9,1,7.14),(119,20,9,1,10.86),(120,53,9,1,1.32),(121,47,9,1,2.20),(122,65,9,1,1.04),(123,66,9,1,8.33),(124,49,9,1,9.88),(125,26,9,1,5.45),(126,97,10,1,2.47),(127,80,10,1,6.53),(128,26,10,1,5.45),(129,12,10,1,9.15),(130,21,10,1,6.18),(131,69,10,1,0.93),(132,16,10,1,6.62),(133,11,10,1,11.01),(134,87,10,1,4.34),(135,68,10,1,9.66),(136,41,10,1,12.06),(137,92,10,1,8.38),(138,67,10,1,13.38),(139,83,10,1,7.08),(140,79,10,1,10.34),(141,55,11,1,7.21),(142,8,11,1,7.67),(143,43,11,1,10.78),(144,66,11,1,8.33),(145,35,11,1,3.01),(146,87,11,1,4.34),(147,34,11,1,13.41),(148,45,11,1,4.28),(149,25,11,1,12.09),(150,62,11,1,10.40),(151,19,11,1,14.42),(152,1,11,1,9.25),(153,79,11,1,10.34),(154,39,11,1,14.07),(155,98,11,1,10.21),(156,60,11,1,8.82),(157,26,11,1,5.45),(158,92,11,1,8.38),(159,5,11,1,12.23),(160,2,11,1,2.28),(161,78,12,1,1.44),(162,74,12,1,1.42),(163,45,12,1,4.28),(164,76,12,1,6.14),(165,43,12,1,10.78),(166,53,12,1,1.32),(167,94,12,1,6.51),(168,33,12,1,4.43),(169,7,12,1,6.52),(170,27,12,1,7.17),(171,6,12,1,2.37),(172,80,12,1,6.53),(173,66,12,1,8.33),(174,65,12,1,1.04),(175,93,12,1,7.14),(176,21,12,1,6.18),(177,19,12,1,14.42),(178,39,12,1,14.07),(179,11,13,1,11.01),(180,54,13,1,11.19),(181,10,13,1,14.83),(182,56,13,1,0.24),(183,43,13,1,10.78),(184,88,13,1,14.20),(185,97,14,1,2.47),(186,71,14,1,7.65),(187,59,14,1,3.16),(188,19,14,1,14.42),(189,82,14,1,11.74),(190,93,14,1,7.14),(191,24,14,1,12.22),(192,64,14,1,7.11),(193,39,14,1,14.07),(194,52,14,1,11.12),(195,76,15,1,6.14),(196,33,15,1,4.43),(197,75,15,1,14.67),(198,40,15,1,7.13),(199,58,15,1,11.48),(200,55,15,1,7.21),(201,27,15,1,7.17),(202,19,15,1,14.42),(203,62,15,1,10.40),(204,22,15,1,14.56),(205,30,15,1,2.60),(206,77,15,1,1.69),(207,84,15,1,5.94),(208,6,15,1,2.37),(209,53,15,1,1.32),(210,82,15,1,11.74),(211,89,15,1,8.81),(212,65,15,1,1.04),(213,9,15,1,6.73),(214,19,16,1,14.42),(215,81,16,1,3.63),(216,48,16,1,10.78),(217,42,16,1,2.64),(218,4,16,1,11.01),(219,20,16,1,10.86),(220,30,16,1,2.60),(221,10,16,1,14.83),(222,12,16,1,9.15),(223,23,16,1,9.57),(224,44,16,1,13.48),(225,24,16,1,12.22),(226,1,17,1,9.25),(227,11,17,1,11.01),(228,28,17,1,10.99),(229,15,17,1,14.45),(230,3,17,1,0.96),(231,84,17,1,5.94),(232,91,17,1,1.13),(233,77,17,1,1.69),(234,52,17,1,11.12),(235,75,17,1,14.67),(236,32,17,1,10.96),(237,54,17,1,11.19),(238,90,17,1,0.68),(239,89,17,1,8.81),(240,100,17,1,10.31),(241,31,17,1,11.93),(242,41,17,1,12.06),(243,32,18,1,10.96),(244,6,18,1,2.37),(245,10,18,1,14.83),(246,26,18,1,5.45),(247,31,18,1,11.93),(248,23,18,1,9.57),(249,83,18,1,7.08),(250,8,18,1,7.67),(251,96,18,1,5.52),(252,7,18,1,6.52),(253,38,18,1,13.41),(254,22,18,1,14.56),(255,85,18,1,4.11),(256,81,18,1,3.63),(257,81,19,1,3.63),(258,48,19,1,10.78),(259,40,19,1,7.13),(260,26,19,1,5.45),(261,32,19,1,10.96),(262,59,19,1,3.16),(263,10,19,1,14.83),(264,100,19,1,10.31),(265,5,19,1,12.23),(266,79,19,1,10.34),(267,13,19,1,1.77),(268,35,19,1,3.01),(269,8,19,1,7.67),(270,64,19,1,7.11),(271,39,20,1,14.07),(272,1,20,1,9.25),(273,28,20,1,10.99),(274,55,20,1,7.21),(275,77,20,1,1.69),(276,3,20,1,0.96),(277,48,20,1,10.78),(278,24,20,1,12.22),(279,40,20,1,7.13),(280,61,20,1,10.25),(281,54,20,1,11.19),(282,6,20,1,2.37),(283,58,20,1,11.48),(284,10,20,1,14.83),(285,21,21,1,6.18),(286,40,21,1,7.13),(287,88,21,1,14.20),(288,7,21,1,6.52),(289,6,21,1,2.37),(290,27,21,1,7.17),(291,32,21,1,10.96),(292,87,21,1,4.34),(293,14,21,1,2.31),(294,82,21,1,11.74),(295,24,21,1,12.22),(296,62,21,1,10.40),(297,53,21,1,1.32),(298,22,21,1,14.56),(299,83,21,1,7.08),(300,1,21,1,9.25),(301,37,22,1,5.13),(302,74,22,1,1.42),(303,75,22,1,14.67),(304,45,22,1,4.28),(305,7,22,1,6.52),(306,77,23,1,1.69),(307,100,23,1,10.31),(308,29,23,1,12.49),(309,15,23,1,14.45),(310,18,23,1,5.46),(311,74,23,1,1.42),(312,61,23,1,10.25),(313,62,23,1,10.40),(314,4,23,1,11.01),(315,42,23,1,2.64),(316,90,23,1,0.68),(317,13,23,1,1.77),(318,87,23,1,4.34),(319,23,23,1,9.57),(320,81,23,1,3.63),(321,72,24,1,2.00),(322,83,24,1,7.08),(323,84,24,1,5.94),(324,76,24,1,6.14),(325,23,24,1,9.57),(326,80,24,1,6.53),(327,97,24,1,2.47),(328,28,25,1,10.99),(329,54,25,1,11.19),(330,18,25,1,5.46),(331,55,25,1,7.21),(332,29,25,1,12.49),(333,70,25,1,7.22),(334,88,25,1,14.20),(335,63,25,1,1.79),(336,14,25,1,2.31),(337,99,25,1,11.50),(338,41,25,1,12.06),(339,63,26,1,1.79),(340,54,26,1,11.19),(341,81,26,1,3.63),(342,45,26,1,4.28),(343,99,26,1,11.50),(344,66,26,1,8.33),(345,41,26,1,12.06),(346,25,26,1,12.09),(347,73,26,1,6.76),(348,13,26,1,1.77),(349,28,26,1,10.99),(350,20,26,1,10.86),(351,69,26,1,0.93),(352,38,26,1,13.41),(353,78,26,1,1.44),(354,34,26,1,13.41),(355,52,26,1,11.12),(356,97,26,1,2.47),(357,30,27,1,2.60),(358,45,27,1,4.28),(359,6,27,1,2.37),(360,83,27,1,7.08),(361,61,27,1,10.25),(362,97,28,1,2.47),(363,98,28,1,10.21),(364,3,28,1,0.96),(365,56,28,1,0.24),(366,54,28,1,11.19),(367,20,28,1,10.86),(368,89,28,1,8.81),(369,4,28,1,11.01),(370,13,28,1,1.77),(371,66,28,1,8.33),(372,84,28,1,5.94),(373,58,28,1,11.48),(374,77,28,1,1.69),(375,18,28,1,5.46),(376,41,28,1,12.06),(377,42,28,1,2.64),(378,91,28,1,1.13),(379,23,29,1,9.57),(380,87,29,1,4.34),(381,7,29,1,6.52),(382,81,29,1,3.63),(383,73,29,1,6.76),(384,25,29,1,12.09),(385,13,29,1,1.77),(386,11,29,1,11.01),(387,82,29,1,11.74),(388,4,30,1,11.01),(389,95,30,1,12.24),(390,37,30,1,5.13),(391,11,30,1,11.01),(392,9,30,1,6.73),(393,57,31,1,10.51),(394,6,31,1,2.37),(395,80,31,1,6.53),(396,53,31,1,1.32),(397,29,31,1,12.49),(398,42,31,1,2.64),(399,1,31,1,9.25),(400,48,31,1,10.78),(401,7,31,1,6.52),(402,18,31,1,5.46),(403,82,31,1,11.74),(404,26,31,1,5.45),(405,24,31,1,12.22),(406,70,31,1,7.22),(407,56,31,1,0.24),(408,100,31,1,10.31),(409,4,31,1,11.01),(410,100,32,1,10.31),(411,23,32,1,9.57),(412,43,32,1,10.78),(413,20,32,1,10.86),(414,91,32,1,1.13),(415,35,32,1,3.01),(416,45,32,1,4.28),(417,56,32,1,0.24),(418,88,32,1,14.20),(419,61,32,1,10.25),(420,83,32,1,7.08),(421,84,32,1,5.94),(422,51,32,1,9.66),(423,24,32,1,12.22),(424,82,32,1,11.74),(425,27,32,1,7.17),(426,12,32,1,9.15),(427,73,33,1,6.76),(428,21,33,1,6.18),(429,3,33,1,0.96),(430,94,33,1,6.51),(431,25,33,1,12.09),(432,62,33,1,10.40),(433,48,33,1,10.78),(434,36,33,1,9.02),(435,61,33,1,10.25),(436,51,33,1,9.66),(437,84,33,1,5.94),(438,92,33,1,8.38),(439,49,33,1,9.88),(440,75,33,1,14.67),(441,72,33,1,2.00),(442,39,33,1,14.07),(443,40,33,1,7.13),(444,28,33,1,10.99),(445,55,34,1,7.21),(446,66,34,1,8.33),(447,11,34,1,11.01),(448,30,34,1,2.60),(449,45,34,1,4.28),(450,84,34,1,5.94),(451,57,34,1,10.51),(452,58,34,1,11.48),(453,60,34,1,8.82),(454,33,34,1,4.43),(455,38,34,1,13.41),(456,22,34,1,14.56),(457,31,34,1,11.93),(458,53,34,1,1.32),(459,36,35,1,9.02),(460,48,35,1,10.78),(461,51,35,1,9.66),(462,87,35,1,4.34),(463,80,35,1,6.53),(464,97,36,1,2.47),(465,67,36,1,13.38),(466,91,36,1,1.13),(467,8,36,1,7.67),(468,16,36,1,6.62),(469,55,36,1,7.21),(470,34,36,1,13.41),(471,29,36,1,12.49),(472,39,37,1,14.07),(473,54,37,1,11.19),(474,74,37,1,1.42),(475,21,37,1,6.18),(476,96,37,1,5.52),(477,46,37,1,14.43),(478,61,37,1,10.25),(479,8,38,1,7.67),(480,18,38,1,5.46),(481,20,38,1,10.86),(482,37,38,1,5.13),(483,12,38,1,9.15),(484,79,38,1,10.34),(485,29,38,1,12.49),(486,64,38,1,7.11),(487,19,38,1,14.42),(488,35,38,1,3.01),(489,53,38,1,1.32),(490,32,38,1,10.96),(491,76,38,1,6.14),(492,51,39,1,9.66),(493,89,39,1,8.81),(494,88,39,1,14.20),(495,42,39,1,2.64),(496,70,39,1,7.22),(497,83,39,1,7.08),(498,99,39,1,11.50),(499,52,39,1,11.12),(500,31,39,1,11.93),(501,58,39,1,11.48),(502,14,39,1,2.31),(503,25,39,1,12.09),(504,96,39,1,5.52),(505,57,39,1,10.51),(506,77,39,1,1.69),(507,32,39,1,10.96),(508,29,40,1,12.49),(509,93,40,1,7.14),(510,45,40,1,4.28),(511,92,40,1,8.38),(512,28,40,1,10.99),(513,49,40,1,9.88),(514,46,40,1,14.43),(515,20,40,1,10.86),(516,81,40,1,3.63),(517,17,40,1,13.31),(518,23,40,1,9.57),(519,19,40,1,14.42),(520,87,40,1,4.34),(521,79,40,1,10.34),(522,72,40,1,2.00),(523,10,40,1,14.83),(524,12,40,1,9.15),(525,49,41,1,9.88),(526,87,41,1,4.34),(527,34,41,1,13.41),(528,76,41,1,6.14),(529,62,41,1,10.40),(530,9,41,1,6.73),(531,11,42,1,11.01),(532,85,42,1,4.11),(533,100,42,1,10.31),(534,25,42,1,12.09),(535,26,42,1,5.45),(536,4,42,1,11.01),(537,59,42,1,3.16),(538,50,42,1,8.78),(539,49,42,1,9.88),(540,93,42,1,7.14),(541,91,42,1,1.13),(542,20,42,1,10.86),(543,76,42,1,6.14),(544,81,42,1,3.63),(545,64,43,1,7.11),(546,75,43,1,14.67),(547,12,43,1,9.15),(548,16,43,1,6.62),(549,44,43,1,13.48),(550,58,43,1,11.48),(551,70,43,1,7.22),(552,85,43,1,4.11),(553,87,44,1,4.34),(554,10,44,1,14.83),(555,89,44,1,8.81),(556,2,44,1,2.28),(557,93,44,1,7.14),(558,67,44,1,13.38),(559,6,44,1,2.37),(560,31,44,1,11.93),(561,21,44,1,6.18),(562,38,44,1,13.41),(563,25,44,1,12.09),(564,20,44,1,10.86),(565,90,44,1,0.68),(566,46,44,1,14.43),(567,90,45,1,0.68),(568,19,45,1,14.42),(569,42,45,1,2.64),(570,4,45,1,11.01),(571,28,45,1,10.99),(572,36,45,1,9.02),(573,85,45,1,4.11),(574,48,45,1,10.78),(575,47,45,1,2.20),(576,43,45,1,10.78),(577,51,45,1,9.66),(578,3,45,1,0.96),(579,71,45,1,7.65),(580,59,46,1,3.16),(581,72,46,1,2.00),(582,46,46,1,14.43),(583,90,46,1,0.68),(584,7,46,1,6.52),(585,76,46,1,6.14),(586,93,47,1,7.14),(587,43,47,1,10.78),(588,91,47,1,1.13),(589,8,47,1,7.67),(590,76,47,1,6.14),(591,9,47,1,6.73),(592,51,47,1,9.66),(593,61,47,1,10.25),(594,19,47,1,14.42),(595,66,47,1,8.33),(596,13,48,1,1.77),(597,19,48,1,14.42),(598,9,48,1,6.73),(599,91,48,1,1.13),(600,94,48,1,6.51),(601,73,48,1,6.76),(602,34,49,1,13.41),(603,9,49,1,6.73),(604,6,49,1,2.37),(605,99,49,1,11.50),(606,43,49,1,10.78),(607,51,50,1,9.66),(608,45,50,1,4.28),(609,55,50,1,7.21),(610,10,50,1,14.83),(611,42,50,1,2.64),(612,36,50,1,9.02),(613,80,50,1,6.53),(614,56,50,1,0.24),(615,85,50,1,4.11),(616,15,50,1,14.45),(617,36,51,1,9.02),(618,39,51,1,14.07),(619,57,51,1,10.51),(620,3,51,1,0.96),(621,27,51,1,7.17),(622,32,51,1,10.96),(623,95,51,1,12.24),(624,5,51,1,12.23),(625,52,51,1,11.12),(626,97,51,1,2.47),(627,7,51,1,6.52),(628,12,51,1,9.15),(629,100,51,1,10.31),(630,49,51,1,9.88),(631,22,51,1,14.56),(632,77,51,1,1.69),(633,84,52,1,5.94),(634,16,52,1,6.62),(635,69,52,1,0.93),(636,75,52,1,14.67),(637,66,52,1,8.33),(638,18,52,1,5.46),(639,45,52,1,4.28),(640,11,52,1,11.01),(641,4,52,1,11.01),(642,71,52,1,7.65),(643,78,52,1,1.44),(644,72,52,1,2.00),(645,14,52,1,2.31),(646,3,52,1,0.96),(647,76,52,1,6.14),(648,16,53,1,6.62),(649,77,53,1,1.69),(650,79,53,1,10.34),(651,43,53,1,10.78),(652,23,53,1,9.57),(653,27,53,1,7.17),(654,6,53,1,2.37),(655,51,53,1,9.66),(656,31,53,1,11.93),(657,21,53,1,6.18),(658,19,53,1,14.42),(659,96,53,1,5.52),(660,17,53,1,13.31),(661,68,53,1,9.66),(662,71,53,1,7.65),(663,48,53,1,10.78),(664,100,53,1,10.31),(665,52,53,1,11.12),(666,12,54,1,9.15),(667,79,54,1,10.34),(668,44,54,1,13.48),(669,35,54,1,3.01),(670,33,54,1,4.43),(671,3,54,1,0.96),(672,54,54,1,11.19),(673,7,55,1,6.52),(674,46,55,1,14.43),(675,28,55,1,10.99),(676,16,55,1,6.62),(677,75,55,1,14.67),(678,99,55,1,11.50),(679,22,55,1,14.56),(680,62,55,1,10.40),(681,20,55,1,10.86),(682,14,56,1,2.31),(683,26,56,1,5.45),(684,59,56,1,3.16),(685,80,56,1,6.53),(686,81,56,1,3.63),(687,86,56,1,4.09),(688,79,56,1,10.34),(689,6,56,1,2.37),(690,46,56,1,14.43),(691,19,57,1,14.42),(692,5,57,1,12.23),(693,65,57,1,1.04),(694,13,57,1,1.77),(695,99,57,1,11.50),(696,29,57,1,12.49),(697,25,57,1,12.09),(698,55,57,1,7.21),(699,16,57,1,6.62),(700,70,57,1,7.22),(701,43,57,1,10.78),(702,41,57,1,12.06),(703,81,57,1,3.63),(704,66,57,1,8.33),(705,26,57,1,5.45),(706,4,57,1,11.01),(707,46,58,1,14.43),(708,95,58,1,12.24),(709,47,58,1,2.20),(710,17,58,1,13.31),(711,58,58,1,11.48),(712,99,59,1,11.50),(713,52,59,1,11.12),(714,82,59,1,11.74),(715,29,59,1,12.49),(716,73,59,1,6.76),(717,69,59,1,0.93),(718,98,60,1,10.21),(719,77,60,1,1.69),(720,8,60,1,7.67),(721,51,60,1,9.66),(722,49,60,1,9.88),(723,70,60,1,7.22),(724,39,60,1,14.07),(725,3,60,1,0.96),(726,18,60,1,5.46),(727,58,60,1,11.48),(728,33,60,1,4.43),(729,44,60,1,13.48),(730,30,60,1,2.60),(731,48,60,1,10.78),(732,91,60,1,1.13),(733,37,60,1,5.13),(734,99,60,1,11.50),(735,84,60,1,5.94),(736,10,61,1,14.83),(737,39,61,1,14.07),(738,1,61,1,9.25),(739,98,61,1,10.21),(740,7,61,1,6.52),(741,52,61,1,11.12),(742,2,61,1,2.28),(743,29,61,1,12.49),(744,45,61,1,4.28),(745,23,61,1,9.57),(746,56,61,1,0.24),(747,15,61,1,14.45),(748,99,61,1,11.50),(749,77,61,1,1.69),(750,63,62,1,1.79),(751,81,62,1,3.63),(752,61,62,1,10.25),(753,46,62,1,14.43),(754,28,62,1,10.99),(755,91,62,1,1.13),(756,40,62,1,7.13),(757,81,63,1,3.63),(758,60,63,1,8.82),(759,55,63,1,7.21),(760,10,63,1,14.83),(761,92,63,1,8.38),(762,42,63,1,2.64),(763,18,63,1,5.46),(764,97,63,1,2.47),(765,63,64,1,1.79),(766,79,64,1,10.34),(767,50,64,1,8.78),(768,46,64,1,14.43),(769,40,64,1,7.13),(770,65,64,1,1.04),(771,54,64,1,11.19),(772,80,64,1,6.53),(773,84,64,1,5.94),(774,75,64,1,14.67),(775,47,64,1,2.20),(776,44,65,1,13.48),(777,52,65,1,11.12),(778,94,65,1,6.51),(779,18,65,1,5.46),(780,34,65,1,13.41),(781,4,65,1,11.01),(782,16,65,1,6.62),(783,97,65,1,2.47),(784,3,65,1,0.96),(785,66,65,1,8.33),(786,100,65,1,10.31),(787,32,66,1,10.96),(788,65,66,1,1.04),(789,25,66,1,12.09),(790,46,66,1,14.43),(791,96,66,1,5.52),(792,11,66,1,11.01),(793,63,66,1,1.79),(794,64,66,1,7.11),(795,9,66,1,6.73),(796,69,66,1,0.93),(797,7,66,1,6.52),(798,18,66,1,5.46),(799,6,66,1,2.37),(800,43,66,1,10.78),(801,90,66,1,0.68),(802,100,66,1,10.31),(803,16,66,1,6.62),(804,14,66,1,2.31),(805,29,66,1,12.49),(806,5,67,1,12.23),(807,90,67,1,0.68),(808,15,67,1,14.45),(809,19,67,1,14.42),(810,77,67,1,1.69),(811,45,67,1,4.28),(812,96,67,1,5.52),(813,31,67,1,11.93),(814,36,67,1,9.02),(815,51,67,1,9.66),(816,59,67,1,3.16),(817,75,67,1,14.67),(818,57,67,1,10.51),(819,34,67,1,13.41),(820,37,67,1,5.13),(821,55,67,1,7.21),(822,91,68,1,1.13),(823,10,68,1,14.83),(824,74,68,1,1.42),(825,54,68,1,11.19),(826,44,68,1,13.48),(827,35,68,1,3.01),(828,55,68,1,7.21),(829,17,68,1,13.31),(830,51,68,1,9.66),(831,52,68,1,11.12),(832,89,68,1,8.81),(833,21,68,1,6.18),(834,85,68,1,4.11),(835,5,68,1,12.23),(836,87,68,1,4.34),(837,69,68,1,0.93),(838,61,68,1,10.25),(839,27,69,1,7.17),(840,90,69,1,0.68),(841,57,69,1,10.51),(842,25,69,1,12.09),(843,58,69,1,11.48),(844,50,69,1,8.78),(845,5,69,1,12.23),(846,22,69,1,14.56),(847,89,69,1,8.81),(848,26,69,1,5.45),(849,64,70,1,7.11),(850,15,70,1,14.45),(851,55,70,1,7.21),(852,17,70,1,13.31),(853,3,70,1,0.96),(854,91,70,1,1.13),(855,85,70,1,4.11),(856,76,70,1,6.14),(857,30,70,1,2.60),(858,78,70,1,1.44),(859,94,70,1,6.51),(860,96,70,1,5.52),(861,21,70,1,6.18),(862,14,70,1,2.31),(863,22,70,1,14.56),(864,97,70,1,2.47),(865,29,70,1,12.49),(866,65,70,1,1.04),(867,37,70,1,5.13),(868,85,71,1,4.11),(869,93,71,1,7.14),(870,44,71,1,13.48),(871,26,71,1,5.45),(872,79,71,1,10.34),(873,16,71,1,6.62),(874,80,71,1,6.53),(875,7,71,1,6.52),(876,100,71,1,10.31),(877,10,71,1,14.83),(878,41,71,1,12.06),(879,22,71,1,14.56),(880,76,71,1,6.14),(881,32,71,1,10.96),(882,49,72,1,9.88),(883,99,72,1,11.50),(884,28,72,1,10.99),(885,61,72,1,10.25),(886,23,72,1,9.57),(887,83,72,1,7.08),(888,26,72,1,5.45),(889,3,72,1,0.96),(890,96,72,1,5.52),(891,92,72,1,8.38),(892,67,73,1,13.38),(893,39,73,1,14.07),(894,33,73,1,4.43),(895,63,73,1,1.79),(896,17,73,1,13.31),(897,80,73,1,6.53),(898,69,73,1,0.93),(899,75,74,1,14.67),(900,72,74,1,2.00),(901,48,74,1,10.78),(902,73,74,1,6.76),(903,7,74,1,6.52),(904,15,74,1,14.45),(905,16,74,1,6.62),(906,60,74,1,8.82),(907,50,74,1,8.78),(908,51,74,1,9.66),(909,5,74,1,12.23),(910,83,74,1,7.08),(911,93,74,1,7.14),(912,61,74,1,10.25),(913,71,74,1,7.65),(914,95,74,1,12.24),(915,74,75,1,1.42),(916,99,75,1,11.50),(917,48,75,1,10.78),(918,62,75,1,10.40),(919,26,75,1,5.45),(920,39,75,1,14.07),(921,7,75,1,6.52),(922,17,75,1,13.31),(923,84,75,1,5.94),(924,77,75,1,1.69),(925,83,75,1,7.08),(926,30,75,1,2.60),(927,99,76,1,11.50),(928,25,76,1,12.09),(929,9,76,1,6.73),(930,52,76,1,11.12),(931,17,76,1,13.31),(932,78,76,1,1.44),(933,67,76,1,13.38),(934,76,76,1,6.14),(935,51,76,1,9.66),(936,1,76,1,9.25),(937,35,76,1,3.01),(938,47,76,1,2.20),(939,44,76,1,13.48),(940,72,76,1,2.00),(941,49,76,1,9.88),(942,95,76,1,12.24),(943,20,77,1,10.86),(944,54,77,1,11.19),(945,56,77,1,0.24),(946,27,77,1,7.17),(947,2,77,1,2.28),(948,96,77,1,5.52),(949,44,77,1,13.48),(950,90,77,1,0.68),(951,81,77,1,3.63),(952,40,77,1,7.13),(953,55,77,1,7.21),(954,34,77,1,13.41),(955,21,78,1,6.18),(956,93,78,1,7.14),(957,20,78,1,10.86),(958,39,78,1,14.07),(959,34,78,1,13.41),(960,44,78,1,13.48),(961,90,79,1,0.68),(962,24,79,1,12.22),(963,48,79,1,10.78),(964,51,79,1,9.66),(965,73,79,1,6.76),(966,28,79,1,10.99),(967,48,80,1,10.78),(968,12,80,1,9.15),(969,6,80,1,2.37),(970,67,80,1,13.38),(971,90,80,1,0.68),(972,42,80,1,2.64),(973,49,80,1,9.88),(974,4,80,1,11.01),(975,16,80,1,6.62),(976,52,80,1,11.12),(977,34,81,1,13.41),(978,29,81,1,12.49),(979,52,81,1,11.12),(980,49,81,1,9.88),(981,82,81,1,11.74),(982,55,81,1,7.21),(983,19,81,1,14.42),(984,84,81,1,5.94),(985,72,81,1,2.00),(986,7,81,1,6.52),(987,85,82,1,4.11),(988,82,82,1,11.74),(989,52,82,1,11.12),(990,73,82,1,6.76),(991,63,82,1,1.79),(992,57,82,1,10.51),(993,54,82,1,11.19),(994,17,82,1,13.31),(995,14,82,1,2.31),(996,34,82,1,13.41),(997,12,82,1,9.15),(998,93,82,1,7.14),(999,98,82,1,10.21),(1000,22,82,1,14.56),(1001,56,82,1,0.24),(1002,100,82,1,10.31),(1003,29,82,1,12.49),(1004,24,82,1,12.22),(1005,58,82,1,11.48),(1006,51,82,1,9.66),(1007,39,83,1,14.07),(1008,48,83,1,10.78),(1009,22,83,1,14.56),(1010,77,83,1,1.69),(1011,82,83,1,11.74),(1012,17,83,1,13.31),(1013,14,84,1,2.31),(1014,33,84,1,4.43),(1015,3,84,1,0.96),(1016,17,84,1,13.31),(1017,9,84,1,6.73),(1018,88,84,1,14.20),(1019,76,84,1,6.14),(1020,84,84,1,5.94),(1021,62,84,1,10.40),(1022,36,84,1,9.02),(1023,15,84,1,14.45),(1024,87,84,1,4.34),(1025,99,84,1,11.50),(1026,71,84,1,7.65),(1027,44,84,1,13.48),(1028,94,84,1,6.51),(1029,83,84,1,7.08),(1030,81,84,1,3.63),(1031,28,85,1,10.99),(1032,68,85,1,9.66),(1033,85,85,1,4.11),(1034,91,85,1,1.13),(1035,66,85,1,8.33),(1036,25,85,1,12.09),(1037,35,85,1,3.01),(1038,72,85,1,2.00),(1039,8,85,1,7.67),(1040,75,85,1,14.67),(1041,50,85,1,8.78),(1042,55,86,1,7.21),(1043,59,86,1,3.16),(1044,60,86,1,8.82),(1045,84,86,1,5.94),(1046,38,86,1,13.41),(1047,77,86,1,1.69),(1048,20,86,1,10.86),(1049,28,86,1,10.99),(1050,19,86,1,14.42),(1051,91,86,1,1.13),(1052,71,86,1,7.65),(1053,34,86,1,13.41),(1054,30,86,1,2.60),(1055,78,86,1,1.44),(1056,46,86,1,14.43),(1057,17,86,1,13.31),(1058,24,87,1,12.22),(1059,13,87,1,1.77),(1060,28,87,1,10.99),(1061,20,87,1,10.86),(1062,94,87,1,6.51),(1063,48,87,1,10.78),(1064,70,87,1,7.22),(1065,43,87,1,10.78),(1066,88,87,1,14.20),(1067,63,87,1,1.79),(1068,2,87,1,2.28),(1069,86,87,1,4.09),(1070,72,87,1,2.00),(1071,80,88,1,6.53),(1072,16,88,1,6.62),(1073,18,88,1,5.46),(1074,94,88,1,6.51),(1075,85,88,1,4.11),(1076,12,88,1,9.15),(1077,35,88,1,3.01),(1078,26,88,1,5.45),(1079,65,88,1,1.04),(1080,45,88,1,4.28),(1081,75,89,1,14.67),(1082,77,89,1,1.69),(1083,30,89,1,2.60),(1084,7,89,1,6.52),(1085,64,89,1,7.11),(1086,23,89,1,9.57),(1087,13,89,1,1.77),(1088,52,89,1,11.12),(1089,5,89,1,12.23),(1090,82,89,1,11.74),(1091,71,89,1,7.65),(1092,42,89,1,2.64),(1093,85,89,1,4.11),(1094,28,89,1,10.99),(1095,84,89,1,5.94),(1096,97,89,1,2.47),(1097,60,89,1,8.82),(1098,80,90,1,6.53),(1099,63,90,1,1.79),(1100,78,90,1,1.44),(1101,20,90,1,10.86),(1102,7,90,1,6.52),(1103,99,90,1,11.50),(1104,23,90,1,9.57),(1105,13,90,1,1.77),(1106,57,90,1,10.51),(1107,90,90,1,0.68),(1108,67,90,1,13.38),(1109,71,90,1,7.65),(1110,51,90,1,9.66),(1111,1,90,1,9.25),(1112,84,90,1,5.94),(1113,32,90,1,10.96),(1114,27,90,1,7.17),(1115,76,90,1,6.14),(1116,12,91,1,9.15),(1117,77,91,1,1.69),(1118,42,91,1,2.64),(1119,4,91,1,11.01),(1120,72,91,1,2.00),(1121,25,91,1,12.09),(1122,60,91,1,8.82),(1123,37,91,1,5.13),(1124,1,91,1,9.25),(1125,73,91,1,6.76),(1126,71,91,1,7.65),(1127,34,91,1,13.41),(1128,48,91,1,10.78),(1129,50,91,1,8.78),(1130,32,91,1,10.96),(1131,68,91,1,9.66),(1132,45,91,1,4.28),(1133,95,91,1,12.24),(1134,90,92,1,0.68),(1135,39,92,1,14.07),(1136,26,92,1,5.45),(1137,58,92,1,11.48),(1138,23,92,1,9.57),(1139,61,92,1,10.25),(1140,18,92,1,5.46),(1141,100,92,1,10.31),(1142,63,92,1,1.79),(1143,3,92,1,0.96),(1144,57,92,1,10.51),(1145,89,92,1,8.81),(1146,30,92,1,2.60),(1147,18,93,1,5.46),(1148,100,93,1,10.31),(1149,7,93,1,6.52),(1150,4,93,1,11.01),(1151,74,93,1,1.42),(1152,27,93,1,7.17),(1153,80,93,1,6.53),(1154,34,93,1,13.41),(1155,47,93,1,2.20),(1156,99,93,1,11.50),(1157,35,93,1,3.01),(1158,63,93,1,1.79),(1159,71,93,1,7.65),(1160,30,93,1,2.60),(1161,12,94,1,9.15),(1162,52,94,1,11.12),(1163,31,94,1,11.93),(1164,20,94,1,10.86),(1165,22,94,1,14.56),(1166,75,94,1,14.67),(1167,13,94,1,1.77),(1168,77,94,1,1.69),(1169,80,94,1,6.53),(1170,62,94,1,10.40),(1171,78,94,1,1.44),(1172,37,94,1,5.13),(1173,72,94,1,2.00),(1174,53,95,1,1.32),(1175,98,95,1,10.21),(1176,17,95,1,13.31),(1177,92,95,1,8.38),(1178,47,95,1,2.20),(1179,78,95,1,1.44),(1180,27,95,1,7.17),(1181,51,95,1,9.66),(1182,70,95,1,7.22),(1183,15,95,1,14.45),(1184,69,95,1,0.93),(1185,50,95,1,8.78),(1186,33,95,1,4.43),(1187,8,95,1,7.67),(1188,64,95,1,7.11),(1189,94,95,1,6.51),(1190,25,95,1,12.09),(1191,55,96,1,7.21),(1192,49,96,1,9.88),(1193,53,96,1,1.32),(1194,46,96,1,14.43),(1195,47,96,1,2.20),(1196,5,96,1,12.23),(1197,98,96,1,10.21),(1198,52,96,1,11.12),(1199,12,96,1,9.15),(1200,91,96,1,1.13),(1201,19,97,1,14.42),(1202,79,97,1,10.34),(1203,42,97,1,2.64),(1204,12,97,1,9.15),(1205,71,97,1,7.65),(1206,29,97,1,12.49),(1207,40,97,1,7.13),(1208,80,97,1,6.53),(1209,35,97,1,3.01),(1210,46,97,1,14.43),(1211,85,97,1,4.11),(1212,49,97,1,9.88),(1213,41,97,1,12.06),(1214,61,97,1,10.25),(1215,41,98,1,12.06),(1216,23,98,1,9.57),(1217,9,98,1,6.73),(1218,5,98,1,12.23),(1219,25,98,1,12.09),(1220,49,98,1,9.88),(1221,19,98,1,14.42),(1222,55,98,1,7.21),(1223,73,98,1,6.76),(1224,91,99,1,1.13),(1225,4,99,1,11.01),(1226,31,99,1,11.93),(1227,82,99,1,11.74),(1228,72,99,1,2.00),(1229,27,99,1,7.17),(1230,88,99,1,14.20),(1231,65,99,1,1.04),(1232,42,99,1,2.64),(1233,1,99,1,9.25),(1234,49,99,1,9.88),(1235,54,99,1,11.19),(1236,16,99,1,6.62),(1237,98,99,1,10.21),(1238,41,99,1,12.06),(1239,30,99,1,2.60),(1240,85,100,1,4.11),(1241,17,100,1,13.31),(1242,3,100,1,0.96),(1243,30,100,1,2.60),(1244,69,100,1,0.93),(1245,43,100,1,10.78),(1246,92,100,1,8.38),(1247,22,100,1,14.56),(1248,67,100,1,13.38),(1249,54,100,1,11.19),(1250,95,100,1,12.24),(1251,90,100,1,0.68),(1252,4,100,1,11.01),(1253,42,100,1,2.64),(1254,24,100,1,12.22),(1255,9,100,1,6.73),(1256,94,100,1,6.51),(1257,38,100,1,13.41);
/*!40000 ALTER TABLE `CartItem` ENABLE KEYS */;
UNLOCK TABLES;
/*!50003 SET @saved_cs_client      = @@character_set_client */ ;
/*!50003 SET @saved_cs_results     = @@character_set_results */ ;
/*!50003 SET @saved_col_connection = @@collation_connection */ ;
/*!50003 SET character_set_client  = latin1 */ ;
/*!50003 SET character_set_results = latin1 */ ;
/*!50003 SET collation_connection  = latin1_swedish_ci */ ;
/*!50003 SET @saved_sql_mode       = @@sql_mode */ ;
/*!50003 SET sql_mode              = 'ONLY_FULL_GROUP_BY,STRICT_TRANS_TABLES,NO_ZERO_IN_DATE,NO_ZERO_DATE,ERROR_FOR_DIVISION_BY_ZERO,NO_ENGINE_SUBSTITUTION' */ ;
DELIMITER ;;
/*!50003 CREATE*/ /*!50017 DEFINER=`root`@`localhost`*/ /*!50003 TRIGGER `UpdateSubCostCartItemOnInsert` BEFORE INSERT ON `CartItem` FOR EACH ROW BEGIN
  SET @baseCost := (SELECT I.baseCost FROM Ingredient I WHERE I.id = NEW.id_Ingredient);
  SET NEW.subCost := @baseCost * NEW.multiplier;
END */;;
DELIMITER ;
/*!50003 SET sql_mode              = @saved_sql_mode */ ;
/*!50003 SET character_set_client  = @saved_cs_client */ ;
/*!50003 SET character_set_results = @saved_cs_results */ ;
/*!50003 SET collation_connection  = @saved_col_connection */ ;
/*!50003 SET @saved_cs_client      = @@character_set_client */ ;
/*!50003 SET @saved_cs_results     = @@character_set_results */ ;
/*!50003 SET @saved_col_connection = @@collation_connection */ ;
/*!50003 SET character_set_client  = latin1 */ ;
/*!50003 SET character_set_results = latin1 */ ;
/*!50003 SET collation_connection  = latin1_swedish_ci */ ;
/*!50003 SET @saved_sql_mode       = @@sql_mode */ ;
/*!50003 SET sql_mode              = 'ONLY_FULL_GROUP_BY,STRICT_TRANS_TABLES,NO_ZERO_IN_DATE,NO_ZERO_DATE,ERROR_FOR_DIVISION_BY_ZERO,NO_ENGINE_SUBSTITUTION' */ ;
DELIMITER ;;
/*!50003 CREATE*/ /*!50017 DEFINER=`root`@`localhost`*/ /*!50003 TRIGGER `UpdateTotalCostCartOnCartItemInsert` AFTER INSERT ON `CartItem` FOR EACH ROW BEGIN
  SET @totalCost := (SELECT SUM(C.subCost) FROM CartItem C WHERE C.id_Cart = NEW.id_Cart);
  UPDATE Cart C SET C.totalCost := @totalCost WHERE C.id = NEW.id_Cart;
END */;;
DELIMITER ;
/*!50003 SET sql_mode              = @saved_sql_mode */ ;
/*!50003 SET character_set_client  = @saved_cs_client */ ;
/*!50003 SET character_set_results = @saved_cs_results */ ;
/*!50003 SET collation_connection  = @saved_col_connection */ ;
/*!50003 SET @saved_cs_client      = @@character_set_client */ ;
/*!50003 SET @saved_cs_results     = @@character_set_results */ ;
/*!50003 SET @saved_col_connection = @@collation_connection */ ;
/*!50003 SET character_set_client  = latin1 */ ;
/*!50003 SET character_set_results = latin1 */ ;
/*!50003 SET collation_connection  = latin1_swedish_ci */ ;
/*!50003 SET @saved_sql_mode       = @@sql_mode */ ;
/*!50003 SET sql_mode              = 'ONLY_FULL_GROUP_BY,STRICT_TRANS_TABLES,NO_ZERO_IN_DATE,NO_ZERO_DATE,ERROR_FOR_DIVISION_BY_ZERO,NO_ENGINE_SUBSTITUTION' */ ;
DELIMITER ;;
/*!50003 CREATE*/ /*!50017 DEFINER=`root`@`localhost`*/ /*!50003 TRIGGER `UpdateSubCostCartItemOnUpdate` BEFORE UPDATE ON `CartItem` FOR EACH ROW BEGIN
  SET @baseCost := (SELECT I.baseCost FROM Ingredient I WHERE I.id = NEW.id_Ingredient);
  SET NEW.subCost := @baseCost * NEW.multiplier;
END */;;
DELIMITER ;
/*!50003 SET sql_mode              = @saved_sql_mode */ ;
/*!50003 SET character_set_client  = @saved_cs_client */ ;
/*!50003 SET character_set_results = @saved_cs_results */ ;
/*!50003 SET collation_connection  = @saved_col_connection */ ;
/*!50003 SET @saved_cs_client      = @@character_set_client */ ;
/*!50003 SET @saved_cs_results     = @@character_set_results */ ;
/*!50003 SET @saved_col_connection = @@collation_connection */ ;
/*!50003 SET character_set_client  = latin1 */ ;
/*!50003 SET character_set_results = latin1 */ ;
/*!50003 SET collation_connection  = latin1_swedish_ci */ ;
/*!50003 SET @saved_sql_mode       = @@sql_mode */ ;
/*!50003 SET sql_mode              = 'ONLY_FULL_GROUP_BY,STRICT_TRANS_TABLES,NO_ZERO_IN_DATE,NO_ZERO_DATE,ERROR_FOR_DIVISION_BY_ZERO,NO_ENGINE_SUBSTITUTION' */ ;
DELIMITER ;;
/*!50003 CREATE*/ /*!50017 DEFINER=`root`@`localhost`*/ /*!50003 TRIGGER `PreventUpdateOfCartItemIfIsCommand` BEFORE UPDATE ON `CartItem` FOR EACH ROW BEGIN
  SET @commandCountWithCartId := (SELECT COUNT(*) FROM Command C WHERE C.id_Cart = NEW.id_Cart);
  IF @commandCountWithCartId > 0 THEN
    SIGNAL SQLSTATE '45000'
    SET MESSAGE_TEXT = "Le panier  dj t command et n'est plus modifiable";
  END IF;
END */;;
DELIMITER ;
/*!50003 SET sql_mode              = @saved_sql_mode */ ;
/*!50003 SET character_set_client  = @saved_cs_client */ ;
/*!50003 SET character_set_results = @saved_cs_results */ ;
/*!50003 SET collation_connection  = @saved_col_connection */ ;
/*!50003 SET @saved_cs_client      = @@character_set_client */ ;
/*!50003 SET @saved_cs_results     = @@character_set_results */ ;
/*!50003 SET @saved_col_connection = @@collation_connection */ ;
/*!50003 SET character_set_client  = latin1 */ ;
/*!50003 SET character_set_results = latin1 */ ;
/*!50003 SET collation_connection  = latin1_swedish_ci */ ;
/*!50003 SET @saved_sql_mode       = @@sql_mode */ ;
/*!50003 SET sql_mode              = 'ONLY_FULL_GROUP_BY,STRICT_TRANS_TABLES,NO_ZERO_IN_DATE,NO_ZERO_DATE,ERROR_FOR_DIVISION_BY_ZERO,NO_ENGINE_SUBSTITUTION' */ ;
DELIMITER ;;
/*!50003 CREATE*/ /*!50017 DEFINER=`root`@`localhost`*/ /*!50003 TRIGGER `UpdateTotalCostCartOnCartItemUpdate` AFTER UPDATE ON `CartItem` FOR EACH ROW BEGIN
  SET @totalCost := (SELECT SUM(C.subCost) FROM CartItem C WHERE C.id_Cart = NEW.id_Cart);
  UPDATE Cart C SET C.totalCost := @totalCost WHERE C.id = NEW.id_Cart;
END */;;
DELIMITER ;
/*!50003 SET sql_mode              = @saved_sql_mode */ ;
/*!50003 SET character_set_client  = @saved_cs_client */ ;
/*!50003 SET character_set_results = @saved_cs_results */ ;
/*!50003 SET collation_connection  = @saved_col_connection */ ;
/*!50003 SET @saved_cs_client      = @@character_set_client */ ;
/*!50003 SET @saved_cs_results     = @@character_set_results */ ;
/*!50003 SET @saved_col_connection = @@collation_connection */ ;
/*!50003 SET character_set_client  = latin1 */ ;
/*!50003 SET character_set_results = latin1 */ ;
/*!50003 SET collation_connection  = latin1_swedish_ci */ ;
/*!50003 SET @saved_sql_mode       = @@sql_mode */ ;
/*!50003 SET sql_mode              = 'ONLY_FULL_GROUP_BY,STRICT_TRANS_TABLES,NO_ZERO_IN_DATE,NO_ZERO_DATE,ERROR_FOR_DIVISION_BY_ZERO,NO_ENGINE_SUBSTITUTION' */ ;
DELIMITER ;;
/*!50003 CREATE*/ /*!50017 DEFINER=`root`@`localhost`*/ /*!50003 TRIGGER `UpdateTotalCostCartOnCartItemDelete` AFTER DELETE ON `CartItem` FOR EACH ROW BEGIN
  SET @totalCost := IFNULL((SELECT SUM(C.subCost) FROM CartItem C WHERE C.id_Cart = OLD.id_Cart), 0);
  UPDATE Cart C SET C.totalCost := @totalCost WHERE C.id = OLD.id_Cart;
END */;;
DELIMITER ;
/*!50003 SET sql_mode              = @saved_sql_mode */ ;
/*!50003 SET character_set_client  = @saved_cs_client */ ;
/*!50003 SET character_set_results = @saved_cs_results */ ;
/*!50003 SET collation_connection  = @saved_col_connection */ ;

--
-- Table structure for table `Command`
--

DROP TABLE IF EXISTS `Command`;
/*!40101 SET @saved_cs_client     = @@character_set_client */;
 SET character_set_client = utf8mb4 ;
CREATE TABLE `Command` (
  `id` int(11) NOT NULL AUTO_INCREMENT,
  `id_Cart` int(11) NOT NULL,
  `creationDate` datetime NOT NULL,
  `arrivalDate` datetime DEFAULT NULL,
  PRIMARY KEY (`id`),
  UNIQUE KEY `id_Cart` (`id_Cart`),
  CONSTRAINT `Command_ibfk_1` FOREIGN KEY (`id_Cart`) REFERENCES `Cart` (`id`)
) ENGINE=InnoDB AUTO_INCREMENT=101 DEFAULT CHARSET=utf8mb4 COLLATE=utf8mb4_0900_ai_ci;
/*!40101 SET character_set_client = @saved_cs_client */;

--
-- Dumping data for table `Command`
--

LOCK TABLES `Command` WRITE;
/*!40000 ALTER TABLE `Command` DISABLE KEYS */;
INSERT INTO `Command` VALUES (1,101,'2019-04-16 13:45:31','2019-04-16 13:45:31'),(2,103,'2019-04-16 13:45:31','2019-04-16 13:45:31'),(3,105,'2019-04-16 13:45:31','2019-04-16 13:45:31'),(4,107,'2019-04-16 13:45:31','2019-04-16 13:45:31'),(5,109,'2019-04-16 13:45:31','2019-04-16 13:45:31'),(6,111,'2019-04-16 13:45:31','2019-04-16 13:45:31'),(7,113,'2019-04-16 13:45:31','2019-04-16 13:45:31'),(8,115,'2019-04-16 13:45:31','2019-04-16 13:45:31'),(9,117,'2019-04-16 13:45:31','2019-04-16 13:45:31'),(10,119,'2019-04-16 13:45:31','2019-04-16 13:45:31'),(11,121,'2019-04-16 13:45:31','2019-04-16 13:45:31'),(12,123,'2019-04-16 13:45:31','2019-04-16 13:45:31'),(13,125,'2019-04-16 13:45:31','2019-04-16 13:45:31'),(14,127,'2019-04-16 13:45:31','2019-04-16 13:45:31'),(15,129,'2019-04-16 13:45:31','2019-04-16 13:45:31'),(16,131,'2019-04-16 13:45:31','2019-04-16 13:45:31'),(17,133,'2019-04-16 13:45:31','2019-04-16 13:45:31'),(18,135,'2019-04-16 13:45:32','2019-04-16 13:45:32'),(19,137,'2019-04-16 13:45:32','2019-04-16 13:45:32'),(20,139,'2019-04-16 13:45:32','2019-04-16 13:45:32'),(21,141,'2019-04-16 13:45:32','2019-04-16 13:45:32'),(22,143,'2019-04-16 13:45:32','2019-04-16 13:45:32'),(23,145,'2019-04-16 13:45:32','2019-04-16 13:45:32'),(24,147,'2019-04-16 13:45:32','2019-04-16 13:45:32'),(25,149,'2019-04-16 13:45:32','2019-04-16 13:45:32'),(26,151,'2019-04-16 13:45:32','2019-04-16 13:45:32'),(27,153,'2019-04-16 13:45:32','2019-04-16 13:45:32'),(28,155,'2019-04-16 13:45:32','2019-04-16 13:45:32'),(29,157,'2019-04-16 13:45:32','2019-04-16 13:45:32'),(30,159,'2019-04-16 13:45:32','2019-04-16 13:45:32'),(31,161,'2019-04-16 13:45:32','2019-04-16 13:45:32'),(32,163,'2019-04-16 13:45:32','2019-04-16 13:45:32'),(33,165,'2019-04-16 13:45:32','2019-04-16 13:45:32'),(34,167,'2019-04-16 13:45:32','2019-04-16 13:45:32'),(35,169,'2019-04-16 13:45:32','2019-04-16 13:45:32'),(36,171,'2019-04-16 13:45:32','2019-04-16 13:45:32'),(37,173,'2019-04-16 13:45:32','2019-04-16 13:45:32'),(38,175,'2019-04-16 13:45:32','2019-04-16 13:45:32'),(39,177,'2019-04-16 13:45:32','2019-04-16 13:45:32'),(40,179,'2019-04-16 13:45:32','2019-04-16 13:45:32'),(41,181,'2019-04-16 13:45:33','2019-04-16 13:45:33'),(42,183,'2019-04-16 13:45:33','2019-04-16 13:45:33'),(43,185,'2019-04-16 13:45:33','2019-04-16 13:45:33'),(44,187,'2019-04-16 13:45:33','2019-04-16 13:45:33'),(45,189,'2019-04-16 13:45:33','2019-04-16 13:45:33'),(46,191,'2019-04-16 13:45:33','2019-04-16 13:45:33'),(47,193,'2019-04-16 13:45:33','2019-04-16 13:45:33'),(48,195,'2019-04-16 13:45:33','2019-04-16 13:45:33'),(49,197,'2019-04-16 13:45:33','2019-04-16 13:45:33'),(50,199,'2019-04-16 13:45:33','2019-04-16 13:45:33'),(51,201,'2019-04-16 13:45:33','2019-04-16 13:45:33'),(52,203,'2019-04-16 13:45:33','2019-04-16 13:45:33'),(53,205,'2019-04-16 13:45:33','2019-04-16 13:45:33'),(54,207,'2019-04-16 13:45:33','2019-04-16 13:45:33'),(55,209,'2019-04-16 13:45:33','2019-04-16 13:45:33'),(56,211,'2019-04-16 13:45:33','2019-04-16 13:45:33'),(57,213,'2019-04-16 13:45:33','2019-04-16 13:45:33'),(58,215,'2019-04-16 13:45:33','2019-04-16 13:45:33'),(59,217,'2019-04-16 13:45:33','2019-04-16 13:45:33'),(60,219,'2019-04-16 13:45:33','2019-04-16 13:45:33'),(61,221,'2019-04-16 13:45:33','2019-04-16 13:45:33'),(62,223,'2019-04-16 13:45:33','2019-04-16 13:45:33'),(63,225,'2019-04-16 13:45:33','2019-04-16 13:45:33'),(64,227,'2019-04-16 13:45:34','2019-04-16 13:45:34'),(65,229,'2019-04-16 13:45:34','2019-04-16 13:45:34'),(66,231,'2019-04-16 13:45:34','2019-04-16 13:45:34'),(67,233,'2019-04-16 13:45:34','2019-04-16 13:45:34'),(68,235,'2019-04-16 13:45:34','2019-04-16 13:45:34'),(69,237,'2019-04-16 13:45:34','2019-04-16 13:45:34'),(70,239,'2019-04-16 13:45:34','2019-04-16 13:45:34'),(71,241,'2019-04-16 13:45:34','2019-04-16 13:45:34'),(72,243,'2019-04-16 13:45:34','2019-04-16 13:45:34'),(73,245,'2019-04-16 13:45:34','2019-04-16 13:45:34'),(74,247,'2019-04-16 13:45:34','2019-04-16 13:45:34'),(75,249,'2019-04-16 13:45:34','2019-04-16 13:45:34'),(76,251,'2019-04-16 13:45:34','2019-04-16 13:45:34'),(77,253,'2019-04-16 13:45:34','2019-04-16 13:45:34'),(78,255,'2019-04-16 13:45:34','2019-04-16 13:45:34'),(79,257,'2019-04-16 13:45:34','2019-04-16 13:45:34'),(80,259,'2019-04-16 13:45:34','2019-04-16 13:45:34'),(81,261,'2019-04-16 13:45:34','2019-04-16 13:45:34'),(82,263,'2019-04-16 13:45:34','2019-04-16 13:45:34'),(83,265,'2019-04-16 13:45:34','2019-04-16 13:45:34'),(84,267,'2019-04-16 13:45:34','2019-04-16 13:45:34'),(85,269,'2019-04-16 13:45:34','2019-04-16 13:45:34'),(86,271,'2019-04-16 13:45:34','2019-04-16 13:45:34'),(87,273,'2019-04-16 13:45:35','2019-04-16 13:45:35'),(88,275,'2019-04-16 13:45:35','2019-04-16 13:45:35'),(89,277,'2019-04-16 13:45:35','2019-04-16 13:45:35'),(90,279,'2019-04-16 13:45:35','2019-04-16 13:45:35'),(91,281,'2019-04-16 13:45:35','2019-04-16 13:45:35'),(92,283,'2019-04-16 13:45:35','2019-04-16 13:45:35'),(93,285,'2019-04-16 13:45:35','2019-04-16 13:45:35'),(94,287,'2019-04-16 13:45:35','2019-04-16 13:45:35'),(95,289,'2019-04-16 13:45:35','2019-04-16 13:45:35'),(96,291,'2019-04-16 13:45:35','2019-04-16 13:45:35'),(97,293,'2019-04-16 13:45:35','2019-04-16 13:45:35'),(98,295,'2019-04-16 13:45:35','2019-04-16 13:45:35'),(99,297,'2019-04-16 13:45:35','2019-04-16 13:45:35'),(100,299,'2019-04-16 13:45:35','2019-04-16 13:45:35');
/*!40000 ALTER TABLE `Command` ENABLE KEYS */;
UNLOCK TABLES;
/*!50003 SET @saved_cs_client      = @@character_set_client */ ;
/*!50003 SET @saved_cs_results     = @@character_set_results */ ;
/*!50003 SET @saved_col_connection = @@collation_connection */ ;
/*!50003 SET character_set_client  = latin1 */ ;
/*!50003 SET character_set_results = latin1 */ ;
/*!50003 SET collation_connection  = latin1_swedish_ci */ ;
/*!50003 SET @saved_sql_mode       = @@sql_mode */ ;
/*!50003 SET sql_mode              = 'ONLY_FULL_GROUP_BY,STRICT_TRANS_TABLES,NO_ZERO_IN_DATE,NO_ZERO_DATE,ERROR_FOR_DIVISION_BY_ZERO,NO_ENGINE_SUBSTITUTION' */ ;
DELIMITER ;;
/*!50003 CREATE*/ /*!50017 DEFINER=`root`@`localhost`*/ /*!50003 TRIGGER `NewCartAfterCommand` AFTER INSERT ON `Command` FOR EACH ROW BEGIN
  SET @userId := (SELECT Cart.id_User FROM Cart WHERE Cart.id = NEW.id_Cart);
  INSERT INTO `Cart` (`id`, `id_User`, `totalCost`)
  VALUES (NULL, @userId, 0);
END */;;
DELIMITER ;
/*!50003 SET sql_mode              = @saved_sql_mode */ ;
/*!50003 SET character_set_client  = @saved_cs_client */ ;
/*!50003 SET character_set_results = @saved_cs_results */ ;
/*!50003 SET collation_connection  = @saved_col_connection */ ;

--
-- Table structure for table `Comment`
--

DROP TABLE IF EXISTS `Comment`;
/*!40101 SET @saved_cs_client     = @@character_set_client */;
 SET character_set_client = utf8mb4 ;
CREATE TABLE `Comment` (
  `id` int(11) NOT NULL AUTO_INCREMENT,
  `id_Recipe` int(11) NOT NULL,
  `id_User` int(11) DEFAULT NULL,
  `text` mediumtext,
  PRIMARY KEY (`id`),
  KEY `id_Recipe` (`id_Recipe`),
  KEY `id_User` (`id_User`),
  CONSTRAINT `Comment_ibfk_1` FOREIGN KEY (`id_Recipe`) REFERENCES `Recipe` (`id`),
  CONSTRAINT `Comment_ibfk_2` FOREIGN KEY (`id_User`) REFERENCES `User` (`id`)
) ENGINE=InnoDB AUTO_INCREMENT=103 DEFAULT CHARSET=utf8mb4 COLLATE=utf8mb4_0900_ai_ci;
/*!40101 SET character_set_client = @saved_cs_client */;

--
-- Dumping data for table `Comment`
--

LOCK TABLES `Comment` WRITE;
/*!40000 ALTER TABLE `Comment` DISABLE KEYS */;
INSERT INTO `Comment` VALUES (1,65,37,'Lorem ipsum dolor sit amet, consectetur adipiscing elit. Morbi pulvinar pharetra bibendum. Ut eget risus nec risus finibus hendrerit in non tortor. Pellentesque maximus ligula et turpis faucibus cursus. Donec vel nunc metus. Quisque sagittis mattis dui vel varius. Aliquam iaculis interdum lacinia. Nam euismod lectus id maximus sodales. Nam id magna dictum, semper nisl vel, ornare ligula. Sed condimentum metus quis leo pharetra, quis semper urna aliquam. Fusce consectetur accumsan augue sit amet iaculis. Suspendisse volutpat urna vitae fermentum eleifend. Maecenas sapien leo, gravida vitae pellentesque quis, efficitur in erat. Maecenas elementum euismod hendrerit. Mauris sagittis massa a orci.'),(2,84,97,'Lorem ipsum dolor sit amet, consectetur adipiscing elit. Morbi pulvinar pharetra bibendum. Ut eget risus nec risus finibus hendrerit in non tortor. Pellentesque maximus ligula et turpis faucibus cursus. Donec vel nunc metus. Quisque sagittis mattis dui vel varius. Aliquam iaculis interdum lacinia. Nam euismod lectus id maximus sodales. Nam id magna dictum, semper nisl vel, ornare ligula. Sed condimentum metus quis leo pharetra, quis semper urna aliquam. Fusce consectetur accumsan augue sit amet iaculis. Suspendisse volutpat urna vitae fermentum eleifend. Maecenas sapien leo, gravida vitae pellentesque quis, efficitur in erat. Maecenas elementum euismod hendrerit. Mauris sagittis massa a orci.'),(3,1,75,'Lorem ipsum dolor sit amet, consectetur adipiscing elit. Morbi pulvinar pharetra bibendum. Ut eget risus nec risus finibus hendrerit in non tortor. Pellentesque maximus ligula et turpis faucibus cursus. Donec vel nunc metus. Quisque sagittis mattis dui vel varius. Aliquam iaculis interdum lacinia. Nam euismod lectus id maximus sodales. Nam id magna dictum, semper nisl vel, ornare ligula. Sed condimentum metus quis leo pharetra, quis semper urna aliquam. Fusce consectetur accumsan augue sit amet iaculis. Suspendisse volutpat urna vitae fermentum eleifend. Maecenas sapien leo, gravida vitae pellentesque quis, efficitur in erat. Maecenas elementum euismod hendrerit. Mauris sagittis massa a orci.'),(4,62,15,'Lorem ipsum dolor sit amet, consectetur adipiscing elit. Morbi pulvinar pharetra bibendum. Ut eget risus nec risus finibus hendrerit in non tortor. Pellentesque maximus ligula et turpis faucibus cursus. Donec vel nunc metus. Quisque sagittis mattis dui vel varius. Aliquam iaculis interdum lacinia. Nam euismod lectus id maximus sodales. Nam id magna dictum, semper nisl vel, ornare ligula. Sed condimentum metus quis leo pharetra, quis semper urna aliquam. Fusce consectetur accumsan augue sit amet iaculis. Suspendisse volutpat urna vitae fermentum eleifend. Maecenas sapien leo, gravida vitae pellentesque quis, efficitur in erat. Maecenas elementum euismod hendrerit. Mauris sagittis massa a orci.'),(5,69,57,'Lorem ipsum dolor sit amet, consectetur adipiscing elit. Morbi pulvinar pharetra bibendum. Ut eget risus nec risus finibus hendrerit in non tortor. Pellentesque maximus ligula et turpis faucibus cursus. Donec vel nunc metus. Quisque sagittis mattis dui vel varius. Aliquam iaculis interdum lacinia. Nam euismod lectus id maximus sodales. Nam id magna dictum, semper nisl vel, ornare ligula. Sed condimentum metus quis leo pharetra, quis semper urna aliquam. Fusce consectetur accumsan augue sit amet iaculis. Suspendisse volutpat urna vitae fermentum eleifend. Maecenas sapien leo, gravida vitae pellentesque quis, efficitur in erat. Maecenas elementum euismod hendrerit. Mauris sagittis massa a orci.'),(6,1,48,'Lorem ipsum dolor sit amet, consectetur adipiscing elit. Morbi pulvinar pharetra bibendum. Ut eget risus nec risus finibus hendrerit in non tortor. Pellentesque maximus ligula et turpis faucibus cursus. Donec vel nunc metus. Quisque sagittis mattis dui vel varius. Aliquam iaculis interdum lacinia. Nam euismod lectus id maximus sodales. Nam id magna dictum, semper nisl vel, ornare ligula. Sed condimentum metus quis leo pharetra, quis semper urna aliquam. Fusce consectetur accumsan augue sit amet iaculis. Suspendisse volutpat urna vitae fermentum eleifend. Maecenas sapien leo, gravida vitae pellentesque quis, efficitur in erat. Maecenas elementum euismod hendrerit. Mauris sagittis massa a orci.'),(7,96,66,'Lorem ipsum dolor sit amet, consectetur adipiscing elit. Morbi pulvinar pharetra bibendum. Ut eget risus nec risus finibus hendrerit in non tortor. Pellentesque maximus ligula et turpis faucibus cursus. Donec vel nunc metus. Quisque sagittis mattis dui vel varius. Aliquam iaculis interdum lacinia. Nam euismod lectus id maximus sodales. Nam id magna dictum, semper nisl vel, ornare ligula. Sed condimentum metus quis leo pharetra, quis semper urna aliquam. Fusce consectetur accumsan augue sit amet iaculis. Suspendisse volutpat urna vitae fermentum eleifend. Maecenas sapien leo, gravida vitae pellentesque quis, efficitur in erat. Maecenas elementum euismod hendrerit. Mauris sagittis massa a orci.'),(8,29,47,'Lorem ipsum dolor sit amet, consectetur adipiscing elit. Morbi pulvinar pharetra bibendum. Ut eget risus nec risus finibus hendrerit in non tortor. Pellentesque maximus ligula et turpis faucibus cursus. Donec vel nunc metus. Quisque sagittis mattis dui vel varius. Aliquam iaculis interdum lacinia. Nam euismod lectus id maximus sodales. Nam id magna dictum, semper nisl vel, ornare ligula. Sed condimentum metus quis leo pharetra, quis semper urna aliquam. Fusce consectetur accumsan augue sit amet iaculis. Suspendisse volutpat urna vitae fermentum eleifend. Maecenas sapien leo, gravida vitae pellentesque quis, efficitur in erat. Maecenas elementum euismod hendrerit. Mauris sagittis massa a orci.'),(9,81,73,'Lorem ipsum dolor sit amet, consectetur adipiscing elit. Morbi pulvinar pharetra bibendum. Ut eget risus nec risus finibus hendrerit in non tortor. Pellentesque maximus ligula et turpis faucibus cursus. Donec vel nunc metus. Quisque sagittis mattis dui vel varius. Aliquam iaculis interdum lacinia. Nam euismod lectus id maximus sodales. Nam id magna dictum, semper nisl vel, ornare ligula. Sed condimentum metus quis leo pharetra, quis semper urna aliquam. Fusce consectetur accumsan augue sit amet iaculis. Suspendisse volutpat urna vitae fermentum eleifend. Maecenas sapien leo, gravida vitae pellentesque quis, efficitur in erat. Maecenas elementum euismod hendrerit. Mauris sagittis massa a orci.'),(10,61,23,'Lorem ipsum dolor sit amet, consectetur adipiscing elit. Morbi pulvinar pharetra bibendum. Ut eget risus nec risus finibus hendrerit in non tortor. Pellentesque maximus ligula et turpis faucibus cursus. Donec vel nunc metus. Quisque sagittis mattis dui vel varius. Aliquam iaculis interdum lacinia. Nam euismod lectus id maximus sodales. Nam id magna dictum, semper nisl vel, ornare ligula. Sed condimentum metus quis leo pharetra, quis semper urna aliquam. Fusce consectetur accumsan augue sit amet iaculis. Suspendisse volutpat urna vitae fermentum eleifend. Maecenas sapien leo, gravida vitae pellentesque quis, efficitur in erat. Maecenas elementum euismod hendrerit. Mauris sagittis massa a orci.'),(11,57,5,'Lorem ipsum dolor sit amet, consectetur adipiscing elit. Morbi pulvinar pharetra bibendum. Ut eget risus nec risus finibus hendrerit in non tortor. Pellentesque maximus ligula et turpis faucibus cursus. Donec vel nunc metus. Quisque sagittis mattis dui vel varius. Aliquam iaculis interdum lacinia. Nam euismod lectus id maximus sodales. Nam id magna dictum, semper nisl vel, ornare ligula. Sed condimentum metus quis leo pharetra, quis semper urna aliquam. Fusce consectetur accumsan augue sit amet iaculis. Suspendisse volutpat urna vitae fermentum eleifend. Maecenas sapien leo, gravida vitae pellentesque quis, efficitur in erat. Maecenas elementum euismod hendrerit. Mauris sagittis massa a orci.'),(12,72,93,'Lorem ipsum dolor sit amet, consectetur adipiscing elit. Morbi pulvinar pharetra bibendum. Ut eget risus nec risus finibus hendrerit in non tortor. Pellentesque maximus ligula et turpis faucibus cursus. Donec vel nunc metus. Quisque sagittis mattis dui vel varius. Aliquam iaculis interdum lacinia. Nam euismod lectus id maximus sodales. Nam id magna dictum, semper nisl vel, ornare ligula. Sed condimentum metus quis leo pharetra, quis semper urna aliquam. Fusce consectetur accumsan augue sit amet iaculis. Suspendisse volutpat urna vitae fermentum eleifend. Maecenas sapien leo, gravida vitae pellentesque quis, efficitur in erat. Maecenas elementum euismod hendrerit. Mauris sagittis massa a orci.'),(13,19,41,'Lorem ipsum dolor sit amet, consectetur adipiscing elit. Morbi pulvinar pharetra bibendum. Ut eget risus nec risus finibus hendrerit in non tortor. Pellentesque maximus ligula et turpis faucibus cursus. Donec vel nunc metus. Quisque sagittis mattis dui vel varius. Aliquam iaculis interdum lacinia. Nam euismod lectus id maximus sodales. Nam id magna dictum, semper nisl vel, ornare ligula. Sed condimentum metus quis leo pharetra, quis semper urna aliquam. Fusce consectetur accumsan augue sit amet iaculis. Suspendisse volutpat urna vitae fermentum eleifend. Maecenas sapien leo, gravida vitae pellentesque quis, efficitur in erat. Maecenas elementum euismod hendrerit. Mauris sagittis massa a orci.'),(14,35,65,'Lorem ipsum dolor sit amet, consectetur adipiscing elit. Morbi pulvinar pharetra bibendum. Ut eget risus nec risus finibus hendrerit in non tortor. Pellentesque maximus ligula et turpis faucibus cursus. Donec vel nunc metus. Quisque sagittis mattis dui vel varius. Aliquam iaculis interdum lacinia. Nam euismod lectus id maximus sodales. Nam id magna dictum, semper nisl vel, ornare ligula. Sed condimentum metus quis leo pharetra, quis semper urna aliquam. Fusce consectetur accumsan augue sit amet iaculis. Suspendisse volutpat urna vitae fermentum eleifend. Maecenas sapien leo, gravida vitae pellentesque quis, efficitur in erat. Maecenas elementum euismod hendrerit. Mauris sagittis massa a orci.'),(15,64,32,'Lorem ipsum dolor sit amet, consectetur adipiscing elit. Morbi pulvinar pharetra bibendum. Ut eget risus nec risus finibus hendrerit in non tortor. Pellentesque maximus ligula et turpis faucibus cursus. Donec vel nunc metus. Quisque sagittis mattis dui vel varius. Aliquam iaculis interdum lacinia. Nam euismod lectus id maximus sodales. Nam id magna dictum, semper nisl vel, ornare ligula. Sed condimentum metus quis leo pharetra, quis semper urna aliquam. Fusce consectetur accumsan augue sit amet iaculis. Suspendisse volutpat urna vitae fermentum eleifend. Maecenas sapien leo, gravida vitae pellentesque quis, efficitur in erat. Maecenas elementum euismod hendrerit. Mauris sagittis massa a orci.'),(16,40,24,'Lorem ipsum dolor sit amet, consectetur adipiscing elit. Morbi pulvinar pharetra bibendum. Ut eget risus nec risus finibus hendrerit in non tortor. Pellentesque maximus ligula et turpis faucibus cursus. Donec vel nunc metus. Quisque sagittis mattis dui vel varius. Aliquam iaculis interdum lacinia. Nam euismod lectus id maximus sodales. Nam id magna dictum, semper nisl vel, ornare ligula. Sed condimentum metus quis leo pharetra, quis semper urna aliquam. Fusce consectetur accumsan augue sit amet iaculis. Suspendisse volutpat urna vitae fermentum eleifend. Maecenas sapien leo, gravida vitae pellentesque quis, efficitur in erat. Maecenas elementum euismod hendrerit. Mauris sagittis massa a orci.'),(17,46,23,'Lorem ipsum dolor sit amet, consectetur adipiscing elit. Morbi pulvinar pharetra bibendum. Ut eget risus nec risus finibus hendrerit in non tortor. Pellentesque maximus ligula et turpis faucibus cursus. Donec vel nunc metus. Quisque sagittis mattis dui vel varius. Aliquam iaculis interdum lacinia. Nam euismod lectus id maximus sodales. Nam id magna dictum, semper nisl vel, ornare ligula. Sed condimentum metus quis leo pharetra, quis semper urna aliquam. Fusce consectetur accumsan augue sit amet iaculis. Suspendisse volutpat urna vitae fermentum eleifend. Maecenas sapien leo, gravida vitae pellentesque quis, efficitur in erat. Maecenas elementum euismod hendrerit. Mauris sagittis massa a orci.'),(18,32,2,'Lorem ipsum dolor sit amet, consectetur adipiscing elit. Morbi pulvinar pharetra bibendum. Ut eget risus nec risus finibus hendrerit in non tortor. Pellentesque maximus ligula et turpis faucibus cursus. Donec vel nunc metus. Quisque sagittis mattis dui vel varius. Aliquam iaculis interdum lacinia. Nam euismod lectus id maximus sodales. Nam id magna dictum, semper nisl vel, ornare ligula. Sed condimentum metus quis leo pharetra, quis semper urna aliquam. Fusce consectetur accumsan augue sit amet iaculis. Suspendisse volutpat urna vitae fermentum eleifend. Maecenas sapien leo, gravida vitae pellentesque quis, efficitur in erat. Maecenas elementum euismod hendrerit. Mauris sagittis massa a orci.'),(19,2,31,'Lorem ipsum dolor sit amet, consectetur adipiscing elit. Morbi pulvinar pharetra bibendum. Ut eget risus nec risus finibus hendrerit in non tortor. Pellentesque maximus ligula et turpis faucibus cursus. Donec vel nunc metus. Quisque sagittis mattis dui vel varius. Aliquam iaculis interdum lacinia. Nam euismod lectus id maximus sodales. Nam id magna dictum, semper nisl vel, ornare ligula. Sed condimentum metus quis leo pharetra, quis semper urna aliquam. Fusce consectetur accumsan augue sit amet iaculis. Suspendisse volutpat urna vitae fermentum eleifend. Maecenas sapien leo, gravida vitae pellentesque quis, efficitur in erat. Maecenas elementum euismod hendrerit. Mauris sagittis massa a orci.'),(20,48,45,'Lorem ipsum dolor sit amet, consectetur adipiscing elit. Morbi pulvinar pharetra bibendum. Ut eget risus nec risus finibus hendrerit in non tortor. Pellentesque maximus ligula et turpis faucibus cursus. Donec vel nunc metus. Quisque sagittis mattis dui vel varius. Aliquam iaculis interdum lacinia. Nam euismod lectus id maximus sodales. Nam id magna dictum, semper nisl vel, ornare ligula. Sed condimentum metus quis leo pharetra, quis semper urna aliquam. Fusce consectetur accumsan augue sit amet iaculis. Suspendisse volutpat urna vitae fermentum eleifend. Maecenas sapien leo, gravida vitae pellentesque quis, efficitur in erat. Maecenas elementum euismod hendrerit. Mauris sagittis massa a orci.'),(21,89,20,'Lorem ipsum dolor sit amet, consectetur adipiscing elit. Morbi pulvinar pharetra bibendum. Ut eget risus nec risus finibus hendrerit in non tortor. Pellentesque maximus ligula et turpis faucibus cursus. Donec vel nunc metus. Quisque sagittis mattis dui vel varius. Aliquam iaculis interdum lacinia. Nam euismod lectus id maximus sodales. Nam id magna dictum, semper nisl vel, ornare ligula. Sed condimentum metus quis leo pharetra, quis semper urna aliquam. Fusce consectetur accumsan augue sit amet iaculis. Suspendisse volutpat urna vitae fermentum eleifend. Maecenas sapien leo, gravida vitae pellentesque quis, efficitur in erat. Maecenas elementum euismod hendrerit. Mauris sagittis massa a orci.'),(22,92,1,'Lorem ipsum dolor sit amet, consectetur adipiscing elit. Morbi pulvinar pharetra bibendum. Ut eget risus nec risus finibus hendrerit in non tortor. Pellentesque maximus ligula et turpis faucibus cursus. Donec vel nunc metus. Quisque sagittis mattis dui vel varius. Aliquam iaculis interdum lacinia. Nam euismod lectus id maximus sodales. Nam id magna dictum, semper nisl vel, ornare ligula. Sed condimentum metus quis leo pharetra, quis semper urna aliquam. Fusce consectetur accumsan augue sit amet iaculis. Suspendisse volutpat urna vitae fermentum eleifend. Maecenas sapien leo, gravida vitae pellentesque quis, efficitur in erat. Maecenas elementum euismod hendrerit. Mauris sagittis massa a orci.'),(23,90,53,'Lorem ipsum dolor sit amet, consectetur adipiscing elit. Morbi pulvinar pharetra bibendum. Ut eget risus nec risus finibus hendrerit in non tortor. Pellentesque maximus ligula et turpis faucibus cursus. Donec vel nunc metus. Quisque sagittis mattis dui vel varius. Aliquam iaculis interdum lacinia. Nam euismod lectus id maximus sodales. Nam id magna dictum, semper nisl vel, ornare ligula. Sed condimentum metus quis leo pharetra, quis semper urna aliquam. Fusce consectetur accumsan augue sit amet iaculis. Suspendisse volutpat urna vitae fermentum eleifend. Maecenas sapien leo, gravida vitae pellentesque quis, efficitur in erat. Maecenas elementum euismod hendrerit. Mauris sagittis massa a orci.'),(24,89,36,'Lorem ipsum dolor sit amet, consectetur adipiscing elit. Morbi pulvinar pharetra bibendum. Ut eget risus nec risus finibus hendrerit in non tortor. Pellentesque maximus ligula et turpis faucibus cursus. Donec vel nunc metus. Quisque sagittis mattis dui vel varius. Aliquam iaculis interdum lacinia. Nam euismod lectus id maximus sodales. Nam id magna dictum, semper nisl vel, ornare ligula. Sed condimentum metus quis leo pharetra, quis semper urna aliquam. Fusce consectetur accumsan augue sit amet iaculis. Suspendisse volutpat urna vitae fermentum eleifend. Maecenas sapien leo, gravida vitae pellentesque quis, efficitur in erat. Maecenas elementum euismod hendrerit. Mauris sagittis massa a orci.'),(25,2,3,'Lorem ipsum dolor sit amet, consectetur adipiscing elit. Morbi pulvinar pharetra bibendum. Ut eget risus nec risus finibus hendrerit in non tortor. Pellentesque maximus ligula et turpis faucibus cursus. Donec vel nunc metus. Quisque sagittis mattis dui vel varius. Aliquam iaculis interdum lacinia. Nam euismod lectus id maximus sodales. Nam id magna dictum, semper nisl vel, ornare ligula. Sed condimentum metus quis leo pharetra, quis semper urna aliquam. Fusce consectetur accumsan augue sit amet iaculis. Suspendisse volutpat urna vitae fermentum eleifend. Maecenas sapien leo, gravida vitae pellentesque quis, efficitur in erat. Maecenas elementum euismod hendrerit. Mauris sagittis massa a orci.'),(26,92,2,'Lorem ipsum dolor sit amet, consectetur adipiscing elit. Morbi pulvinar pharetra bibendum. Ut eget risus nec risus finibus hendrerit in non tortor. Pellentesque maximus ligula et turpis faucibus cursus. Donec vel nunc metus. Quisque sagittis mattis dui vel varius. Aliquam iaculis interdum lacinia. Nam euismod lectus id maximus sodales. Nam id magna dictum, semper nisl vel, ornare ligula. Sed condimentum metus quis leo pharetra, quis semper urna aliquam. Fusce consectetur accumsan augue sit amet iaculis. Suspendisse volutpat urna vitae fermentum eleifend. Maecenas sapien leo, gravida vitae pellentesque quis, efficitur in erat. Maecenas elementum euismod hendrerit. Mauris sagittis massa a orci.'),(27,7,100,'Lorem ipsum dolor sit amet, consectetur adipiscing elit. Morbi pulvinar pharetra bibendum. Ut eget risus nec risus finibus hendrerit in non tortor. Pellentesque maximus ligula et turpis faucibus cursus. Donec vel nunc metus. Quisque sagittis mattis dui vel varius. Aliquam iaculis interdum lacinia. Nam euismod lectus id maximus sodales. Nam id magna dictum, semper nisl vel, ornare ligula. Sed condimentum metus quis leo pharetra, quis semper urna aliquam. Fusce consectetur accumsan augue sit amet iaculis. Suspendisse volutpat urna vitae fermentum eleifend. Maecenas sapien leo, gravida vitae pellentesque quis, efficitur in erat. Maecenas elementum euismod hendrerit. Mauris sagittis massa a orci.'),(28,37,69,'Lorem ipsum dolor sit amet, consectetur adipiscing elit. Morbi pulvinar pharetra bibendum. Ut eget risus nec risus finibus hendrerit in non tortor. Pellentesque maximus ligula et turpis faucibus cursus. Donec vel nunc metus. Quisque sagittis mattis dui vel varius. Aliquam iaculis interdum lacinia. Nam euismod lectus id maximus sodales. Nam id magna dictum, semper nisl vel, ornare ligula. Sed condimentum metus quis leo pharetra, quis semper urna aliquam. Fusce consectetur accumsan augue sit amet iaculis. Suspendisse volutpat urna vitae fermentum eleifend. Maecenas sapien leo, gravida vitae pellentesque quis, efficitur in erat. Maecenas elementum euismod hendrerit. Mauris sagittis massa a orci.'),(29,79,85,'Lorem ipsum dolor sit amet, consectetur adipiscing elit. Morbi pulvinar pharetra bibendum. Ut eget risus nec risus finibus hendrerit in non tortor. Pellentesque maximus ligula et turpis faucibus cursus. Donec vel nunc metus. Quisque sagittis mattis dui vel varius. Aliquam iaculis interdum lacinia. Nam euismod lectus id maximus sodales. Nam id magna dictum, semper nisl vel, ornare ligula. Sed condimentum metus quis leo pharetra, quis semper urna aliquam. Fusce consectetur accumsan augue sit amet iaculis. Suspendisse volutpat urna vitae fermentum eleifend. Maecenas sapien leo, gravida vitae pellentesque quis, efficitur in erat. Maecenas elementum euismod hendrerit. Mauris sagittis massa a orci.'),(30,46,32,'Lorem ipsum dolor sit amet, consectetur adipiscing elit. Morbi pulvinar pharetra bibendum. Ut eget risus nec risus finibus hendrerit in non tortor. Pellentesque maximus ligula et turpis faucibus cursus. Donec vel nunc metus. Quisque sagittis mattis dui vel varius. Aliquam iaculis interdum lacinia. Nam euismod lectus id maximus sodales. Nam id magna dictum, semper nisl vel, ornare ligula. Sed condimentum metus quis leo pharetra, quis semper urna aliquam. Fusce consectetur accumsan augue sit amet iaculis. Suspendisse volutpat urna vitae fermentum eleifend. Maecenas sapien leo, gravida vitae pellentesque quis, efficitur in erat. Maecenas elementum euismod hendrerit. Mauris sagittis massa a orci.'),(31,70,78,'Lorem ipsum dolor sit amet, consectetur adipiscing elit. Morbi pulvinar pharetra bibendum. Ut eget risus nec risus finibus hendrerit in non tortor. Pellentesque maximus ligula et turpis faucibus cursus. Donec vel nunc metus. Quisque sagittis mattis dui vel varius. Aliquam iaculis interdum lacinia. Nam euismod lectus id maximus sodales. Nam id magna dictum, semper nisl vel, ornare ligula. Sed condimentum metus quis leo pharetra, quis semper urna aliquam. Fusce consectetur accumsan augue sit amet iaculis. Suspendisse volutpat urna vitae fermentum eleifend. Maecenas sapien leo, gravida vitae pellentesque quis, efficitur in erat. Maecenas elementum euismod hendrerit. Mauris sagittis massa a orci.'),(32,57,44,'Lorem ipsum dolor sit amet, consectetur adipiscing elit. Morbi pulvinar pharetra bibendum. Ut eget risus nec risus finibus hendrerit in non tortor. Pellentesque maximus ligula et turpis faucibus cursus. Donec vel nunc metus. Quisque sagittis mattis dui vel varius. Aliquam iaculis interdum lacinia. Nam euismod lectus id maximus sodales. Nam id magna dictum, semper nisl vel, ornare ligula. Sed condimentum metus quis leo pharetra, quis semper urna aliquam. Fusce consectetur accumsan augue sit amet iaculis. Suspendisse volutpat urna vitae fermentum eleifend. Maecenas sapien leo, gravida vitae pellentesque quis, efficitur in erat. Maecenas elementum euismod hendrerit. Mauris sagittis massa a orci.'),(33,24,30,'Lorem ipsum dolor sit amet, consectetur adipiscing elit. Morbi pulvinar pharetra bibendum. Ut eget risus nec risus finibus hendrerit in non tortor. Pellentesque maximus ligula et turpis faucibus cursus. Donec vel nunc metus. Quisque sagittis mattis dui vel varius. Aliquam iaculis interdum lacinia. Nam euismod lectus id maximus sodales. Nam id magna dictum, semper nisl vel, ornare ligula. Sed condimentum metus quis leo pharetra, quis semper urna aliquam. Fusce consectetur accumsan augue sit amet iaculis. Suspendisse volutpat urna vitae fermentum eleifend. Maecenas sapien leo, gravida vitae pellentesque quis, efficitur in erat. Maecenas elementum euismod hendrerit. Mauris sagittis massa a orci.'),(34,94,38,'Lorem ipsum dolor sit amet, consectetur adipiscing elit. Morbi pulvinar pharetra bibendum. Ut eget risus nec risus finibus hendrerit in non tortor. Pellentesque maximus ligula et turpis faucibus cursus. Donec vel nunc metus. Quisque sagittis mattis dui vel varius. Aliquam iaculis interdum lacinia. Nam euismod lectus id maximus sodales. Nam id magna dictum, semper nisl vel, ornare ligula. Sed condimentum metus quis leo pharetra, quis semper urna aliquam. Fusce consectetur accumsan augue sit amet iaculis. Suspendisse volutpat urna vitae fermentum eleifend. Maecenas sapien leo, gravida vitae pellentesque quis, efficitur in erat. Maecenas elementum euismod hendrerit. Mauris sagittis massa a orci.'),(35,4,80,'Lorem ipsum dolor sit amet, consectetur adipiscing elit. Morbi pulvinar pharetra bibendum. Ut eget risus nec risus finibus hendrerit in non tortor. Pellentesque maximus ligula et turpis faucibus cursus. Donec vel nunc metus. Quisque sagittis mattis dui vel varius. Aliquam iaculis interdum lacinia. Nam euismod lectus id maximus sodales. Nam id magna dictum, semper nisl vel, ornare ligula. Sed condimentum metus quis leo pharetra, quis semper urna aliquam. Fusce consectetur accumsan augue sit amet iaculis. Suspendisse volutpat urna vitae fermentum eleifend. Maecenas sapien leo, gravida vitae pellentesque quis, efficitur in erat. Maecenas elementum euismod hendrerit. Mauris sagittis massa a orci.'),(36,96,25,'Lorem ipsum dolor sit amet, consectetur adipiscing elit. Morbi pulvinar pharetra bibendum. Ut eget risus nec risus finibus hendrerit in non tortor. Pellentesque maximus ligula et turpis faucibus cursus. Donec vel nunc metus. Quisque sagittis mattis dui vel varius. Aliquam iaculis interdum lacinia. Nam euismod lectus id maximus sodales. Nam id magna dictum, semper nisl vel, ornare ligula. Sed condimentum metus quis leo pharetra, quis semper urna aliquam. Fusce consectetur accumsan augue sit amet iaculis. Suspendisse volutpat urna vitae fermentum eleifend. Maecenas sapien leo, gravida vitae pellentesque quis, efficitur in erat. Maecenas elementum euismod hendrerit. Mauris sagittis massa a orci.'),(37,63,3,'Lorem ipsum dolor sit amet, consectetur adipiscing elit. Morbi pulvinar pharetra bibendum. Ut eget risus nec risus finibus hendrerit in non tortor. Pellentesque maximus ligula et turpis faucibus cursus. Donec vel nunc metus. Quisque sagittis mattis dui vel varius. Aliquam iaculis interdum lacinia. Nam euismod lectus id maximus sodales. Nam id magna dictum, semper nisl vel, ornare ligula. Sed condimentum metus quis leo pharetra, quis semper urna aliquam. Fusce consectetur accumsan augue sit amet iaculis. Suspendisse volutpat urna vitae fermentum eleifend. Maecenas sapien leo, gravida vitae pellentesque quis, efficitur in erat. Maecenas elementum euismod hendrerit. Mauris sagittis massa a orci.'),(38,71,25,'Lorem ipsum dolor sit amet, consectetur adipiscing elit. Morbi pulvinar pharetra bibendum. Ut eget risus nec risus finibus hendrerit in non tortor. Pellentesque maximus ligula et turpis faucibus cursus. Donec vel nunc metus. Quisque sagittis mattis dui vel varius. Aliquam iaculis interdum lacinia. Nam euismod lectus id maximus sodales. Nam id magna dictum, semper nisl vel, ornare ligula. Sed condimentum metus quis leo pharetra, quis semper urna aliquam. Fusce consectetur accumsan augue sit amet iaculis. Suspendisse volutpat urna vitae fermentum eleifend. Maecenas sapien leo, gravida vitae pellentesque quis, efficitur in erat. Maecenas elementum euismod hendrerit. Mauris sagittis massa a orci.'),(39,89,73,'Lorem ipsum dolor sit amet, consectetur adipiscing elit. Morbi pulvinar pharetra bibendum. Ut eget risus nec risus finibus hendrerit in non tortor. Pellentesque maximus ligula et turpis faucibus cursus. Donec vel nunc metus. Quisque sagittis mattis dui vel varius. Aliquam iaculis interdum lacinia. Nam euismod lectus id maximus sodales. Nam id magna dictum, semper nisl vel, ornare ligula. Sed condimentum metus quis leo pharetra, quis semper urna aliquam. Fusce consectetur accumsan augue sit amet iaculis. Suspendisse volutpat urna vitae fermentum eleifend. Maecenas sapien leo, gravida vitae pellentesque quis, efficitur in erat. Maecenas elementum euismod hendrerit. Mauris sagittis massa a orci.'),(40,25,15,'Lorem ipsum dolor sit amet, consectetur adipiscing elit. Morbi pulvinar pharetra bibendum. Ut eget risus nec risus finibus hendrerit in non tortor. Pellentesque maximus ligula et turpis faucibus cursus. Donec vel nunc metus. Quisque sagittis mattis dui vel varius. Aliquam iaculis interdum lacinia. Nam euismod lectus id maximus sodales. Nam id magna dictum, semper nisl vel, ornare ligula. Sed condimentum metus quis leo pharetra, quis semper urna aliquam. Fusce consectetur accumsan augue sit amet iaculis. Suspendisse volutpat urna vitae fermentum eleifend. Maecenas sapien leo, gravida vitae pellentesque quis, efficitur in erat. Maecenas elementum euismod hendrerit. Mauris sagittis massa a orci.'),(41,57,44,'Lorem ipsum dolor sit amet, consectetur adipiscing elit. Morbi pulvinar pharetra bibendum. Ut eget risus nec risus finibus hendrerit in non tortor. Pellentesque maximus ligula et turpis faucibus cursus. Donec vel nunc metus. Quisque sagittis mattis dui vel varius. Aliquam iaculis interdum lacinia. Nam euismod lectus id maximus sodales. Nam id magna dictum, semper nisl vel, ornare ligula. Sed condimentum metus quis leo pharetra, quis semper urna aliquam. Fusce consectetur accumsan augue sit amet iaculis. Suspendisse volutpat urna vitae fermentum eleifend. Maecenas sapien leo, gravida vitae pellentesque quis, efficitur in erat. Maecenas elementum euismod hendrerit. Mauris sagittis massa a orci.'),(42,96,29,'Lorem ipsum dolor sit amet, consectetur adipiscing elit. Morbi pulvinar pharetra bibendum. Ut eget risus nec risus finibus hendrerit in non tortor. Pellentesque maximus ligula et turpis faucibus cursus. Donec vel nunc metus. Quisque sagittis mattis dui vel varius. Aliquam iaculis interdum lacinia. Nam euismod lectus id maximus sodales. Nam id magna dictum, semper nisl vel, ornare ligula. Sed condimentum metus quis leo pharetra, quis semper urna aliquam. Fusce consectetur accumsan augue sit amet iaculis. Suspendisse volutpat urna vitae fermentum eleifend. Maecenas sapien leo, gravida vitae pellentesque quis, efficitur in erat. Maecenas elementum euismod hendrerit. Mauris sagittis massa a orci.'),(43,5,32,'Lorem ipsum dolor sit amet, consectetur adipiscing elit. Morbi pulvinar pharetra bibendum. Ut eget risus nec risus finibus hendrerit in non tortor. Pellentesque maximus ligula et turpis faucibus cursus. Donec vel nunc metus. Quisque sagittis mattis dui vel varius. Aliquam iaculis interdum lacinia. Nam euismod lectus id maximus sodales. Nam id magna dictum, semper nisl vel, ornare ligula. Sed condimentum metus quis leo pharetra, quis semper urna aliquam. Fusce consectetur accumsan augue sit amet iaculis. Suspendisse volutpat urna vitae fermentum eleifend. Maecenas sapien leo, gravida vitae pellentesque quis, efficitur in erat. Maecenas elementum euismod hendrerit. Mauris sagittis massa a orci.'),(44,85,76,'Lorem ipsum dolor sit amet, consectetur adipiscing elit. Morbi pulvinar pharetra bibendum. Ut eget risus nec risus finibus hendrerit in non tortor. Pellentesque maximus ligula et turpis faucibus cursus. Donec vel nunc metus. Quisque sagittis mattis dui vel varius. Aliquam iaculis interdum lacinia. Nam euismod lectus id maximus sodales. Nam id magna dictum, semper nisl vel, ornare ligula. Sed condimentum metus quis leo pharetra, quis semper urna aliquam. Fusce consectetur accumsan augue sit amet iaculis. Suspendisse volutpat urna vitae fermentum eleifend. Maecenas sapien leo, gravida vitae pellentesque quis, efficitur in erat. Maecenas elementum euismod hendrerit. Mauris sagittis massa a orci.'),(45,3,84,'Lorem ipsum dolor sit amet, consectetur adipiscing elit. Morbi pulvinar pharetra bibendum. Ut eget risus nec risus finibus hendrerit in non tortor. Pellentesque maximus ligula et turpis faucibus cursus. Donec vel nunc metus. Quisque sagittis mattis dui vel varius. Aliquam iaculis interdum lacinia. Nam euismod lectus id maximus sodales. Nam id magna dictum, semper nisl vel, ornare ligula. Sed condimentum metus quis leo pharetra, quis semper urna aliquam. Fusce consectetur accumsan augue sit amet iaculis. Suspendisse volutpat urna vitae fermentum eleifend. Maecenas sapien leo, gravida vitae pellentesque quis, efficitur in erat. Maecenas elementum euismod hendrerit. Mauris sagittis massa a orci.'),(46,93,55,'Lorem ipsum dolor sit amet, consectetur adipiscing elit. Morbi pulvinar pharetra bibendum. Ut eget risus nec risus finibus hendrerit in non tortor. Pellentesque maximus ligula et turpis faucibus cursus. Donec vel nunc metus. Quisque sagittis mattis dui vel varius. Aliquam iaculis interdum lacinia. Nam euismod lectus id maximus sodales. Nam id magna dictum, semper nisl vel, ornare ligula. Sed condimentum metus quis leo pharetra, quis semper urna aliquam. Fusce consectetur accumsan augue sit amet iaculis. Suspendisse volutpat urna vitae fermentum eleifend. Maecenas sapien leo, gravida vitae pellentesque quis, efficitur in erat. Maecenas elementum euismod hendrerit. Mauris sagittis massa a orci.'),(47,20,15,'Lorem ipsum dolor sit amet, consectetur adipiscing elit. Morbi pulvinar pharetra bibendum. Ut eget risus nec risus finibus hendrerit in non tortor. Pellentesque maximus ligula et turpis faucibus cursus. Donec vel nunc metus. Quisque sagittis mattis dui vel varius. Aliquam iaculis interdum lacinia. Nam euismod lectus id maximus sodales. Nam id magna dictum, semper nisl vel, ornare ligula. Sed condimentum metus quis leo pharetra, quis semper urna aliquam. Fusce consectetur accumsan augue sit amet iaculis. Suspendisse volutpat urna vitae fermentum eleifend. Maecenas sapien leo, gravida vitae pellentesque quis, efficitur in erat. Maecenas elementum euismod hendrerit. Mauris sagittis massa a orci.'),(48,76,52,'Lorem ipsum dolor sit amet, consectetur adipiscing elit. Morbi pulvinar pharetra bibendum. Ut eget risus nec risus finibus hendrerit in non tortor. Pellentesque maximus ligula et turpis faucibus cursus. Donec vel nunc metus. Quisque sagittis mattis dui vel varius. Aliquam iaculis interdum lacinia. Nam euismod lectus id maximus sodales. Nam id magna dictum, semper nisl vel, ornare ligula. Sed condimentum metus quis leo pharetra, quis semper urna aliquam. Fusce consectetur accumsan augue sit amet iaculis. Suspendisse volutpat urna vitae fermentum eleifend. Maecenas sapien leo, gravida vitae pellentesque quis, efficitur in erat. Maecenas elementum euismod hendrerit. Mauris sagittis massa a orci.'),(49,50,95,'Lorem ipsum dolor sit amet, consectetur adipiscing elit. Morbi pulvinar pharetra bibendum. Ut eget risus nec risus finibus hendrerit in non tortor. Pellentesque maximus ligula et turpis faucibus cursus. Donec vel nunc metus. Quisque sagittis mattis dui vel varius. Aliquam iaculis interdum lacinia. Nam euismod lectus id maximus sodales. Nam id magna dictum, semper nisl vel, ornare ligula. Sed condimentum metus quis leo pharetra, quis semper urna aliquam. Fusce consectetur accumsan augue sit amet iaculis. Suspendisse volutpat urna vitae fermentum eleifend. Maecenas sapien leo, gravida vitae pellentesque quis, efficitur in erat. Maecenas elementum euismod hendrerit. Mauris sagittis massa a orci.'),(50,72,78,'Lorem ipsum dolor sit amet, consectetur adipiscing elit. Morbi pulvinar pharetra bibendum. Ut eget risus nec risus finibus hendrerit in non tortor. Pellentesque maximus ligula et turpis faucibus cursus. Donec vel nunc metus. Quisque sagittis mattis dui vel varius. Aliquam iaculis interdum lacinia. Nam euismod lectus id maximus sodales. Nam id magna dictum, semper nisl vel, ornare ligula. Sed condimentum metus quis leo pharetra, quis semper urna aliquam. Fusce consectetur accumsan augue sit amet iaculis. Suspendisse volutpat urna vitae fermentum eleifend. Maecenas sapien leo, gravida vitae pellentesque quis, efficitur in erat. Maecenas elementum euismod hendrerit. Mauris sagittis massa a orci.'),(51,33,72,'Lorem ipsum dolor sit amet, consectetur adipiscing elit. Morbi pulvinar pharetra bibendum. Ut eget risus nec risus finibus hendrerit in non tortor. Pellentesque maximus ligula et turpis faucibus cursus. Donec vel nunc metus. Quisque sagittis mattis dui vel varius. Aliquam iaculis interdum lacinia. Nam euismod lectus id maximus sodales. Nam id magna dictum, semper nisl vel, ornare ligula. Sed condimentum metus quis leo pharetra, quis semper urna aliquam. Fusce consectetur accumsan augue sit amet iaculis. Suspendisse volutpat urna vitae fermentum eleifend. Maecenas sapien leo, gravida vitae pellentesque quis, efficitur in erat. Maecenas elementum euismod hendrerit. Mauris sagittis massa a orci.'),(52,70,17,'Lorem ipsum dolor sit amet, consectetur adipiscing elit. Morbi pulvinar pharetra bibendum. Ut eget risus nec risus finibus hendrerit in non tortor. Pellentesque maximus ligula et turpis faucibus cursus. Donec vel nunc metus. Quisque sagittis mattis dui vel varius. Aliquam iaculis interdum lacinia. Nam euismod lectus id maximus sodales. Nam id magna dictum, semper nisl vel, ornare ligula. Sed condimentum metus quis leo pharetra, quis semper urna aliquam. Fusce consectetur accumsan augue sit amet iaculis. Suspendisse volutpat urna vitae fermentum eleifend. Maecenas sapien leo, gravida vitae pellentesque quis, efficitur in erat. Maecenas elementum euismod hendrerit. Mauris sagittis massa a orci.'),(53,16,28,'Lorem ipsum dolor sit amet, consectetur adipiscing elit. Morbi pulvinar pharetra bibendum. Ut eget risus nec risus finibus hendrerit in non tortor. Pellentesque maximus ligula et turpis faucibus cursus. Donec vel nunc metus. Quisque sagittis mattis dui vel varius. Aliquam iaculis interdum lacinia. Nam euismod lectus id maximus sodales. Nam id magna dictum, semper nisl vel, ornare ligula. Sed condimentum metus quis leo pharetra, quis semper urna aliquam. Fusce consectetur accumsan augue sit amet iaculis. Suspendisse volutpat urna vitae fermentum eleifend. Maecenas sapien leo, gravida vitae pellentesque quis, efficitur in erat. Maecenas elementum euismod hendrerit. Mauris sagittis massa a orci.'),(54,27,24,'Lorem ipsum dolor sit amet, consectetur adipiscing elit. Morbi pulvinar pharetra bibendum. Ut eget risus nec risus finibus hendrerit in non tortor. Pellentesque maximus ligula et turpis faucibus cursus. Donec vel nunc metus. Quisque sagittis mattis dui vel varius. Aliquam iaculis interdum lacinia. Nam euismod lectus id maximus sodales. Nam id magna dictum, semper nisl vel, ornare ligula. Sed condimentum metus quis leo pharetra, quis semper urna aliquam. Fusce consectetur accumsan augue sit amet iaculis. Suspendisse volutpat urna vitae fermentum eleifend. Maecenas sapien leo, gravida vitae pellentesque quis, efficitur in erat. Maecenas elementum euismod hendrerit. Mauris sagittis massa a orci.'),(55,54,66,'Lorem ipsum dolor sit amet, consectetur adipiscing elit. Morbi pulvinar pharetra bibendum. Ut eget risus nec risus finibus hendrerit in non tortor. Pellentesque maximus ligula et turpis faucibus cursus. Donec vel nunc metus. Quisque sagittis mattis dui vel varius. Aliquam iaculis interdum lacinia. Nam euismod lectus id maximus sodales. Nam id magna dictum, semper nisl vel, ornare ligula. Sed condimentum metus quis leo pharetra, quis semper urna aliquam. Fusce consectetur accumsan augue sit amet iaculis. Suspendisse volutpat urna vitae fermentum eleifend. Maecenas sapien leo, gravida vitae pellentesque quis, efficitur in erat. Maecenas elementum euismod hendrerit. Mauris sagittis massa a orci.'),(56,88,52,'Lorem ipsum dolor sit amet, consectetur adipiscing elit. Morbi pulvinar pharetra bibendum. Ut eget risus nec risus finibus hendrerit in non tortor. Pellentesque maximus ligula et turpis faucibus cursus. Donec vel nunc metus. Quisque sagittis mattis dui vel varius. Aliquam iaculis interdum lacinia. Nam euismod lectus id maximus sodales. Nam id magna dictum, semper nisl vel, ornare ligula. Sed condimentum metus quis leo pharetra, quis semper urna aliquam. Fusce consectetur accumsan augue sit amet iaculis. Suspendisse volutpat urna vitae fermentum eleifend. Maecenas sapien leo, gravida vitae pellentesque quis, efficitur in erat. Maecenas elementum euismod hendrerit. Mauris sagittis massa a orci.'),(57,49,84,'Lorem ipsum dolor sit amet, consectetur adipiscing elit. Morbi pulvinar pharetra bibendum. Ut eget risus nec risus finibus hendrerit in non tortor. Pellentesque maximus ligula et turpis faucibus cursus. Donec vel nunc metus. Quisque sagittis mattis dui vel varius. Aliquam iaculis interdum lacinia. Nam euismod lectus id maximus sodales. Nam id magna dictum, semper nisl vel, ornare ligula. Sed condimentum metus quis leo pharetra, quis semper urna aliquam. Fusce consectetur accumsan augue sit amet iaculis. Suspendisse volutpat urna vitae fermentum eleifend. Maecenas sapien leo, gravida vitae pellentesque quis, efficitur in erat. Maecenas elementum euismod hendrerit. Mauris sagittis massa a orci.'),(58,7,44,'Lorem ipsum dolor sit amet, consectetur adipiscing elit. Morbi pulvinar pharetra bibendum. Ut eget risus nec risus finibus hendrerit in non tortor. Pellentesque maximus ligula et turpis faucibus cursus. Donec vel nunc metus. Quisque sagittis mattis dui vel varius. Aliquam iaculis interdum lacinia. Nam euismod lectus id maximus sodales. Nam id magna dictum, semper nisl vel, ornare ligula. Sed condimentum metus quis leo pharetra, quis semper urna aliquam. Fusce consectetur accumsan augue sit amet iaculis. Suspendisse volutpat urna vitae fermentum eleifend. Maecenas sapien leo, gravida vitae pellentesque quis, efficitur in erat. Maecenas elementum euismod hendrerit. Mauris sagittis massa a orci.'),(59,9,59,'Lorem ipsum dolor sit amet, consectetur adipiscing elit. Morbi pulvinar pharetra bibendum. Ut eget risus nec risus finibus hendrerit in non tortor. Pellentesque maximus ligula et turpis faucibus cursus. Donec vel nunc metus. Quisque sagittis mattis dui vel varius. Aliquam iaculis interdum lacinia. Nam euismod lectus id maximus sodales. Nam id magna dictum, semper nisl vel, ornare ligula. Sed condimentum metus quis leo pharetra, quis semper urna aliquam. Fusce consectetur accumsan augue sit amet iaculis. Suspendisse volutpat urna vitae fermentum eleifend. Maecenas sapien leo, gravida vitae pellentesque quis, efficitur in erat. Maecenas elementum euismod hendrerit. Mauris sagittis massa a orci.'),(60,24,17,'Lorem ipsum dolor sit amet, consectetur adipiscing elit. Morbi pulvinar pharetra bibendum. Ut eget risus nec risus finibus hendrerit in non tortor. Pellentesque maximus ligula et turpis faucibus cursus. Donec vel nunc metus. Quisque sagittis mattis dui vel varius. Aliquam iaculis interdum lacinia. Nam euismod lectus id maximus sodales. Nam id magna dictum, semper nisl vel, ornare ligula. Sed condimentum metus quis leo pharetra, quis semper urna aliquam. Fusce consectetur accumsan augue sit amet iaculis. Suspendisse volutpat urna vitae fermentum eleifend. Maecenas sapien leo, gravida vitae pellentesque quis, efficitur in erat. Maecenas elementum euismod hendrerit. Mauris sagittis massa a orci.'),(61,77,99,'Lorem ipsum dolor sit amet, consectetur adipiscing elit. Morbi pulvinar pharetra bibendum. Ut eget risus nec risus finibus hendrerit in non tortor. Pellentesque maximus ligula et turpis faucibus cursus. Donec vel nunc metus. Quisque sagittis mattis dui vel varius. Aliquam iaculis interdum lacinia. Nam euismod lectus id maximus sodales. Nam id magna dictum, semper nisl vel, ornare ligula. Sed condimentum metus quis leo pharetra, quis semper urna aliquam. Fusce consectetur accumsan augue sit amet iaculis. Suspendisse volutpat urna vitae fermentum eleifend. Maecenas sapien leo, gravida vitae pellentesque quis, efficitur in erat. Maecenas elementum euismod hendrerit. Mauris sagittis massa a orci.'),(62,66,27,'Lorem ipsum dolor sit amet, consectetur adipiscing elit. Morbi pulvinar pharetra bibendum. Ut eget risus nec risus finibus hendrerit in non tortor. Pellentesque maximus ligula et turpis faucibus cursus. Donec vel nunc metus. Quisque sagittis mattis dui vel varius. Aliquam iaculis interdum lacinia. Nam euismod lectus id maximus sodales. Nam id magna dictum, semper nisl vel, ornare ligula. Sed condimentum metus quis leo pharetra, quis semper urna aliquam. Fusce consectetur accumsan augue sit amet iaculis. Suspendisse volutpat urna vitae fermentum eleifend. Maecenas sapien leo, gravida vitae pellentesque quis, efficitur in erat. Maecenas elementum euismod hendrerit. Mauris sagittis massa a orci.'),(63,11,53,'Lorem ipsum dolor sit amet, consectetur adipiscing elit. Morbi pulvinar pharetra bibendum. Ut eget risus nec risus finibus hendrerit in non tortor. Pellentesque maximus ligula et turpis faucibus cursus. Donec vel nunc metus. Quisque sagittis mattis dui vel varius. Aliquam iaculis interdum lacinia. Nam euismod lectus id maximus sodales. Nam id magna dictum, semper nisl vel, ornare ligula. Sed condimentum metus quis leo pharetra, quis semper urna aliquam. Fusce consectetur accumsan augue sit amet iaculis. Suspendisse volutpat urna vitae fermentum eleifend. Maecenas sapien leo, gravida vitae pellentesque quis, efficitur in erat. Maecenas elementum euismod hendrerit. Mauris sagittis massa a orci.'),(64,42,46,'Lorem ipsum dolor sit amet, consectetur adipiscing elit. Morbi pulvinar pharetra bibendum. Ut eget risus nec risus finibus hendrerit in non tortor. Pellentesque maximus ligula et turpis faucibus cursus. Donec vel nunc metus. Quisque sagittis mattis dui vel varius. Aliquam iaculis interdum lacinia. Nam euismod lectus id maximus sodales. Nam id magna dictum, semper nisl vel, ornare ligula. Sed condimentum metus quis leo pharetra, quis semper urna aliquam. Fusce consectetur accumsan augue sit amet iaculis. Suspendisse volutpat urna vitae fermentum eleifend. Maecenas sapien leo, gravida vitae pellentesque quis, efficitur in erat. Maecenas elementum euismod hendrerit. Mauris sagittis massa a orci.'),(65,91,75,'Lorem ipsum dolor sit amet, consectetur adipiscing elit. Morbi pulvinar pharetra bibendum. Ut eget risus nec risus finibus hendrerit in non tortor. Pellentesque maximus ligula et turpis faucibus cursus. Donec vel nunc metus. Quisque sagittis mattis dui vel varius. Aliquam iaculis interdum lacinia. Nam euismod lectus id maximus sodales. Nam id magna dictum, semper nisl vel, ornare ligula. Sed condimentum metus quis leo pharetra, quis semper urna aliquam. Fusce consectetur accumsan augue sit amet iaculis. Suspendisse volutpat urna vitae fermentum eleifend. Maecenas sapien leo, gravida vitae pellentesque quis, efficitur in erat. Maecenas elementum euismod hendrerit. Mauris sagittis massa a orci.'),(66,51,72,'Lorem ipsum dolor sit amet, consectetur adipiscing elit. Morbi pulvinar pharetra bibendum. Ut eget risus nec risus finibus hendrerit in non tortor. Pellentesque maximus ligula et turpis faucibus cursus. Donec vel nunc metus. Quisque sagittis mattis dui vel varius. Aliquam iaculis interdum lacinia. Nam euismod lectus id maximus sodales. Nam id magna dictum, semper nisl vel, ornare ligula. Sed condimentum metus quis leo pharetra, quis semper urna aliquam. Fusce consectetur accumsan augue sit amet iaculis. Suspendisse volutpat urna vitae fermentum eleifend. Maecenas sapien leo, gravida vitae pellentesque quis, efficitur in erat. Maecenas elementum euismod hendrerit. Mauris sagittis massa a orci.'),(67,96,97,'Lorem ipsum dolor sit amet, consectetur adipiscing elit. Morbi pulvinar pharetra bibendum. Ut eget risus nec risus finibus hendrerit in non tortor. Pellentesque maximus ligula et turpis faucibus cursus. Donec vel nunc metus. Quisque sagittis mattis dui vel varius. Aliquam iaculis interdum lacinia. Nam euismod lectus id maximus sodales. Nam id magna dictum, semper nisl vel, ornare ligula. Sed condimentum metus quis leo pharetra, quis semper urna aliquam. Fusce consectetur accumsan augue sit amet iaculis. Suspendisse volutpat urna vitae fermentum eleifend. Maecenas sapien leo, gravida vitae pellentesque quis, efficitur in erat. Maecenas elementum euismod hendrerit. Mauris sagittis massa a orci.'),(68,86,48,'Lorem ipsum dolor sit amet, consectetur adipiscing elit. Morbi pulvinar pharetra bibendum. Ut eget risus nec risus finibus hendrerit in non tortor. Pellentesque maximus ligula et turpis faucibus cursus. Donec vel nunc metus. Quisque sagittis mattis dui vel varius. Aliquam iaculis interdum lacinia. Nam euismod lectus id maximus sodales. Nam id magna dictum, semper nisl vel, ornare ligula. Sed condimentum metus quis leo pharetra, quis semper urna aliquam. Fusce consectetur accumsan augue sit amet iaculis. Suspendisse volutpat urna vitae fermentum eleifend. Maecenas sapien leo, gravida vitae pellentesque quis, efficitur in erat. Maecenas elementum euismod hendrerit. Mauris sagittis massa a orci.'),(69,97,100,'Lorem ipsum dolor sit amet, consectetur adipiscing elit. Morbi pulvinar pharetra bibendum. Ut eget risus nec risus finibus hendrerit in non tortor. Pellentesque maximus ligula et turpis faucibus cursus. Donec vel nunc metus. Quisque sagittis mattis dui vel varius. Aliquam iaculis interdum lacinia. Nam euismod lectus id maximus sodales. Nam id magna dictum, semper nisl vel, ornare ligula. Sed condimentum metus quis leo pharetra, quis semper urna aliquam. Fusce consectetur accumsan augue sit amet iaculis. Suspendisse volutpat urna vitae fermentum eleifend. Maecenas sapien leo, gravida vitae pellentesque quis, efficitur in erat. Maecenas elementum euismod hendrerit. Mauris sagittis massa a orci.'),(70,87,87,'Lorem ipsum dolor sit amet, consectetur adipiscing elit. Morbi pulvinar pharetra bibendum. Ut eget risus nec risus finibus hendrerit in non tortor. Pellentesque maximus ligula et turpis faucibus cursus. Donec vel nunc metus. Quisque sagittis mattis dui vel varius. Aliquam iaculis interdum lacinia. Nam euismod lectus id maximus sodales. Nam id magna dictum, semper nisl vel, ornare ligula. Sed condimentum metus quis leo pharetra, quis semper urna aliquam. Fusce consectetur accumsan augue sit amet iaculis. Suspendisse volutpat urna vitae fermentum eleifend. Maecenas sapien leo, gravida vitae pellentesque quis, efficitur in erat. Maecenas elementum euismod hendrerit. Mauris sagittis massa a orci.'),(71,94,76,'Lorem ipsum dolor sit amet, consectetur adipiscing elit. Morbi pulvinar pharetra bibendum. Ut eget risus nec risus finibus hendrerit in non tortor. Pellentesque maximus ligula et turpis faucibus cursus. Donec vel nunc metus. Quisque sagittis mattis dui vel varius. Aliquam iaculis interdum lacinia. Nam euismod lectus id maximus sodales. Nam id magna dictum, semper nisl vel, ornare ligula. Sed condimentum metus quis leo pharetra, quis semper urna aliquam. Fusce consectetur accumsan augue sit amet iaculis. Suspendisse volutpat urna vitae fermentum eleifend. Maecenas sapien leo, gravida vitae pellentesque quis, efficitur in erat. Maecenas elementum euismod hendrerit. Mauris sagittis massa a orci.'),(72,26,33,'Lorem ipsum dolor sit amet, consectetur adipiscing elit. Morbi pulvinar pharetra bibendum. Ut eget risus nec risus finibus hendrerit in non tortor. Pellentesque maximus ligula et turpis faucibus cursus. Donec vel nunc metus. Quisque sagittis mattis dui vel varius. Aliquam iaculis interdum lacinia. Nam euismod lectus id maximus sodales. Nam id magna dictum, semper nisl vel, ornare ligula. Sed condimentum metus quis leo pharetra, quis semper urna aliquam. Fusce consectetur accumsan augue sit amet iaculis. Suspendisse volutpat urna vitae fermentum eleifend. Maecenas sapien leo, gravida vitae pellentesque quis, efficitur in erat. Maecenas elementum euismod hendrerit. Mauris sagittis massa a orci.'),(73,31,72,'Lorem ipsum dolor sit amet, consectetur adipiscing elit. Morbi pulvinar pharetra bibendum. Ut eget risus nec risus finibus hendrerit in non tortor. Pellentesque maximus ligula et turpis faucibus cursus. Donec vel nunc metus. Quisque sagittis mattis dui vel varius. Aliquam iaculis interdum lacinia. Nam euismod lectus id maximus sodales. Nam id magna dictum, semper nisl vel, ornare ligula. Sed condimentum metus quis leo pharetra, quis semper urna aliquam. Fusce consectetur accumsan augue sit amet iaculis. Suspendisse volutpat urna vitae fermentum eleifend. Maecenas sapien leo, gravida vitae pellentesque quis, efficitur in erat. Maecenas elementum euismod hendrerit. Mauris sagittis massa a orci.'),(74,88,95,'Lorem ipsum dolor sit amet, consectetur adipiscing elit. Morbi pulvinar pharetra bibendum. Ut eget risus nec risus finibus hendrerit in non tortor. Pellentesque maximus ligula et turpis faucibus cursus. Donec vel nunc metus. Quisque sagittis mattis dui vel varius. Aliquam iaculis interdum lacinia. Nam euismod lectus id maximus sodales. Nam id magna dictum, semper nisl vel, ornare ligula. Sed condimentum metus quis leo pharetra, quis semper urna aliquam. Fusce consectetur accumsan augue sit amet iaculis. Suspendisse volutpat urna vitae fermentum eleifend. Maecenas sapien leo, gravida vitae pellentesque quis, efficitur in erat. Maecenas elementum euismod hendrerit. Mauris sagittis massa a orci.'),(75,78,49,'Lorem ipsum dolor sit amet, consectetur adipiscing elit. Morbi pulvinar pharetra bibendum. Ut eget risus nec risus finibus hendrerit in non tortor. Pellentesque maximus ligula et turpis faucibus cursus. Donec vel nunc metus. Quisque sagittis mattis dui vel varius. Aliquam iaculis interdum lacinia. Nam euismod lectus id maximus sodales. Nam id magna dictum, semper nisl vel, ornare ligula. Sed condimentum metus quis leo pharetra, quis semper urna aliquam. Fusce consectetur accumsan augue sit amet iaculis. Suspendisse volutpat urna vitae fermentum eleifend. Maecenas sapien leo, gravida vitae pellentesque quis, efficitur in erat. Maecenas elementum euismod hendrerit. Mauris sagittis massa a orci.'),(76,69,54,'Lorem ipsum dolor sit amet, consectetur adipiscing elit. Morbi pulvinar pharetra bibendum. Ut eget risus nec risus finibus hendrerit in non tortor. Pellentesque maximus ligula et turpis faucibus cursus. Donec vel nunc metus. Quisque sagittis mattis dui vel varius. Aliquam iaculis interdum lacinia. Nam euismod lectus id maximus sodales. Nam id magna dictum, semper nisl vel, ornare ligula. Sed condimentum metus quis leo pharetra, quis semper urna aliquam. Fusce consectetur accumsan augue sit amet iaculis. Suspendisse volutpat urna vitae fermentum eleifend. Maecenas sapien leo, gravida vitae pellentesque quis, efficitur in erat. Maecenas elementum euismod hendrerit. Mauris sagittis massa a orci.'),(77,22,1,'Lorem ipsum dolor sit amet, consectetur adipiscing elit. Morbi pulvinar pharetra bibendum. Ut eget risus nec risus finibus hendrerit in non tortor. Pellentesque maximus ligula et turpis faucibus cursus. Donec vel nunc metus. Quisque sagittis mattis dui vel varius. Aliquam iaculis interdum lacinia. Nam euismod lectus id maximus sodales. Nam id magna dictum, semper nisl vel, ornare ligula. Sed condimentum metus quis leo pharetra, quis semper urna aliquam. Fusce consectetur accumsan augue sit amet iaculis. Suspendisse volutpat urna vitae fermentum eleifend. Maecenas sapien leo, gravida vitae pellentesque quis, efficitur in erat. Maecenas elementum euismod hendrerit. Mauris sagittis massa a orci.'),(78,80,75,'Lorem ipsum dolor sit amet, consectetur adipiscing elit. Morbi pulvinar pharetra bibendum. Ut eget risus nec risus finibus hendrerit in non tortor. Pellentesque maximus ligula et turpis faucibus cursus. Donec vel nunc metus. Quisque sagittis mattis dui vel varius. Aliquam iaculis interdum lacinia. Nam euismod lectus id maximus sodales. Nam id magna dictum, semper nisl vel, ornare ligula. Sed condimentum metus quis leo pharetra, quis semper urna aliquam. Fusce consectetur accumsan augue sit amet iaculis. Suspendisse volutpat urna vitae fermentum eleifend. Maecenas sapien leo, gravida vitae pellentesque quis, efficitur in erat. Maecenas elementum euismod hendrerit. Mauris sagittis massa a orci.'),(79,64,78,'Lorem ipsum dolor sit amet, consectetur adipiscing elit. Morbi pulvinar pharetra bibendum. Ut eget risus nec risus finibus hendrerit in non tortor. Pellentesque maximus ligula et turpis faucibus cursus. Donec vel nunc metus. Quisque sagittis mattis dui vel varius. Aliquam iaculis interdum lacinia. Nam euismod lectus id maximus sodales. Nam id magna dictum, semper nisl vel, ornare ligula. Sed condimentum metus quis leo pharetra, quis semper urna aliquam. Fusce consectetur accumsan augue sit amet iaculis. Suspendisse volutpat urna vitae fermentum eleifend. Maecenas sapien leo, gravida vitae pellentesque quis, efficitur in erat. Maecenas elementum euismod hendrerit. Mauris sagittis massa a orci.'),(80,68,28,'Lorem ipsum dolor sit amet, consectetur adipiscing elit. Morbi pulvinar pharetra bibendum. Ut eget risus nec risus finibus hendrerit in non tortor. Pellentesque maximus ligula et turpis faucibus cursus. Donec vel nunc metus. Quisque sagittis mattis dui vel varius. Aliquam iaculis interdum lacinia. Nam euismod lectus id maximus sodales. Nam id magna dictum, semper nisl vel, ornare ligula. Sed condimentum metus quis leo pharetra, quis semper urna aliquam. Fusce consectetur accumsan augue sit amet iaculis. Suspendisse volutpat urna vitae fermentum eleifend. Maecenas sapien leo, gravida vitae pellentesque quis, efficitur in erat. Maecenas elementum euismod hendrerit. Mauris sagittis massa a orci.'),(81,14,55,'Lorem ipsum dolor sit amet, consectetur adipiscing elit. Morbi pulvinar pharetra bibendum. Ut eget risus nec risus finibus hendrerit in non tortor. Pellentesque maximus ligula et turpis faucibus cursus. Donec vel nunc metus. Quisque sagittis mattis dui vel varius. Aliquam iaculis interdum lacinia. Nam euismod lectus id maximus sodales. Nam id magna dictum, semper nisl vel, ornare ligula. Sed condimentum metus quis leo pharetra, quis semper urna aliquam. Fusce consectetur accumsan augue sit amet iaculis. Suspendisse volutpat urna vitae fermentum eleifend. Maecenas sapien leo, gravida vitae pellentesque quis, efficitur in erat. Maecenas elementum euismod hendrerit. Mauris sagittis massa a orci.'),(82,5,12,'Lorem ipsum dolor sit amet, consectetur adipiscing elit. Morbi pulvinar pharetra bibendum. Ut eget risus nec risus finibus hendrerit in non tortor. Pellentesque maximus ligula et turpis faucibus cursus. Donec vel nunc metus. Quisque sagittis mattis dui vel varius. Aliquam iaculis interdum lacinia. Nam euismod lectus id maximus sodales. Nam id magna dictum, semper nisl vel, ornare ligula. Sed condimentum metus quis leo pharetra, quis semper urna aliquam. Fusce consectetur accumsan augue sit amet iaculis. Suspendisse volutpat urna vitae fermentum eleifend. Maecenas sapien leo, gravida vitae pellentesque quis, efficitur in erat. Maecenas elementum euismod hendrerit. Mauris sagittis massa a orci.'),(83,46,73,'Lorem ipsum dolor sit amet, consectetur adipiscing elit. Morbi pulvinar pharetra bibendum. Ut eget risus nec risus finibus hendrerit in non tortor. Pellentesque maximus ligula et turpis faucibus cursus. Donec vel nunc metus. Quisque sagittis mattis dui vel varius. Aliquam iaculis interdum lacinia. Nam euismod lectus id maximus sodales. Nam id magna dictum, semper nisl vel, ornare ligula. Sed condimentum metus quis leo pharetra, quis semper urna aliquam. Fusce consectetur accumsan augue sit amet iaculis. Suspendisse volutpat urna vitae fermentum eleifend. Maecenas sapien leo, gravida vitae pellentesque quis, efficitur in erat. Maecenas elementum euismod hendrerit. Mauris sagittis massa a orci.'),(84,4,18,'Lorem ipsum dolor sit amet, consectetur adipiscing elit. Morbi pulvinar pharetra bibendum. Ut eget risus nec risus finibus hendrerit in non tortor. Pellentesque maximus ligula et turpis faucibus cursus. Donec vel nunc metus. Quisque sagittis mattis dui vel varius. Aliquam iaculis interdum lacinia. Nam euismod lectus id maximus sodales. Nam id magna dictum, semper nisl vel, ornare ligula. Sed condimentum metus quis leo pharetra, quis semper urna aliquam. Fusce consectetur accumsan augue sit amet iaculis. Suspendisse volutpat urna vitae fermentum eleifend. Maecenas sapien leo, gravida vitae pellentesque quis, efficitur in erat. Maecenas elementum euismod hendrerit. Mauris sagittis massa a orci.'),(85,59,5,'Lorem ipsum dolor sit amet, consectetur adipiscing elit. Morbi pulvinar pharetra bibendum. Ut eget risus nec risus finibus hendrerit in non tortor. Pellentesque maximus ligula et turpis faucibus cursus. Donec vel nunc metus. Quisque sagittis mattis dui vel varius. Aliquam iaculis interdum lacinia. Nam euismod lectus id maximus sodales. Nam id magna dictum, semper nisl vel, ornare ligula. Sed condimentum metus quis leo pharetra, quis semper urna aliquam. Fusce consectetur accumsan augue sit amet iaculis. Suspendisse volutpat urna vitae fermentum eleifend. Maecenas sapien leo, gravida vitae pellentesque quis, efficitur in erat. Maecenas elementum euismod hendrerit. Mauris sagittis massa a orci.'),(86,60,63,'Lorem ipsum dolor sit amet, consectetur adipiscing elit. Morbi pulvinar pharetra bibendum. Ut eget risus nec risus finibus hendrerit in non tortor. Pellentesque maximus ligula et turpis faucibus cursus. Donec vel nunc metus. Quisque sagittis mattis dui vel varius. Aliquam iaculis interdum lacinia. Nam euismod lectus id maximus sodales. Nam id magna dictum, semper nisl vel, ornare ligula. Sed condimentum metus quis leo pharetra, quis semper urna aliquam. Fusce consectetur accumsan augue sit amet iaculis. Suspendisse volutpat urna vitae fermentum eleifend. Maecenas sapien leo, gravida vitae pellentesque quis, efficitur in erat. Maecenas elementum euismod hendrerit. Mauris sagittis massa a orci.'),(87,80,47,'Lorem ipsum dolor sit amet, consectetur adipiscing elit. Morbi pulvinar pharetra bibendum. Ut eget risus nec risus finibus hendrerit in non tortor. Pellentesque maximus ligula et turpis faucibus cursus. Donec vel nunc metus. Quisque sagittis mattis dui vel varius. Aliquam iaculis interdum lacinia. Nam euismod lectus id maximus sodales. Nam id magna dictum, semper nisl vel, ornare ligula. Sed condimentum metus quis leo pharetra, quis semper urna aliquam. Fusce consectetur accumsan augue sit amet iaculis. Suspendisse volutpat urna vitae fermentum eleifend. Maecenas sapien leo, gravida vitae pellentesque quis, efficitur in erat. Maecenas elementum euismod hendrerit. Mauris sagittis massa a orci.'),(88,82,25,'Lorem ipsum dolor sit amet, consectetur adipiscing elit. Morbi pulvinar pharetra bibendum. Ut eget risus nec risus finibus hendrerit in non tortor. Pellentesque maximus ligula et turpis faucibus cursus. Donec vel nunc metus. Quisque sagittis mattis dui vel varius. Aliquam iaculis interdum lacinia. Nam euismod lectus id maximus sodales. Nam id magna dictum, semper nisl vel, ornare ligula. Sed condimentum metus quis leo pharetra, quis semper urna aliquam. Fusce consectetur accumsan augue sit amet iaculis. Suspendisse volutpat urna vitae fermentum eleifend. Maecenas sapien leo, gravida vitae pellentesque quis, efficitur in erat. Maecenas elementum euismod hendrerit. Mauris sagittis massa a orci.'),(89,85,63,'Lorem ipsum dolor sit amet, consectetur adipiscing elit. Morbi pulvinar pharetra bibendum. Ut eget risus nec risus finibus hendrerit in non tortor. Pellentesque maximus ligula et turpis faucibus cursus. Donec vel nunc metus. Quisque sagittis mattis dui vel varius. Aliquam iaculis interdum lacinia. Nam euismod lectus id maximus sodales. Nam id magna dictum, semper nisl vel, ornare ligula. Sed condimentum metus quis leo pharetra, quis semper urna aliquam. Fusce consectetur accumsan augue sit amet iaculis. Suspendisse volutpat urna vitae fermentum eleifend. Maecenas sapien leo, gravida vitae pellentesque quis, efficitur in erat. Maecenas elementum euismod hendrerit. Mauris sagittis massa a orci.'),(90,96,56,'Lorem ipsum dolor sit amet, consectetur adipiscing elit. Morbi pulvinar pharetra bibendum. Ut eget risus nec risus finibus hendrerit in non tortor. Pellentesque maximus ligula et turpis faucibus cursus. Donec vel nunc metus. Quisque sagittis mattis dui vel varius. Aliquam iaculis interdum lacinia. Nam euismod lectus id maximus sodales. Nam id magna dictum, semper nisl vel, ornare ligula. Sed condimentum metus quis leo pharetra, quis semper urna aliquam. Fusce consectetur accumsan augue sit amet iaculis. Suspendisse volutpat urna vitae fermentum eleifend. Maecenas sapien leo, gravida vitae pellentesque quis, efficitur in erat. Maecenas elementum euismod hendrerit. Mauris sagittis massa a orci.'),(91,58,70,'Lorem ipsum dolor sit amet, consectetur adipiscing elit. Morbi pulvinar pharetra bibendum. Ut eget risus nec risus finibus hendrerit in non tortor. Pellentesque maximus ligula et turpis faucibus cursus. Donec vel nunc metus. Quisque sagittis mattis dui vel varius. Aliquam iaculis interdum lacinia. Nam euismod lectus id maximus sodales. Nam id magna dictum, semper nisl vel, ornare ligula. Sed condimentum metus quis leo pharetra, quis semper urna aliquam. Fusce consectetur accumsan augue sit amet iaculis. Suspendisse volutpat urna vitae fermentum eleifend. Maecenas sapien leo, gravida vitae pellentesque quis, efficitur in erat. Maecenas elementum euismod hendrerit. Mauris sagittis massa a orci.'),(92,88,60,'Lorem ipsum dolor sit amet, consectetur adipiscing elit. Morbi pulvinar pharetra bibendum. Ut eget risus nec risus finibus hendrerit in non tortor. Pellentesque maximus ligula et turpis faucibus cursus. Donec vel nunc metus. Quisque sagittis mattis dui vel varius. Aliquam iaculis interdum lacinia. Nam euismod lectus id maximus sodales. Nam id magna dictum, semper nisl vel, ornare ligula. Sed condimentum metus quis leo pharetra, quis semper urna aliquam. Fusce consectetur accumsan augue sit amet iaculis. Suspendisse volutpat urna vitae fermentum eleifend. Maecenas sapien leo, gravida vitae pellentesque quis, efficitur in erat. Maecenas elementum euismod hendrerit. Mauris sagittis massa a orci.'),(93,38,44,'Lorem ipsum dolor sit amet, consectetur adipiscing elit. Morbi pulvinar pharetra bibendum. Ut eget risus nec risus finibus hendrerit in non tortor. Pellentesque maximus ligula et turpis faucibus cursus. Donec vel nunc metus. Quisque sagittis mattis dui vel varius. Aliquam iaculis interdum lacinia. Nam euismod lectus id maximus sodales. Nam id magna dictum, semper nisl vel, ornare ligula. Sed condimentum metus quis leo pharetra, quis semper urna aliquam. Fusce consectetur accumsan augue sit amet iaculis. Suspendisse volutpat urna vitae fermentum eleifend. Maecenas sapien leo, gravida vitae pellentesque quis, efficitur in erat. Maecenas elementum euismod hendrerit. Mauris sagittis massa a orci.'),(94,1,22,'Lorem ipsum dolor sit amet, consectetur adipiscing elit. Morbi pulvinar pharetra bibendum. Ut eget risus nec risus finibus hendrerit in non tortor. Pellentesque maximus ligula et turpis faucibus cursus. Donec vel nunc metus. Quisque sagittis mattis dui vel varius. Aliquam iaculis interdum lacinia. Nam euismod lectus id maximus sodales. Nam id magna dictum, semper nisl vel, ornare ligula. Sed condimentum metus quis leo pharetra, quis semper urna aliquam. Fusce consectetur accumsan augue sit amet iaculis. Suspendisse volutpat urna vitae fermentum eleifend. Maecenas sapien leo, gravida vitae pellentesque quis, efficitur in erat. Maecenas elementum euismod hendrerit. Mauris sagittis massa a orci.'),(95,16,44,'Lorem ipsum dolor sit amet, consectetur adipiscing elit. Morbi pulvinar pharetra bibendum. Ut eget risus nec risus finibus hendrerit in non tortor. Pellentesque maximus ligula et turpis faucibus cursus. Donec vel nunc metus. Quisque sagittis mattis dui vel varius. Aliquam iaculis interdum lacinia. Nam euismod lectus id maximus sodales. Nam id magna dictum, semper nisl vel, ornare ligula. Sed condimentum metus quis leo pharetra, quis semper urna aliquam. Fusce consectetur accumsan augue sit amet iaculis. Suspendisse volutpat urna vitae fermentum eleifend. Maecenas sapien leo, gravida vitae pellentesque quis, efficitur in erat. Maecenas elementum euismod hendrerit. Mauris sagittis massa a orci.'),(96,32,72,'Lorem ipsum dolor sit amet, consectetur adipiscing elit. Morbi pulvinar pharetra bibendum. Ut eget risus nec risus finibus hendrerit in non tortor. Pellentesque maximus ligula et turpis faucibus cursus. Donec vel nunc metus. Quisque sagittis mattis dui vel varius. Aliquam iaculis interdum lacinia. Nam euismod lectus id maximus sodales. Nam id magna dictum, semper nisl vel, ornare ligula. Sed condimentum metus quis leo pharetra, quis semper urna aliquam. Fusce consectetur accumsan augue sit amet iaculis. Suspendisse volutpat urna vitae fermentum eleifend. Maecenas sapien leo, gravida vitae pellentesque quis, efficitur in erat. Maecenas elementum euismod hendrerit. Mauris sagittis massa a orci.'),(97,23,21,'Lorem ipsum dolor sit amet, consectetur adipiscing elit. Morbi pulvinar pharetra bibendum. Ut eget risus nec risus finibus hendrerit in non tortor. Pellentesque maximus ligula et turpis faucibus cursus. Donec vel nunc metus. Quisque sagittis mattis dui vel varius. Aliquam iaculis interdum lacinia. Nam euismod lectus id maximus sodales. Nam id magna dictum, semper nisl vel, ornare ligula. Sed condimentum metus quis leo pharetra, quis semper urna aliquam. Fusce consectetur accumsan augue sit amet iaculis. Suspendisse volutpat urna vitae fermentum eleifend. Maecenas sapien leo, gravida vitae pellentesque quis, efficitur in erat. Maecenas elementum euismod hendrerit. Mauris sagittis massa a orci.'),(98,91,68,'Lorem ipsum dolor sit amet, consectetur adipiscing elit. Morbi pulvinar pharetra bibendum. Ut eget risus nec risus finibus hendrerit in non tortor. Pellentesque maximus ligula et turpis faucibus cursus. Donec vel nunc metus. Quisque sagittis mattis dui vel varius. Aliquam iaculis interdum lacinia. Nam euismod lectus id maximus sodales. Nam id magna dictum, semper nisl vel, ornare ligula. Sed condimentum metus quis leo pharetra, quis semper urna aliquam. Fusce consectetur accumsan augue sit amet iaculis. Suspendisse volutpat urna vitae fermentum eleifend. Maecenas sapien leo, gravida vitae pellentesque quis, efficitur in erat. Maecenas elementum euismod hendrerit. Mauris sagittis massa a orci.'),(99,2,36,'Lorem ipsum dolor sit amet, consectetur adipiscing elit. Morbi pulvinar pharetra bibendum. Ut eget risus nec risus finibus hendrerit in non tortor. Pellentesque maximus ligula et turpis faucibus cursus. Donec vel nunc metus. Quisque sagittis mattis dui vel varius. Aliquam iaculis interdum lacinia. Nam euismod lectus id maximus sodales. Nam id magna dictum, semper nisl vel, ornare ligula. Sed condimentum metus quis leo pharetra, quis semper urna aliquam. Fusce consectetur accumsan augue sit amet iaculis. Suspendisse volutpat urna vitae fermentum eleifend. Maecenas sapien leo, gravida vitae pellentesque quis, efficitur in erat. Maecenas elementum euismod hendrerit. Mauris sagittis massa a orci.'),(100,31,67,'Lorem ipsum dolor sit amet, consectetur adipiscing elit. Morbi pulvinar pharetra bibendum. Ut eget risus nec risus finibus hendrerit in non tortor. Pellentesque maximus ligula et turpis faucibus cursus. Donec vel nunc metus. Quisque sagittis mattis dui vel varius. Aliquam iaculis interdum lacinia. Nam euismod lectus id maximus sodales. Nam id magna dictum, semper nisl vel, ornare ligula. Sed condimentum metus quis leo pharetra, quis semper urna aliquam. Fusce consectetur accumsan augue sit amet iaculis. Suspendisse volutpat urna vitae fermentum eleifend. Maecenas sapien leo, gravida vitae pellentesque quis, efficitur in erat. Maecenas elementum euismod hendrerit. Mauris sagittis massa a orci.');
/*!40000 ALTER TABLE `Comment` ENABLE KEYS */;
UNLOCK TABLES;

--
-- Table structure for table `Ingredient`
--

DROP TABLE IF EXISTS `Ingredient`;
/*!40101 SET @saved_cs_client     = @@character_set_client */;
 SET character_set_client = utf8mb4 ;
CREATE TABLE `Ingredient` (
  `id` int(11) NOT NULL AUTO_INCREMENT,
  `id_IngredientType` int(11) NOT NULL,
  `id_QuantityUnit` int(11) NOT NULL,
  `name` varchar(30) NOT NULL,
  `baseCost` float(16,2) NOT NULL,
  `baseQuantity` int(11) NOT NULL DEFAULT '1',
  PRIMARY KEY (`id`),
  UNIQUE KEY `name` (`name`),
  KEY `id_IngredientType` (`id_IngredientType`),
  KEY `id_QuantityUnit` (`id_QuantityUnit`),
  CONSTRAINT `Ingredient_ibfk_1` FOREIGN KEY (`id_IngredientType`) REFERENCES `IngredientType` (`id`),
  CONSTRAINT `Ingredient_ibfk_2` FOREIGN KEY (`id_QuantityUnit`) REFERENCES `QuantityUnit` (`id`)
) ENGINE=InnoDB AUTO_INCREMENT=101 DEFAULT CHARSET=utf8mb4 COLLATE=utf8mb4_0900_ai_ci;
/*!40101 SET character_set_client = @saved_cs_client */;

--
-- Dumping data for table `Ingredient`
--

LOCK TABLES `Ingredient` WRITE;
/*!40000 ALTER TABLE `Ingredient` DISABLE KEYS */;
INSERT INTO `Ingredient` VALUES (1,13,2,'Hogym',9.25,8),(2,7,9,'Celloggimbur',2.28,9),(3,3,12,'Laglesgim',0.96,5),(4,4,1,'Sylcyllis',11.01,2),(5,12,7,'Morbir',12.23,12),(6,8,1,'Limgem',2.37,8),(7,4,3,'Silgimculnir',6.52,6),(8,3,10,'Narmar',7.67,4),(9,10,7,'Solgamberthi',6.73,11),(10,1,7,'Cyllig',14.83,3),(11,2,12,'Thalomorn',11.01,5),(12,13,6,'Rluggum',9.15,1),(13,7,8,'Ornbar',1.77,11),(14,1,6,'Merhosyl',2.31,11),(15,3,8,'Callisthunir',14.45,5),(16,1,1,'Thaligber',6.62,5),(17,13,9,'Limbarmar',13.31,6),(18,4,11,'Lishalllumcal',5.46,8),(19,10,10,'Berthe',14.42,7),(20,7,12,'Hathulemhe',10.86,1),(21,9,2,'Colmorhi',6.18,12),(22,1,11,'Salthalegorn',14.56,3),(23,6,11,'Birmircyl',9.57,11),(24,1,5,'Bermor',12.22,10),(25,5,8,'Morlag',12.09,10),(26,2,3,'Barbirorn',5.45,7),(27,10,9,'Burmir',7.17,4),(28,6,11,'Humarhamur',10.99,4),(29,11,3,'Leglam',12.49,6),(30,1,7,'Hugimirn',2.60,3),(31,10,12,'Berburthamur',11.93,11),(32,4,7,'Lasloglum',10.96,1),(33,3,1,'Gomlamthi',4.43,10),(34,7,4,'Narmarborern',13.41,6),(35,10,4,'Lomlos',3.01,9),(36,5,8,'Urnlasho',9.02,5),(37,5,5,'Hical',5.13,3),(38,9,1,'Hisol',13.41,7),(39,9,7,'Leshe',14.07,8),(40,10,12,'Gumsalculsil',7.13,7),(41,11,1,'Morcalsul',12.06,12),(42,12,2,'Barlugha',2.64,8),(43,12,7,'Salhu',10.78,1),(44,7,11,'Celmorgember',13.48,8),(45,13,13,'Byrhebyr',4.28,5),(46,10,13,'Birhogim',14.43,1),(47,9,1,'Helisloshi',2.20,11),(48,6,6,'Syllas',10.78,6),(49,4,9,'Gymcalhober',9.88,10),(50,1,5,'Gimcullegirn',8.78,2),(51,2,12,'Borlessil',9.66,11),(52,2,12,'Thitha',11.12,12),(53,1,7,'Cylcelnor',1.32,2),(54,6,9,'Borbyrhulys',11.19,10),(55,6,4,'Loglistha',7.21,2),(56,3,11,'Silbartha',0.24,8),(57,10,10,'Orncilbirgom',10.51,12),(58,7,2,'Lasnormer',11.48,10),(59,2,13,'Lumsolthalig',3.16,1),(60,2,7,'Burlyscul',8.82,1),(61,4,5,'Murgomhellhi',10.25,6),(62,8,5,'Thatheluslag',10.40,8),(63,5,6,'Lyshallluslam',1.79,1),(64,4,1,'Mirborcil',7.11,2),(65,11,5,'Nircalbur',1.04,5),(66,11,11,'Barlugarn',8.33,11),(67,3,3,'Gimcul',13.38,11),(68,10,12,'Thulam',9.66,1),(69,1,10,'Hecolha',0.93,4),(70,4,5,'Ornmur',7.22,2),(71,10,4,'Lamber',7.65,3),(72,9,5,'Sulleshe',2.00,3),(73,8,1,'Lomlember',6.76,1),(74,5,12,'Loscal',1.42,11),(75,9,3,'Calornthilog',14.67,7),(76,2,4,'Limlesgam',6.14,2),(77,2,8,'Thigomcul',1.69,5),(78,8,7,'Laglyslomlis',1.44,9),(79,9,1,'Erngomlig',10.34,10),(80,1,11,'Gamlusmorcol',6.53,11),(81,9,7,'Syllag',3.63,6),(82,11,8,'Hothoirnlug',11.74,11),(83,8,9,'Hesolmar',7.08,12),(84,8,12,'Lugcul',5.94,5),(85,11,3,'Thicolthu',4.11,5),(86,3,3,'Narlescul',4.09,1),(87,5,9,'Nirmersolurn',4.34,6),(88,7,1,'Logcel',14.20,6),(89,9,6,'Lasloglag',8.81,10),(90,6,12,'Lessellamyrn',0.68,3),(91,1,12,'Gymlys',1.13,4),(92,6,6,'Thasal',8.38,5),(93,12,4,'Silurnsellag',7.14,5),(94,10,9,'Hallloslysbur',6.51,6),(95,5,4,'Ligbir',12.24,7),(96,5,2,'Burcylcel',5.52,6),(97,11,6,'Narlisho',2.47,2),(98,2,7,'Hosal',10.21,2),(99,12,4,'Liscal',11.50,7),(100,8,12,'Sulbarmornar',10.31,6);
/*!40000 ALTER TABLE `Ingredient` ENABLE KEYS */;
UNLOCK TABLES;

--
-- Table structure for table `IngredientType`
--

DROP TABLE IF EXISTS `IngredientType`;
/*!40101 SET @saved_cs_client     = @@character_set_client */;
 SET character_set_client = utf8mb4 ;
CREATE TABLE `IngredientType` (
  `id` int(11) NOT NULL AUTO_INCREMENT,
  `name` varchar(30) NOT NULL,
  PRIMARY KEY (`id`),
  UNIQUE KEY `name` (`name`)
) ENGINE=InnoDB AUTO_INCREMENT=14 DEFAULT CHARSET=utf8mb4 COLLATE=utf8mb4_0900_ai_ci;
/*!40101 SET character_set_client = @saved_cs_client */;

--
-- Dumping data for table `IngredientType`
--

LOCK TABLES `IngredientType` WRITE;
/*!40000 ALTER TABLE `IngredientType` DISABLE KEYS */;
INSERT INTO `IngredientType` VALUES (10,'Beverages'),(5,'Cereal products'),(4,'Confectionery'),(1,'Dairy products'),(8,'Egg products'),(7,'Fish products'),(3,'Fruits and vegetables'),(6,'Meat products'),(2,'Oils'),(13,'Others'),(12,'Prepared foods'),(11,'Salads'),(9,'Spices');
/*!40000 ALTER TABLE `IngredientType` ENABLE KEYS */;
UNLOCK TABLES;

--
-- Table structure for table `LikeRecipe`
--

DROP TABLE IF EXISTS `LikeRecipe`;
/*!40101 SET @saved_cs_client     = @@character_set_client */;
 SET character_set_client = utf8mb4 ;
CREATE TABLE `LikeRecipe` (
  `id` int(11) NOT NULL AUTO_INCREMENT,
  `id_Recipe` int(11) NOT NULL,
  `id_User` int(11) NOT NULL,
  PRIMARY KEY (`id`),
  UNIQUE KEY `UC_LikeRecipe` (`id_Recipe`,`id_User`),
  KEY `id_User` (`id_User`),
  CONSTRAINT `LikeRecipe_ibfk_1` FOREIGN KEY (`id_Recipe`) REFERENCES `Recipe` (`id`),
  CONSTRAINT `LikeRecipe_ibfk_2` FOREIGN KEY (`id_User`) REFERENCES `User` (`id`)
) ENGINE=InnoDB AUTO_INCREMENT=526 DEFAULT CHARSET=utf8mb4 COLLATE=utf8mb4_0900_ai_ci;
/*!40101 SET character_set_client = @saved_cs_client */;

--
-- Dumping data for table `LikeRecipe`
--

LOCK TABLES `LikeRecipe` WRITE;
/*!40000 ALTER TABLE `LikeRecipe` DISABLE KEYS */;
INSERT INTO `LikeRecipe` VALUES (38,1,9),(63,1,13),(163,1,32),(274,1,56),(440,1,85),(481,1,91),(9,2,2),(226,2,43),(231,2,44),(396,2,75),(452,2,87),(507,2,96),(15,3,4),(121,3,23),(164,3,32),(253,3,48),(261,3,53),(385,3,74),(389,3,75),(82,4,17),(247,4,47),(279,4,57),(397,4,76),(455,4,88),(26,5,7),(248,5,47),(381,5,74),(405,5,79),(148,6,30),(209,6,39),(305,6,61),(353,6,69),(68,7,14),(103,7,20),(264,7,54),(349,7,68),(416,7,81),(182,8,35),(184,8,36),(283,8,58),(329,8,65),(343,8,66),(410,8,79),(430,8,84),(446,8,86),(61,9,13),(77,9,15),(254,9,48),(420,9,82),(17,10,4),(131,10,25),(224,10,43),(236,10,45),(262,10,53),(358,10,71),(422,10,82),(479,10,91),(500,10,94),(47,11,10),(234,11,44),(249,11,47),(270,11,56),(428,11,84),(122,12,23),(140,12,27),(213,12,40),(244,12,46),(291,12,59),(298,12,60),(426,12,83),(453,12,87),(192,13,37),(215,13,40),(223,13,43),(347,13,67),(513,13,96),(22,14,6),(48,14,10),(276,14,57),(395,14,75),(412,14,80),(495,14,93),(51,15,10),(321,15,64),(40,16,9),(80,16,16),(141,16,28),(257,16,48),(465,16,90),(11,17,2),(142,17,28),(147,17,30),(162,17,32),(337,17,66),(383,17,74),(466,17,90),(503,17,94),(27,18,7),(65,18,14),(392,18,75),(486,18,92),(171,19,34),(293,19,60),(468,19,90),(386,20,74),(393,20,75),(406,20,79),(418,20,81),(484,20,92),(515,20,97),(128,21,24),(233,21,44),(250,21,47),(467,21,90),(489,21,92),(45,22,10),(67,22,14),(118,22,23),(177,22,34),(211,22,39),(384,22,74),(401,22,78),(427,22,84),(62,23,13),(106,23,20),(228,24,44),(320,24,64),(331,24,65),(421,24,82),(429,24,84),(514,24,96),(522,24,99),(5,25,1),(251,25,48),(339,25,66),(414,25,81),(448,25,86),(69,26,14),(197,26,38),(107,27,21),(120,27,23),(136,27,26),(212,27,39),(230,27,44),(304,27,61),(368,27,72),(13,28,2),(34,28,8),(91,28,18),(101,28,20),(109,28,21),(169,28,33),(409,28,79),(521,28,99),(25,29,7),(104,29,20),(194,29,38),(292,29,60),(316,29,63),(4,30,1),(95,30,19),(295,30,60),(476,30,91),(19,31,4),(57,31,11),(196,31,38),(266,31,55),(442,31,85),(179,32,35),(243,32,46),(278,32,57),(432,32,84),(461,32,88),(490,32,92),(76,33,15),(174,33,34),(273,33,56),(18,34,4),(29,34,7),(92,34,18),(137,34,27),(173,34,34),(306,34,61),(375,34,73),(419,34,81),(50,35,10),(130,35,25),(157,35,31),(313,35,63),(387,35,75),(445,35,86),(472,35,90),(520,35,99),(64,36,14),(110,36,21),(190,36,36),(471,36,90),(478,36,91),(75,37,15),(180,37,35),(210,37,39),(245,37,46),(302,37,61),(332,37,65),(398,37,76),(415,37,81),(205,38,39),(312,38,63),(379,38,73),(195,39,38),(220,39,42),(309,39,63),(516,39,97),(187,40,36),(271,40,56),(23,41,6),(112,41,21),(152,41,30),(281,41,57),(341,41,66),(346,41,67),(378,41,73),(394,41,75),(49,42,10),(85,42,17),(133,42,26),(237,42,45),(335,42,66),(439,42,85),(359,43,71),(3,44,1),(8,44,2),(417,44,81),(56,45,11),(134,45,26),(203,45,39),(333,45,65),(499,45,94),(188,46,36),(519,46,97),(12,47,2),(318,47,64),(460,47,88),(342,48,66),(365,48,72),(523,48,99),(10,49,2),(37,49,8),(83,49,17),(259,49,48),(360,49,71),(524,49,99),(166,50,32),(28,51,7),(113,51,21),(119,51,23),(139,51,27),(181,51,35),(260,51,52),(272,51,56),(79,52,16),(87,52,17),(127,52,24),(268,52,55),(435,52,85),(482,52,91),(53,53,10),(308,53,62),(336,53,66),(344,53,67),(441,53,85),(24,54,7),(100,54,20),(155,54,31),(408,54,79),(444,54,85),(493,54,93),(509,54,96),(71,55,14),(81,55,17),(102,55,20),(326,55,65),(424,55,82),(458,55,88),(505,55,95),(32,56,8),(90,56,18),(351,56,68),(354,56,69),(369,56,72),(436,56,85),(454,56,88),(59,57,11),(286,57,59),(307,57,61),(364,57,71),(399,57,77),(494,57,93),(510,57,96),(151,58,30),(191,58,36),(7,59,2),(30,59,8),(138,59,27),(146,59,28),(376,59,73),(469,59,90),(475,59,91),(35,60,8),(193,60,37),(200,60,38),(297,60,60),(391,60,75),(443,60,85),(517,60,97),(1,61,1),(126,61,24),(168,61,33),(265,61,55),(314,62,63),(256,63,48),(296,63,60),(474,63,91),(78,64,16),(129,64,25),(216,64,40),(239,64,45),(267,64,55),(340,64,66),(366,64,72),(388,64,75),(449,64,87),(492,64,93),(117,65,23),(132,65,26),(198,65,38),(263,65,54),(284,65,59),(310,65,63),(425,65,83),(447,65,86),(462,65,89),(41,66,9),(60,66,13),(144,66,28),(170,66,33),(206,66,39),(227,66,44),(357,66,70),(433,66,84),(114,67,22),(242,67,45),(288,67,59),(459,67,88),(175,68,34),(225,68,43),(241,68,45),(330,68,65),(143,69,28),(235,69,45),(311,69,63),(345,69,67),(370,69,72),(437,69,85),(457,69,88),(483,69,91),(491,69,93),(2,70,1),(54,70,10),(161,70,32),(186,70,36),(377,70,73),(470,70,90),(98,71,19),(214,71,40),(255,71,48),(300,71,60),(372,71,73),(496,71,93),(86,72,17),(108,72,21),(150,72,30),(218,72,40),(390,72,75),(506,72,95),(338,73,66),(413,73,81),(450,73,87),(512,73,96),(52,74,10),(97,74,19),(111,74,21),(183,74,35),(185,74,36),(269,74,56),(319,74,64),(327,74,65),(355,74,69),(20,75,5),(158,75,32),(277,75,57),(403,75,78),(485,75,92),(93,76,18),(149,76,30),(222,76,43),(423,76,82),(167,77,32),(246,77,47),(282,77,57),(299,77,60),(16,78,4),(39,78,9),(116,78,22),(303,78,61),(322,78,64),(348,78,67),(463,78,89),(488,78,92),(21,79,5),(145,79,28),(172,79,34),(252,79,48),(411,79,80),(58,80,11),(124,80,23),(473,80,90),(6,81,1),(84,81,17),(431,81,84),(501,81,94),(72,82,15),(123,82,23),(400,82,77),(42,83,9),(99,83,19),(160,83,32),(280,83,57),(371,84,72),(456,84,88),(125,85,24),(176,85,34),(287,85,59),(382,85,74),(480,85,91),(219,86,42),(317,86,63),(325,86,65),(352,86,68),(502,86,94),(258,87,48),(290,87,59),(451,87,87),(464,87,90),(207,88,39),(217,88,40),(289,88,59),(402,88,78),(89,89,18),(301,89,60),(373,89,73),(477,89,91),(43,90,9),(46,90,10),(285,90,59),(356,90,70),(14,91,2),(154,91,30),(156,91,31),(208,91,39),(240,91,45),(328,91,65),(407,91,79),(434,91,84),(511,91,96),(31,92,8),(66,92,14),(159,92,32),(275,92,56),(361,92,71),(380,92,73),(498,92,93),(94,93,18),(165,93,32),(504,93,95),(201,94,38),(204,94,39),(487,94,92),(508,94,96),(73,95,15),(135,95,26),(374,95,73),(33,96,8),(44,96,9),(55,96,11),(74,96,15),(88,96,18),(178,96,35),(199,96,38),(232,96,44),(334,96,66),(350,96,68),(363,96,71),(105,97,20),(238,97,45),(294,97,60),(315,97,63),(367,97,72),(518,97,97),(115,98,22),(221,98,43),(229,98,44),(324,98,64),(497,98,93),(36,99,8),(70,99,14),(153,99,30),(202,99,38),(438,99,85),(96,100,19),(189,100,36),(323,100,64),(362,100,71),(404,100,78);
/*!40000 ALTER TABLE `LikeRecipe` ENABLE KEYS */;
UNLOCK TABLES;

--
-- Table structure for table `QuantityType`
--

DROP TABLE IF EXISTS `QuantityType`;
/*!40101 SET @saved_cs_client     = @@character_set_client */;
 SET character_set_client = utf8mb4 ;
CREATE TABLE `QuantityType` (
  `id` int(11) NOT NULL AUTO_INCREMENT,
  `name` varchar(20) NOT NULL,
  PRIMARY KEY (`id`),
  UNIQUE KEY `name` (`name`)
) ENGINE=InnoDB AUTO_INCREMENT=4 DEFAULT CHARSET=utf8mb4 COLLATE=utf8mb4_0900_ai_ci COMMENT='Contains the type of mesure (weight, volume, units, etc.)';
/*!40101 SET character_set_client = @saved_cs_client */;

--
-- Dumping data for table `QuantityType`
--

LOCK TABLES `QuantityType` WRITE;
/*!40000 ALTER TABLE `QuantityType` DISABLE KEYS */;
INSERT INTO `QuantityType` VALUES (3,'Unit'),(1,'Volume'),(2,'Weight');
/*!40000 ALTER TABLE `QuantityType` ENABLE KEYS */;
UNLOCK TABLES;

--
-- Table structure for table `QuantityUnit`
--

DROP TABLE IF EXISTS `QuantityUnit`;
/*!40101 SET @saved_cs_client     = @@character_set_client */;
 SET character_set_client = utf8mb4 ;
CREATE TABLE `QuantityUnit` (
  `id` int(11) NOT NULL AUTO_INCREMENT,
  `id_QuantityType` int(11) NOT NULL,
  `name` varchar(20) NOT NULL,
  `abbreviation` varchar(10) NOT NULL,
  PRIMARY KEY (`id`),
  UNIQUE KEY `name` (`name`,`abbreviation`),
  KEY `id_QuantityType` (`id_QuantityType`),
  CONSTRAINT `QuantityUnit_ibfk_1` FOREIGN KEY (`id_QuantityType`) REFERENCES `QuantityType` (`id`)
) ENGINE=InnoDB AUTO_INCREMENT=14 DEFAULT CHARSET=utf8mb4 COLLATE=utf8mb4_0900_ai_ci COMMENT='Register all mesure units (like mL, cups, g, table spoon, et';
/*!40101 SET character_set_client = @saved_cs_client */;

--
-- Dumping data for table `QuantityUnit`
--

LOCK TABLES `QuantityUnit` WRITE;
/*!40000 ALTER TABLE `QuantityUnit` DISABLE KEYS */;
INSERT INTO `QuantityUnit` VALUES (1,1,'teaspoon','tsp'),(2,1,'tablespoon','tbsp'),(3,1,'fluid ounce','fl oz'),(4,1,'cup','cup'),(5,1,'milliliter','mL'),(6,1,'liter','L'),(7,1,'deciliter','dL'),(8,2,'pound','lb'),(9,2,'ounce','oz'),(10,2,'miligram','mg'),(11,2,'gram','g'),(12,2,'kilogram','kg'),(13,3,'unit','unit');
/*!40000 ALTER TABLE `QuantityUnit` ENABLE KEYS */;
UNLOCK TABLES;

--
-- Table structure for table `Rating`
--

DROP TABLE IF EXISTS `Rating`;
/*!40101 SET @saved_cs_client     = @@character_set_client */;
 SET character_set_client = utf8mb4 ;
CREATE TABLE `Rating` (
  `id` int(11) NOT NULL AUTO_INCREMENT,
  `id_Recipe` int(11) NOT NULL,
  `id_User` int(11) NOT NULL,
  `value` int(11) NOT NULL,
  PRIMARY KEY (`id`),
  UNIQUE KEY `UC_Rating` (`id_Recipe`,`id_User`),
  KEY `id_User` (`id_User`),
  CONSTRAINT `Rating_ibfk_1` FOREIGN KEY (`id_Recipe`) REFERENCES `Recipe` (`id`),
  CONSTRAINT `Rating_ibfk_2` FOREIGN KEY (`id_User`) REFERENCES `User` (`id`)
) ENGINE=InnoDB AUTO_INCREMENT=513 DEFAULT CHARSET=utf8mb4 COLLATE=utf8mb4_0900_ai_ci;
/*!40101 SET character_set_client = @saved_cs_client */;

--
-- Dumping data for table `Rating`
--

LOCK TABLES `Rating` WRITE;
/*!40000 ALTER TABLE `Rating` DISABLE KEYS */;
INSERT INTO `Rating` VALUES (1,39,1,3),(2,68,1,5),(3,97,1,5),(4,64,1,4),(5,65,1,3),(6,55,2,1),(7,80,2,2),(8,34,2,2),(9,44,2,2),(10,48,2,5),(11,30,2,3),(12,70,2,1),(13,32,2,1),(14,78,2,5),(15,75,2,1),(16,9,3,5),(17,45,3,2),(18,77,4,5),(19,44,5,2),(20,67,5,4),(21,13,5,3),(22,6,5,2),(23,35,5,5),(24,3,5,5),(25,26,6,1),(26,78,6,5),(27,97,6,3),(28,76,6,4),(29,36,6,4),(30,68,7,3),(31,99,7,2),(32,13,7,2),(33,17,7,5),(34,23,7,5),(35,74,7,2),(36,81,7,3),(37,32,7,3),(38,16,7,2),(39,56,8,4),(40,81,8,3),(41,64,8,1),(42,14,8,4),(43,77,9,3),(44,79,9,3),(45,70,9,5),(46,83,9,4),(47,85,9,4),(48,38,9,5),(49,23,10,5),(50,37,10,2),(51,80,10,1),(52,90,10,3),(53,77,10,5),(54,26,11,2),(55,58,11,2),(56,65,11,5),(57,54,11,4),(58,32,11,5),(59,37,11,5),(60,10,12,3),(61,95,12,3),(62,75,12,2),(63,61,12,3),(64,4,12,1),(65,48,13,1),(66,14,13,3),(67,76,13,2),(68,21,13,2),(69,44,13,4),(70,10,13,4),(71,79,13,4),(72,50,13,1),(73,10,16,5),(74,51,17,3),(75,39,17,3),(76,92,17,5),(77,63,17,1),(78,55,17,3),(79,72,17,4),(80,88,17,2),(81,84,18,2),(82,100,18,4),(83,83,19,2),(84,2,19,5),(85,78,20,2),(86,93,20,4),(87,62,20,5),(88,36,20,4),(89,17,20,2),(90,77,20,4),(91,30,20,1),(92,94,20,3),(93,33,21,3),(94,22,23,2),(95,40,23,3),(96,63,23,2),(97,83,23,1),(98,99,23,2),(99,87,23,1),(100,5,23,2),(101,13,23,2),(102,48,24,1),(103,16,25,5),(104,75,25,5),(105,57,25,2),(106,100,25,1),(107,88,25,1),(108,74,25,2),(109,36,25,1),(110,6,25,2),(111,98,25,2),(112,100,26,5),(113,1,26,1),(114,33,26,4),(115,3,26,2),(116,48,26,4),(117,27,26,5),(118,5,26,1),(119,89,26,1),(120,19,27,1),(121,35,27,4),(122,42,27,2),(123,3,27,5),(124,6,28,4),(125,68,28,5),(126,65,28,1),(127,4,28,4),(128,38,28,2),(129,20,28,2),(130,36,28,3),(131,49,28,3),(132,33,29,4),(133,66,30,3),(134,86,30,5),(135,77,30,4),(136,21,30,5),(137,80,30,2),(138,58,30,2),(139,98,30,2),(140,41,30,2),(141,47,30,3),(142,67,30,3),(143,97,31,4),(144,92,31,2),(145,7,31,2),(146,30,32,2),(147,71,32,2),(148,51,32,3),(149,63,32,2),(150,77,32,1),(151,23,33,4),(152,96,33,4),(153,47,33,5),(154,64,33,1),(155,54,33,2),(156,34,33,3),(157,38,33,1),(158,2,33,2),(159,35,34,1),(160,47,35,4),(161,26,35,2),(162,17,35,5),(163,79,35,3),(164,39,35,4),(165,21,35,2),(166,92,35,5),(167,62,35,2),(168,82,35,3),(169,31,36,3),(170,28,36,4),(171,63,36,4),(172,41,36,3),(173,19,37,4),(174,55,37,5),(175,14,37,4),(176,26,37,5),(177,9,37,4),(178,70,37,5),(179,46,38,5),(180,19,38,3),(181,45,38,2),(182,59,38,5),(183,66,39,5),(184,100,39,5),(185,11,39,3),(186,15,39,4),(187,33,39,5),(188,12,39,1),(189,82,39,1),(190,86,39,1),(191,53,39,5),(192,76,39,2),(193,33,40,1),(194,76,40,4),(195,2,40,2),(196,82,40,1),(197,83,40,4),(198,77,41,3),(199,7,41,4),(200,11,41,4),(201,16,41,2),(202,26,41,4),(203,48,41,5),(204,57,41,5),(205,78,42,2),(206,45,42,2),(207,67,42,5),(208,4,42,4),(209,35,42,5),(210,32,42,4),(211,86,42,3),(212,4,43,2),(213,11,44,2),(214,91,44,1),(215,50,44,4),(216,43,44,4),(217,93,44,2),(218,57,44,3),(219,2,44,5),(220,83,44,5),(221,16,44,5),(222,65,44,2),(223,31,45,1),(224,63,45,4),(225,21,45,1),(226,32,45,5),(227,53,45,3),(228,18,45,5),(229,17,45,5),(230,13,45,1),(231,98,46,2),(232,61,46,1),(233,80,47,1),(234,49,48,3),(235,90,48,3),(236,62,48,3),(237,78,48,1),(238,37,48,3),(239,1,48,3),(240,86,48,5),(241,17,48,4),(242,33,49,3),(243,69,49,1),(244,84,49,1),(245,53,49,3),(246,19,49,2),(247,82,49,2),(248,49,49,2),(249,12,50,1),(250,91,50,5),(251,35,50,5),(252,73,50,4),(253,39,50,2),(254,99,50,1),(255,56,50,5),(256,3,50,1),(257,66,51,4),(258,37,51,2),(259,9,51,4),(260,11,51,2),(261,68,51,5),(262,20,52,5),(263,23,52,3),(264,65,52,5),(265,42,52,1),(266,90,52,4),(267,31,52,3),(268,98,52,2),(269,9,52,1),(270,62,52,4),(271,52,52,1),(272,77,53,3),(273,45,54,4),(274,46,54,1),(275,98,54,1),(276,67,54,5),(277,94,54,4),(278,44,54,4),(279,66,54,2),(280,64,54,2),(281,91,54,2),(282,7,55,2),(283,35,55,4),(284,61,55,3),(285,80,55,2),(286,92,56,2),(287,52,56,2),(288,19,56,2),(289,36,57,4),(290,3,57,2),(291,58,57,3),(292,16,57,5),(293,78,57,1),(294,13,57,5),(295,60,57,5),(296,66,57,2),(297,76,57,1),(298,21,57,3),(299,6,58,5),(300,25,59,5),(301,85,59,5),(302,2,59,4),(303,33,59,3),(304,86,59,2),(305,27,59,1),(306,31,59,2),(307,76,59,3),(308,79,59,4),(309,53,60,3),(310,51,60,2),(311,1,60,3),(312,58,60,3),(313,41,60,2),(314,22,60,5),(315,54,60,2),(316,97,61,2),(317,26,61,2),(318,20,61,1),(319,6,61,2),(320,11,61,5),(321,40,61,1),(322,22,61,2),(323,29,62,3),(324,27,62,3),(325,59,62,2),(326,36,62,2),(327,71,63,3),(328,28,63,4),(329,83,63,3),(330,20,63,2),(331,79,63,2),(332,56,63,3),(333,59,63,3),(334,80,63,1),(335,12,64,3),(336,15,64,5),(337,56,65,4),(338,30,66,4),(339,54,67,2),(340,87,67,5),(341,49,67,1),(342,31,67,4),(343,40,68,4),(344,4,68,1),(345,75,68,1),(346,20,68,2),(347,27,68,4),(348,21,68,2),(349,5,68,4),(350,11,68,3),(351,35,69,4),(352,73,70,2),(353,47,70,4),(354,96,70,3),(355,88,70,1),(356,86,71,1),(357,54,71,3),(358,47,71,5),(359,39,71,3),(360,98,71,4),(361,40,71,3),(362,54,72,3),(363,86,72,2),(364,4,72,2),(365,7,72,2),(366,64,72,4),(367,44,72,1),(368,71,73,1),(369,52,73,2),(370,10,73,5),(371,3,73,2),(372,72,73,5),(373,8,73,5),(374,94,73,1),(375,44,73,4),(376,89,74,3),(377,32,74,4),(378,40,74,5),(379,42,74,4),(380,25,74,2),(381,44,74,4),(382,3,74,3),(383,72,75,2),(384,17,75,5),(385,31,75,4),(386,64,75,5),(387,86,75,1),(388,80,76,2),(389,92,78,5),(390,70,78,4),(391,8,78,2),(392,95,78,3),(393,26,78,5),(394,4,78,5),(395,73,78,5),(396,35,78,5),(397,45,78,5),(398,73,79,5),(399,17,79,4),(400,72,79,4),(401,1,79,1),(402,21,80,3),(403,16,80,3),(404,35,80,2),(405,3,80,3),(406,7,81,4),(407,72,82,3),(408,5,82,4),(409,65,82,1),(410,73,82,2),(411,99,82,1),(412,86,82,2),(413,34,82,2),(414,99,83,4),(415,59,83,3),(416,39,83,1),(417,18,83,5),(418,33,83,3),(419,23,83,4),(420,40,83,1),(421,72,83,1),(422,12,83,1),(423,41,84,3),(424,52,84,3),(425,7,84,4),(426,38,84,3),(427,70,84,1),(428,72,85,5),(429,34,85,1),(430,77,85,4),(431,22,85,3),(432,41,85,4),(433,56,85,1),(434,80,86,4),(435,49,86,4),(436,71,86,2),(437,83,86,3),(438,8,86,5),(439,7,87,3),(440,81,87,1),(441,2,87,5),(442,50,87,5),(443,67,87,2),(444,23,87,4),(445,12,87,3),(446,73,87,1),(447,70,87,5),(448,50,88,3),(449,96,88,2),(450,37,88,3),(451,24,88,1),(452,95,89,2),(453,34,90,2),(454,5,90,2),(455,50,90,1),(456,73,90,5),(457,29,90,3),(458,1,90,5),(459,95,91,5),(460,60,91,3),(461,22,91,1),(462,46,91,3),(463,85,91,3),(464,47,91,4),(465,10,92,4),(466,3,92,4),(467,78,92,2),(468,17,92,2),(469,98,92,4),(470,86,92,1),(471,27,92,3),(472,68,92,1),(473,50,92,1),(474,14,92,1),(475,72,93,3),(476,26,93,5),(477,46,93,1),(478,65,93,3),(479,64,93,5),(480,3,93,2),(481,84,93,1),(482,41,93,2),(483,62,93,5),(484,80,93,1),(485,14,94,2),(486,28,94,4),(487,78,94,1),(488,34,94,3),(489,61,94,4),(490,65,95,1),(491,40,95,2),(492,49,95,3),(493,12,95,4),(494,81,96,1),(495,63,97,5),(496,19,97,5),(497,52,97,1),(498,81,97,3),(499,30,98,4),(500,83,98,3),(501,59,98,3),(502,64,98,5),(503,41,98,2),(504,91,98,1),(505,45,98,3),(506,55,99,4),(507,46,100,5),(508,94,100,3),(509,6,100,4),(510,62,100,4),(511,57,100,3);
/*!40000 ALTER TABLE `Rating` ENABLE KEYS */;
UNLOCK TABLES;
/*!50003 SET @saved_cs_client      = @@character_set_client */ ;
/*!50003 SET @saved_cs_results     = @@character_set_results */ ;
/*!50003 SET @saved_col_connection = @@collation_connection */ ;
/*!50003 SET character_set_client  = latin1 */ ;
/*!50003 SET character_set_results = latin1 */ ;
/*!50003 SET collation_connection  = latin1_swedish_ci */ ;
/*!50003 SET @saved_sql_mode       = @@sql_mode */ ;
/*!50003 SET sql_mode              = 'ONLY_FULL_GROUP_BY,STRICT_TRANS_TABLES,NO_ZERO_IN_DATE,NO_ZERO_DATE,ERROR_FOR_DIVISION_BY_ZERO,NO_ENGINE_SUBSTITUTION' */ ;
DELIMITER ;;
/*!50003 CREATE*/ /*!50017 DEFINER=`root`@`localhost`*/ /*!50003 TRIGGER `UpdateRecipeRatingOnRatingInsert` AFTER INSERT ON `Rating` FOR EACH ROW BEGIN
  SET @rating := (SELECT AVG(R.value) FROM Rating R WHERE R.id_Recipe = NEW.id_Recipe);
  UPDATE Recipe R SET R.rating := @rating WHERE R.id = NEW.id_Recipe;
END */;;
DELIMITER ;
/*!50003 SET sql_mode              = @saved_sql_mode */ ;
/*!50003 SET character_set_client  = @saved_cs_client */ ;
/*!50003 SET character_set_results = @saved_cs_results */ ;
/*!50003 SET collation_connection  = @saved_col_connection */ ;
/*!50003 SET @saved_cs_client      = @@character_set_client */ ;
/*!50003 SET @saved_cs_results     = @@character_set_results */ ;
/*!50003 SET @saved_col_connection = @@collation_connection */ ;
/*!50003 SET character_set_client  = latin1 */ ;
/*!50003 SET character_set_results = latin1 */ ;
/*!50003 SET collation_connection  = latin1_swedish_ci */ ;
/*!50003 SET @saved_sql_mode       = @@sql_mode */ ;
/*!50003 SET sql_mode              = 'ONLY_FULL_GROUP_BY,STRICT_TRANS_TABLES,NO_ZERO_IN_DATE,NO_ZERO_DATE,ERROR_FOR_DIVISION_BY_ZERO,NO_ENGINE_SUBSTITUTION' */ ;
DELIMITER ;;
/*!50003 CREATE*/ /*!50017 DEFINER=`root`@`localhost`*/ /*!50003 TRIGGER `UpdateRecipeRatingOnRatingUpdate` AFTER UPDATE ON `Rating` FOR EACH ROW BEGIN
  SET @rating := (SELECT AVG(R.value) FROM Rating R WHERE R.id_Recipe = NEW.id_Recipe);
  UPDATE Recipe R SET R.rating := @rating WHERE R.id = NEW.id_Recipe;
END */;;
DELIMITER ;
/*!50003 SET sql_mode              = @saved_sql_mode */ ;
/*!50003 SET character_set_client  = @saved_cs_client */ ;
/*!50003 SET character_set_results = @saved_cs_results */ ;
/*!50003 SET collation_connection  = @saved_col_connection */ ;
/*!50003 SET @saved_cs_client      = @@character_set_client */ ;
/*!50003 SET @saved_cs_results     = @@character_set_results */ ;
/*!50003 SET @saved_col_connection = @@collation_connection */ ;
/*!50003 SET character_set_client  = latin1 */ ;
/*!50003 SET character_set_results = latin1 */ ;
/*!50003 SET collation_connection  = latin1_swedish_ci */ ;
/*!50003 SET @saved_sql_mode       = @@sql_mode */ ;
/*!50003 SET sql_mode              = 'ONLY_FULL_GROUP_BY,STRICT_TRANS_TABLES,NO_ZERO_IN_DATE,NO_ZERO_DATE,ERROR_FOR_DIVISION_BY_ZERO,NO_ENGINE_SUBSTITUTION' */ ;
DELIMITER ;;
/*!50003 CREATE*/ /*!50017 DEFINER=`root`@`localhost`*/ /*!50003 TRIGGER `UpdateRecipeRatingOnRatingDelete` AFTER DELETE ON `Rating` FOR EACH ROW BEGIN
  IF @recipeInDeletion IS NULL THEN
    SET @rating := IFNULL((SELECT AVG(R.value) FROM Rating R WHERE R.id_Recipe = OLD.id_Recipe), 0);
    UPDATE Recipe R SET R.rating := @rating WHERE R.id = OLD.id_Recipe;
  END IF;
END */;;
DELIMITER ;
/*!50003 SET sql_mode              = @saved_sql_mode */ ;
/*!50003 SET character_set_client  = @saved_cs_client */ ;
/*!50003 SET character_set_results = @saved_cs_results */ ;
/*!50003 SET collation_connection  = @saved_col_connection */ ;

--
-- Table structure for table `Recipe`
--

DROP TABLE IF EXISTS `Recipe`;
/*!40101 SET @saved_cs_client     = @@character_set_client */;
 SET character_set_client = utf8mb4 ;
CREATE TABLE `Recipe` (
  `id` int(11) NOT NULL AUTO_INCREMENT,
  `id_User` int(11) NOT NULL,
  `name` varchar(50) NOT NULL,
  `description` mediumtext,
  `directives` mediumtext NOT NULL,
  `rating` float(8,2) NOT NULL DEFAULT '0.00',
  PRIMARY KEY (`id`),
  UNIQUE KEY `name` (`name`),
  KEY `id_User` (`id_User`),
  CONSTRAINT `Recipe_ibfk_1` FOREIGN KEY (`id_User`) REFERENCES `User` (`id`)
) ENGINE=InnoDB AUTO_INCREMENT=102 DEFAULT CHARSET=utf8mb4 COLLATE=utf8mb4_0900_ai_ci;
/*!40101 SET character_set_client = @saved_cs_client */;

--
-- Dumping data for table `Recipe`
--

LOCK TABLES `Recipe` WRITE;
/*!40000 ALTER TABLE `Recipe` DISABLE KEYS */;
INSERT INTO `Recipe` VALUES (1,54,'Hogym','Lorem ipsum dolor sit amet, consectetur adipiscing elit. Morbi pulvinar pharetra bibendum. Ut eget risus nec risus finibus hendrerit in non tortor. Pellentesque maximus ligula et turpis faucibus cursus. Donec vel nunc metus. Quisque sagittis mattis dui vel varius. Aliquam iaculis interdum lacinia. Nam euismod lectus id maximus sodales. Nam id magna dictum, semper nisl vel, ornare ligula. Sed condimentum metus quis leo pharetra, quis semper urna aliquam. Fusce consectetur accumsan augue sit amet iaculis. Suspendisse volutpat urna vitae fermentum eleifend. Maecenas sapien leo, gravida vitae pellentesque quis, efficitur in erat. Maecenas elementum euismod hendrerit. Mauris sagittis massa a orci.','Lorem ipsum dolor sit amet, consectetur adipiscing elit. Morbi pulvinar pharetra bibendum. Ut eget risus nec risus finibus hendrerit in non tortor. Pellentesque maximus ligula et turpis faucibus cursus. Donec vel nunc metus. Quisque sagittis mattis dui vel varius. Aliquam iaculis interdum lacinia. Nam euismod lectus id maximus sodales. Nam id magna dictum, semper nisl vel, ornare ligula. Sed condimentum metus quis leo pharetra, quis semper urna aliquam. Fusce consectetur accumsan augue sit amet iaculis. Suspendisse volutpat urna vitae fermentum eleifend. Maecenas sapien leo, gravida vitae pellentesque quis, efficitur in erat. Maecenas elementum euismod hendrerit. Mauris sagittis massa a orci.',2.60),(2,17,'Celloggimbur','Lorem ipsum dolor sit amet, consectetur adipiscing elit. Morbi pulvinar pharetra bibendum. Ut eget risus nec risus finibus hendrerit in non tortor. Pellentesque maximus ligula et turpis faucibus cursus. Donec vel nunc metus. Quisque sagittis mattis dui vel varius. Aliquam iaculis interdum lacinia. Nam euismod lectus id maximus sodales. Nam id magna dictum, semper nisl vel, ornare ligula. Sed condimentum metus quis leo pharetra, quis semper urna aliquam. Fusce consectetur accumsan augue sit amet iaculis. Suspendisse volutpat urna vitae fermentum eleifend. Maecenas sapien leo, gravida vitae pellentesque quis, efficitur in erat. Maecenas elementum euismod hendrerit. Mauris sagittis massa a orci.','Lorem ipsum dolor sit amet, consectetur adipiscing elit. Morbi pulvinar pharetra bibendum. Ut eget risus nec risus finibus hendrerit in non tortor. Pellentesque maximus ligula et turpis faucibus cursus. Donec vel nunc metus. Quisque sagittis mattis dui vel varius. Aliquam iaculis interdum lacinia. Nam euismod lectus id maximus sodales. Nam id magna dictum, semper nisl vel, ornare ligula. Sed condimentum metus quis leo pharetra, quis semper urna aliquam. Fusce consectetur accumsan augue sit amet iaculis. Suspendisse volutpat urna vitae fermentum eleifend. Maecenas sapien leo, gravida vitae pellentesque quis, efficitur in erat. Maecenas elementum euismod hendrerit. Mauris sagittis massa a orci.',3.83),(3,21,'Laglesgim','Lorem ipsum dolor sit amet, consectetur adipiscing elit. Morbi pulvinar pharetra bibendum. Ut eget risus nec risus finibus hendrerit in non tortor. Pellentesque maximus ligula et turpis faucibus cursus. Donec vel nunc metus. Quisque sagittis mattis dui vel varius. Aliquam iaculis interdum lacinia. Nam euismod lectus id maximus sodales. Nam id magna dictum, semper nisl vel, ornare ligula. Sed condimentum metus quis leo pharetra, quis semper urna aliquam. Fusce consectetur accumsan augue sit amet iaculis. Suspendisse volutpat urna vitae fermentum eleifend. Maecenas sapien leo, gravida vitae pellentesque quis, efficitur in erat. Maecenas elementum euismod hendrerit. Mauris sagittis massa a orci.','Lorem ipsum dolor sit amet, consectetur adipiscing elit. Morbi pulvinar pharetra bibendum. Ut eget risus nec risus finibus hendrerit in non tortor. Pellentesque maximus ligula et turpis faucibus cursus. Donec vel nunc metus. Quisque sagittis mattis dui vel varius. Aliquam iaculis interdum lacinia. Nam euismod lectus id maximus sodales. Nam id magna dictum, semper nisl vel, ornare ligula. Sed condimentum metus quis leo pharetra, quis semper urna aliquam. Fusce consectetur accumsan augue sit amet iaculis. Suspendisse volutpat urna vitae fermentum eleifend. Maecenas sapien leo, gravida vitae pellentesque quis, efficitur in erat. Maecenas elementum euismod hendrerit. Mauris sagittis massa a orci.',2.90),(4,29,'Sylcyllis','Lorem ipsum dolor sit amet, consectetur adipiscing elit. Morbi pulvinar pharetra bibendum. Ut eget risus nec risus finibus hendrerit in non tortor. Pellentesque maximus ligula et turpis faucibus cursus. Donec vel nunc metus. Quisque sagittis mattis dui vel varius. Aliquam iaculis interdum lacinia. Nam euismod lectus id maximus sodales. Nam id magna dictum, semper nisl vel, ornare ligula. Sed condimentum metus quis leo pharetra, quis semper urna aliquam. Fusce consectetur accumsan augue sit amet iaculis. Suspendisse volutpat urna vitae fermentum eleifend. Maecenas sapien leo, gravida vitae pellentesque quis, efficitur in erat. Maecenas elementum euismod hendrerit. Mauris sagittis massa a orci.','Lorem ipsum dolor sit amet, consectetur adipiscing elit. Morbi pulvinar pharetra bibendum. Ut eget risus nec risus finibus hendrerit in non tortor. Pellentesque maximus ligula et turpis faucibus cursus. Donec vel nunc metus. Quisque sagittis mattis dui vel varius. Aliquam iaculis interdum lacinia. Nam euismod lectus id maximus sodales. Nam id magna dictum, semper nisl vel, ornare ligula. Sed condimentum metus quis leo pharetra, quis semper urna aliquam. Fusce consectetur accumsan augue sit amet iaculis. Suspendisse volutpat urna vitae fermentum eleifend. Maecenas sapien leo, gravida vitae pellentesque quis, efficitur in erat. Maecenas elementum euismod hendrerit. Mauris sagittis massa a orci.',2.71),(5,9,'Morbir','Lorem ipsum dolor sit amet, consectetur adipiscing elit. Morbi pulvinar pharetra bibendum. Ut eget risus nec risus finibus hendrerit in non tortor. Pellentesque maximus ligula et turpis faucibus cursus. Donec vel nunc metus. Quisque sagittis mattis dui vel varius. Aliquam iaculis interdum lacinia. Nam euismod lectus id maximus sodales. Nam id magna dictum, semper nisl vel, ornare ligula. Sed condimentum metus quis leo pharetra, quis semper urna aliquam. Fusce consectetur accumsan augue sit amet iaculis. Suspendisse volutpat urna vitae fermentum eleifend. Maecenas sapien leo, gravida vitae pellentesque quis, efficitur in erat. Maecenas elementum euismod hendrerit. Mauris sagittis massa a orci.','Lorem ipsum dolor sit amet, consectetur adipiscing elit. Morbi pulvinar pharetra bibendum. Ut eget risus nec risus finibus hendrerit in non tortor. Pellentesque maximus ligula et turpis faucibus cursus. Donec vel nunc metus. Quisque sagittis mattis dui vel varius. Aliquam iaculis interdum lacinia. Nam euismod lectus id maximus sodales. Nam id magna dictum, semper nisl vel, ornare ligula. Sed condimentum metus quis leo pharetra, quis semper urna aliquam. Fusce consectetur accumsan augue sit amet iaculis. Suspendisse volutpat urna vitae fermentum eleifend. Maecenas sapien leo, gravida vitae pellentesque quis, efficitur in erat. Maecenas elementum euismod hendrerit. Mauris sagittis massa a orci.',2.60),(6,48,'Limgem','Lorem ipsum dolor sit amet, consectetur adipiscing elit. Morbi pulvinar pharetra bibendum. Ut eget risus nec risus finibus hendrerit in non tortor. Pellentesque maximus ligula et turpis faucibus cursus. Donec vel nunc metus. Quisque sagittis mattis dui vel varius. Aliquam iaculis interdum lacinia. Nam euismod lectus id maximus sodales. Nam id magna dictum, semper nisl vel, ornare ligula. Sed condimentum metus quis leo pharetra, quis semper urna aliquam. Fusce consectetur accumsan augue sit amet iaculis. Suspendisse volutpat urna vitae fermentum eleifend. Maecenas sapien leo, gravida vitae pellentesque quis, efficitur in erat. Maecenas elementum euismod hendrerit. Mauris sagittis massa a orci.','Lorem ipsum dolor sit amet, consectetur adipiscing elit. Morbi pulvinar pharetra bibendum. Ut eget risus nec risus finibus hendrerit in non tortor. Pellentesque maximus ligula et turpis faucibus cursus. Donec vel nunc metus. Quisque sagittis mattis dui vel varius. Aliquam iaculis interdum lacinia. Nam euismod lectus id maximus sodales. Nam id magna dictum, semper nisl vel, ornare ligula. Sed condimentum metus quis leo pharetra, quis semper urna aliquam. Fusce consectetur accumsan augue sit amet iaculis. Suspendisse volutpat urna vitae fermentum eleifend. Maecenas sapien leo, gravida vitae pellentesque quis, efficitur in erat. Maecenas elementum euismod hendrerit. Mauris sagittis massa a orci.',3.17),(7,91,'Silgimculnir','Lorem ipsum dolor sit amet, consectetur adipiscing elit. Morbi pulvinar pharetra bibendum. Ut eget risus nec risus finibus hendrerit in non tortor. Pellentesque maximus ligula et turpis faucibus cursus. Donec vel nunc metus. Quisque sagittis mattis dui vel varius. Aliquam iaculis interdum lacinia. Nam euismod lectus id maximus sodales. Nam id magna dictum, semper nisl vel, ornare ligula. Sed condimentum metus quis leo pharetra, quis semper urna aliquam. Fusce consectetur accumsan augue sit amet iaculis. Suspendisse volutpat urna vitae fermentum eleifend. Maecenas sapien leo, gravida vitae pellentesque quis, efficitur in erat. Maecenas elementum euismod hendrerit. Mauris sagittis massa a orci.','Lorem ipsum dolor sit amet, consectetur adipiscing elit. Morbi pulvinar pharetra bibendum. Ut eget risus nec risus finibus hendrerit in non tortor. Pellentesque maximus ligula et turpis faucibus cursus. Donec vel nunc metus. Quisque sagittis mattis dui vel varius. Aliquam iaculis interdum lacinia. Nam euismod lectus id maximus sodales. Nam id magna dictum, semper nisl vel, ornare ligula. Sed condimentum metus quis leo pharetra, quis semper urna aliquam. Fusce consectetur accumsan augue sit amet iaculis. Suspendisse volutpat urna vitae fermentum eleifend. Maecenas sapien leo, gravida vitae pellentesque quis, efficitur in erat. Maecenas elementum euismod hendrerit. Mauris sagittis massa a orci.',3.00),(8,65,'Narmar','Lorem ipsum dolor sit amet, consectetur adipiscing elit. Morbi pulvinar pharetra bibendum. Ut eget risus nec risus finibus hendrerit in non tortor. Pellentesque maximus ligula et turpis faucibus cursus. Donec vel nunc metus. Quisque sagittis mattis dui vel varius. Aliquam iaculis interdum lacinia. Nam euismod lectus id maximus sodales. Nam id magna dictum, semper nisl vel, ornare ligula. Sed condimentum metus quis leo pharetra, quis semper urna aliquam. Fusce consectetur accumsan augue sit amet iaculis. Suspendisse volutpat urna vitae fermentum eleifend. Maecenas sapien leo, gravida vitae pellentesque quis, efficitur in erat. Maecenas elementum euismod hendrerit. Mauris sagittis massa a orci.','Lorem ipsum dolor sit amet, consectetur adipiscing elit. Morbi pulvinar pharetra bibendum. Ut eget risus nec risus finibus hendrerit in non tortor. Pellentesque maximus ligula et turpis faucibus cursus. Donec vel nunc metus. Quisque sagittis mattis dui vel varius. Aliquam iaculis interdum lacinia. Nam euismod lectus id maximus sodales. Nam id magna dictum, semper nisl vel, ornare ligula. Sed condimentum metus quis leo pharetra, quis semper urna aliquam. Fusce consectetur accumsan augue sit amet iaculis. Suspendisse volutpat urna vitae fermentum eleifend. Maecenas sapien leo, gravida vitae pellentesque quis, efficitur in erat. Maecenas elementum euismod hendrerit. Mauris sagittis massa a orci.',4.00),(9,9,'Solgamberthi','Lorem ipsum dolor sit amet, consectetur adipiscing elit. Morbi pulvinar pharetra bibendum. Ut eget risus nec risus finibus hendrerit in non tortor. Pellentesque maximus ligula et turpis faucibus cursus. Donec vel nunc metus. Quisque sagittis mattis dui vel varius. Aliquam iaculis interdum lacinia. Nam euismod lectus id maximus sodales. Nam id magna dictum, semper nisl vel, ornare ligula. Sed condimentum metus quis leo pharetra, quis semper urna aliquam. Fusce consectetur accumsan augue sit amet iaculis. Suspendisse volutpat urna vitae fermentum eleifend. Maecenas sapien leo, gravida vitae pellentesque quis, efficitur in erat. Maecenas elementum euismod hendrerit. Mauris sagittis massa a orci.','Lorem ipsum dolor sit amet, consectetur adipiscing elit. Morbi pulvinar pharetra bibendum. Ut eget risus nec risus finibus hendrerit in non tortor. Pellentesque maximus ligula et turpis faucibus cursus. Donec vel nunc metus. Quisque sagittis mattis dui vel varius. Aliquam iaculis interdum lacinia. Nam euismod lectus id maximus sodales. Nam id magna dictum, semper nisl vel, ornare ligula. Sed condimentum metus quis leo pharetra, quis semper urna aliquam. Fusce consectetur accumsan augue sit amet iaculis. Suspendisse volutpat urna vitae fermentum eleifend. Maecenas sapien leo, gravida vitae pellentesque quis, efficitur in erat. Maecenas elementum euismod hendrerit. Mauris sagittis massa a orci.',3.50),(10,92,'Cyllig','Lorem ipsum dolor sit amet, consectetur adipiscing elit. Morbi pulvinar pharetra bibendum. Ut eget risus nec risus finibus hendrerit in non tortor. Pellentesque maximus ligula et turpis faucibus cursus. Donec vel nunc metus. Quisque sagittis mattis dui vel varius. Aliquam iaculis interdum lacinia. Nam euismod lectus id maximus sodales. Nam id magna dictum, semper nisl vel, ornare ligula. Sed condimentum metus quis leo pharetra, quis semper urna aliquam. Fusce consectetur accumsan augue sit amet iaculis. Suspendisse volutpat urna vitae fermentum eleifend. Maecenas sapien leo, gravida vitae pellentesque quis, efficitur in erat. Maecenas elementum euismod hendrerit. Mauris sagittis massa a orci.','Lorem ipsum dolor sit amet, consectetur adipiscing elit. Morbi pulvinar pharetra bibendum. Ut eget risus nec risus finibus hendrerit in non tortor. Pellentesque maximus ligula et turpis faucibus cursus. Donec vel nunc metus. Quisque sagittis mattis dui vel varius. Aliquam iaculis interdum lacinia. Nam euismod lectus id maximus sodales. Nam id magna dictum, semper nisl vel, ornare ligula. Sed condimentum metus quis leo pharetra, quis semper urna aliquam. Fusce consectetur accumsan augue sit amet iaculis. Suspendisse volutpat urna vitae fermentum eleifend. Maecenas sapien leo, gravida vitae pellentesque quis, efficitur in erat. Maecenas elementum euismod hendrerit. Mauris sagittis massa a orci.',4.20),(11,20,'Thalomorn','Lorem ipsum dolor sit amet, consectetur adipiscing elit. Morbi pulvinar pharetra bibendum. Ut eget risus nec risus finibus hendrerit in non tortor. Pellentesque maximus ligula et turpis faucibus cursus. Donec vel nunc metus. Quisque sagittis mattis dui vel varius. Aliquam iaculis interdum lacinia. Nam euismod lectus id maximus sodales. Nam id magna dictum, semper nisl vel, ornare ligula. Sed condimentum metus quis leo pharetra, quis semper urna aliquam. Fusce consectetur accumsan augue sit amet iaculis. Suspendisse volutpat urna vitae fermentum eleifend. Maecenas sapien leo, gravida vitae pellentesque quis, efficitur in erat. Maecenas elementum euismod hendrerit. Mauris sagittis massa a orci.','Lorem ipsum dolor sit amet, consectetur adipiscing elit. Morbi pulvinar pharetra bibendum. Ut eget risus nec risus finibus hendrerit in non tortor. Pellentesque maximus ligula et turpis faucibus cursus. Donec vel nunc metus. Quisque sagittis mattis dui vel varius. Aliquam iaculis interdum lacinia. Nam euismod lectus id maximus sodales. Nam id magna dictum, semper nisl vel, ornare ligula. Sed condimentum metus quis leo pharetra, quis semper urna aliquam. Fusce consectetur accumsan augue sit amet iaculis. Suspendisse volutpat urna vitae fermentum eleifend. Maecenas sapien leo, gravida vitae pellentesque quis, efficitur in erat. Maecenas elementum euismod hendrerit. Mauris sagittis massa a orci.',3.17),(12,80,'Rluggum','Lorem ipsum dolor sit amet, consectetur adipiscing elit. Morbi pulvinar pharetra bibendum. Ut eget risus nec risus finibus hendrerit in non tortor. Pellentesque maximus ligula et turpis faucibus cursus. Donec vel nunc metus. Quisque sagittis mattis dui vel varius. Aliquam iaculis interdum lacinia. Nam euismod lectus id maximus sodales. Nam id magna dictum, semper nisl vel, ornare ligula. Sed condimentum metus quis leo pharetra, quis semper urna aliquam. Fusce consectetur accumsan augue sit amet iaculis. Suspendisse volutpat urna vitae fermentum eleifend. Maecenas sapien leo, gravida vitae pellentesque quis, efficitur in erat. Maecenas elementum euismod hendrerit. Mauris sagittis massa a orci.','Lorem ipsum dolor sit amet, consectetur adipiscing elit. Morbi pulvinar pharetra bibendum. Ut eget risus nec risus finibus hendrerit in non tortor. Pellentesque maximus ligula et turpis faucibus cursus. Donec vel nunc metus. Quisque sagittis mattis dui vel varius. Aliquam iaculis interdum lacinia. Nam euismod lectus id maximus sodales. Nam id magna dictum, semper nisl vel, ornare ligula. Sed condimentum metus quis leo pharetra, quis semper urna aliquam. Fusce consectetur accumsan augue sit amet iaculis. Suspendisse volutpat urna vitae fermentum eleifend. Maecenas sapien leo, gravida vitae pellentesque quis, efficitur in erat. Maecenas elementum euismod hendrerit. Mauris sagittis massa a orci.',2.17),(13,65,'Ornbar','Lorem ipsum dolor sit amet, consectetur adipiscing elit. Morbi pulvinar pharetra bibendum. Ut eget risus nec risus finibus hendrerit in non tortor. Pellentesque maximus ligula et turpis faucibus cursus. Donec vel nunc metus. Quisque sagittis mattis dui vel varius. Aliquam iaculis interdum lacinia. Nam euismod lectus id maximus sodales. Nam id magna dictum, semper nisl vel, ornare ligula. Sed condimentum metus quis leo pharetra, quis semper urna aliquam. Fusce consectetur accumsan augue sit amet iaculis. Suspendisse volutpat urna vitae fermentum eleifend. Maecenas sapien leo, gravida vitae pellentesque quis, efficitur in erat. Maecenas elementum euismod hendrerit. Mauris sagittis massa a orci.','Lorem ipsum dolor sit amet, consectetur adipiscing elit. Morbi pulvinar pharetra bibendum. Ut eget risus nec risus finibus hendrerit in non tortor. Pellentesque maximus ligula et turpis faucibus cursus. Donec vel nunc metus. Quisque sagittis mattis dui vel varius. Aliquam iaculis interdum lacinia. Nam euismod lectus id maximus sodales. Nam id magna dictum, semper nisl vel, ornare ligula. Sed condimentum metus quis leo pharetra, quis semper urna aliquam. Fusce consectetur accumsan augue sit amet iaculis. Suspendisse volutpat urna vitae fermentum eleifend. Maecenas sapien leo, gravida vitae pellentesque quis, efficitur in erat. Maecenas elementum euismod hendrerit. Mauris sagittis massa a orci.',2.60),(14,66,'Merhosyl','Lorem ipsum dolor sit amet, consectetur adipiscing elit. Morbi pulvinar pharetra bibendum. Ut eget risus nec risus finibus hendrerit in non tortor. Pellentesque maximus ligula et turpis faucibus cursus. Donec vel nunc metus. Quisque sagittis mattis dui vel varius. Aliquam iaculis interdum lacinia. Nam euismod lectus id maximus sodales. Nam id magna dictum, semper nisl vel, ornare ligula. Sed condimentum metus quis leo pharetra, quis semper urna aliquam. Fusce consectetur accumsan augue sit amet iaculis. Suspendisse volutpat urna vitae fermentum eleifend. Maecenas sapien leo, gravida vitae pellentesque quis, efficitur in erat. Maecenas elementum euismod hendrerit. Mauris sagittis massa a orci.','Lorem ipsum dolor sit amet, consectetur adipiscing elit. Morbi pulvinar pharetra bibendum. Ut eget risus nec risus finibus hendrerit in non tortor. Pellentesque maximus ligula et turpis faucibus cursus. Donec vel nunc metus. Quisque sagittis mattis dui vel varius. Aliquam iaculis interdum lacinia. Nam euismod lectus id maximus sodales. Nam id magna dictum, semper nisl vel, ornare ligula. Sed condimentum metus quis leo pharetra, quis semper urna aliquam. Fusce consectetur accumsan augue sit amet iaculis. Suspendisse volutpat urna vitae fermentum eleifend. Maecenas sapien leo, gravida vitae pellentesque quis, efficitur in erat. Maecenas elementum euismod hendrerit. Mauris sagittis massa a orci.',2.80),(15,42,'Callisthunir','Lorem ipsum dolor sit amet, consectetur adipiscing elit. Morbi pulvinar pharetra bibendum. Ut eget risus nec risus finibus hendrerit in non tortor. Pellentesque maximus ligula et turpis faucibus cursus. Donec vel nunc metus. Quisque sagittis mattis dui vel varius. Aliquam iaculis interdum lacinia. Nam euismod lectus id maximus sodales. Nam id magna dictum, semper nisl vel, ornare ligula. Sed condimentum metus quis leo pharetra, quis semper urna aliquam. Fusce consectetur accumsan augue sit amet iaculis. Suspendisse volutpat urna vitae fermentum eleifend. Maecenas sapien leo, gravida vitae pellentesque quis, efficitur in erat. Maecenas elementum euismod hendrerit. Mauris sagittis massa a orci.','Lorem ipsum dolor sit amet, consectetur adipiscing elit. Morbi pulvinar pharetra bibendum. Ut eget risus nec risus finibus hendrerit in non tortor. Pellentesque maximus ligula et turpis faucibus cursus. Donec vel nunc metus. Quisque sagittis mattis dui vel varius. Aliquam iaculis interdum lacinia. Nam euismod lectus id maximus sodales. Nam id magna dictum, semper nisl vel, ornare ligula. Sed condimentum metus quis leo pharetra, quis semper urna aliquam. Fusce consectetur accumsan augue sit amet iaculis. Suspendisse volutpat urna vitae fermentum eleifend. Maecenas sapien leo, gravida vitae pellentesque quis, efficitur in erat. Maecenas elementum euismod hendrerit. Mauris sagittis massa a orci.',4.50),(16,82,'Thaligber','Lorem ipsum dolor sit amet, consectetur adipiscing elit. Morbi pulvinar pharetra bibendum. Ut eget risus nec risus finibus hendrerit in non tortor. Pellentesque maximus ligula et turpis faucibus cursus. Donec vel nunc metus. Quisque sagittis mattis dui vel varius. Aliquam iaculis interdum lacinia. Nam euismod lectus id maximus sodales. Nam id magna dictum, semper nisl vel, ornare ligula. Sed condimentum metus quis leo pharetra, quis semper urna aliquam. Fusce consectetur accumsan augue sit amet iaculis. Suspendisse volutpat urna vitae fermentum eleifend. Maecenas sapien leo, gravida vitae pellentesque quis, efficitur in erat. Maecenas elementum euismod hendrerit. Mauris sagittis massa a orci.','Lorem ipsum dolor sit amet, consectetur adipiscing elit. Morbi pulvinar pharetra bibendum. Ut eget risus nec risus finibus hendrerit in non tortor. Pellentesque maximus ligula et turpis faucibus cursus. Donec vel nunc metus. Quisque sagittis mattis dui vel varius. Aliquam iaculis interdum lacinia. Nam euismod lectus id maximus sodales. Nam id magna dictum, semper nisl vel, ornare ligula. Sed condimentum metus quis leo pharetra, quis semper urna aliquam. Fusce consectetur accumsan augue sit amet iaculis. Suspendisse volutpat urna vitae fermentum eleifend. Maecenas sapien leo, gravida vitae pellentesque quis, efficitur in erat. Maecenas elementum euismod hendrerit. Mauris sagittis massa a orci.',3.67),(17,72,'Limbarmar','Lorem ipsum dolor sit amet, consectetur adipiscing elit. Morbi pulvinar pharetra bibendum. Ut eget risus nec risus finibus hendrerit in non tortor. Pellentesque maximus ligula et turpis faucibus cursus. Donec vel nunc metus. Quisque sagittis mattis dui vel varius. Aliquam iaculis interdum lacinia. Nam euismod lectus id maximus sodales. Nam id magna dictum, semper nisl vel, ornare ligula. Sed condimentum metus quis leo pharetra, quis semper urna aliquam. Fusce consectetur accumsan augue sit amet iaculis. Suspendisse volutpat urna vitae fermentum eleifend. Maecenas sapien leo, gravida vitae pellentesque quis, efficitur in erat. Maecenas elementum euismod hendrerit. Mauris sagittis massa a orci.','Lorem ipsum dolor sit amet, consectetur adipiscing elit. Morbi pulvinar pharetra bibendum. Ut eget risus nec risus finibus hendrerit in non tortor. Pellentesque maximus ligula et turpis faucibus cursus. Donec vel nunc metus. Quisque sagittis mattis dui vel varius. Aliquam iaculis interdum lacinia. Nam euismod lectus id maximus sodales. Nam id magna dictum, semper nisl vel, ornare ligula. Sed condimentum metus quis leo pharetra, quis semper urna aliquam. Fusce consectetur accumsan augue sit amet iaculis. Suspendisse volutpat urna vitae fermentum eleifend. Maecenas sapien leo, gravida vitae pellentesque quis, efficitur in erat. Maecenas elementum euismod hendrerit. Mauris sagittis massa a orci.',4.00),(18,66,'Lishalllumcal','Lorem ipsum dolor sit amet, consectetur adipiscing elit. Morbi pulvinar pharetra bibendum. Ut eget risus nec risus finibus hendrerit in non tortor. Pellentesque maximus ligula et turpis faucibus cursus. Donec vel nunc metus. Quisque sagittis mattis dui vel varius. Aliquam iaculis interdum lacinia. Nam euismod lectus id maximus sodales. Nam id magna dictum, semper nisl vel, ornare ligula. Sed condimentum metus quis leo pharetra, quis semper urna aliquam. Fusce consectetur accumsan augue sit amet iaculis. Suspendisse volutpat urna vitae fermentum eleifend. Maecenas sapien leo, gravida vitae pellentesque quis, efficitur in erat. Maecenas elementum euismod hendrerit. Mauris sagittis massa a orci.','Lorem ipsum dolor sit amet, consectetur adipiscing elit. Morbi pulvinar pharetra bibendum. Ut eget risus nec risus finibus hendrerit in non tortor. Pellentesque maximus ligula et turpis faucibus cursus. Donec vel nunc metus. Quisque sagittis mattis dui vel varius. Aliquam iaculis interdum lacinia. Nam euismod lectus id maximus sodales. Nam id magna dictum, semper nisl vel, ornare ligula. Sed condimentum metus quis leo pharetra, quis semper urna aliquam. Fusce consectetur accumsan augue sit amet iaculis. Suspendisse volutpat urna vitae fermentum eleifend. Maecenas sapien leo, gravida vitae pellentesque quis, efficitur in erat. Maecenas elementum euismod hendrerit. Mauris sagittis massa a orci.',5.00),(19,94,'Berthe','Lorem ipsum dolor sit amet, consectetur adipiscing elit. Morbi pulvinar pharetra bibendum. Ut eget risus nec risus finibus hendrerit in non tortor. Pellentesque maximus ligula et turpis faucibus cursus. Donec vel nunc metus. Quisque sagittis mattis dui vel varius. Aliquam iaculis interdum lacinia. Nam euismod lectus id maximus sodales. Nam id magna dictum, semper nisl vel, ornare ligula. Sed condimentum metus quis leo pharetra, quis semper urna aliquam. Fusce consectetur accumsan augue sit amet iaculis. Suspendisse volutpat urna vitae fermentum eleifend. Maecenas sapien leo, gravida vitae pellentesque quis, efficitur in erat. Maecenas elementum euismod hendrerit. Mauris sagittis massa a orci.','Lorem ipsum dolor sit amet, consectetur adipiscing elit. Morbi pulvinar pharetra bibendum. Ut eget risus nec risus finibus hendrerit in non tortor. Pellentesque maximus ligula et turpis faucibus cursus. Donec vel nunc metus. Quisque sagittis mattis dui vel varius. Aliquam iaculis interdum lacinia. Nam euismod lectus id maximus sodales. Nam id magna dictum, semper nisl vel, ornare ligula. Sed condimentum metus quis leo pharetra, quis semper urna aliquam. Fusce consectetur accumsan augue sit amet iaculis. Suspendisse volutpat urna vitae fermentum eleifend. Maecenas sapien leo, gravida vitae pellentesque quis, efficitur in erat. Maecenas elementum euismod hendrerit. Mauris sagittis massa a orci.',2.83),(20,50,'Hathulemhe','Lorem ipsum dolor sit amet, consectetur adipiscing elit. Morbi pulvinar pharetra bibendum. Ut eget risus nec risus finibus hendrerit in non tortor. Pellentesque maximus ligula et turpis faucibus cursus. Donec vel nunc metus. Quisque sagittis mattis dui vel varius. Aliquam iaculis interdum lacinia. Nam euismod lectus id maximus sodales. Nam id magna dictum, semper nisl vel, ornare ligula. Sed condimentum metus quis leo pharetra, quis semper urna aliquam. Fusce consectetur accumsan augue sit amet iaculis. Suspendisse volutpat urna vitae fermentum eleifend. Maecenas sapien leo, gravida vitae pellentesque quis, efficitur in erat. Maecenas elementum euismod hendrerit. Mauris sagittis massa a orci.','Lorem ipsum dolor sit amet, consectetur adipiscing elit. Morbi pulvinar pharetra bibendum. Ut eget risus nec risus finibus hendrerit in non tortor. Pellentesque maximus ligula et turpis faucibus cursus. Donec vel nunc metus. Quisque sagittis mattis dui vel varius. Aliquam iaculis interdum lacinia. Nam euismod lectus id maximus sodales. Nam id magna dictum, semper nisl vel, ornare ligula. Sed condimentum metus quis leo pharetra, quis semper urna aliquam. Fusce consectetur accumsan augue sit amet iaculis. Suspendisse volutpat urna vitae fermentum eleifend. Maecenas sapien leo, gravida vitae pellentesque quis, efficitur in erat. Maecenas elementum euismod hendrerit. Mauris sagittis massa a orci.',2.40),(21,24,'Colmorhi','Lorem ipsum dolor sit amet, consectetur adipiscing elit. Morbi pulvinar pharetra bibendum. Ut eget risus nec risus finibus hendrerit in non tortor. Pellentesque maximus ligula et turpis faucibus cursus. Donec vel nunc metus. Quisque sagittis mattis dui vel varius. Aliquam iaculis interdum lacinia. Nam euismod lectus id maximus sodales. Nam id magna dictum, semper nisl vel, ornare ligula. Sed condimentum metus quis leo pharetra, quis semper urna aliquam. Fusce consectetur accumsan augue sit amet iaculis. Suspendisse volutpat urna vitae fermentum eleifend. Maecenas sapien leo, gravida vitae pellentesque quis, efficitur in erat. Maecenas elementum euismod hendrerit. Mauris sagittis massa a orci.','Lorem ipsum dolor sit amet, consectetur adipiscing elit. Morbi pulvinar pharetra bibendum. Ut eget risus nec risus finibus hendrerit in non tortor. Pellentesque maximus ligula et turpis faucibus cursus. Donec vel nunc metus. Quisque sagittis mattis dui vel varius. Aliquam iaculis interdum lacinia. Nam euismod lectus id maximus sodales. Nam id magna dictum, semper nisl vel, ornare ligula. Sed condimentum metus quis leo pharetra, quis semper urna aliquam. Fusce consectetur accumsan augue sit amet iaculis. Suspendisse volutpat urna vitae fermentum eleifend. Maecenas sapien leo, gravida vitae pellentesque quis, efficitur in erat. Maecenas elementum euismod hendrerit. Mauris sagittis massa a orci.',2.57),(22,39,'Salthalegorn','Lorem ipsum dolor sit amet, consectetur adipiscing elit. Morbi pulvinar pharetra bibendum. Ut eget risus nec risus finibus hendrerit in non tortor. Pellentesque maximus ligula et turpis faucibus cursus. Donec vel nunc metus. Quisque sagittis mattis dui vel varius. Aliquam iaculis interdum lacinia. Nam euismod lectus id maximus sodales. Nam id magna dictum, semper nisl vel, ornare ligula. Sed condimentum metus quis leo pharetra, quis semper urna aliquam. Fusce consectetur accumsan augue sit amet iaculis. Suspendisse volutpat urna vitae fermentum eleifend. Maecenas sapien leo, gravida vitae pellentesque quis, efficitur in erat. Maecenas elementum euismod hendrerit. Mauris sagittis massa a orci.','Lorem ipsum dolor sit amet, consectetur adipiscing elit. Morbi pulvinar pharetra bibendum. Ut eget risus nec risus finibus hendrerit in non tortor. Pellentesque maximus ligula et turpis faucibus cursus. Donec vel nunc metus. Quisque sagittis mattis dui vel varius. Aliquam iaculis interdum lacinia. Nam euismod lectus id maximus sodales. Nam id magna dictum, semper nisl vel, ornare ligula. Sed condimentum metus quis leo pharetra, quis semper urna aliquam. Fusce consectetur accumsan augue sit amet iaculis. Suspendisse volutpat urna vitae fermentum eleifend. Maecenas sapien leo, gravida vitae pellentesque quis, efficitur in erat. Maecenas elementum euismod hendrerit. Mauris sagittis massa a orci.',2.60),(23,73,'Birmircyl','Lorem ipsum dolor sit amet, consectetur adipiscing elit. Morbi pulvinar pharetra bibendum. Ut eget risus nec risus finibus hendrerit in non tortor. Pellentesque maximus ligula et turpis faucibus cursus. Donec vel nunc metus. Quisque sagittis mattis dui vel varius. Aliquam iaculis interdum lacinia. Nam euismod lectus id maximus sodales. Nam id magna dictum, semper nisl vel, ornare ligula. Sed condimentum metus quis leo pharetra, quis semper urna aliquam. Fusce consectetur accumsan augue sit amet iaculis. Suspendisse volutpat urna vitae fermentum eleifend. Maecenas sapien leo, gravida vitae pellentesque quis, efficitur in erat. Maecenas elementum euismod hendrerit. Mauris sagittis massa a orci.','Lorem ipsum dolor sit amet, consectetur adipiscing elit. Morbi pulvinar pharetra bibendum. Ut eget risus nec risus finibus hendrerit in non tortor. Pellentesque maximus ligula et turpis faucibus cursus. Donec vel nunc metus. Quisque sagittis mattis dui vel varius. Aliquam iaculis interdum lacinia. Nam euismod lectus id maximus sodales. Nam id magna dictum, semper nisl vel, ornare ligula. Sed condimentum metus quis leo pharetra, quis semper urna aliquam. Fusce consectetur accumsan augue sit amet iaculis. Suspendisse volutpat urna vitae fermentum eleifend. Maecenas sapien leo, gravida vitae pellentesque quis, efficitur in erat. Maecenas elementum euismod hendrerit. Mauris sagittis massa a orci.',4.17),(24,88,'Bermor','Lorem ipsum dolor sit amet, consectetur adipiscing elit. Morbi pulvinar pharetra bibendum. Ut eget risus nec risus finibus hendrerit in non tortor. Pellentesque maximus ligula et turpis faucibus cursus. Donec vel nunc metus. Quisque sagittis mattis dui vel varius. Aliquam iaculis interdum lacinia. Nam euismod lectus id maximus sodales. Nam id magna dictum, semper nisl vel, ornare ligula. Sed condimentum metus quis leo pharetra, quis semper urna aliquam. Fusce consectetur accumsan augue sit amet iaculis. Suspendisse volutpat urna vitae fermentum eleifend. Maecenas sapien leo, gravida vitae pellentesque quis, efficitur in erat. Maecenas elementum euismod hendrerit. Mauris sagittis massa a orci.','Lorem ipsum dolor sit amet, consectetur adipiscing elit. Morbi pulvinar pharetra bibendum. Ut eget risus nec risus finibus hendrerit in non tortor. Pellentesque maximus ligula et turpis faucibus cursus. Donec vel nunc metus. Quisque sagittis mattis dui vel varius. Aliquam iaculis interdum lacinia. Nam euismod lectus id maximus sodales. Nam id magna dictum, semper nisl vel, ornare ligula. Sed condimentum metus quis leo pharetra, quis semper urna aliquam. Fusce consectetur accumsan augue sit amet iaculis. Suspendisse volutpat urna vitae fermentum eleifend. Maecenas sapien leo, gravida vitae pellentesque quis, efficitur in erat. Maecenas elementum euismod hendrerit. Mauris sagittis massa a orci.',1.00),(25,7,'Morlag','Lorem ipsum dolor sit amet, consectetur adipiscing elit. Morbi pulvinar pharetra bibendum. Ut eget risus nec risus finibus hendrerit in non tortor. Pellentesque maximus ligula et turpis faucibus cursus. Donec vel nunc metus. Quisque sagittis mattis dui vel varius. Aliquam iaculis interdum lacinia. Nam euismod lectus id maximus sodales. Nam id magna dictum, semper nisl vel, ornare ligula. Sed condimentum metus quis leo pharetra, quis semper urna aliquam. Fusce consectetur accumsan augue sit amet iaculis. Suspendisse volutpat urna vitae fermentum eleifend. Maecenas sapien leo, gravida vitae pellentesque quis, efficitur in erat. Maecenas elementum euismod hendrerit. Mauris sagittis massa a orci.','Lorem ipsum dolor sit amet, consectetur adipiscing elit. Morbi pulvinar pharetra bibendum. Ut eget risus nec risus finibus hendrerit in non tortor. Pellentesque maximus ligula et turpis faucibus cursus. Donec vel nunc metus. Quisque sagittis mattis dui vel varius. Aliquam iaculis interdum lacinia. Nam euismod lectus id maximus sodales. Nam id magna dictum, semper nisl vel, ornare ligula. Sed condimentum metus quis leo pharetra, quis semper urna aliquam. Fusce consectetur accumsan augue sit amet iaculis. Suspendisse volutpat urna vitae fermentum eleifend. Maecenas sapien leo, gravida vitae pellentesque quis, efficitur in erat. Maecenas elementum euismod hendrerit. Mauris sagittis massa a orci.',3.50),(26,59,'Barbirorn','Lorem ipsum dolor sit amet, consectetur adipiscing elit. Morbi pulvinar pharetra bibendum. Ut eget risus nec risus finibus hendrerit in non tortor. Pellentesque maximus ligula et turpis faucibus cursus. Donec vel nunc metus. Quisque sagittis mattis dui vel varius. Aliquam iaculis interdum lacinia. Nam euismod lectus id maximus sodales. Nam id magna dictum, semper nisl vel, ornare ligula. Sed condimentum metus quis leo pharetra, quis semper urna aliquam. Fusce consectetur accumsan augue sit amet iaculis. Suspendisse volutpat urna vitae fermentum eleifend. Maecenas sapien leo, gravida vitae pellentesque quis, efficitur in erat. Maecenas elementum euismod hendrerit. Mauris sagittis massa a orci.','Lorem ipsum dolor sit amet, consectetur adipiscing elit. Morbi pulvinar pharetra bibendum. Ut eget risus nec risus finibus hendrerit in non tortor. Pellentesque maximus ligula et turpis faucibus cursus. Donec vel nunc metus. Quisque sagittis mattis dui vel varius. Aliquam iaculis interdum lacinia. Nam euismod lectus id maximus sodales. Nam id magna dictum, semper nisl vel, ornare ligula. Sed condimentum metus quis leo pharetra, quis semper urna aliquam. Fusce consectetur accumsan augue sit amet iaculis. Suspendisse volutpat urna vitae fermentum eleifend. Maecenas sapien leo, gravida vitae pellentesque quis, efficitur in erat. Maecenas elementum euismod hendrerit. Mauris sagittis massa a orci.',3.25),(27,84,'Burmir','Lorem ipsum dolor sit amet, consectetur adipiscing elit. Morbi pulvinar pharetra bibendum. Ut eget risus nec risus finibus hendrerit in non tortor. Pellentesque maximus ligula et turpis faucibus cursus. Donec vel nunc metus. Quisque sagittis mattis dui vel varius. Aliquam iaculis interdum lacinia. Nam euismod lectus id maximus sodales. Nam id magna dictum, semper nisl vel, ornare ligula. Sed condimentum metus quis leo pharetra, quis semper urna aliquam. Fusce consectetur accumsan augue sit amet iaculis. Suspendisse volutpat urna vitae fermentum eleifend. Maecenas sapien leo, gravida vitae pellentesque quis, efficitur in erat. Maecenas elementum euismod hendrerit. Mauris sagittis massa a orci.','Lorem ipsum dolor sit amet, consectetur adipiscing elit. Morbi pulvinar pharetra bibendum. Ut eget risus nec risus finibus hendrerit in non tortor. Pellentesque maximus ligula et turpis faucibus cursus. Donec vel nunc metus. Quisque sagittis mattis dui vel varius. Aliquam iaculis interdum lacinia. Nam euismod lectus id maximus sodales. Nam id magna dictum, semper nisl vel, ornare ligula. Sed condimentum metus quis leo pharetra, quis semper urna aliquam. Fusce consectetur accumsan augue sit amet iaculis. Suspendisse volutpat urna vitae fermentum eleifend. Maecenas sapien leo, gravida vitae pellentesque quis, efficitur in erat. Maecenas elementum euismod hendrerit. Mauris sagittis massa a orci.',3.20),(28,15,'Humarhamur','Lorem ipsum dolor sit amet, consectetur adipiscing elit. Morbi pulvinar pharetra bibendum. Ut eget risus nec risus finibus hendrerit in non tortor. Pellentesque maximus ligula et turpis faucibus cursus. Donec vel nunc metus. Quisque sagittis mattis dui vel varius. Aliquam iaculis interdum lacinia. Nam euismod lectus id maximus sodales. Nam id magna dictum, semper nisl vel, ornare ligula. Sed condimentum metus quis leo pharetra, quis semper urna aliquam. Fusce consectetur accumsan augue sit amet iaculis. Suspendisse volutpat urna vitae fermentum eleifend. Maecenas sapien leo, gravida vitae pellentesque quis, efficitur in erat. Maecenas elementum euismod hendrerit. Mauris sagittis massa a orci.','Lorem ipsum dolor sit amet, consectetur adipiscing elit. Morbi pulvinar pharetra bibendum. Ut eget risus nec risus finibus hendrerit in non tortor. Pellentesque maximus ligula et turpis faucibus cursus. Donec vel nunc metus. Quisque sagittis mattis dui vel varius. Aliquam iaculis interdum lacinia. Nam euismod lectus id maximus sodales. Nam id magna dictum, semper nisl vel, ornare ligula. Sed condimentum metus quis leo pharetra, quis semper urna aliquam. Fusce consectetur accumsan augue sit amet iaculis. Suspendisse volutpat urna vitae fermentum eleifend. Maecenas sapien leo, gravida vitae pellentesque quis, efficitur in erat. Maecenas elementum euismod hendrerit. Mauris sagittis massa a orci.',4.00),(29,74,'Leglam','Lorem ipsum dolor sit amet, consectetur adipiscing elit. Morbi pulvinar pharetra bibendum. Ut eget risus nec risus finibus hendrerit in non tortor. Pellentesque maximus ligula et turpis faucibus cursus. Donec vel nunc metus. Quisque sagittis mattis dui vel varius. Aliquam iaculis interdum lacinia. Nam euismod lectus id maximus sodales. Nam id magna dictum, semper nisl vel, ornare ligula. Sed condimentum metus quis leo pharetra, quis semper urna aliquam. Fusce consectetur accumsan augue sit amet iaculis. Suspendisse volutpat urna vitae fermentum eleifend. Maecenas sapien leo, gravida vitae pellentesque quis, efficitur in erat. Maecenas elementum euismod hendrerit. Mauris sagittis massa a orci.','Lorem ipsum dolor sit amet, consectetur adipiscing elit. Morbi pulvinar pharetra bibendum. Ut eget risus nec risus finibus hendrerit in non tortor. Pellentesque maximus ligula et turpis faucibus cursus. Donec vel nunc metus. Quisque sagittis mattis dui vel varius. Aliquam iaculis interdum lacinia. Nam euismod lectus id maximus sodales. Nam id magna dictum, semper nisl vel, ornare ligula. Sed condimentum metus quis leo pharetra, quis semper urna aliquam. Fusce consectetur accumsan augue sit amet iaculis. Suspendisse volutpat urna vitae fermentum eleifend. Maecenas sapien leo, gravida vitae pellentesque quis, efficitur in erat. Maecenas elementum euismod hendrerit. Mauris sagittis massa a orci.',3.00),(30,17,'Hugimirn','Lorem ipsum dolor sit amet, consectetur adipiscing elit. Morbi pulvinar pharetra bibendum. Ut eget risus nec risus finibus hendrerit in non tortor. Pellentesque maximus ligula et turpis faucibus cursus. Donec vel nunc metus. Quisque sagittis mattis dui vel varius. Aliquam iaculis interdum lacinia. Nam euismod lectus id maximus sodales. Nam id magna dictum, semper nisl vel, ornare ligula. Sed condimentum metus quis leo pharetra, quis semper urna aliquam. Fusce consectetur accumsan augue sit amet iaculis. Suspendisse volutpat urna vitae fermentum eleifend. Maecenas sapien leo, gravida vitae pellentesque quis, efficitur in erat. Maecenas elementum euismod hendrerit. Mauris sagittis massa a orci.','Lorem ipsum dolor sit amet, consectetur adipiscing elit. Morbi pulvinar pharetra bibendum. Ut eget risus nec risus finibus hendrerit in non tortor. Pellentesque maximus ligula et turpis faucibus cursus. Donec vel nunc metus. Quisque sagittis mattis dui vel varius. Aliquam iaculis interdum lacinia. Nam euismod lectus id maximus sodales. Nam id magna dictum, semper nisl vel, ornare ligula. Sed condimentum metus quis leo pharetra, quis semper urna aliquam. Fusce consectetur accumsan augue sit amet iaculis. Suspendisse volutpat urna vitae fermentum eleifend. Maecenas sapien leo, gravida vitae pellentesque quis, efficitur in erat. Maecenas elementum euismod hendrerit. Mauris sagittis massa a orci.',2.80),(31,55,'Berburthamur','Lorem ipsum dolor sit amet, consectetur adipiscing elit. Morbi pulvinar pharetra bibendum. Ut eget risus nec risus finibus hendrerit in non tortor. Pellentesque maximus ligula et turpis faucibus cursus. Donec vel nunc metus. Quisque sagittis mattis dui vel varius. Aliquam iaculis interdum lacinia. Nam euismod lectus id maximus sodales. Nam id magna dictum, semper nisl vel, ornare ligula. Sed condimentum metus quis leo pharetra, quis semper urna aliquam. Fusce consectetur accumsan augue sit amet iaculis. Suspendisse volutpat urna vitae fermentum eleifend. Maecenas sapien leo, gravida vitae pellentesque quis, efficitur in erat. Maecenas elementum euismod hendrerit. Mauris sagittis massa a orci.','Lorem ipsum dolor sit amet, consectetur adipiscing elit. Morbi pulvinar pharetra bibendum. Ut eget risus nec risus finibus hendrerit in non tortor. Pellentesque maximus ligula et turpis faucibus cursus. Donec vel nunc metus. Quisque sagittis mattis dui vel varius. Aliquam iaculis interdum lacinia. Nam euismod lectus id maximus sodales. Nam id magna dictum, semper nisl vel, ornare ligula. Sed condimentum metus quis leo pharetra, quis semper urna aliquam. Fusce consectetur accumsan augue sit amet iaculis. Suspendisse volutpat urna vitae fermentum eleifend. Maecenas sapien leo, gravida vitae pellentesque quis, efficitur in erat. Maecenas elementum euismod hendrerit. Mauris sagittis massa a orci.',2.83),(32,44,'Lasloglum','Lorem ipsum dolor sit amet, consectetur adipiscing elit. Morbi pulvinar pharetra bibendum. Ut eget risus nec risus finibus hendrerit in non tortor. Pellentesque maximus ligula et turpis faucibus cursus. Donec vel nunc metus. Quisque sagittis mattis dui vel varius. Aliquam iaculis interdum lacinia. Nam euismod lectus id maximus sodales. Nam id magna dictum, semper nisl vel, ornare ligula. Sed condimentum metus quis leo pharetra, quis semper urna aliquam. Fusce consectetur accumsan augue sit amet iaculis. Suspendisse volutpat urna vitae fermentum eleifend. Maecenas sapien leo, gravida vitae pellentesque quis, efficitur in erat. Maecenas elementum euismod hendrerit. Mauris sagittis massa a orci.','Lorem ipsum dolor sit amet, consectetur adipiscing elit. Morbi pulvinar pharetra bibendum. Ut eget risus nec risus finibus hendrerit in non tortor. Pellentesque maximus ligula et turpis faucibus cursus. Donec vel nunc metus. Quisque sagittis mattis dui vel varius. Aliquam iaculis interdum lacinia. Nam euismod lectus id maximus sodales. Nam id magna dictum, semper nisl vel, ornare ligula. Sed condimentum metus quis leo pharetra, quis semper urna aliquam. Fusce consectetur accumsan augue sit amet iaculis. Suspendisse volutpat urna vitae fermentum eleifend. Maecenas sapien leo, gravida vitae pellentesque quis, efficitur in erat. Maecenas elementum euismod hendrerit. Mauris sagittis massa a orci.',3.67),(33,17,'Gomlamthi','Lorem ipsum dolor sit amet, consectetur adipiscing elit. Morbi pulvinar pharetra bibendum. Ut eget risus nec risus finibus hendrerit in non tortor. Pellentesque maximus ligula et turpis faucibus cursus. Donec vel nunc metus. Quisque sagittis mattis dui vel varius. Aliquam iaculis interdum lacinia. Nam euismod lectus id maximus sodales. Nam id magna dictum, semper nisl vel, ornare ligula. Sed condimentum metus quis leo pharetra, quis semper urna aliquam. Fusce consectetur accumsan augue sit amet iaculis. Suspendisse volutpat urna vitae fermentum eleifend. Maecenas sapien leo, gravida vitae pellentesque quis, efficitur in erat. Maecenas elementum euismod hendrerit. Mauris sagittis massa a orci.','Lorem ipsum dolor sit amet, consectetur adipiscing elit. Morbi pulvinar pharetra bibendum. Ut eget risus nec risus finibus hendrerit in non tortor. Pellentesque maximus ligula et turpis faucibus cursus. Donec vel nunc metus. Quisque sagittis mattis dui vel varius. Aliquam iaculis interdum lacinia. Nam euismod lectus id maximus sodales. Nam id magna dictum, semper nisl vel, ornare ligula. Sed condimentum metus quis leo pharetra, quis semper urna aliquam. Fusce consectetur accumsan augue sit amet iaculis. Suspendisse volutpat urna vitae fermentum eleifend. Maecenas sapien leo, gravida vitae pellentesque quis, efficitur in erat. Maecenas elementum euismod hendrerit. Mauris sagittis massa a orci.',3.25),(34,9,'Narmarborern','Lorem ipsum dolor sit amet, consectetur adipiscing elit. Morbi pulvinar pharetra bibendum. Ut eget risus nec risus finibus hendrerit in non tortor. Pellentesque maximus ligula et turpis faucibus cursus. Donec vel nunc metus. Quisque sagittis mattis dui vel varius. Aliquam iaculis interdum lacinia. Nam euismod lectus id maximus sodales. Nam id magna dictum, semper nisl vel, ornare ligula. Sed condimentum metus quis leo pharetra, quis semper urna aliquam. Fusce consectetur accumsan augue sit amet iaculis. Suspendisse volutpat urna vitae fermentum eleifend. Maecenas sapien leo, gravida vitae pellentesque quis, efficitur in erat. Maecenas elementum euismod hendrerit. Mauris sagittis massa a orci.','Lorem ipsum dolor sit amet, consectetur adipiscing elit. Morbi pulvinar pharetra bibendum. Ut eget risus nec risus finibus hendrerit in non tortor. Pellentesque maximus ligula et turpis faucibus cursus. Donec vel nunc metus. Quisque sagittis mattis dui vel varius. Aliquam iaculis interdum lacinia. Nam euismod lectus id maximus sodales. Nam id magna dictum, semper nisl vel, ornare ligula. Sed condimentum metus quis leo pharetra, quis semper urna aliquam. Fusce consectetur accumsan augue sit amet iaculis. Suspendisse volutpat urna vitae fermentum eleifend. Maecenas sapien leo, gravida vitae pellentesque quis, efficitur in erat. Maecenas elementum euismod hendrerit. Mauris sagittis massa a orci.',2.17),(35,75,'Lomlos','Lorem ipsum dolor sit amet, consectetur adipiscing elit. Morbi pulvinar pharetra bibendum. Ut eget risus nec risus finibus hendrerit in non tortor. Pellentesque maximus ligula et turpis faucibus cursus. Donec vel nunc metus. Quisque sagittis mattis dui vel varius. Aliquam iaculis interdum lacinia. Nam euismod lectus id maximus sodales. Nam id magna dictum, semper nisl vel, ornare ligula. Sed condimentum metus quis leo pharetra, quis semper urna aliquam. Fusce consectetur accumsan augue sit amet iaculis. Suspendisse volutpat urna vitae fermentum eleifend. Maecenas sapien leo, gravida vitae pellentesque quis, efficitur in erat. Maecenas elementum euismod hendrerit. Mauris sagittis massa a orci.','Lorem ipsum dolor sit amet, consectetur adipiscing elit. Morbi pulvinar pharetra bibendum. Ut eget risus nec risus finibus hendrerit in non tortor. Pellentesque maximus ligula et turpis faucibus cursus. Donec vel nunc metus. Quisque sagittis mattis dui vel varius. Aliquam iaculis interdum lacinia. Nam euismod lectus id maximus sodales. Nam id magna dictum, semper nisl vel, ornare ligula. Sed condimentum metus quis leo pharetra, quis semper urna aliquam. Fusce consectetur accumsan augue sit amet iaculis. Suspendisse volutpat urna vitae fermentum eleifend. Maecenas sapien leo, gravida vitae pellentesque quis, efficitur in erat. Maecenas elementum euismod hendrerit. Mauris sagittis massa a orci.',3.89),(36,88,'Urnlasho','Lorem ipsum dolor sit amet, consectetur adipiscing elit. Morbi pulvinar pharetra bibendum. Ut eget risus nec risus finibus hendrerit in non tortor. Pellentesque maximus ligula et turpis faucibus cursus. Donec vel nunc metus. Quisque sagittis mattis dui vel varius. Aliquam iaculis interdum lacinia. Nam euismod lectus id maximus sodales. Nam id magna dictum, semper nisl vel, ornare ligula. Sed condimentum metus quis leo pharetra, quis semper urna aliquam. Fusce consectetur accumsan augue sit amet iaculis. Suspendisse volutpat urna vitae fermentum eleifend. Maecenas sapien leo, gravida vitae pellentesque quis, efficitur in erat. Maecenas elementum euismod hendrerit. Mauris sagittis massa a orci.','Lorem ipsum dolor sit amet, consectetur adipiscing elit. Morbi pulvinar pharetra bibendum. Ut eget risus nec risus finibus hendrerit in non tortor. Pellentesque maximus ligula et turpis faucibus cursus. Donec vel nunc metus. Quisque sagittis mattis dui vel varius. Aliquam iaculis interdum lacinia. Nam euismod lectus id maximus sodales. Nam id magna dictum, semper nisl vel, ornare ligula. Sed condimentum metus quis leo pharetra, quis semper urna aliquam. Fusce consectetur accumsan augue sit amet iaculis. Suspendisse volutpat urna vitae fermentum eleifend. Maecenas sapien leo, gravida vitae pellentesque quis, efficitur in erat. Maecenas elementum euismod hendrerit. Mauris sagittis massa a orci.',3.00),(37,50,'Hical','Lorem ipsum dolor sit amet, consectetur adipiscing elit. Morbi pulvinar pharetra bibendum. Ut eget risus nec risus finibus hendrerit in non tortor. Pellentesque maximus ligula et turpis faucibus cursus. Donec vel nunc metus. Quisque sagittis mattis dui vel varius. Aliquam iaculis interdum lacinia. Nam euismod lectus id maximus sodales. Nam id magna dictum, semper nisl vel, ornare ligula. Sed condimentum metus quis leo pharetra, quis semper urna aliquam. Fusce consectetur accumsan augue sit amet iaculis. Suspendisse volutpat urna vitae fermentum eleifend. Maecenas sapien leo, gravida vitae pellentesque quis, efficitur in erat. Maecenas elementum euismod hendrerit. Mauris sagittis massa a orci.','Lorem ipsum dolor sit amet, consectetur adipiscing elit. Morbi pulvinar pharetra bibendum. Ut eget risus nec risus finibus hendrerit in non tortor. Pellentesque maximus ligula et turpis faucibus cursus. Donec vel nunc metus. Quisque sagittis mattis dui vel varius. Aliquam iaculis interdum lacinia. Nam euismod lectus id maximus sodales. Nam id magna dictum, semper nisl vel, ornare ligula. Sed condimentum metus quis leo pharetra, quis semper urna aliquam. Fusce consectetur accumsan augue sit amet iaculis. Suspendisse volutpat urna vitae fermentum eleifend. Maecenas sapien leo, gravida vitae pellentesque quis, efficitur in erat. Maecenas elementum euismod hendrerit. Mauris sagittis massa a orci.',3.00),(38,76,'Hisol','Lorem ipsum dolor sit amet, consectetur adipiscing elit. Morbi pulvinar pharetra bibendum. Ut eget risus nec risus finibus hendrerit in non tortor. Pellentesque maximus ligula et turpis faucibus cursus. Donec vel nunc metus. Quisque sagittis mattis dui vel varius. Aliquam iaculis interdum lacinia. Nam euismod lectus id maximus sodales. Nam id magna dictum, semper nisl vel, ornare ligula. Sed condimentum metus quis leo pharetra, quis semper urna aliquam. Fusce consectetur accumsan augue sit amet iaculis. Suspendisse volutpat urna vitae fermentum eleifend. Maecenas sapien leo, gravida vitae pellentesque quis, efficitur in erat. Maecenas elementum euismod hendrerit. Mauris sagittis massa a orci.','Lorem ipsum dolor sit amet, consectetur adipiscing elit. Morbi pulvinar pharetra bibendum. Ut eget risus nec risus finibus hendrerit in non tortor. Pellentesque maximus ligula et turpis faucibus cursus. Donec vel nunc metus. Quisque sagittis mattis dui vel varius. Aliquam iaculis interdum lacinia. Nam euismod lectus id maximus sodales. Nam id magna dictum, semper nisl vel, ornare ligula. Sed condimentum metus quis leo pharetra, quis semper urna aliquam. Fusce consectetur accumsan augue sit amet iaculis. Suspendisse volutpat urna vitae fermentum eleifend. Maecenas sapien leo, gravida vitae pellentesque quis, efficitur in erat. Maecenas elementum euismod hendrerit. Mauris sagittis massa a orci.',2.75),(39,90,'Leshe','Lorem ipsum dolor sit amet, consectetur adipiscing elit. Morbi pulvinar pharetra bibendum. Ut eget risus nec risus finibus hendrerit in non tortor. Pellentesque maximus ligula et turpis faucibus cursus. Donec vel nunc metus. Quisque sagittis mattis dui vel varius. Aliquam iaculis interdum lacinia. Nam euismod lectus id maximus sodales. Nam id magna dictum, semper nisl vel, ornare ligula. Sed condimentum metus quis leo pharetra, quis semper urna aliquam. Fusce consectetur accumsan augue sit amet iaculis. Suspendisse volutpat urna vitae fermentum eleifend. Maecenas sapien leo, gravida vitae pellentesque quis, efficitur in erat. Maecenas elementum euismod hendrerit. Mauris sagittis massa a orci.','Lorem ipsum dolor sit amet, consectetur adipiscing elit. Morbi pulvinar pharetra bibendum. Ut eget risus nec risus finibus hendrerit in non tortor. Pellentesque maximus ligula et turpis faucibus cursus. Donec vel nunc metus. Quisque sagittis mattis dui vel varius. Aliquam iaculis interdum lacinia. Nam euismod lectus id maximus sodales. Nam id magna dictum, semper nisl vel, ornare ligula. Sed condimentum metus quis leo pharetra, quis semper urna aliquam. Fusce consectetur accumsan augue sit amet iaculis. Suspendisse volutpat urna vitae fermentum eleifend. Maecenas sapien leo, gravida vitae pellentesque quis, efficitur in erat. Maecenas elementum euismod hendrerit. Mauris sagittis massa a orci.',2.67),(40,26,'Gumsalculsil','Lorem ipsum dolor sit amet, consectetur adipiscing elit. Morbi pulvinar pharetra bibendum. Ut eget risus nec risus finibus hendrerit in non tortor. Pellentesque maximus ligula et turpis faucibus cursus. Donec vel nunc metus. Quisque sagittis mattis dui vel varius. Aliquam iaculis interdum lacinia. Nam euismod lectus id maximus sodales. Nam id magna dictum, semper nisl vel, ornare ligula. Sed condimentum metus quis leo pharetra, quis semper urna aliquam. Fusce consectetur accumsan augue sit amet iaculis. Suspendisse volutpat urna vitae fermentum eleifend. Maecenas sapien leo, gravida vitae pellentesque quis, efficitur in erat. Maecenas elementum euismod hendrerit. Mauris sagittis massa a orci.','Lorem ipsum dolor sit amet, consectetur adipiscing elit. Morbi pulvinar pharetra bibendum. Ut eget risus nec risus finibus hendrerit in non tortor. Pellentesque maximus ligula et turpis faucibus cursus. Donec vel nunc metus. Quisque sagittis mattis dui vel varius. Aliquam iaculis interdum lacinia. Nam euismod lectus id maximus sodales. Nam id magna dictum, semper nisl vel, ornare ligula. Sed condimentum metus quis leo pharetra, quis semper urna aliquam. Fusce consectetur accumsan augue sit amet iaculis. Suspendisse volutpat urna vitae fermentum eleifend. Maecenas sapien leo, gravida vitae pellentesque quis, efficitur in erat. Maecenas elementum euismod hendrerit. Mauris sagittis massa a orci.',2.71),(41,83,'Morcalsul','Lorem ipsum dolor sit amet, consectetur adipiscing elit. Morbi pulvinar pharetra bibendum. Ut eget risus nec risus finibus hendrerit in non tortor. Pellentesque maximus ligula et turpis faucibus cursus. Donec vel nunc metus. Quisque sagittis mattis dui vel varius. Aliquam iaculis interdum lacinia. Nam euismod lectus id maximus sodales. Nam id magna dictum, semper nisl vel, ornare ligula. Sed condimentum metus quis leo pharetra, quis semper urna aliquam. Fusce consectetur accumsan augue sit amet iaculis. Suspendisse volutpat urna vitae fermentum eleifend. Maecenas sapien leo, gravida vitae pellentesque quis, efficitur in erat. Maecenas elementum euismod hendrerit. Mauris sagittis massa a orci.','Lorem ipsum dolor sit amet, consectetur adipiscing elit. Morbi pulvinar pharetra bibendum. Ut eget risus nec risus finibus hendrerit in non tortor. Pellentesque maximus ligula et turpis faucibus cursus. Donec vel nunc metus. Quisque sagittis mattis dui vel varius. Aliquam iaculis interdum lacinia. Nam euismod lectus id maximus sodales. Nam id magna dictum, semper nisl vel, ornare ligula. Sed condimentum metus quis leo pharetra, quis semper urna aliquam. Fusce consectetur accumsan augue sit amet iaculis. Suspendisse volutpat urna vitae fermentum eleifend. Maecenas sapien leo, gravida vitae pellentesque quis, efficitur in erat. Maecenas elementum euismod hendrerit. Mauris sagittis massa a orci.',2.57),(42,59,'Barlugha','Lorem ipsum dolor sit amet, consectetur adipiscing elit. Morbi pulvinar pharetra bibendum. Ut eget risus nec risus finibus hendrerit in non tortor. Pellentesque maximus ligula et turpis faucibus cursus. Donec vel nunc metus. Quisque sagittis mattis dui vel varius. Aliquam iaculis interdum lacinia. Nam euismod lectus id maximus sodales. Nam id magna dictum, semper nisl vel, ornare ligula. Sed condimentum metus quis leo pharetra, quis semper urna aliquam. Fusce consectetur accumsan augue sit amet iaculis. Suspendisse volutpat urna vitae fermentum eleifend. Maecenas sapien leo, gravida vitae pellentesque quis, efficitur in erat. Maecenas elementum euismod hendrerit. Mauris sagittis massa a orci.','Lorem ipsum dolor sit amet, consectetur adipiscing elit. Morbi pulvinar pharetra bibendum. Ut eget risus nec risus finibus hendrerit in non tortor. Pellentesque maximus ligula et turpis faucibus cursus. Donec vel nunc metus. Quisque sagittis mattis dui vel varius. Aliquam iaculis interdum lacinia. Nam euismod lectus id maximus sodales. Nam id magna dictum, semper nisl vel, ornare ligula. Sed condimentum metus quis leo pharetra, quis semper urna aliquam. Fusce consectetur accumsan augue sit amet iaculis. Suspendisse volutpat urna vitae fermentum eleifend. Maecenas sapien leo, gravida vitae pellentesque quis, efficitur in erat. Maecenas elementum euismod hendrerit. Mauris sagittis massa a orci.',2.33),(43,84,'Salhu','Lorem ipsum dolor sit amet, consectetur adipiscing elit. Morbi pulvinar pharetra bibendum. Ut eget risus nec risus finibus hendrerit in non tortor. Pellentesque maximus ligula et turpis faucibus cursus. Donec vel nunc metus. Quisque sagittis mattis dui vel varius. Aliquam iaculis interdum lacinia. Nam euismod lectus id maximus sodales. Nam id magna dictum, semper nisl vel, ornare ligula. Sed condimentum metus quis leo pharetra, quis semper urna aliquam. Fusce consectetur accumsan augue sit amet iaculis. Suspendisse volutpat urna vitae fermentum eleifend. Maecenas sapien leo, gravida vitae pellentesque quis, efficitur in erat. Maecenas elementum euismod hendrerit. Mauris sagittis massa a orci.','Lorem ipsum dolor sit amet, consectetur adipiscing elit. Morbi pulvinar pharetra bibendum. Ut eget risus nec risus finibus hendrerit in non tortor. Pellentesque maximus ligula et turpis faucibus cursus. Donec vel nunc metus. Quisque sagittis mattis dui vel varius. Aliquam iaculis interdum lacinia. Nam euismod lectus id maximus sodales. Nam id magna dictum, semper nisl vel, ornare ligula. Sed condimentum metus quis leo pharetra, quis semper urna aliquam. Fusce consectetur accumsan augue sit amet iaculis. Suspendisse volutpat urna vitae fermentum eleifend. Maecenas sapien leo, gravida vitae pellentesque quis, efficitur in erat. Maecenas elementum euismod hendrerit. Mauris sagittis massa a orci.',4.00),(44,99,'Celmorgember','Lorem ipsum dolor sit amet, consectetur adipiscing elit. Morbi pulvinar pharetra bibendum. Ut eget risus nec risus finibus hendrerit in non tortor. Pellentesque maximus ligula et turpis faucibus cursus. Donec vel nunc metus. Quisque sagittis mattis dui vel varius. Aliquam iaculis interdum lacinia. Nam euismod lectus id maximus sodales. Nam id magna dictum, semper nisl vel, ornare ligula. Sed condimentum metus quis leo pharetra, quis semper urna aliquam. Fusce consectetur accumsan augue sit amet iaculis. Suspendisse volutpat urna vitae fermentum eleifend. Maecenas sapien leo, gravida vitae pellentesque quis, efficitur in erat. Maecenas elementum euismod hendrerit. Mauris sagittis massa a orci.','Lorem ipsum dolor sit amet, consectetur adipiscing elit. Morbi pulvinar pharetra bibendum. Ut eget risus nec risus finibus hendrerit in non tortor. Pellentesque maximus ligula et turpis faucibus cursus. Donec vel nunc metus. Quisque sagittis mattis dui vel varius. Aliquam iaculis interdum lacinia. Nam euismod lectus id maximus sodales. Nam id magna dictum, semper nisl vel, ornare ligula. Sed condimentum metus quis leo pharetra, quis semper urna aliquam. Fusce consectetur accumsan augue sit amet iaculis. Suspendisse volutpat urna vitae fermentum eleifend. Maecenas sapien leo, gravida vitae pellentesque quis, efficitur in erat. Maecenas elementum euismod hendrerit. Mauris sagittis massa a orci.',3.00),(45,21,'Byrhebyr','Lorem ipsum dolor sit amet, consectetur adipiscing elit. Morbi pulvinar pharetra bibendum. Ut eget risus nec risus finibus hendrerit in non tortor. Pellentesque maximus ligula et turpis faucibus cursus. Donec vel nunc metus. Quisque sagittis mattis dui vel varius. Aliquam iaculis interdum lacinia. Nam euismod lectus id maximus sodales. Nam id magna dictum, semper nisl vel, ornare ligula. Sed condimentum metus quis leo pharetra, quis semper urna aliquam. Fusce consectetur accumsan augue sit amet iaculis. Suspendisse volutpat urna vitae fermentum eleifend. Maecenas sapien leo, gravida vitae pellentesque quis, efficitur in erat. Maecenas elementum euismod hendrerit. Mauris sagittis massa a orci.','Lorem ipsum dolor sit amet, consectetur adipiscing elit. Morbi pulvinar pharetra bibendum. Ut eget risus nec risus finibus hendrerit in non tortor. Pellentesque maximus ligula et turpis faucibus cursus. Donec vel nunc metus. Quisque sagittis mattis dui vel varius. Aliquam iaculis interdum lacinia. Nam euismod lectus id maximus sodales. Nam id magna dictum, semper nisl vel, ornare ligula. Sed condimentum metus quis leo pharetra, quis semper urna aliquam. Fusce consectetur accumsan augue sit amet iaculis. Suspendisse volutpat urna vitae fermentum eleifend. Maecenas sapien leo, gravida vitae pellentesque quis, efficitur in erat. Maecenas elementum euismod hendrerit. Mauris sagittis massa a orci.',3.00),(46,34,'Birhogim','Lorem ipsum dolor sit amet, consectetur adipiscing elit. Morbi pulvinar pharetra bibendum. Ut eget risus nec risus finibus hendrerit in non tortor. Pellentesque maximus ligula et turpis faucibus cursus. Donec vel nunc metus. Quisque sagittis mattis dui vel varius. Aliquam iaculis interdum lacinia. Nam euismod lectus id maximus sodales. Nam id magna dictum, semper nisl vel, ornare ligula. Sed condimentum metus quis leo pharetra, quis semper urna aliquam. Fusce consectetur accumsan augue sit amet iaculis. Suspendisse volutpat urna vitae fermentum eleifend. Maecenas sapien leo, gravida vitae pellentesque quis, efficitur in erat. Maecenas elementum euismod hendrerit. Mauris sagittis massa a orci.','Lorem ipsum dolor sit amet, consectetur adipiscing elit. Morbi pulvinar pharetra bibendum. Ut eget risus nec risus finibus hendrerit in non tortor. Pellentesque maximus ligula et turpis faucibus cursus. Donec vel nunc metus. Quisque sagittis mattis dui vel varius. Aliquam iaculis interdum lacinia. Nam euismod lectus id maximus sodales. Nam id magna dictum, semper nisl vel, ornare ligula. Sed condimentum metus quis leo pharetra, quis semper urna aliquam. Fusce consectetur accumsan augue sit amet iaculis. Suspendisse volutpat urna vitae fermentum eleifend. Maecenas sapien leo, gravida vitae pellentesque quis, efficitur in erat. Maecenas elementum euismod hendrerit. Mauris sagittis massa a orci.',3.00),(47,3,'Helisloshi','Lorem ipsum dolor sit amet, consectetur adipiscing elit. Morbi pulvinar pharetra bibendum. Ut eget risus nec risus finibus hendrerit in non tortor. Pellentesque maximus ligula et turpis faucibus cursus. Donec vel nunc metus. Quisque sagittis mattis dui vel varius. Aliquam iaculis interdum lacinia. Nam euismod lectus id maximus sodales. Nam id magna dictum, semper nisl vel, ornare ligula. Sed condimentum metus quis leo pharetra, quis semper urna aliquam. Fusce consectetur accumsan augue sit amet iaculis. Suspendisse volutpat urna vitae fermentum eleifend. Maecenas sapien leo, gravida vitae pellentesque quis, efficitur in erat. Maecenas elementum euismod hendrerit. Mauris sagittis massa a orci.','Lorem ipsum dolor sit amet, consectetur adipiscing elit. Morbi pulvinar pharetra bibendum. Ut eget risus nec risus finibus hendrerit in non tortor. Pellentesque maximus ligula et turpis faucibus cursus. Donec vel nunc metus. Quisque sagittis mattis dui vel varius. Aliquam iaculis interdum lacinia. Nam euismod lectus id maximus sodales. Nam id magna dictum, semper nisl vel, ornare ligula. Sed condimentum metus quis leo pharetra, quis semper urna aliquam. Fusce consectetur accumsan augue sit amet iaculis. Suspendisse volutpat urna vitae fermentum eleifend. Maecenas sapien leo, gravida vitae pellentesque quis, efficitur in erat. Maecenas elementum euismod hendrerit. Mauris sagittis massa a orci.',4.17),(48,48,'Syllas','Lorem ipsum dolor sit amet, consectetur adipiscing elit. Morbi pulvinar pharetra bibendum. Ut eget risus nec risus finibus hendrerit in non tortor. Pellentesque maximus ligula et turpis faucibus cursus. Donec vel nunc metus. Quisque sagittis mattis dui vel varius. Aliquam iaculis interdum lacinia. Nam euismod lectus id maximus sodales. Nam id magna dictum, semper nisl vel, ornare ligula. Sed condimentum metus quis leo pharetra, quis semper urna aliquam. Fusce consectetur accumsan augue sit amet iaculis. Suspendisse volutpat urna vitae fermentum eleifend. Maecenas sapien leo, gravida vitae pellentesque quis, efficitur in erat. Maecenas elementum euismod hendrerit. Mauris sagittis massa a orci.','Lorem ipsum dolor sit amet, consectetur adipiscing elit. Morbi pulvinar pharetra bibendum. Ut eget risus nec risus finibus hendrerit in non tortor. Pellentesque maximus ligula et turpis faucibus cursus. Donec vel nunc metus. Quisque sagittis mattis dui vel varius. Aliquam iaculis interdum lacinia. Nam euismod lectus id maximus sodales. Nam id magna dictum, semper nisl vel, ornare ligula. Sed condimentum metus quis leo pharetra, quis semper urna aliquam. Fusce consectetur accumsan augue sit amet iaculis. Suspendisse volutpat urna vitae fermentum eleifend. Maecenas sapien leo, gravida vitae pellentesque quis, efficitur in erat. Maecenas elementum euismod hendrerit. Mauris sagittis massa a orci.',3.20),(49,34,'Gymcalhober','Lorem ipsum dolor sit amet, consectetur adipiscing elit. Morbi pulvinar pharetra bibendum. Ut eget risus nec risus finibus hendrerit in non tortor. Pellentesque maximus ligula et turpis faucibus cursus. Donec vel nunc metus. Quisque sagittis mattis dui vel varius. Aliquam iaculis interdum lacinia. Nam euismod lectus id maximus sodales. Nam id magna dictum, semper nisl vel, ornare ligula. Sed condimentum metus quis leo pharetra, quis semper urna aliquam. Fusce consectetur accumsan augue sit amet iaculis. Suspendisse volutpat urna vitae fermentum eleifend. Maecenas sapien leo, gravida vitae pellentesque quis, efficitur in erat. Maecenas elementum euismod hendrerit. Mauris sagittis massa a orci.','Lorem ipsum dolor sit amet, consectetur adipiscing elit. Morbi pulvinar pharetra bibendum. Ut eget risus nec risus finibus hendrerit in non tortor. Pellentesque maximus ligula et turpis faucibus cursus. Donec vel nunc metus. Quisque sagittis mattis dui vel varius. Aliquam iaculis interdum lacinia. Nam euismod lectus id maximus sodales. Nam id magna dictum, semper nisl vel, ornare ligula. Sed condimentum metus quis leo pharetra, quis semper urna aliquam. Fusce consectetur accumsan augue sit amet iaculis. Suspendisse volutpat urna vitae fermentum eleifend. Maecenas sapien leo, gravida vitae pellentesque quis, efficitur in erat. Maecenas elementum euismod hendrerit. Mauris sagittis massa a orci.',2.67),(50,79,'Gimcullegirn','Lorem ipsum dolor sit amet, consectetur adipiscing elit. Morbi pulvinar pharetra bibendum. Ut eget risus nec risus finibus hendrerit in non tortor. Pellentesque maximus ligula et turpis faucibus cursus. Donec vel nunc metus. Quisque sagittis mattis dui vel varius. Aliquam iaculis interdum lacinia. Nam euismod lectus id maximus sodales. Nam id magna dictum, semper nisl vel, ornare ligula. Sed condimentum metus quis leo pharetra, quis semper urna aliquam. Fusce consectetur accumsan augue sit amet iaculis. Suspendisse volutpat urna vitae fermentum eleifend. Maecenas sapien leo, gravida vitae pellentesque quis, efficitur in erat. Maecenas elementum euismod hendrerit. Mauris sagittis massa a orci.','Lorem ipsum dolor sit amet, consectetur adipiscing elit. Morbi pulvinar pharetra bibendum. Ut eget risus nec risus finibus hendrerit in non tortor. Pellentesque maximus ligula et turpis faucibus cursus. Donec vel nunc metus. Quisque sagittis mattis dui vel varius. Aliquam iaculis interdum lacinia. Nam euismod lectus id maximus sodales. Nam id magna dictum, semper nisl vel, ornare ligula. Sed condimentum metus quis leo pharetra, quis semper urna aliquam. Fusce consectetur accumsan augue sit amet iaculis. Suspendisse volutpat urna vitae fermentum eleifend. Maecenas sapien leo, gravida vitae pellentesque quis, efficitur in erat. Maecenas elementum euismod hendrerit. Mauris sagittis massa a orci.',2.50),(51,86,'Borlessil','Lorem ipsum dolor sit amet, consectetur adipiscing elit. Morbi pulvinar pharetra bibendum. Ut eget risus nec risus finibus hendrerit in non tortor. Pellentesque maximus ligula et turpis faucibus cursus. Donec vel nunc metus. Quisque sagittis mattis dui vel varius. Aliquam iaculis interdum lacinia. Nam euismod lectus id maximus sodales. Nam id magna dictum, semper nisl vel, ornare ligula. Sed condimentum metus quis leo pharetra, quis semper urna aliquam. Fusce consectetur accumsan augue sit amet iaculis. Suspendisse volutpat urna vitae fermentum eleifend. Maecenas sapien leo, gravida vitae pellentesque quis, efficitur in erat. Maecenas elementum euismod hendrerit. Mauris sagittis massa a orci.','Lorem ipsum dolor sit amet, consectetur adipiscing elit. Morbi pulvinar pharetra bibendum. Ut eget risus nec risus finibus hendrerit in non tortor. Pellentesque maximus ligula et turpis faucibus cursus. Donec vel nunc metus. Quisque sagittis mattis dui vel varius. Aliquam iaculis interdum lacinia. Nam euismod lectus id maximus sodales. Nam id magna dictum, semper nisl vel, ornare ligula. Sed condimentum metus quis leo pharetra, quis semper urna aliquam. Fusce consectetur accumsan augue sit amet iaculis. Suspendisse volutpat urna vitae fermentum eleifend. Maecenas sapien leo, gravida vitae pellentesque quis, efficitur in erat. Maecenas elementum euismod hendrerit. Mauris sagittis massa a orci.',2.67),(52,97,'Thitha','Lorem ipsum dolor sit amet, consectetur adipiscing elit. Morbi pulvinar pharetra bibendum. Ut eget risus nec risus finibus hendrerit in non tortor. Pellentesque maximus ligula et turpis faucibus cursus. Donec vel nunc metus. Quisque sagittis mattis dui vel varius. Aliquam iaculis interdum lacinia. Nam euismod lectus id maximus sodales. Nam id magna dictum, semper nisl vel, ornare ligula. Sed condimentum metus quis leo pharetra, quis semper urna aliquam. Fusce consectetur accumsan augue sit amet iaculis. Suspendisse volutpat urna vitae fermentum eleifend. Maecenas sapien leo, gravida vitae pellentesque quis, efficitur in erat. Maecenas elementum euismod hendrerit. Mauris sagittis massa a orci.','Lorem ipsum dolor sit amet, consectetur adipiscing elit. Morbi pulvinar pharetra bibendum. Ut eget risus nec risus finibus hendrerit in non tortor. Pellentesque maximus ligula et turpis faucibus cursus. Donec vel nunc metus. Quisque sagittis mattis dui vel varius. Aliquam iaculis interdum lacinia. Nam euismod lectus id maximus sodales. Nam id magna dictum, semper nisl vel, ornare ligula. Sed condimentum metus quis leo pharetra, quis semper urna aliquam. Fusce consectetur accumsan augue sit amet iaculis. Suspendisse volutpat urna vitae fermentum eleifend. Maecenas sapien leo, gravida vitae pellentesque quis, efficitur in erat. Maecenas elementum euismod hendrerit. Mauris sagittis massa a orci.',1.80),(53,69,'Cylcelnor','Lorem ipsum dolor sit amet, consectetur adipiscing elit. Morbi pulvinar pharetra bibendum. Ut eget risus nec risus finibus hendrerit in non tortor. Pellentesque maximus ligula et turpis faucibus cursus. Donec vel nunc metus. Quisque sagittis mattis dui vel varius. Aliquam iaculis interdum lacinia. Nam euismod lectus id maximus sodales. Nam id magna dictum, semper nisl vel, ornare ligula. Sed condimentum metus quis leo pharetra, quis semper urna aliquam. Fusce consectetur accumsan augue sit amet iaculis. Suspendisse volutpat urna vitae fermentum eleifend. Maecenas sapien leo, gravida vitae pellentesque quis, efficitur in erat. Maecenas elementum euismod hendrerit. Mauris sagittis massa a orci.','Lorem ipsum dolor sit amet, consectetur adipiscing elit. Morbi pulvinar pharetra bibendum. Ut eget risus nec risus finibus hendrerit in non tortor. Pellentesque maximus ligula et turpis faucibus cursus. Donec vel nunc metus. Quisque sagittis mattis dui vel varius. Aliquam iaculis interdum lacinia. Nam euismod lectus id maximus sodales. Nam id magna dictum, semper nisl vel, ornare ligula. Sed condimentum metus quis leo pharetra, quis semper urna aliquam. Fusce consectetur accumsan augue sit amet iaculis. Suspendisse volutpat urna vitae fermentum eleifend. Maecenas sapien leo, gravida vitae pellentesque quis, efficitur in erat. Maecenas elementum euismod hendrerit. Mauris sagittis massa a orci.',3.50),(54,2,'Borbyrhulys','Lorem ipsum dolor sit amet, consectetur adipiscing elit. Morbi pulvinar pharetra bibendum. Ut eget risus nec risus finibus hendrerit in non tortor. Pellentesque maximus ligula et turpis faucibus cursus. Donec vel nunc metus. Quisque sagittis mattis dui vel varius. Aliquam iaculis interdum lacinia. Nam euismod lectus id maximus sodales. Nam id magna dictum, semper nisl vel, ornare ligula. Sed condimentum metus quis leo pharetra, quis semper urna aliquam. Fusce consectetur accumsan augue sit amet iaculis. Suspendisse volutpat urna vitae fermentum eleifend. Maecenas sapien leo, gravida vitae pellentesque quis, efficitur in erat. Maecenas elementum euismod hendrerit. Mauris sagittis massa a orci.','Lorem ipsum dolor sit amet, consectetur adipiscing elit. Morbi pulvinar pharetra bibendum. Ut eget risus nec risus finibus hendrerit in non tortor. Pellentesque maximus ligula et turpis faucibus cursus. Donec vel nunc metus. Quisque sagittis mattis dui vel varius. Aliquam iaculis interdum lacinia. Nam euismod lectus id maximus sodales. Nam id magna dictum, semper nisl vel, ornare ligula. Sed condimentum metus quis leo pharetra, quis semper urna aliquam. Fusce consectetur accumsan augue sit amet iaculis. Suspendisse volutpat urna vitae fermentum eleifend. Maecenas sapien leo, gravida vitae pellentesque quis, efficitur in erat. Maecenas elementum euismod hendrerit. Mauris sagittis massa a orci.',2.67),(55,72,'Loglistha','Lorem ipsum dolor sit amet, consectetur adipiscing elit. Morbi pulvinar pharetra bibendum. Ut eget risus nec risus finibus hendrerit in non tortor. Pellentesque maximus ligula et turpis faucibus cursus. Donec vel nunc metus. Quisque sagittis mattis dui vel varius. Aliquam iaculis interdum lacinia. Nam euismod lectus id maximus sodales. Nam id magna dictum, semper nisl vel, ornare ligula. Sed condimentum metus quis leo pharetra, quis semper urna aliquam. Fusce consectetur accumsan augue sit amet iaculis. Suspendisse volutpat urna vitae fermentum eleifend. Maecenas sapien leo, gravida vitae pellentesque quis, efficitur in erat. Maecenas elementum euismod hendrerit. Mauris sagittis massa a orci.','Lorem ipsum dolor sit amet, consectetur adipiscing elit. Morbi pulvinar pharetra bibendum. Ut eget risus nec risus finibus hendrerit in non tortor. Pellentesque maximus ligula et turpis faucibus cursus. Donec vel nunc metus. Quisque sagittis mattis dui vel varius. Aliquam iaculis interdum lacinia. Nam euismod lectus id maximus sodales. Nam id magna dictum, semper nisl vel, ornare ligula. Sed condimentum metus quis leo pharetra, quis semper urna aliquam. Fusce consectetur accumsan augue sit amet iaculis. Suspendisse volutpat urna vitae fermentum eleifend. Maecenas sapien leo, gravida vitae pellentesque quis, efficitur in erat. Maecenas elementum euismod hendrerit. Mauris sagittis massa a orci.',3.25),(56,81,'Silbartha','Lorem ipsum dolor sit amet, consectetur adipiscing elit. Morbi pulvinar pharetra bibendum. Ut eget risus nec risus finibus hendrerit in non tortor. Pellentesque maximus ligula et turpis faucibus cursus. Donec vel nunc metus. Quisque sagittis mattis dui vel varius. Aliquam iaculis interdum lacinia. Nam euismod lectus id maximus sodales. Nam id magna dictum, semper nisl vel, ornare ligula. Sed condimentum metus quis leo pharetra, quis semper urna aliquam. Fusce consectetur accumsan augue sit amet iaculis. Suspendisse volutpat urna vitae fermentum eleifend. Maecenas sapien leo, gravida vitae pellentesque quis, efficitur in erat. Maecenas elementum euismod hendrerit. Mauris sagittis massa a orci.','Lorem ipsum dolor sit amet, consectetur adipiscing elit. Morbi pulvinar pharetra bibendum. Ut eget risus nec risus finibus hendrerit in non tortor. Pellentesque maximus ligula et turpis faucibus cursus. Donec vel nunc metus. Quisque sagittis mattis dui vel varius. Aliquam iaculis interdum lacinia. Nam euismod lectus id maximus sodales. Nam id magna dictum, semper nisl vel, ornare ligula. Sed condimentum metus quis leo pharetra, quis semper urna aliquam. Fusce consectetur accumsan augue sit amet iaculis. Suspendisse volutpat urna vitae fermentum eleifend. Maecenas sapien leo, gravida vitae pellentesque quis, efficitur in erat. Maecenas elementum euismod hendrerit. Mauris sagittis massa a orci.',3.40),(57,92,'Orncilbirgom','Lorem ipsum dolor sit amet, consectetur adipiscing elit. Morbi pulvinar pharetra bibendum. Ut eget risus nec risus finibus hendrerit in non tortor. Pellentesque maximus ligula et turpis faucibus cursus. Donec vel nunc metus. Quisque sagittis mattis dui vel varius. Aliquam iaculis interdum lacinia. Nam euismod lectus id maximus sodales. Nam id magna dictum, semper nisl vel, ornare ligula. Sed condimentum metus quis leo pharetra, quis semper urna aliquam. Fusce consectetur accumsan augue sit amet iaculis. Suspendisse volutpat urna vitae fermentum eleifend. Maecenas sapien leo, gravida vitae pellentesque quis, efficitur in erat. Maecenas elementum euismod hendrerit. Mauris sagittis massa a orci.','Lorem ipsum dolor sit amet, consectetur adipiscing elit. Morbi pulvinar pharetra bibendum. Ut eget risus nec risus finibus hendrerit in non tortor. Pellentesque maximus ligula et turpis faucibus cursus. Donec vel nunc metus. Quisque sagittis mattis dui vel varius. Aliquam iaculis interdum lacinia. Nam euismod lectus id maximus sodales. Nam id magna dictum, semper nisl vel, ornare ligula. Sed condimentum metus quis leo pharetra, quis semper urna aliquam. Fusce consectetur accumsan augue sit amet iaculis. Suspendisse volutpat urna vitae fermentum eleifend. Maecenas sapien leo, gravida vitae pellentesque quis, efficitur in erat. Maecenas elementum euismod hendrerit. Mauris sagittis massa a orci.',3.25),(58,84,'Lasnormer','Lorem ipsum dolor sit amet, consectetur adipiscing elit. Morbi pulvinar pharetra bibendum. Ut eget risus nec risus finibus hendrerit in non tortor. Pellentesque maximus ligula et turpis faucibus cursus. Donec vel nunc metus. Quisque sagittis mattis dui vel varius. Aliquam iaculis interdum lacinia. Nam euismod lectus id maximus sodales. Nam id magna dictum, semper nisl vel, ornare ligula. Sed condimentum metus quis leo pharetra, quis semper urna aliquam. Fusce consectetur accumsan augue sit amet iaculis. Suspendisse volutpat urna vitae fermentum eleifend. Maecenas sapien leo, gravida vitae pellentesque quis, efficitur in erat. Maecenas elementum euismod hendrerit. Mauris sagittis massa a orci.','Lorem ipsum dolor sit amet, consectetur adipiscing elit. Morbi pulvinar pharetra bibendum. Ut eget risus nec risus finibus hendrerit in non tortor. Pellentesque maximus ligula et turpis faucibus cursus. Donec vel nunc metus. Quisque sagittis mattis dui vel varius. Aliquam iaculis interdum lacinia. Nam euismod lectus id maximus sodales. Nam id magna dictum, semper nisl vel, ornare ligula. Sed condimentum metus quis leo pharetra, quis semper urna aliquam. Fusce consectetur accumsan augue sit amet iaculis. Suspendisse volutpat urna vitae fermentum eleifend. Maecenas sapien leo, gravida vitae pellentesque quis, efficitur in erat. Maecenas elementum euismod hendrerit. Mauris sagittis massa a orci.',2.50),(59,42,'Lumsolthalig','Lorem ipsum dolor sit amet, consectetur adipiscing elit. Morbi pulvinar pharetra bibendum. Ut eget risus nec risus finibus hendrerit in non tortor. Pellentesque maximus ligula et turpis faucibus cursus. Donec vel nunc metus. Quisque sagittis mattis dui vel varius. Aliquam iaculis interdum lacinia. Nam euismod lectus id maximus sodales. Nam id magna dictum, semper nisl vel, ornare ligula. Sed condimentum metus quis leo pharetra, quis semper urna aliquam. Fusce consectetur accumsan augue sit amet iaculis. Suspendisse volutpat urna vitae fermentum eleifend. Maecenas sapien leo, gravida vitae pellentesque quis, efficitur in erat. Maecenas elementum euismod hendrerit. Mauris sagittis massa a orci.','Lorem ipsum dolor sit amet, consectetur adipiscing elit. Morbi pulvinar pharetra bibendum. Ut eget risus nec risus finibus hendrerit in non tortor. Pellentesque maximus ligula et turpis faucibus cursus. Donec vel nunc metus. Quisque sagittis mattis dui vel varius. Aliquam iaculis interdum lacinia. Nam euismod lectus id maximus sodales. Nam id magna dictum, semper nisl vel, ornare ligula. Sed condimentum metus quis leo pharetra, quis semper urna aliquam. Fusce consectetur accumsan augue sit amet iaculis. Suspendisse volutpat urna vitae fermentum eleifend. Maecenas sapien leo, gravida vitae pellentesque quis, efficitur in erat. Maecenas elementum euismod hendrerit. Mauris sagittis massa a orci.',3.20),(60,22,'Burlyscul','Lorem ipsum dolor sit amet, consectetur adipiscing elit. Morbi pulvinar pharetra bibendum. Ut eget risus nec risus finibus hendrerit in non tortor. Pellentesque maximus ligula et turpis faucibus cursus. Donec vel nunc metus. Quisque sagittis mattis dui vel varius. Aliquam iaculis interdum lacinia. Nam euismod lectus id maximus sodales. Nam id magna dictum, semper nisl vel, ornare ligula. Sed condimentum metus quis leo pharetra, quis semper urna aliquam. Fusce consectetur accumsan augue sit amet iaculis. Suspendisse volutpat urna vitae fermentum eleifend. Maecenas sapien leo, gravida vitae pellentesque quis, efficitur in erat. Maecenas elementum euismod hendrerit. Mauris sagittis massa a orci.','Lorem ipsum dolor sit amet, consectetur adipiscing elit. Morbi pulvinar pharetra bibendum. Ut eget risus nec risus finibus hendrerit in non tortor. Pellentesque maximus ligula et turpis faucibus cursus. Donec vel nunc metus. Quisque sagittis mattis dui vel varius. Aliquam iaculis interdum lacinia. Nam euismod lectus id maximus sodales. Nam id magna dictum, semper nisl vel, ornare ligula. Sed condimentum metus quis leo pharetra, quis semper urna aliquam. Fusce consectetur accumsan augue sit amet iaculis. Suspendisse volutpat urna vitae fermentum eleifend. Maecenas sapien leo, gravida vitae pellentesque quis, efficitur in erat. Maecenas elementum euismod hendrerit. Mauris sagittis massa a orci.',4.00),(61,98,'Murgomhellhi','Lorem ipsum dolor sit amet, consectetur adipiscing elit. Morbi pulvinar pharetra bibendum. Ut eget risus nec risus finibus hendrerit in non tortor. Pellentesque maximus ligula et turpis faucibus cursus. Donec vel nunc metus. Quisque sagittis mattis dui vel varius. Aliquam iaculis interdum lacinia. Nam euismod lectus id maximus sodales. Nam id magna dictum, semper nisl vel, ornare ligula. Sed condimentum metus quis leo pharetra, quis semper urna aliquam. Fusce consectetur accumsan augue sit amet iaculis. Suspendisse volutpat urna vitae fermentum eleifend. Maecenas sapien leo, gravida vitae pellentesque quis, efficitur in erat. Maecenas elementum euismod hendrerit. Mauris sagittis massa a orci.','Lorem ipsum dolor sit amet, consectetur adipiscing elit. Morbi pulvinar pharetra bibendum. Ut eget risus nec risus finibus hendrerit in non tortor. Pellentesque maximus ligula et turpis faucibus cursus. Donec vel nunc metus. Quisque sagittis mattis dui vel varius. Aliquam iaculis interdum lacinia. Nam euismod lectus id maximus sodales. Nam id magna dictum, semper nisl vel, ornare ligula. Sed condimentum metus quis leo pharetra, quis semper urna aliquam. Fusce consectetur accumsan augue sit amet iaculis. Suspendisse volutpat urna vitae fermentum eleifend. Maecenas sapien leo, gravida vitae pellentesque quis, efficitur in erat. Maecenas elementum euismod hendrerit. Mauris sagittis massa a orci.',2.75),(62,89,'Thatheluslag','Lorem ipsum dolor sit amet, consectetur adipiscing elit. Morbi pulvinar pharetra bibendum. Ut eget risus nec risus finibus hendrerit in non tortor. Pellentesque maximus ligula et turpis faucibus cursus. Donec vel nunc metus. Quisque sagittis mattis dui vel varius. Aliquam iaculis interdum lacinia. Nam euismod lectus id maximus sodales. Nam id magna dictum, semper nisl vel, ornare ligula. Sed condimentum metus quis leo pharetra, quis semper urna aliquam. Fusce consectetur accumsan augue sit amet iaculis. Suspendisse volutpat urna vitae fermentum eleifend. Maecenas sapien leo, gravida vitae pellentesque quis, efficitur in erat. Maecenas elementum euismod hendrerit. Mauris sagittis massa a orci.','Lorem ipsum dolor sit amet, consectetur adipiscing elit. Morbi pulvinar pharetra bibendum. Ut eget risus nec risus finibus hendrerit in non tortor. Pellentesque maximus ligula et turpis faucibus cursus. Donec vel nunc metus. Quisque sagittis mattis dui vel varius. Aliquam iaculis interdum lacinia. Nam euismod lectus id maximus sodales. Nam id magna dictum, semper nisl vel, ornare ligula. Sed condimentum metus quis leo pharetra, quis semper urna aliquam. Fusce consectetur accumsan augue sit amet iaculis. Suspendisse volutpat urna vitae fermentum eleifend. Maecenas sapien leo, gravida vitae pellentesque quis, efficitur in erat. Maecenas elementum euismod hendrerit. Mauris sagittis massa a orci.',3.83),(63,45,'Lyshallluslam','Lorem ipsum dolor sit amet, consectetur adipiscing elit. Morbi pulvinar pharetra bibendum. Ut eget risus nec risus finibus hendrerit in non tortor. Pellentesque maximus ligula et turpis faucibus cursus. Donec vel nunc metus. Quisque sagittis mattis dui vel varius. Aliquam iaculis interdum lacinia. Nam euismod lectus id maximus sodales. Nam id magna dictum, semper nisl vel, ornare ligula. Sed condimentum metus quis leo pharetra, quis semper urna aliquam. Fusce consectetur accumsan augue sit amet iaculis. Suspendisse volutpat urna vitae fermentum eleifend. Maecenas sapien leo, gravida vitae pellentesque quis, efficitur in erat. Maecenas elementum euismod hendrerit. Mauris sagittis massa a orci.','Lorem ipsum dolor sit amet, consectetur adipiscing elit. Morbi pulvinar pharetra bibendum. Ut eget risus nec risus finibus hendrerit in non tortor. Pellentesque maximus ligula et turpis faucibus cursus. Donec vel nunc metus. Quisque sagittis mattis dui vel varius. Aliquam iaculis interdum lacinia. Nam euismod lectus id maximus sodales. Nam id magna dictum, semper nisl vel, ornare ligula. Sed condimentum metus quis leo pharetra, quis semper urna aliquam. Fusce consectetur accumsan augue sit amet iaculis. Suspendisse volutpat urna vitae fermentum eleifend. Maecenas sapien leo, gravida vitae pellentesque quis, efficitur in erat. Maecenas elementum euismod hendrerit. Mauris sagittis massa a orci.',3.00),(64,15,'Mirborcil','Lorem ipsum dolor sit amet, consectetur adipiscing elit. Morbi pulvinar pharetra bibendum. Ut eget risus nec risus finibus hendrerit in non tortor. Pellentesque maximus ligula et turpis faucibus cursus. Donec vel nunc metus. Quisque sagittis mattis dui vel varius. Aliquam iaculis interdum lacinia. Nam euismod lectus id maximus sodales. Nam id magna dictum, semper nisl vel, ornare ligula. Sed condimentum metus quis leo pharetra, quis semper urna aliquam. Fusce consectetur accumsan augue sit amet iaculis. Suspendisse volutpat urna vitae fermentum eleifend. Maecenas sapien leo, gravida vitae pellentesque quis, efficitur in erat. Maecenas elementum euismod hendrerit. Mauris sagittis massa a orci.','Lorem ipsum dolor sit amet, consectetur adipiscing elit. Morbi pulvinar pharetra bibendum. Ut eget risus nec risus finibus hendrerit in non tortor. Pellentesque maximus ligula et turpis faucibus cursus. Donec vel nunc metus. Quisque sagittis mattis dui vel varius. Aliquam iaculis interdum lacinia. Nam euismod lectus id maximus sodales. Nam id magna dictum, semper nisl vel, ornare ligula. Sed condimentum metus quis leo pharetra, quis semper urna aliquam. Fusce consectetur accumsan augue sit amet iaculis. Suspendisse volutpat urna vitae fermentum eleifend. Maecenas sapien leo, gravida vitae pellentesque quis, efficitur in erat. Maecenas elementum euismod hendrerit. Mauris sagittis massa a orci.',3.38),(65,81,'Nircalbur','Lorem ipsum dolor sit amet, consectetur adipiscing elit. Morbi pulvinar pharetra bibendum. Ut eget risus nec risus finibus hendrerit in non tortor. Pellentesque maximus ligula et turpis faucibus cursus. Donec vel nunc metus. Quisque sagittis mattis dui vel varius. Aliquam iaculis interdum lacinia. Nam euismod lectus id maximus sodales. Nam id magna dictum, semper nisl vel, ornare ligula. Sed condimentum metus quis leo pharetra, quis semper urna aliquam. Fusce consectetur accumsan augue sit amet iaculis. Suspendisse volutpat urna vitae fermentum eleifend. Maecenas sapien leo, gravida vitae pellentesque quis, efficitur in erat. Maecenas elementum euismod hendrerit. Mauris sagittis massa a orci.','Lorem ipsum dolor sit amet, consectetur adipiscing elit. Morbi pulvinar pharetra bibendum. Ut eget risus nec risus finibus hendrerit in non tortor. Pellentesque maximus ligula et turpis faucibus cursus. Donec vel nunc metus. Quisque sagittis mattis dui vel varius. Aliquam iaculis interdum lacinia. Nam euismod lectus id maximus sodales. Nam id magna dictum, semper nisl vel, ornare ligula. Sed condimentum metus quis leo pharetra, quis semper urna aliquam. Fusce consectetur accumsan augue sit amet iaculis. Suspendisse volutpat urna vitae fermentum eleifend. Maecenas sapien leo, gravida vitae pellentesque quis, efficitur in erat. Maecenas elementum euismod hendrerit. Mauris sagittis massa a orci.',2.62),(66,46,'Barlugarn','Lorem ipsum dolor sit amet, consectetur adipiscing elit. Morbi pulvinar pharetra bibendum. Ut eget risus nec risus finibus hendrerit in non tortor. Pellentesque maximus ligula et turpis faucibus cursus. Donec vel nunc metus. Quisque sagittis mattis dui vel varius. Aliquam iaculis interdum lacinia. Nam euismod lectus id maximus sodales. Nam id magna dictum, semper nisl vel, ornare ligula. Sed condimentum metus quis leo pharetra, quis semper urna aliquam. Fusce consectetur accumsan augue sit amet iaculis. Suspendisse volutpat urna vitae fermentum eleifend. Maecenas sapien leo, gravida vitae pellentesque quis, efficitur in erat. Maecenas elementum euismod hendrerit. Mauris sagittis massa a orci.','Lorem ipsum dolor sit amet, consectetur adipiscing elit. Morbi pulvinar pharetra bibendum. Ut eget risus nec risus finibus hendrerit in non tortor. Pellentesque maximus ligula et turpis faucibus cursus. Donec vel nunc metus. Quisque sagittis mattis dui vel varius. Aliquam iaculis interdum lacinia. Nam euismod lectus id maximus sodales. Nam id magna dictum, semper nisl vel, ornare ligula. Sed condimentum metus quis leo pharetra, quis semper urna aliquam. Fusce consectetur accumsan augue sit amet iaculis. Suspendisse volutpat urna vitae fermentum eleifend. Maecenas sapien leo, gravida vitae pellentesque quis, efficitur in erat. Maecenas elementum euismod hendrerit. Mauris sagittis massa a orci.',3.20),(67,97,'Gimcul','Lorem ipsum dolor sit amet, consectetur adipiscing elit. Morbi pulvinar pharetra bibendum. Ut eget risus nec risus finibus hendrerit in non tortor. Pellentesque maximus ligula et turpis faucibus cursus. Donec vel nunc metus. Quisque sagittis mattis dui vel varius. Aliquam iaculis interdum lacinia. Nam euismod lectus id maximus sodales. Nam id magna dictum, semper nisl vel, ornare ligula. Sed condimentum metus quis leo pharetra, quis semper urna aliquam. Fusce consectetur accumsan augue sit amet iaculis. Suspendisse volutpat urna vitae fermentum eleifend. Maecenas sapien leo, gravida vitae pellentesque quis, efficitur in erat. Maecenas elementum euismod hendrerit. Mauris sagittis massa a orci.','Lorem ipsum dolor sit amet, consectetur adipiscing elit. Morbi pulvinar pharetra bibendum. Ut eget risus nec risus finibus hendrerit in non tortor. Pellentesque maximus ligula et turpis faucibus cursus. Donec vel nunc metus. Quisque sagittis mattis dui vel varius. Aliquam iaculis interdum lacinia. Nam euismod lectus id maximus sodales. Nam id magna dictum, semper nisl vel, ornare ligula. Sed condimentum metus quis leo pharetra, quis semper urna aliquam. Fusce consectetur accumsan augue sit amet iaculis. Suspendisse volutpat urna vitae fermentum eleifend. Maecenas sapien leo, gravida vitae pellentesque quis, efficitur in erat. Maecenas elementum euismod hendrerit. Mauris sagittis massa a orci.',3.80),(68,76,'Thulam','Lorem ipsum dolor sit amet, consectetur adipiscing elit. Morbi pulvinar pharetra bibendum. Ut eget risus nec risus finibus hendrerit in non tortor. Pellentesque maximus ligula et turpis faucibus cursus. Donec vel nunc metus. Quisque sagittis mattis dui vel varius. Aliquam iaculis interdum lacinia. Nam euismod lectus id maximus sodales. Nam id magna dictum, semper nisl vel, ornare ligula. Sed condimentum metus quis leo pharetra, quis semper urna aliquam. Fusce consectetur accumsan augue sit amet iaculis. Suspendisse volutpat urna vitae fermentum eleifend. Maecenas sapien leo, gravida vitae pellentesque quis, efficitur in erat. Maecenas elementum euismod hendrerit. Mauris sagittis massa a orci.','Lorem ipsum dolor sit amet, consectetur adipiscing elit. Morbi pulvinar pharetra bibendum. Ut eget risus nec risus finibus hendrerit in non tortor. Pellentesque maximus ligula et turpis faucibus cursus. Donec vel nunc metus. Quisque sagittis mattis dui vel varius. Aliquam iaculis interdum lacinia. Nam euismod lectus id maximus sodales. Nam id magna dictum, semper nisl vel, ornare ligula. Sed condimentum metus quis leo pharetra, quis semper urna aliquam. Fusce consectetur accumsan augue sit amet iaculis. Suspendisse volutpat urna vitae fermentum eleifend. Maecenas sapien leo, gravida vitae pellentesque quis, efficitur in erat. Maecenas elementum euismod hendrerit. Mauris sagittis massa a orci.',3.80),(69,93,'Hecolha','Lorem ipsum dolor sit amet, consectetur adipiscing elit. Morbi pulvinar pharetra bibendum. Ut eget risus nec risus finibus hendrerit in non tortor. Pellentesque maximus ligula et turpis faucibus cursus. Donec vel nunc metus. Quisque sagittis mattis dui vel varius. Aliquam iaculis interdum lacinia. Nam euismod lectus id maximus sodales. Nam id magna dictum, semper nisl vel, ornare ligula. Sed condimentum metus quis leo pharetra, quis semper urna aliquam. Fusce consectetur accumsan augue sit amet iaculis. Suspendisse volutpat urna vitae fermentum eleifend. Maecenas sapien leo, gravida vitae pellentesque quis, efficitur in erat. Maecenas elementum euismod hendrerit. Mauris sagittis massa a orci.','Lorem ipsum dolor sit amet, consectetur adipiscing elit. Morbi pulvinar pharetra bibendum. Ut eget risus nec risus finibus hendrerit in non tortor. Pellentesque maximus ligula et turpis faucibus cursus. Donec vel nunc metus. Quisque sagittis mattis dui vel varius. Aliquam iaculis interdum lacinia. Nam euismod lectus id maximus sodales. Nam id magna dictum, semper nisl vel, ornare ligula. Sed condimentum metus quis leo pharetra, quis semper urna aliquam. Fusce consectetur accumsan augue sit amet iaculis. Suspendisse volutpat urna vitae fermentum eleifend. Maecenas sapien leo, gravida vitae pellentesque quis, efficitur in erat. Maecenas elementum euismod hendrerit. Mauris sagittis massa a orci.',1.00),(70,40,'Ornmur','Lorem ipsum dolor sit amet, consectetur adipiscing elit. Morbi pulvinar pharetra bibendum. Ut eget risus nec risus finibus hendrerit in non tortor. Pellentesque maximus ligula et turpis faucibus cursus. Donec vel nunc metus. Quisque sagittis mattis dui vel varius. Aliquam iaculis interdum lacinia. Nam euismod lectus id maximus sodales. Nam id magna dictum, semper nisl vel, ornare ligula. Sed condimentum metus quis leo pharetra, quis semper urna aliquam. Fusce consectetur accumsan augue sit amet iaculis. Suspendisse volutpat urna vitae fermentum eleifend. Maecenas sapien leo, gravida vitae pellentesque quis, efficitur in erat. Maecenas elementum euismod hendrerit. Mauris sagittis massa a orci.','Lorem ipsum dolor sit amet, consectetur adipiscing elit. Morbi pulvinar pharetra bibendum. Ut eget risus nec risus finibus hendrerit in non tortor. Pellentesque maximus ligula et turpis faucibus cursus. Donec vel nunc metus. Quisque sagittis mattis dui vel varius. Aliquam iaculis interdum lacinia. Nam euismod lectus id maximus sodales. Nam id magna dictum, semper nisl vel, ornare ligula. Sed condimentum metus quis leo pharetra, quis semper urna aliquam. Fusce consectetur accumsan augue sit amet iaculis. Suspendisse volutpat urna vitae fermentum eleifend. Maecenas sapien leo, gravida vitae pellentesque quis, efficitur in erat. Maecenas elementum euismod hendrerit. Mauris sagittis massa a orci.',3.50),(71,2,'Lamber','Lorem ipsum dolor sit amet, consectetur adipiscing elit. Morbi pulvinar pharetra bibendum. Ut eget risus nec risus finibus hendrerit in non tortor. Pellentesque maximus ligula et turpis faucibus cursus. Donec vel nunc metus. Quisque sagittis mattis dui vel varius. Aliquam iaculis interdum lacinia. Nam euismod lectus id maximus sodales. Nam id magna dictum, semper nisl vel, ornare ligula. Sed condimentum metus quis leo pharetra, quis semper urna aliquam. Fusce consectetur accumsan augue sit amet iaculis. Suspendisse volutpat urna vitae fermentum eleifend. Maecenas sapien leo, gravida vitae pellentesque quis, efficitur in erat. Maecenas elementum euismod hendrerit. Mauris sagittis massa a orci.','Lorem ipsum dolor sit amet, consectetur adipiscing elit. Morbi pulvinar pharetra bibendum. Ut eget risus nec risus finibus hendrerit in non tortor. Pellentesque maximus ligula et turpis faucibus cursus. Donec vel nunc metus. Quisque sagittis mattis dui vel varius. Aliquam iaculis interdum lacinia. Nam euismod lectus id maximus sodales. Nam id magna dictum, semper nisl vel, ornare ligula. Sed condimentum metus quis leo pharetra, quis semper urna aliquam. Fusce consectetur accumsan augue sit amet iaculis. Suspendisse volutpat urna vitae fermentum eleifend. Maecenas sapien leo, gravida vitae pellentesque quis, efficitur in erat. Maecenas elementum euismod hendrerit. Mauris sagittis massa a orci.',2.00),(72,64,'Sulleshe','Lorem ipsum dolor sit amet, consectetur adipiscing elit. Morbi pulvinar pharetra bibendum. Ut eget risus nec risus finibus hendrerit in non tortor. Pellentesque maximus ligula et turpis faucibus cursus. Donec vel nunc metus. Quisque sagittis mattis dui vel varius. Aliquam iaculis interdum lacinia. Nam euismod lectus id maximus sodales. Nam id magna dictum, semper nisl vel, ornare ligula. Sed condimentum metus quis leo pharetra, quis semper urna aliquam. Fusce consectetur accumsan augue sit amet iaculis. Suspendisse volutpat urna vitae fermentum eleifend. Maecenas sapien leo, gravida vitae pellentesque quis, efficitur in erat. Maecenas elementum euismod hendrerit. Mauris sagittis massa a orci.','Lorem ipsum dolor sit amet, consectetur adipiscing elit. Morbi pulvinar pharetra bibendum. Ut eget risus nec risus finibus hendrerit in non tortor. Pellentesque maximus ligula et turpis faucibus cursus. Donec vel nunc metus. Quisque sagittis mattis dui vel varius. Aliquam iaculis interdum lacinia. Nam euismod lectus id maximus sodales. Nam id magna dictum, semper nisl vel, ornare ligula. Sed condimentum metus quis leo pharetra, quis semper urna aliquam. Fusce consectetur accumsan augue sit amet iaculis. Suspendisse volutpat urna vitae fermentum eleifend. Maecenas sapien leo, gravida vitae pellentesque quis, efficitur in erat. Maecenas elementum euismod hendrerit. Mauris sagittis massa a orci.',3.38),(73,46,'Lomlember','Lorem ipsum dolor sit amet, consectetur adipiscing elit. Morbi pulvinar pharetra bibendum. Ut eget risus nec risus finibus hendrerit in non tortor. Pellentesque maximus ligula et turpis faucibus cursus. Donec vel nunc metus. Quisque sagittis mattis dui vel varius. Aliquam iaculis interdum lacinia. Nam euismod lectus id maximus sodales. Nam id magna dictum, semper nisl vel, ornare ligula. Sed condimentum metus quis leo pharetra, quis semper urna aliquam. Fusce consectetur accumsan augue sit amet iaculis. Suspendisse volutpat urna vitae fermentum eleifend. Maecenas sapien leo, gravida vitae pellentesque quis, efficitur in erat. Maecenas elementum euismod hendrerit. Mauris sagittis massa a orci.','Lorem ipsum dolor sit amet, consectetur adipiscing elit. Morbi pulvinar pharetra bibendum. Ut eget risus nec risus finibus hendrerit in non tortor. Pellentesque maximus ligula et turpis faucibus cursus. Donec vel nunc metus. Quisque sagittis mattis dui vel varius. Aliquam iaculis interdum lacinia. Nam euismod lectus id maximus sodales. Nam id magna dictum, semper nisl vel, ornare ligula. Sed condimentum metus quis leo pharetra, quis semper urna aliquam. Fusce consectetur accumsan augue sit amet iaculis. Suspendisse volutpat urna vitae fermentum eleifend. Maecenas sapien leo, gravida vitae pellentesque quis, efficitur in erat. Maecenas elementum euismod hendrerit. Mauris sagittis massa a orci.',3.43),(74,13,'Loscal','Lorem ipsum dolor sit amet, consectetur adipiscing elit. Morbi pulvinar pharetra bibendum. Ut eget risus nec risus finibus hendrerit in non tortor. Pellentesque maximus ligula et turpis faucibus cursus. Donec vel nunc metus. Quisque sagittis mattis dui vel varius. Aliquam iaculis interdum lacinia. Nam euismod lectus id maximus sodales. Nam id magna dictum, semper nisl vel, ornare ligula. Sed condimentum metus quis leo pharetra, quis semper urna aliquam. Fusce consectetur accumsan augue sit amet iaculis. Suspendisse volutpat urna vitae fermentum eleifend. Maecenas sapien leo, gravida vitae pellentesque quis, efficitur in erat. Maecenas elementum euismod hendrerit. Mauris sagittis massa a orci.','Lorem ipsum dolor sit amet, consectetur adipiscing elit. Morbi pulvinar pharetra bibendum. Ut eget risus nec risus finibus hendrerit in non tortor. Pellentesque maximus ligula et turpis faucibus cursus. Donec vel nunc metus. Quisque sagittis mattis dui vel varius. Aliquam iaculis interdum lacinia. Nam euismod lectus id maximus sodales. Nam id magna dictum, semper nisl vel, ornare ligula. Sed condimentum metus quis leo pharetra, quis semper urna aliquam. Fusce consectetur accumsan augue sit amet iaculis. Suspendisse volutpat urna vitae fermentum eleifend. Maecenas sapien leo, gravida vitae pellentesque quis, efficitur in erat. Maecenas elementum euismod hendrerit. Mauris sagittis massa a orci.',2.00),(75,99,'Calornthilog','Lorem ipsum dolor sit amet, consectetur adipiscing elit. Morbi pulvinar pharetra bibendum. Ut eget risus nec risus finibus hendrerit in non tortor. Pellentesque maximus ligula et turpis faucibus cursus. Donec vel nunc metus. Quisque sagittis mattis dui vel varius. Aliquam iaculis interdum lacinia. Nam euismod lectus id maximus sodales. Nam id magna dictum, semper nisl vel, ornare ligula. Sed condimentum metus quis leo pharetra, quis semper urna aliquam. Fusce consectetur accumsan augue sit amet iaculis. Suspendisse volutpat urna vitae fermentum eleifend. Maecenas sapien leo, gravida vitae pellentesque quis, efficitur in erat. Maecenas elementum euismod hendrerit. Mauris sagittis massa a orci.','Lorem ipsum dolor sit amet, consectetur adipiscing elit. Morbi pulvinar pharetra bibendum. Ut eget risus nec risus finibus hendrerit in non tortor. Pellentesque maximus ligula et turpis faucibus cursus. Donec vel nunc metus. Quisque sagittis mattis dui vel varius. Aliquam iaculis interdum lacinia. Nam euismod lectus id maximus sodales. Nam id magna dictum, semper nisl vel, ornare ligula. Sed condimentum metus quis leo pharetra, quis semper urna aliquam. Fusce consectetur accumsan augue sit amet iaculis. Suspendisse volutpat urna vitae fermentum eleifend. Maecenas sapien leo, gravida vitae pellentesque quis, efficitur in erat. Maecenas elementum euismod hendrerit. Mauris sagittis massa a orci.',2.25),(76,9,'Limlesgam','Lorem ipsum dolor sit amet, consectetur adipiscing elit. Morbi pulvinar pharetra bibendum. Ut eget risus nec risus finibus hendrerit in non tortor. Pellentesque maximus ligula et turpis faucibus cursus. Donec vel nunc metus. Quisque sagittis mattis dui vel varius. Aliquam iaculis interdum lacinia. Nam euismod lectus id maximus sodales. Nam id magna dictum, semper nisl vel, ornare ligula. Sed condimentum metus quis leo pharetra, quis semper urna aliquam. Fusce consectetur accumsan augue sit amet iaculis. Suspendisse volutpat urna vitae fermentum eleifend. Maecenas sapien leo, gravida vitae pellentesque quis, efficitur in erat. Maecenas elementum euismod hendrerit. Mauris sagittis massa a orci.','Lorem ipsum dolor sit amet, consectetur adipiscing elit. Morbi pulvinar pharetra bibendum. Ut eget risus nec risus finibus hendrerit in non tortor. Pellentesque maximus ligula et turpis faucibus cursus. Donec vel nunc metus. Quisque sagittis mattis dui vel varius. Aliquam iaculis interdum lacinia. Nam euismod lectus id maximus sodales. Nam id magna dictum, semper nisl vel, ornare ligula. Sed condimentum metus quis leo pharetra, quis semper urna aliquam. Fusce consectetur accumsan augue sit amet iaculis. Suspendisse volutpat urna vitae fermentum eleifend. Maecenas sapien leo, gravida vitae pellentesque quis, efficitur in erat. Maecenas elementum euismod hendrerit. Mauris sagittis massa a orci.',2.67),(77,48,'Thigomcul','Lorem ipsum dolor sit amet, consectetur adipiscing elit. Morbi pulvinar pharetra bibendum. Ut eget risus nec risus finibus hendrerit in non tortor. Pellentesque maximus ligula et turpis faucibus cursus. Donec vel nunc metus. Quisque sagittis mattis dui vel varius. Aliquam iaculis interdum lacinia. Nam euismod lectus id maximus sodales. Nam id magna dictum, semper nisl vel, ornare ligula. Sed condimentum metus quis leo pharetra, quis semper urna aliquam. Fusce consectetur accumsan augue sit amet iaculis. Suspendisse volutpat urna vitae fermentum eleifend. Maecenas sapien leo, gravida vitae pellentesque quis, efficitur in erat. Maecenas elementum euismod hendrerit. Mauris sagittis massa a orci.','Lorem ipsum dolor sit amet, consectetur adipiscing elit. Morbi pulvinar pharetra bibendum. Ut eget risus nec risus finibus hendrerit in non tortor. Pellentesque maximus ligula et turpis faucibus cursus. Donec vel nunc metus. Quisque sagittis mattis dui vel varius. Aliquam iaculis interdum lacinia. Nam euismod lectus id maximus sodales. Nam id magna dictum, semper nisl vel, ornare ligula. Sed condimentum metus quis leo pharetra, quis semper urna aliquam. Fusce consectetur accumsan augue sit amet iaculis. Suspendisse volutpat urna vitae fermentum eleifend. Maecenas sapien leo, gravida vitae pellentesque quis, efficitur in erat. Maecenas elementum euismod hendrerit. Mauris sagittis massa a orci.',3.56),(78,32,'Laglyslomlis','Lorem ipsum dolor sit amet, consectetur adipiscing elit. Morbi pulvinar pharetra bibendum. Ut eget risus nec risus finibus hendrerit in non tortor. Pellentesque maximus ligula et turpis faucibus cursus. Donec vel nunc metus. Quisque sagittis mattis dui vel varius. Aliquam iaculis interdum lacinia. Nam euismod lectus id maximus sodales. Nam id magna dictum, semper nisl vel, ornare ligula. Sed condimentum metus quis leo pharetra, quis semper urna aliquam. Fusce consectetur accumsan augue sit amet iaculis. Suspendisse volutpat urna vitae fermentum eleifend. Maecenas sapien leo, gravida vitae pellentesque quis, efficitur in erat. Maecenas elementum euismod hendrerit. Mauris sagittis massa a orci.','Lorem ipsum dolor sit amet, consectetur adipiscing elit. Morbi pulvinar pharetra bibendum. Ut eget risus nec risus finibus hendrerit in non tortor. Pellentesque maximus ligula et turpis faucibus cursus. Donec vel nunc metus. Quisque sagittis mattis dui vel varius. Aliquam iaculis interdum lacinia. Nam euismod lectus id maximus sodales. Nam id magna dictum, semper nisl vel, ornare ligula. Sed condimentum metus quis leo pharetra, quis semper urna aliquam. Fusce consectetur accumsan augue sit amet iaculis. Suspendisse volutpat urna vitae fermentum eleifend. Maecenas sapien leo, gravida vitae pellentesque quis, efficitur in erat. Maecenas elementum euismod hendrerit. Mauris sagittis massa a orci.',2.38),(79,30,'Erngomlig','Lorem ipsum dolor sit amet, consectetur adipiscing elit. Morbi pulvinar pharetra bibendum. Ut eget risus nec risus finibus hendrerit in non tortor. Pellentesque maximus ligula et turpis faucibus cursus. Donec vel nunc metus. Quisque sagittis mattis dui vel varius. Aliquam iaculis interdum lacinia. Nam euismod lectus id maximus sodales. Nam id magna dictum, semper nisl vel, ornare ligula. Sed condimentum metus quis leo pharetra, quis semper urna aliquam. Fusce consectetur accumsan augue sit amet iaculis. Suspendisse volutpat urna vitae fermentum eleifend. Maecenas sapien leo, gravida vitae pellentesque quis, efficitur in erat. Maecenas elementum euismod hendrerit. Mauris sagittis massa a orci.','Lorem ipsum dolor sit amet, consectetur adipiscing elit. Morbi pulvinar pharetra bibendum. Ut eget risus nec risus finibus hendrerit in non tortor. Pellentesque maximus ligula et turpis faucibus cursus. Donec vel nunc metus. Quisque sagittis mattis dui vel varius. Aliquam iaculis interdum lacinia. Nam euismod lectus id maximus sodales. Nam id magna dictum, semper nisl vel, ornare ligula. Sed condimentum metus quis leo pharetra, quis semper urna aliquam. Fusce consectetur accumsan augue sit amet iaculis. Suspendisse volutpat urna vitae fermentum eleifend. Maecenas sapien leo, gravida vitae pellentesque quis, efficitur in erat. Maecenas elementum euismod hendrerit. Mauris sagittis massa a orci.',3.20),(80,67,'Gamlusmorcol','Lorem ipsum dolor sit amet, consectetur adipiscing elit. Morbi pulvinar pharetra bibendum. Ut eget risus nec risus finibus hendrerit in non tortor. Pellentesque maximus ligula et turpis faucibus cursus. Donec vel nunc metus. Quisque sagittis mattis dui vel varius. Aliquam iaculis interdum lacinia. Nam euismod lectus id maximus sodales. Nam id magna dictum, semper nisl vel, ornare ligula. Sed condimentum metus quis leo pharetra, quis semper urna aliquam. Fusce consectetur accumsan augue sit amet iaculis. Suspendisse volutpat urna vitae fermentum eleifend. Maecenas sapien leo, gravida vitae pellentesque quis, efficitur in erat. Maecenas elementum euismod hendrerit. Mauris sagittis massa a orci.','Lorem ipsum dolor sit amet, consectetur adipiscing elit. Morbi pulvinar pharetra bibendum. Ut eget risus nec risus finibus hendrerit in non tortor. Pellentesque maximus ligula et turpis faucibus cursus. Donec vel nunc metus. Quisque sagittis mattis dui vel varius. Aliquam iaculis interdum lacinia. Nam euismod lectus id maximus sodales. Nam id magna dictum, semper nisl vel, ornare ligula. Sed condimentum metus quis leo pharetra, quis semper urna aliquam. Fusce consectetur accumsan augue sit amet iaculis. Suspendisse volutpat urna vitae fermentum eleifend. Maecenas sapien leo, gravida vitae pellentesque quis, efficitur in erat. Maecenas elementum euismod hendrerit. Mauris sagittis massa a orci.',1.78),(81,81,'Syllag','Lorem ipsum dolor sit amet, consectetur adipiscing elit. Morbi pulvinar pharetra bibendum. Ut eget risus nec risus finibus hendrerit in non tortor. Pellentesque maximus ligula et turpis faucibus cursus. Donec vel nunc metus. Quisque sagittis mattis dui vel varius. Aliquam iaculis interdum lacinia. Nam euismod lectus id maximus sodales. Nam id magna dictum, semper nisl vel, ornare ligula. Sed condimentum metus quis leo pharetra, quis semper urna aliquam. Fusce consectetur accumsan augue sit amet iaculis. Suspendisse volutpat urna vitae fermentum eleifend. Maecenas sapien leo, gravida vitae pellentesque quis, efficitur in erat. Maecenas elementum euismod hendrerit. Mauris sagittis massa a orci.','Lorem ipsum dolor sit amet, consectetur adipiscing elit. Morbi pulvinar pharetra bibendum. Ut eget risus nec risus finibus hendrerit in non tortor. Pellentesque maximus ligula et turpis faucibus cursus. Donec vel nunc metus. Quisque sagittis mattis dui vel varius. Aliquam iaculis interdum lacinia. Nam euismod lectus id maximus sodales. Nam id magna dictum, semper nisl vel, ornare ligula. Sed condimentum metus quis leo pharetra, quis semper urna aliquam. Fusce consectetur accumsan augue sit amet iaculis. Suspendisse volutpat urna vitae fermentum eleifend. Maecenas sapien leo, gravida vitae pellentesque quis, efficitur in erat. Maecenas elementum euismod hendrerit. Mauris sagittis massa a orci.',2.20),(82,72,'Hothoirnlug','Lorem ipsum dolor sit amet, consectetur adipiscing elit. Morbi pulvinar pharetra bibendum. Ut eget risus nec risus finibus hendrerit in non tortor. Pellentesque maximus ligula et turpis faucibus cursus. Donec vel nunc metus. Quisque sagittis mattis dui vel varius. Aliquam iaculis interdum lacinia. Nam euismod lectus id maximus sodales. Nam id magna dictum, semper nisl vel, ornare ligula. Sed condimentum metus quis leo pharetra, quis semper urna aliquam. Fusce consectetur accumsan augue sit amet iaculis. Suspendisse volutpat urna vitae fermentum eleifend. Maecenas sapien leo, gravida vitae pellentesque quis, efficitur in erat. Maecenas elementum euismod hendrerit. Mauris sagittis massa a orci.','Lorem ipsum dolor sit amet, consectetur adipiscing elit. Morbi pulvinar pharetra bibendum. Ut eget risus nec risus finibus hendrerit in non tortor. Pellentesque maximus ligula et turpis faucibus cursus. Donec vel nunc metus. Quisque sagittis mattis dui vel varius. Aliquam iaculis interdum lacinia. Nam euismod lectus id maximus sodales. Nam id magna dictum, semper nisl vel, ornare ligula. Sed condimentum metus quis leo pharetra, quis semper urna aliquam. Fusce consectetur accumsan augue sit amet iaculis. Suspendisse volutpat urna vitae fermentum eleifend. Maecenas sapien leo, gravida vitae pellentesque quis, efficitur in erat. Maecenas elementum euismod hendrerit. Mauris sagittis massa a orci.',1.75),(83,41,'Hesolmar','Lorem ipsum dolor sit amet, consectetur adipiscing elit. Morbi pulvinar pharetra bibendum. Ut eget risus nec risus finibus hendrerit in non tortor. Pellentesque maximus ligula et turpis faucibus cursus. Donec vel nunc metus. Quisque sagittis mattis dui vel varius. Aliquam iaculis interdum lacinia. Nam euismod lectus id maximus sodales. Nam id magna dictum, semper nisl vel, ornare ligula. Sed condimentum metus quis leo pharetra, quis semper urna aliquam. Fusce consectetur accumsan augue sit amet iaculis. Suspendisse volutpat urna vitae fermentum eleifend. Maecenas sapien leo, gravida vitae pellentesque quis, efficitur in erat. Maecenas elementum euismod hendrerit. Mauris sagittis massa a orci.','Lorem ipsum dolor sit amet, consectetur adipiscing elit. Morbi pulvinar pharetra bibendum. Ut eget risus nec risus finibus hendrerit in non tortor. Pellentesque maximus ligula et turpis faucibus cursus. Donec vel nunc metus. Quisque sagittis mattis dui vel varius. Aliquam iaculis interdum lacinia. Nam euismod lectus id maximus sodales. Nam id magna dictum, semper nisl vel, ornare ligula. Sed condimentum metus quis leo pharetra, quis semper urna aliquam. Fusce consectetur accumsan augue sit amet iaculis. Suspendisse volutpat urna vitae fermentum eleifend. Maecenas sapien leo, gravida vitae pellentesque quis, efficitur in erat. Maecenas elementum euismod hendrerit. Mauris sagittis massa a orci.',3.12),(84,88,'Lugcul','Lorem ipsum dolor sit amet, consectetur adipiscing elit. Morbi pulvinar pharetra bibendum. Ut eget risus nec risus finibus hendrerit in non tortor. Pellentesque maximus ligula et turpis faucibus cursus. Donec vel nunc metus. Quisque sagittis mattis dui vel varius. Aliquam iaculis interdum lacinia. Nam euismod lectus id maximus sodales. Nam id magna dictum, semper nisl vel, ornare ligula. Sed condimentum metus quis leo pharetra, quis semper urna aliquam. Fusce consectetur accumsan augue sit amet iaculis. Suspendisse volutpat urna vitae fermentum eleifend. Maecenas sapien leo, gravida vitae pellentesque quis, efficitur in erat. Maecenas elementum euismod hendrerit. Mauris sagittis massa a orci.','Lorem ipsum dolor sit amet, consectetur adipiscing elit. Morbi pulvinar pharetra bibendum. Ut eget risus nec risus finibus hendrerit in non tortor. Pellentesque maximus ligula et turpis faucibus cursus. Donec vel nunc metus. Quisque sagittis mattis dui vel varius. Aliquam iaculis interdum lacinia. Nam euismod lectus id maximus sodales. Nam id magna dictum, semper nisl vel, ornare ligula. Sed condimentum metus quis leo pharetra, quis semper urna aliquam. Fusce consectetur accumsan augue sit amet iaculis. Suspendisse volutpat urna vitae fermentum eleifend. Maecenas sapien leo, gravida vitae pellentesque quis, efficitur in erat. Maecenas elementum euismod hendrerit. Mauris sagittis massa a orci.',1.33),(85,1,'Thicolthu','Lorem ipsum dolor sit amet, consectetur adipiscing elit. Morbi pulvinar pharetra bibendum. Ut eget risus nec risus finibus hendrerit in non tortor. Pellentesque maximus ligula et turpis faucibus cursus. Donec vel nunc metus. Quisque sagittis mattis dui vel varius. Aliquam iaculis interdum lacinia. Nam euismod lectus id maximus sodales. Nam id magna dictum, semper nisl vel, ornare ligula. Sed condimentum metus quis leo pharetra, quis semper urna aliquam. Fusce consectetur accumsan augue sit amet iaculis. Suspendisse volutpat urna vitae fermentum eleifend. Maecenas sapien leo, gravida vitae pellentesque quis, efficitur in erat. Maecenas elementum euismod hendrerit. Mauris sagittis massa a orci.','Lorem ipsum dolor sit amet, consectetur adipiscing elit. Morbi pulvinar pharetra bibendum. Ut eget risus nec risus finibus hendrerit in non tortor. Pellentesque maximus ligula et turpis faucibus cursus. Donec vel nunc metus. Quisque sagittis mattis dui vel varius. Aliquam iaculis interdum lacinia. Nam euismod lectus id maximus sodales. Nam id magna dictum, semper nisl vel, ornare ligula. Sed condimentum metus quis leo pharetra, quis semper urna aliquam. Fusce consectetur accumsan augue sit amet iaculis. Suspendisse volutpat urna vitae fermentum eleifend. Maecenas sapien leo, gravida vitae pellentesque quis, efficitur in erat. Maecenas elementum euismod hendrerit. Mauris sagittis massa a orci.',4.00),(86,37,'Narlescul','Lorem ipsum dolor sit amet, consectetur adipiscing elit. Morbi pulvinar pharetra bibendum. Ut eget risus nec risus finibus hendrerit in non tortor. Pellentesque maximus ligula et turpis faucibus cursus. Donec vel nunc metus. Quisque sagittis mattis dui vel varius. Aliquam iaculis interdum lacinia. Nam euismod lectus id maximus sodales. Nam id magna dictum, semper nisl vel, ornare ligula. Sed condimentum metus quis leo pharetra, quis semper urna aliquam. Fusce consectetur accumsan augue sit amet iaculis. Suspendisse volutpat urna vitae fermentum eleifend. Maecenas sapien leo, gravida vitae pellentesque quis, efficitur in erat. Maecenas elementum euismod hendrerit. Mauris sagittis massa a orci.','Lorem ipsum dolor sit amet, consectetur adipiscing elit. Morbi pulvinar pharetra bibendum. Ut eget risus nec risus finibus hendrerit in non tortor. Pellentesque maximus ligula et turpis faucibus cursus. Donec vel nunc metus. Quisque sagittis mattis dui vel varius. Aliquam iaculis interdum lacinia. Nam euismod lectus id maximus sodales. Nam id magna dictum, semper nisl vel, ornare ligula. Sed condimentum metus quis leo pharetra, quis semper urna aliquam. Fusce consectetur accumsan augue sit amet iaculis. Suspendisse volutpat urna vitae fermentum eleifend. Maecenas sapien leo, gravida vitae pellentesque quis, efficitur in erat. Maecenas elementum euismod hendrerit. Mauris sagittis massa a orci.',2.30),(87,58,'Nirmersolurn','Lorem ipsum dolor sit amet, consectetur adipiscing elit. Morbi pulvinar pharetra bibendum. Ut eget risus nec risus finibus hendrerit in non tortor. Pellentesque maximus ligula et turpis faucibus cursus. Donec vel nunc metus. Quisque sagittis mattis dui vel varius. Aliquam iaculis interdum lacinia. Nam euismod lectus id maximus sodales. Nam id magna dictum, semper nisl vel, ornare ligula. Sed condimentum metus quis leo pharetra, quis semper urna aliquam. Fusce consectetur accumsan augue sit amet iaculis. Suspendisse volutpat urna vitae fermentum eleifend. Maecenas sapien leo, gravida vitae pellentesque quis, efficitur in erat. Maecenas elementum euismod hendrerit. Mauris sagittis massa a orci.','Lorem ipsum dolor sit amet, consectetur adipiscing elit. Morbi pulvinar pharetra bibendum. Ut eget risus nec risus finibus hendrerit in non tortor. Pellentesque maximus ligula et turpis faucibus cursus. Donec vel nunc metus. Quisque sagittis mattis dui vel varius. Aliquam iaculis interdum lacinia. Nam euismod lectus id maximus sodales. Nam id magna dictum, semper nisl vel, ornare ligula. Sed condimentum metus quis leo pharetra, quis semper urna aliquam. Fusce consectetur accumsan augue sit amet iaculis. Suspendisse volutpat urna vitae fermentum eleifend. Maecenas sapien leo, gravida vitae pellentesque quis, efficitur in erat. Maecenas elementum euismod hendrerit. Mauris sagittis massa a orci.',3.00),(88,68,'Logcel','Lorem ipsum dolor sit amet, consectetur adipiscing elit. Morbi pulvinar pharetra bibendum. Ut eget risus nec risus finibus hendrerit in non tortor. Pellentesque maximus ligula et turpis faucibus cursus. Donec vel nunc metus. Quisque sagittis mattis dui vel varius. Aliquam iaculis interdum lacinia. Nam euismod lectus id maximus sodales. Nam id magna dictum, semper nisl vel, ornare ligula. Sed condimentum metus quis leo pharetra, quis semper urna aliquam. Fusce consectetur accumsan augue sit amet iaculis. Suspendisse volutpat urna vitae fermentum eleifend. Maecenas sapien leo, gravida vitae pellentesque quis, efficitur in erat. Maecenas elementum euismod hendrerit. Mauris sagittis massa a orci.','Lorem ipsum dolor sit amet, consectetur adipiscing elit. Morbi pulvinar pharetra bibendum. Ut eget risus nec risus finibus hendrerit in non tortor. Pellentesque maximus ligula et turpis faucibus cursus. Donec vel nunc metus. Quisque sagittis mattis dui vel varius. Aliquam iaculis interdum lacinia. Nam euismod lectus id maximus sodales. Nam id magna dictum, semper nisl vel, ornare ligula. Sed condimentum metus quis leo pharetra, quis semper urna aliquam. Fusce consectetur accumsan augue sit amet iaculis. Suspendisse volutpat urna vitae fermentum eleifend. Maecenas sapien leo, gravida vitae pellentesque quis, efficitur in erat. Maecenas elementum euismod hendrerit. Mauris sagittis massa a orci.',1.33),(89,10,'Lasloglag','Lorem ipsum dolor sit amet, consectetur adipiscing elit. Morbi pulvinar pharetra bibendum. Ut eget risus nec risus finibus hendrerit in non tortor. Pellentesque maximus ligula et turpis faucibus cursus. Donec vel nunc metus. Quisque sagittis mattis dui vel varius. Aliquam iaculis interdum lacinia. Nam euismod lectus id maximus sodales. Nam id magna dictum, semper nisl vel, ornare ligula. Sed condimentum metus quis leo pharetra, quis semper urna aliquam. Fusce consectetur accumsan augue sit amet iaculis. Suspendisse volutpat urna vitae fermentum eleifend. Maecenas sapien leo, gravida vitae pellentesque quis, efficitur in erat. Maecenas elementum euismod hendrerit. Mauris sagittis massa a orci.','Lorem ipsum dolor sit amet, consectetur adipiscing elit. Morbi pulvinar pharetra bibendum. Ut eget risus nec risus finibus hendrerit in non tortor. Pellentesque maximus ligula et turpis faucibus cursus. Donec vel nunc metus. Quisque sagittis mattis dui vel varius. Aliquam iaculis interdum lacinia. Nam euismod lectus id maximus sodales. Nam id magna dictum, semper nisl vel, ornare ligula. Sed condimentum metus quis leo pharetra, quis semper urna aliquam. Fusce consectetur accumsan augue sit amet iaculis. Suspendisse volutpat urna vitae fermentum eleifend. Maecenas sapien leo, gravida vitae pellentesque quis, efficitur in erat. Maecenas elementum euismod hendrerit. Mauris sagittis massa a orci.',2.00),(90,64,'Lessellamyrn','Lorem ipsum dolor sit amet, consectetur adipiscing elit. Morbi pulvinar pharetra bibendum. Ut eget risus nec risus finibus hendrerit in non tortor. Pellentesque maximus ligula et turpis faucibus cursus. Donec vel nunc metus. Quisque sagittis mattis dui vel varius. Aliquam iaculis interdum lacinia. Nam euismod lectus id maximus sodales. Nam id magna dictum, semper nisl vel, ornare ligula. Sed condimentum metus quis leo pharetra, quis semper urna aliquam. Fusce consectetur accumsan augue sit amet iaculis. Suspendisse volutpat urna vitae fermentum eleifend. Maecenas sapien leo, gravida vitae pellentesque quis, efficitur in erat. Maecenas elementum euismod hendrerit. Mauris sagittis massa a orci.','Lorem ipsum dolor sit amet, consectetur adipiscing elit. Morbi pulvinar pharetra bibendum. Ut eget risus nec risus finibus hendrerit in non tortor. Pellentesque maximus ligula et turpis faucibus cursus. Donec vel nunc metus. Quisque sagittis mattis dui vel varius. Aliquam iaculis interdum lacinia. Nam euismod lectus id maximus sodales. Nam id magna dictum, semper nisl vel, ornare ligula. Sed condimentum metus quis leo pharetra, quis semper urna aliquam. Fusce consectetur accumsan augue sit amet iaculis. Suspendisse volutpat urna vitae fermentum eleifend. Maecenas sapien leo, gravida vitae pellentesque quis, efficitur in erat. Maecenas elementum euismod hendrerit. Mauris sagittis massa a orci.',3.33),(91,62,'Gymlys','Lorem ipsum dolor sit amet, consectetur adipiscing elit. Morbi pulvinar pharetra bibendum. Ut eget risus nec risus finibus hendrerit in non tortor. Pellentesque maximus ligula et turpis faucibus cursus. Donec vel nunc metus. Quisque sagittis mattis dui vel varius. Aliquam iaculis interdum lacinia. Nam euismod lectus id maximus sodales. Nam id magna dictum, semper nisl vel, ornare ligula. Sed condimentum metus quis leo pharetra, quis semper urna aliquam. Fusce consectetur accumsan augue sit amet iaculis. Suspendisse volutpat urna vitae fermentum eleifend. Maecenas sapien leo, gravida vitae pellentesque quis, efficitur in erat. Maecenas elementum euismod hendrerit. Mauris sagittis massa a orci.','Lorem ipsum dolor sit amet, consectetur adipiscing elit. Morbi pulvinar pharetra bibendum. Ut eget risus nec risus finibus hendrerit in non tortor. Pellentesque maximus ligula et turpis faucibus cursus. Donec vel nunc metus. Quisque sagittis mattis dui vel varius. Aliquam iaculis interdum lacinia. Nam euismod lectus id maximus sodales. Nam id magna dictum, semper nisl vel, ornare ligula. Sed condimentum metus quis leo pharetra, quis semper urna aliquam. Fusce consectetur accumsan augue sit amet iaculis. Suspendisse volutpat urna vitae fermentum eleifend. Maecenas sapien leo, gravida vitae pellentesque quis, efficitur in erat. Maecenas elementum euismod hendrerit. Mauris sagittis massa a orci.',2.25),(92,90,'Thasal','Lorem ipsum dolor sit amet, consectetur adipiscing elit. Morbi pulvinar pharetra bibendum. Ut eget risus nec risus finibus hendrerit in non tortor. Pellentesque maximus ligula et turpis faucibus cursus. Donec vel nunc metus. Quisque sagittis mattis dui vel varius. Aliquam iaculis interdum lacinia. Nam euismod lectus id maximus sodales. Nam id magna dictum, semper nisl vel, ornare ligula. Sed condimentum metus quis leo pharetra, quis semper urna aliquam. Fusce consectetur accumsan augue sit amet iaculis. Suspendisse volutpat urna vitae fermentum eleifend. Maecenas sapien leo, gravida vitae pellentesque quis, efficitur in erat. Maecenas elementum euismod hendrerit. Mauris sagittis massa a orci.','Lorem ipsum dolor sit amet, consectetur adipiscing elit. Morbi pulvinar pharetra bibendum. Ut eget risus nec risus finibus hendrerit in non tortor. Pellentesque maximus ligula et turpis faucibus cursus. Donec vel nunc metus. Quisque sagittis mattis dui vel varius. Aliquam iaculis interdum lacinia. Nam euismod lectus id maximus sodales. Nam id magna dictum, semper nisl vel, ornare ligula. Sed condimentum metus quis leo pharetra, quis semper urna aliquam. Fusce consectetur accumsan augue sit amet iaculis. Suspendisse volutpat urna vitae fermentum eleifend. Maecenas sapien leo, gravida vitae pellentesque quis, efficitur in erat. Maecenas elementum euismod hendrerit. Mauris sagittis massa a orci.',3.80),(93,20,'Silurnsellag','Lorem ipsum dolor sit amet, consectetur adipiscing elit. Morbi pulvinar pharetra bibendum. Ut eget risus nec risus finibus hendrerit in non tortor. Pellentesque maximus ligula et turpis faucibus cursus. Donec vel nunc metus. Quisque sagittis mattis dui vel varius. Aliquam iaculis interdum lacinia. Nam euismod lectus id maximus sodales. Nam id magna dictum, semper nisl vel, ornare ligula. Sed condimentum metus quis leo pharetra, quis semper urna aliquam. Fusce consectetur accumsan augue sit amet iaculis. Suspendisse volutpat urna vitae fermentum eleifend. Maecenas sapien leo, gravida vitae pellentesque quis, efficitur in erat. Maecenas elementum euismod hendrerit. Mauris sagittis massa a orci.','Lorem ipsum dolor sit amet, consectetur adipiscing elit. Morbi pulvinar pharetra bibendum. Ut eget risus nec risus finibus hendrerit in non tortor. Pellentesque maximus ligula et turpis faucibus cursus. Donec vel nunc metus. Quisque sagittis mattis dui vel varius. Aliquam iaculis interdum lacinia. Nam euismod lectus id maximus sodales. Nam id magna dictum, semper nisl vel, ornare ligula. Sed condimentum metus quis leo pharetra, quis semper urna aliquam. Fusce consectetur accumsan augue sit amet iaculis. Suspendisse volutpat urna vitae fermentum eleifend. Maecenas sapien leo, gravida vitae pellentesque quis, efficitur in erat. Maecenas elementum euismod hendrerit. Mauris sagittis massa a orci.',3.00),(94,38,'Hallloslysbur','Lorem ipsum dolor sit amet, consectetur adipiscing elit. Morbi pulvinar pharetra bibendum. Ut eget risus nec risus finibus hendrerit in non tortor. Pellentesque maximus ligula et turpis faucibus cursus. Donec vel nunc metus. Quisque sagittis mattis dui vel varius. Aliquam iaculis interdum lacinia. Nam euismod lectus id maximus sodales. Nam id magna dictum, semper nisl vel, ornare ligula. Sed condimentum metus quis leo pharetra, quis semper urna aliquam. Fusce consectetur accumsan augue sit amet iaculis. Suspendisse volutpat urna vitae fermentum eleifend. Maecenas sapien leo, gravida vitae pellentesque quis, efficitur in erat. Maecenas elementum euismod hendrerit. Mauris sagittis massa a orci.','Lorem ipsum dolor sit amet, consectetur adipiscing elit. Morbi pulvinar pharetra bibendum. Ut eget risus nec risus finibus hendrerit in non tortor. Pellentesque maximus ligula et turpis faucibus cursus. Donec vel nunc metus. Quisque sagittis mattis dui vel varius. Aliquam iaculis interdum lacinia. Nam euismod lectus id maximus sodales. Nam id magna dictum, semper nisl vel, ornare ligula. Sed condimentum metus quis leo pharetra, quis semper urna aliquam. Fusce consectetur accumsan augue sit amet iaculis. Suspendisse volutpat urna vitae fermentum eleifend. Maecenas sapien leo, gravida vitae pellentesque quis, efficitur in erat. Maecenas elementum euismod hendrerit. Mauris sagittis massa a orci.',2.75),(95,33,'Ligbir','Lorem ipsum dolor sit amet, consectetur adipiscing elit. Morbi pulvinar pharetra bibendum. Ut eget risus nec risus finibus hendrerit in non tortor. Pellentesque maximus ligula et turpis faucibus cursus. Donec vel nunc metus. Quisque sagittis mattis dui vel varius. Aliquam iaculis interdum lacinia. Nam euismod lectus id maximus sodales. Nam id magna dictum, semper nisl vel, ornare ligula. Sed condimentum metus quis leo pharetra, quis semper urna aliquam. Fusce consectetur accumsan augue sit amet iaculis. Suspendisse volutpat urna vitae fermentum eleifend. Maecenas sapien leo, gravida vitae pellentesque quis, efficitur in erat. Maecenas elementum euismod hendrerit. Mauris sagittis massa a orci.','Lorem ipsum dolor sit amet, consectetur adipiscing elit. Morbi pulvinar pharetra bibendum. Ut eget risus nec risus finibus hendrerit in non tortor. Pellentesque maximus ligula et turpis faucibus cursus. Donec vel nunc metus. Quisque sagittis mattis dui vel varius. Aliquam iaculis interdum lacinia. Nam euismod lectus id maximus sodales. Nam id magna dictum, semper nisl vel, ornare ligula. Sed condimentum metus quis leo pharetra, quis semper urna aliquam. Fusce consectetur accumsan augue sit amet iaculis. Suspendisse volutpat urna vitae fermentum eleifend. Maecenas sapien leo, gravida vitae pellentesque quis, efficitur in erat. Maecenas elementum euismod hendrerit. Mauris sagittis massa a orci.',3.25),(96,4,'Burcylcel','Lorem ipsum dolor sit amet, consectetur adipiscing elit. Morbi pulvinar pharetra bibendum. Ut eget risus nec risus finibus hendrerit in non tortor. Pellentesque maximus ligula et turpis faucibus cursus. Donec vel nunc metus. Quisque sagittis mattis dui vel varius. Aliquam iaculis interdum lacinia. Nam euismod lectus id maximus sodales. Nam id magna dictum, semper nisl vel, ornare ligula. Sed condimentum metus quis leo pharetra, quis semper urna aliquam. Fusce consectetur accumsan augue sit amet iaculis. Suspendisse volutpat urna vitae fermentum eleifend. Maecenas sapien leo, gravida vitae pellentesque quis, efficitur in erat. Maecenas elementum euismod hendrerit. Mauris sagittis massa a orci.','Lorem ipsum dolor sit amet, consectetur adipiscing elit. Morbi pulvinar pharetra bibendum. Ut eget risus nec risus finibus hendrerit in non tortor. Pellentesque maximus ligula et turpis faucibus cursus. Donec vel nunc metus. Quisque sagittis mattis dui vel varius. Aliquam iaculis interdum lacinia. Nam euismod lectus id maximus sodales. Nam id magna dictum, semper nisl vel, ornare ligula. Sed condimentum metus quis leo pharetra, quis semper urna aliquam. Fusce consectetur accumsan augue sit amet iaculis. Suspendisse volutpat urna vitae fermentum eleifend. Maecenas sapien leo, gravida vitae pellentesque quis, efficitur in erat. Maecenas elementum euismod hendrerit. Mauris sagittis massa a orci.',3.00),(97,37,'Narlisho','Lorem ipsum dolor sit amet, consectetur adipiscing elit. Morbi pulvinar pharetra bibendum. Ut eget risus nec risus finibus hendrerit in non tortor. Pellentesque maximus ligula et turpis faucibus cursus. Donec vel nunc metus. Quisque sagittis mattis dui vel varius. Aliquam iaculis interdum lacinia. Nam euismod lectus id maximus sodales. Nam id magna dictum, semper nisl vel, ornare ligula. Sed condimentum metus quis leo pharetra, quis semper urna aliquam. Fusce consectetur accumsan augue sit amet iaculis. Suspendisse volutpat urna vitae fermentum eleifend. Maecenas sapien leo, gravida vitae pellentesque quis, efficitur in erat. Maecenas elementum euismod hendrerit. Mauris sagittis massa a orci.','Lorem ipsum dolor sit amet, consectetur adipiscing elit. Morbi pulvinar pharetra bibendum. Ut eget risus nec risus finibus hendrerit in non tortor. Pellentesque maximus ligula et turpis faucibus cursus. Donec vel nunc metus. Quisque sagittis mattis dui vel varius. Aliquam iaculis interdum lacinia. Nam euismod lectus id maximus sodales. Nam id magna dictum, semper nisl vel, ornare ligula. Sed condimentum metus quis leo pharetra, quis semper urna aliquam. Fusce consectetur accumsan augue sit amet iaculis. Suspendisse volutpat urna vitae fermentum eleifend. Maecenas sapien leo, gravida vitae pellentesque quis, efficitur in erat. Maecenas elementum euismod hendrerit. Mauris sagittis massa a orci.',3.50),(98,23,'Hosal','Lorem ipsum dolor sit amet, consectetur adipiscing elit. Morbi pulvinar pharetra bibendum. Ut eget risus nec risus finibus hendrerit in non tortor. Pellentesque maximus ligula et turpis faucibus cursus. Donec vel nunc metus. Quisque sagittis mattis dui vel varius. Aliquam iaculis interdum lacinia. Nam euismod lectus id maximus sodales. Nam id magna dictum, semper nisl vel, ornare ligula. Sed condimentum metus quis leo pharetra, quis semper urna aliquam. Fusce consectetur accumsan augue sit amet iaculis. Suspendisse volutpat urna vitae fermentum eleifend. Maecenas sapien leo, gravida vitae pellentesque quis, efficitur in erat. Maecenas elementum euismod hendrerit. Mauris sagittis massa a orci.','Lorem ipsum dolor sit amet, consectetur adipiscing elit. Morbi pulvinar pharetra bibendum. Ut eget risus nec risus finibus hendrerit in non tortor. Pellentesque maximus ligula et turpis faucibus cursus. Donec vel nunc metus. Quisque sagittis mattis dui vel varius. Aliquam iaculis interdum lacinia. Nam euismod lectus id maximus sodales. Nam id magna dictum, semper nisl vel, ornare ligula. Sed condimentum metus quis leo pharetra, quis semper urna aliquam. Fusce consectetur accumsan augue sit amet iaculis. Suspendisse volutpat urna vitae fermentum eleifend. Maecenas sapien leo, gravida vitae pellentesque quis, efficitur in erat. Maecenas elementum euismod hendrerit. Mauris sagittis massa a orci.',2.43),(99,27,'Liscal','Lorem ipsum dolor sit amet, consectetur adipiscing elit. Morbi pulvinar pharetra bibendum. Ut eget risus nec risus finibus hendrerit in non tortor. Pellentesque maximus ligula et turpis faucibus cursus. Donec vel nunc metus. Quisque sagittis mattis dui vel varius. Aliquam iaculis interdum lacinia. Nam euismod lectus id maximus sodales. Nam id magna dictum, semper nisl vel, ornare ligula. Sed condimentum metus quis leo pharetra, quis semper urna aliquam. Fusce consectetur accumsan augue sit amet iaculis. Suspendisse volutpat urna vitae fermentum eleifend. Maecenas sapien leo, gravida vitae pellentesque quis, efficitur in erat. Maecenas elementum euismod hendrerit. Mauris sagittis massa a orci.','Lorem ipsum dolor sit amet, consectetur adipiscing elit. Morbi pulvinar pharetra bibendum. Ut eget risus nec risus finibus hendrerit in non tortor. Pellentesque maximus ligula et turpis faucibus cursus. Donec vel nunc metus. Quisque sagittis mattis dui vel varius. Aliquam iaculis interdum lacinia. Nam euismod lectus id maximus sodales. Nam id magna dictum, semper nisl vel, ornare ligula. Sed condimentum metus quis leo pharetra, quis semper urna aliquam. Fusce consectetur accumsan augue sit amet iaculis. Suspendisse volutpat urna vitae fermentum eleifend. Maecenas sapien leo, gravida vitae pellentesque quis, efficitur in erat. Maecenas elementum euismod hendrerit. Mauris sagittis massa a orci.',2.00),(100,91,'Sulbarmornar','Lorem ipsum dolor sit amet, consectetur adipiscing elit. Morbi pulvinar pharetra bibendum. Ut eget risus nec risus finibus hendrerit in non tortor. Pellentesque maximus ligula et turpis faucibus cursus. Donec vel nunc metus. Quisque sagittis mattis dui vel varius. Aliquam iaculis interdum lacinia. Nam euismod lectus id maximus sodales. Nam id magna dictum, semper nisl vel, ornare ligula. Sed condimentum metus quis leo pharetra, quis semper urna aliquam. Fusce consectetur accumsan augue sit amet iaculis. Suspendisse volutpat urna vitae fermentum eleifend. Maecenas sapien leo, gravida vitae pellentesque quis, efficitur in erat. Maecenas elementum euismod hendrerit. Mauris sagittis massa a orci.','Lorem ipsum dolor sit amet, consectetur adipiscing elit. Morbi pulvinar pharetra bibendum. Ut eget risus nec risus finibus hendrerit in non tortor. Pellentesque maximus ligula et turpis faucibus cursus. Donec vel nunc metus. Quisque sagittis mattis dui vel varius. Aliquam iaculis interdum lacinia. Nam euismod lectus id maximus sodales. Nam id magna dictum, semper nisl vel, ornare ligula. Sed condimentum metus quis leo pharetra, quis semper urna aliquam. Fusce consectetur accumsan augue sit amet iaculis. Suspendisse volutpat urna vitae fermentum eleifend. Maecenas sapien leo, gravida vitae pellentesque quis, efficitur in erat. Maecenas elementum euismod hendrerit. Mauris sagittis massa a orci.',3.75);
/*!40000 ALTER TABLE `Recipe` ENABLE KEYS */;
UNLOCK TABLES;
/*!50003 SET @saved_cs_client      = @@character_set_client */ ;
/*!50003 SET @saved_cs_results     = @@character_set_results */ ;
/*!50003 SET @saved_col_connection = @@collation_connection */ ;
/*!50003 SET character_set_client  = latin1 */ ;
/*!50003 SET character_set_results = latin1 */ ;
/*!50003 SET collation_connection  = latin1_swedish_ci */ ;
/*!50003 SET @saved_sql_mode       = @@sql_mode */ ;
/*!50003 SET sql_mode              = 'ONLY_FULL_GROUP_BY,STRICT_TRANS_TABLES,NO_ZERO_IN_DATE,NO_ZERO_DATE,ERROR_FOR_DIVISION_BY_ZERO,NO_ENGINE_SUBSTITUTION' */ ;
DELIMITER ;;
/*!50003 CREATE*/ /*!50017 DEFINER=`root`@`localhost`*/ /*!50003 TRIGGER `BeforeRecipeDelete` BEFORE DELETE ON `Recipe` FOR EACH ROW BEGIN
  SET @recipeInDeletion := 1;
  DELETE FROM Comment WHERE Comment.id_Recipe = OLD.id;
  DELETE FROM Rating WHERE Rating.id_Recipe = OLD.id;
  DELETE FROM LikeRecipe WHERE LikeRecipe.id_Recipe = OLD.id;
  DELETE FROM RecipeIngredient WHERE RecipeIngredient.id_Recipe = OLD.id;
  SET @recipeInDeletion := NULL;
END */;;
DELIMITER ;
/*!50003 SET sql_mode              = @saved_sql_mode */ ;
/*!50003 SET character_set_client  = @saved_cs_client */ ;
/*!50003 SET character_set_results = @saved_cs_results */ ;
/*!50003 SET collation_connection  = @saved_col_connection */ ;

--
-- Table structure for table `RecipeIngredient`
--

DROP TABLE IF EXISTS `RecipeIngredient`;
/*!40101 SET @saved_cs_client     = @@character_set_client */;
 SET character_set_client = utf8mb4 ;
CREATE TABLE `RecipeIngredient` (
  `id` int(11) NOT NULL AUTO_INCREMENT,
  `id_Recipe` int(11) NOT NULL,
  `id_Ingredient` int(11) NOT NULL,
  `id_QuantityUnit` int(11) NOT NULL,
  `totalQuantity` int(11) NOT NULL DEFAULT '1',
  PRIMARY KEY (`id`),
  UNIQUE KEY `UC_RecipeIngredient` (`id_Recipe`,`id_Ingredient`),
  KEY `id_Ingredient` (`id_Ingredient`),
  KEY `id_QuantityUnit` (`id_QuantityUnit`),
  CONSTRAINT `RecipeIngredient_ibfk_1` FOREIGN KEY (`id_Recipe`) REFERENCES `Recipe` (`id`),
  CONSTRAINT `RecipeIngredient_ibfk_2` FOREIGN KEY (`id_Ingredient`) REFERENCES `Ingredient` (`id`),
  CONSTRAINT `RecipeIngredient_ibfk_3` FOREIGN KEY (`id_QuantityUnit`) REFERENCES `QuantityUnit` (`id`)
) ENGINE=InnoDB AUTO_INCREMENT=724 DEFAULT CHARSET=utf8mb4 COLLATE=utf8mb4_0900_ai_ci;
/*!40101 SET character_set_client = @saved_cs_client */;

--
-- Dumping data for table `RecipeIngredient`
--

LOCK TABLES `RecipeIngredient` WRITE;
/*!40000 ALTER TABLE `RecipeIngredient` DISABLE KEYS */;
INSERT INTO `RecipeIngredient` VALUES (1,1,33,6,8),(2,1,31,9,5),(3,1,89,5,1),(4,1,28,8,1),(5,1,83,10,1),(6,2,41,7,1),(7,2,5,2,7),(8,2,51,8,9),(9,2,74,9,3),(10,2,79,5,2),(11,2,37,6,10),(12,2,17,11,7),(13,2,57,11,5),(14,3,88,6,4),(15,3,42,3,8),(16,3,29,3,4),(17,3,9,4,6),(18,3,35,2,1),(19,3,79,7,2),(20,3,75,1,8),(21,3,100,11,5),(22,3,5,5,4),(23,4,89,7,2),(24,4,34,7,10),(25,4,12,6,2),(26,4,67,3,8),(27,4,93,2,9),(28,4,44,11,8),(29,4,59,13,10),(30,4,71,2,1),(31,4,75,1,2),(32,5,9,3,4),(33,5,70,2,2),(34,5,57,12,6),(35,5,50,3,7),(36,5,41,1,9),(37,5,95,5,2),(38,5,71,6,10),(39,6,73,1,10),(40,6,72,6,6),(41,6,27,11,6),(42,6,93,3,1),(43,6,52,11,6),(44,6,28,9,8),(45,7,95,4,10),(46,7,5,5,2),(47,7,86,5,2),(48,7,17,12,1),(49,7,59,13,5),(50,8,21,3,10),(51,8,29,5,5),(52,8,25,8,1),(53,8,45,13,1),(54,8,11,8,7),(55,8,37,1,7),(56,8,39,1,2),(57,8,77,10,1),(58,8,52,8,5),(59,8,18,9,6),(60,9,49,10,4),(61,9,5,7,8),(62,9,14,6,2),(63,9,74,8,5),(64,9,78,7,9),(65,9,60,7,7),(66,9,81,7,4),(67,10,38,4,10),(68,10,95,4,4),(69,10,49,9,1),(70,10,13,12,9),(71,10,84,9,4),(72,10,69,10,4),(73,10,23,8,8),(74,10,14,2,4),(75,10,47,6,4),(76,11,49,9,4),(77,11,24,1,1),(78,11,75,6,5),(79,11,33,6,5),(80,11,80,12,6),(81,11,71,2,5),(82,12,83,8,8),(83,12,45,13,7),(84,12,89,6,1),(85,12,73,6,1),(86,12,79,7,1),(87,12,63,4,5),(88,12,87,11,8),(89,12,84,11,6),(90,13,85,5,7),(91,13,46,13,8),(92,13,17,10,6),(93,13,73,5,4),(94,13,19,12,10),(95,13,68,10,2),(96,13,88,4,3),(97,14,23,12,6),(98,14,38,1,10),(99,14,49,9,3),(100,14,18,11,2),(101,14,12,4,3),(102,15,97,7,4),(103,15,53,4,4),(104,15,88,2,5),(105,15,29,3,6),(106,15,66,10,7),(107,15,33,3,6),(108,16,57,12,5),(109,16,8,8,4),(110,16,66,10,9),(111,16,67,6,6),(112,16,94,10,3),(113,16,62,5,1),(114,16,52,12,6),(115,16,24,4,1),(116,16,77,12,2),(117,16,29,1,9),(118,17,37,7,10),(119,17,39,6,8),(120,17,99,7,4),(121,17,45,13,5),(122,17,88,3,10),(123,17,48,6,9),(124,18,28,10,7),(125,18,19,12,9),(126,18,59,13,5),(127,18,85,4,3),(128,18,6,4,5),(129,19,64,7,5),(130,19,54,12,6),(131,19,67,6,9),(132,19,52,8,7),(133,19,82,12,2),(134,19,65,3,5),(135,19,96,3,9),(136,19,29,6,9),(137,19,50,2,5),(138,19,30,7,8),(139,20,98,2,8),(140,20,14,7,1),(141,20,17,10,4),(142,20,12,7,3),(143,20,53,2,7),(144,20,9,2,7),(145,21,68,8,1),(146,21,81,4,2),(147,21,42,5,9),(148,21,65,2,7),(149,21,34,2,5),(150,22,7,1,9),(151,22,69,9,3),(152,22,64,2,4),(153,22,63,3,5),(154,22,54,10,7),(155,22,75,3,5),(156,22,97,5,8),(157,22,33,1,7),(158,22,85,7,9),(159,23,30,2,10),(160,23,29,5,10),(161,23,15,10,2),(162,23,27,11,3),(163,23,50,1,4),(164,24,95,6,9),(165,24,24,7,10),(166,24,40,12,9),(167,24,45,13,3),(168,24,42,1,4),(169,24,84,8,3),(170,24,23,8,6),(171,24,82,9,7),(172,24,39,6,4),(173,25,91,10,5),(174,25,87,12,1),(175,25,25,9,4),(176,25,76,4,10),(177,25,88,3,9),(178,26,13,12,4),(179,26,68,9,7),(180,26,92,4,8),(181,26,63,2,7),(182,26,98,7,9),(183,26,48,5,3),(184,26,96,1,7),(185,27,49,11,10),(186,27,18,12,7),(187,27,55,3,3),(188,27,15,11,10),(189,27,91,12,6),(190,27,97,4,3),(191,27,31,10,5),(192,27,58,3,10),(193,27,84,12,6),(194,28,91,8,8),(195,28,27,8,8),(196,28,11,12,1),(197,28,19,8,1),(198,28,7,6,7),(199,28,56,11,4),(200,28,75,4,4),(201,29,85,4,10),(202,29,52,9,6),(203,29,35,1,3),(204,29,64,2,1),(205,29,54,12,5),(206,29,10,5,5),(207,29,8,9,9),(208,29,26,6,3),(209,29,61,7,6),(210,29,67,4,10),(211,30,70,7,6),(212,30,14,1,4),(213,30,16,6,4),(214,30,44,8,4),(215,30,98,1,7),(216,30,78,7,7),(217,30,71,1,5),(218,30,66,8,5),(219,31,18,9,7),(220,31,96,2,8),(221,31,89,6,9),(222,31,4,5,1),(223,31,42,2,2),(224,31,39,4,6),(225,31,33,6,5),(226,32,95,6,8),(227,32,50,6,10),(228,32,97,5,1),(229,32,43,3,9),(230,32,81,1,6),(231,32,66,9,2),(232,33,93,1,6),(233,33,3,9,2),(234,33,25,12,1),(235,33,12,5,8),(236,33,85,5,3),(237,33,16,4,6),(238,33,62,6,6),(239,33,18,8,1),(240,33,44,9,2),(241,34,89,1,3),(242,34,70,4,2),(243,34,53,4,7),(244,34,31,10,6),(245,34,33,7,7),(246,34,34,2,9),(247,35,20,11,6),(248,35,48,5,1),(249,35,69,8,2),(250,35,98,2,4),(251,35,74,10,10),(252,35,78,5,1),(253,35,2,12,4),(254,36,78,3,8),(255,36,81,1,10),(256,36,93,6,5),(257,36,84,8,8),(258,36,46,13,4),(259,36,79,4,10),(260,36,48,2,6),(261,36,40,8,7),(262,36,12,1,3),(263,37,42,5,9),(264,37,76,7,10),(265,37,29,6,10),(266,37,93,6,6),(267,37,33,6,10),(268,37,62,5,3),(269,38,80,11,8),(270,38,13,11,8),(271,38,89,1,4),(272,38,83,12,9),(273,38,62,1,6),(274,38,84,12,7),(275,38,9,4,4),(276,38,30,5,3),(277,38,73,7,8),(278,38,68,12,5),(279,39,31,8,4),(280,39,9,7,7),(281,39,80,9,1),(282,39,53,5,9),(283,39,58,3,3),(284,39,68,10,4),(285,39,56,9,2),(286,39,15,8,5),(287,40,18,8,6),(288,40,90,9,3),(289,40,66,10,5),(290,40,4,3,2),(291,40,51,9,1),(292,40,91,12,1),(293,40,73,6,5),(294,40,100,10,7),(295,40,67,5,5),(296,41,57,11,5),(297,41,81,3,4),(298,41,31,12,10),(299,41,98,5,4),(300,41,22,10,9),(301,41,83,11,2),(302,42,34,1,10),(303,42,41,5,3),(304,42,29,4,10),(305,42,13,11,8),(306,42,32,3,4),(307,42,78,6,2),(308,42,31,10,9),(309,42,35,2,10),(310,43,73,5,6),(311,43,62,7,7),(312,43,86,1,3),(313,43,31,11,8),(314,43,72,2,9),(315,43,52,9,6),(316,43,7,4,6),(317,43,14,3,4),(318,44,69,11,3),(319,44,56,11,8),(320,44,12,2,10),(321,44,31,9,8),(322,44,45,13,2),(323,45,59,13,10),(324,45,82,12,4),(325,45,23,12,4),(326,45,71,2,10),(327,45,70,3,1),(328,45,16,7,6),(329,45,49,10,7),(330,46,62,4,8),(331,46,88,3,9),(332,46,96,3,2),(333,46,34,7,2),(334,46,64,5,5),(335,46,20,8,10),(336,46,2,8,6),(337,47,51,9,8),(338,47,37,2,8),(339,47,94,10,10),(340,47,46,13,5),(341,47,61,3,1),(342,47,10,1,9),(343,47,67,4,5),(344,47,78,6,3),(345,48,24,2,9),(346,48,11,12,8),(347,48,15,8,7),(348,48,95,6,8),(349,48,41,7,2),(350,48,19,8,1),(351,48,31,12,1),(352,49,99,4,4),(353,49,34,5,1),(354,49,12,5,5),(355,49,73,1,3),(356,49,2,9,2),(357,49,58,2,4),(358,49,23,8,10),(359,50,79,3,1),(360,50,75,1,10),(361,50,62,7,7),(362,50,41,6,5),(363,50,100,12,6),(364,50,11,8,7),(365,50,70,4,1),(366,50,28,11,2),(367,51,59,13,6),(368,51,19,9,9),(369,51,15,10,5),(370,51,47,3,7),(371,51,62,6,3),(372,51,52,11,6),(373,51,91,9,1),(374,51,84,12,6),(375,52,25,12,4),(376,52,51,12,6),(377,52,82,9,3),(378,52,9,2,6),(379,52,63,5,4),(380,52,84,8,7),(381,52,30,7,6),(382,53,11,12,2),(383,53,3,11,4),(384,53,84,12,7),(385,53,65,1,6),(386,53,58,2,7),(387,53,41,6,2),(388,53,74,12,8),(389,54,73,6,8),(390,54,44,10,7),(391,54,52,11,5),(392,54,93,3,8),(393,54,27,12,1),(394,54,12,5,10),(395,55,6,6,3),(396,55,69,10,6),(397,55,5,5,10),(398,55,35,7,2),(399,55,62,2,4),(400,55,83,10,10),(401,55,75,3,10),(402,56,42,5,9),(403,56,62,7,2),(404,56,66,11,5),(405,56,67,3,6),(406,56,35,6,2),(407,57,88,1,4),(408,57,2,8,6),(409,57,35,6,5),(410,57,28,10,1),(411,57,59,13,6),(412,58,59,13,10),(413,58,11,9,4),(414,58,82,11,3),(415,58,90,11,8),(416,58,57,10,3),(417,59,75,1,4),(418,59,27,11,7),(419,59,38,2,4),(420,59,19,11,5),(421,59,59,13,8),(422,59,1,6,6),(423,59,51,10,10),(424,60,21,2,1),(425,60,95,6,8),(426,60,18,9,4),(427,60,45,13,3),(428,60,29,1,3),(429,60,82,11,7),(430,60,87,11,10),(431,60,35,2,3),(432,60,10,6,4),(433,61,80,8,6),(434,61,89,6,6),(435,61,90,12,1),(436,61,85,7,6),(437,61,25,11,2),(438,61,60,4,4),(439,61,40,12,10),(440,61,92,3,3),(441,62,25,9,3),(442,62,71,6,7),(443,62,39,1,7),(444,62,78,4,3),(445,62,64,6,5),(446,63,18,10,7),(447,63,46,13,5),(448,63,65,2,4),(449,63,57,10,10),(450,63,53,5,10),(451,63,94,11,2),(452,63,95,4,3),(453,63,63,6,5),(454,64,65,5,1),(455,64,3,11,8),(456,64,25,8,4),(457,64,53,4,1),(458,64,18,8,6),(459,64,76,3,2),(460,64,27,12,4),(461,64,41,5,9),(462,64,98,6,2),(463,64,7,1,6),(464,65,24,5,6),(465,65,51,10,5),(466,65,9,6,8),(467,65,76,1,6),(468,65,83,9,7),(469,65,39,1,3),(470,65,8,9,5),(471,65,69,8,3),(472,65,29,7,9),(473,65,67,3,7),(474,66,19,11,3),(475,66,41,7,1),(476,66,74,9,7),(477,66,58,5,2),(478,66,6,3,2),(479,66,5,6,8),(480,66,47,4,8),(481,67,10,7,3),(482,67,92,6,10),(483,67,39,1,7),(484,67,80,11,6),(485,67,3,8,9),(486,67,67,3,7),(487,67,76,2,9),(488,67,28,11,8),(489,67,31,10,1),(490,67,60,2,4),(491,68,69,11,7),(492,68,98,5,3),(493,68,64,5,9),(494,68,63,5,5),(495,68,10,4,3),(496,68,26,7,3),(497,69,54,8,7),(498,69,94,12,7),(499,69,24,3,3),(500,69,70,6,4),(501,69,55,4,5),(502,69,93,6,2),(503,69,76,7,10),(504,70,78,2,9),(505,70,76,2,6),(506,70,14,1,5),(507,70,25,9,9),(508,70,16,1,2),(509,70,100,11,4),(510,70,53,5,9),(511,70,31,12,2),(512,71,60,2,4),(513,71,6,4,6),(514,71,68,12,3),(515,71,22,11,9),(516,71,43,6,2),(517,71,45,13,7),(518,72,53,6,2),(519,72,81,3,1),(520,72,96,1,4),(521,72,98,2,5),(522,72,76,5,2),(523,72,66,9,2),(524,72,21,2,8),(525,72,92,4,2),(526,72,97,1,2),(527,73,58,4,9),(528,73,75,4,9),(529,73,92,4,8),(530,73,45,13,8),(531,73,27,8,10),(532,73,84,9,1),(533,73,44,10,4),(534,73,30,5,2),(535,74,28,10,8),(536,74,6,5,1),(537,74,32,1,10),(538,74,76,6,6),(539,74,11,12,3),(540,74,56,8,4),(541,74,25,11,8),(542,74,77,10,7),(543,74,75,4,7),(544,74,91,9,10),(545,75,72,1,8),(546,75,22,9,4),(547,75,74,10,6),(548,75,51,12,1),(549,75,40,9,10),(550,75,95,4,9),(551,75,53,4,3),(552,76,59,13,3),(553,76,94,8,6),(554,76,98,1,9),(555,76,23,10,8),(556,76,91,9,2),(557,76,1,5,7),(558,76,55,6,9),(559,76,12,2,7),(560,76,61,4,6),(561,76,38,6,4),(562,77,67,5,10),(563,77,98,5,4),(564,77,79,3,6),(565,77,77,9,7),(566,77,54,11,6),(567,77,28,11,1),(568,77,65,1,7),(569,77,69,9,3),(570,77,53,2,10),(571,77,43,1,9),(572,78,61,5,4),(573,78,85,3,10),(574,78,49,8,1),(575,78,72,2,7),(576,78,30,5,8),(577,78,21,5,8),(578,78,52,12,6),(579,78,24,3,4),(580,78,90,8,8),(581,78,29,7,4),(582,79,23,9,3),(583,79,84,9,1),(584,79,96,7,8),(585,79,65,1,8),(586,79,20,8,1),(587,80,62,7,10),(588,80,88,6,2),(589,80,70,2,9),(590,80,35,7,6),(591,80,99,4,8),(592,81,66,11,3),(593,81,87,8,3),(594,81,72,2,4),(595,81,96,6,10),(596,81,22,11,10),(597,82,39,4,10),(598,82,62,4,1),(599,82,4,3,6),(600,82,20,9,7),(601,82,63,7,6),(602,83,63,3,1),(603,83,46,13,4),(604,83,41,4,9),(605,83,70,7,4),(606,83,99,1,4),(607,83,83,12,10),(608,84,88,3,3),(609,84,6,1,3),(610,84,72,7,2),(611,84,99,5,3),(612,84,79,2,9),(613,84,59,13,1),(614,84,70,3,10),(615,84,27,12,2),(616,85,43,7,10),(617,85,88,3,10),(618,85,6,6,4),(619,85,31,8,1),(620,85,91,12,7),(621,85,13,9,8),(622,86,30,4,10),(623,86,79,6,7),(624,86,49,8,9),(625,86,91,10,4),(626,86,40,10,8),(627,86,33,6,1),(628,86,55,5,8),(629,87,93,5,8),(630,87,44,8,7),(631,87,24,7,7),(632,87,84,10,5),(633,87,92,4,4),(634,87,13,11,6),(635,88,76,2,5),(636,88,49,10,4),(637,88,87,11,6),(638,88,44,11,6),(639,88,33,4,2),(640,88,93,6,1),(641,88,58,6,6),(642,89,94,11,5),(643,89,99,3,2),(644,89,70,7,10),(645,89,25,9,10),(646,89,76,2,4),(647,89,86,5,8),(648,89,66,8,7),(649,90,42,1,8),(650,90,24,2,10),(651,90,95,5,4),(652,90,32,1,7),(653,90,82,9,4),(654,90,68,12,1),(655,90,55,6,6),(656,91,22,10,9),(657,91,54,11,4),(658,91,38,5,3),(659,91,21,5,6),(660,91,27,12,8),(661,91,97,2,8),(662,91,94,8,4),(663,91,50,5,2),(664,92,60,3,10),(665,92,42,3,1),(666,92,36,10,6),(667,92,19,8,7),(668,92,83,12,9),(669,92,41,6,10),(670,92,88,4,8),(671,93,5,6,1),(672,93,35,7,1),(673,93,77,10,6),(674,93,28,10,10),(675,93,61,5,10),(676,93,84,12,7),(677,94,18,11,5),(678,94,20,9,2),(679,94,29,1,5),(680,94,92,2,7),(681,94,72,2,10),(682,95,39,6,1),(683,95,37,5,9),(684,95,45,13,4),(685,95,16,2,8),(686,95,86,5,8),(687,95,43,3,9),(688,95,31,10,10),(689,95,76,5,8),(690,95,77,9,9),(691,96,53,7,8),(692,96,26,6,9),(693,96,31,9,7),(694,96,24,2,1),(695,96,21,1,7),(696,96,79,4,3),(697,96,67,7,9),(698,97,32,3,1),(699,97,37,1,3),(700,97,64,1,8),(701,97,95,2,2),(702,97,9,5,4),(703,98,65,7,4),(704,98,76,4,9),(705,98,62,2,10),(706,98,87,8,8),(707,98,26,1,6),(708,99,39,5,10),(709,99,24,2,2),(710,99,73,1,5),(711,99,77,10,7),(712,99,45,13,8),(713,99,82,10,7),(714,100,20,8,6),(715,100,69,8,6),(716,100,48,2,4),(717,100,44,9,10),(718,100,85,7,8),(719,100,79,5,10),(720,100,89,1,7),(721,100,52,8,9),(722,100,58,3,10);
/*!40000 ALTER TABLE `RecipeIngredient` ENABLE KEYS */;
UNLOCK TABLES;

--
-- Table structure for table `User`
--

DROP TABLE IF EXISTS `User`;
/*!40101 SET @saved_cs_client     = @@character_set_client */;
 SET character_set_client = utf8mb4 ;
CREATE TABLE `User` (
  `id` int(11) NOT NULL AUTO_INCREMENT,
  `username` varchar(20) NOT NULL,
  PRIMARY KEY (`id`),
  UNIQUE KEY `username` (`username`)
) ENGINE=InnoDB AUTO_INCREMENT=103 DEFAULT CHARSET=utf8mb4 COLLATE=utf8mb4_0900_ai_ci COMMENT='Quick user infos.';
/*!40101 SET character_set_client = @saved_cs_client */;

--
-- Dumping data for table `User`
--

LOCK TABLES `User` WRITE;
/*!40000 ALTER TABLE `User` DISABLE KEYS */;
INSERT INTO `User` VALUES (102,'12'),(101,'123'),(26,'Barbirorn'),(66,'Barlugarn'),(42,'Barlugha'),(31,'Berburthamur'),(24,'Bermor'),(19,'Berthe'),(46,'Birhogim'),(23,'Birmircyl'),(54,'Borbyrhulys'),(51,'Borlessil'),(96,'Burcylcel'),(60,'Burlyscul'),(27,'Burmir'),(45,'Byrhebyr'),(15,'Callisthunir'),(75,'Calornthilog'),(2,'Celloggimbur'),(44,'Celmorgember'),(21,'Colmorhi'),(53,'Cylcelnor'),(10,'Cyllig'),(79,'Erngomlig'),(80,'Gamlusmorcol'),(67,'Gimcul'),(50,'Gimcullegirn'),(33,'Gomlamthi'),(40,'Gumsalculsil'),(49,'Gymcalhober'),(91,'Gymlys'),(94,'Hallloslysbur'),(20,'Hathulemhe'),(69,'Hecolha'),(47,'Helisloshi'),(83,'Hesolmar'),(37,'Hical'),(38,'Hisol'),(1,'test'),(98,'Hosal'),(82,'Hothoirnlug'),(30,'Hugimirn'),(28,'Humarhamur'),(3,'Laglesgim'),(78,'Laglyslomlis'),(71,'Lamber'),(89,'Lasloglag'),(32,'Lasloglum'),(58,'Lasnormer'),(29,'Leglam'),(39,'Leshe'),(90,'Lessellamyrn'),(95,'Ligbir'),(17,'Limbarmar'),(6,'Limgem'),(76,'Limlesgam'),(99,'Liscal'),(18,'Lishalllumcal'),(88,'Logcel'),(55,'Loglistha'),(73,'Lomlember'),(35,'Lomlos'),(74,'Loscal'),(84,'Lugcul'),(59,'Lumsolthalig'),(63,'Lyshallluslam'),(14,'Merhosyl'),(64,'Mirborcil'),(5,'Morbir'),(41,'Morcalsul'),(25,'Morlag'),(61,'Murgomhellhi'),(86,'Narlescul'),(97,'Narlisho'),(8,'Narmar'),(34,'Narmarborern'),(65,'Nircalbur'),(87,'Nirmersolurn'),(13,'Ornbar'),(57,'Orncilbirgom'),(70,'Ornmur'),(12,'Rluggum'),(43,'Salhu'),(22,'Salthalegorn'),(56,'Silbartha'),(7,'Silgimculnir'),(93,'Silurnsellag'),(9,'Solgamberthi'),(100,'Sulbarmornar'),(72,'Sulleshe'),(4,'Sylcyllis'),(81,'Syllag'),(48,'Syllas'),(16,'Thaligber'),(11,'Thalomorn'),(92,'Thasal'),(62,'Thatheluslag'),(85,'Thicolthu'),(77,'Thigomcul'),(52,'Thitha'),(68,'Thulam'),(36,'Urnlasho');
/*!40000 ALTER TABLE `User` ENABLE KEYS */;
UNLOCK TABLES;
/*!50003 SET @saved_cs_client      = @@character_set_client */ ;
/*!50003 SET @saved_cs_results     = @@character_set_results */ ;
/*!50003 SET @saved_col_connection = @@collation_connection */ ;
/*!50003 SET character_set_client  = latin1 */ ;
/*!50003 SET character_set_results = latin1 */ ;
/*!50003 SET collation_connection  = latin1_swedish_ci */ ;
/*!50003 SET @saved_sql_mode       = @@sql_mode */ ;
/*!50003 SET sql_mode              = 'ONLY_FULL_GROUP_BY,STRICT_TRANS_TABLES,NO_ZERO_IN_DATE,NO_ZERO_DATE,ERROR_FOR_DIVISION_BY_ZERO,NO_ENGINE_SUBSTITUTION' */ ;
DELIMITER ;;
/*!50003 CREATE*/ /*!50017 DEFINER=`root`@`localhost`*/ /*!50003 TRIGGER `NewCartForNewUser` AFTER INSERT ON `User` FOR EACH ROW BEGIN
  INSERT INTO `Cart` (`id`, `id_User`, `totalCost`)
  VALUES (NULL, NEW.id, 0);
END */;;
DELIMITER ;
/*!50003 SET sql_mode              = @saved_sql_mode */ ;
/*!50003 SET character_set_client  = @saved_cs_client */ ;
/*!50003 SET character_set_results = @saved_cs_results */ ;
/*!50003 SET collation_connection  = @saved_col_connection */ ;
/*!40103 SET TIME_ZONE=@OLD_TIME_ZONE */;

/*!40101 SET SQL_MODE=@OLD_SQL_MODE */;
/*!40014 SET FOREIGN_KEY_CHECKS=@OLD_FOREIGN_KEY_CHECKS */;
/*!40014 SET UNIQUE_CHECKS=@OLD_UNIQUE_CHECKS */;
/*!40101 SET CHARACTER_SET_CLIENT=@OLD_CHARACTER_SET_CLIENT */;
/*!40101 SET CHARACTER_SET_RESULTS=@OLD_CHARACTER_SET_RESULTS */;
/*!40101 SET COLLATION_CONNECTION=@OLD_COLLATION_CONNECTION */;
/*!40111 SET SQL_NOTES=@OLD_SQL_NOTES */;

-- Dump completed on 2019-04-16 17:55:31
