CREATE DATABASE projet;
use projet;

-- MySQL dump 10.13  Distrib 8.0.15, for Linux (x86_64)
--
-- Host: localhost    Database: projet
-- ------------------------------------------------------
-- Server version	8.0.15

/*!40101 SET @OLD_CHARACTER_SET_CLIENT=@@CHARACTER_SET_CLIENT */;
/*!40101 SET @OLD_CHARACTER_SET_RESULTS=@@CHARACTER_SET_RESULTS */;
/*!40101 SET @OLD_COLLATION_CONNECTION=@@COLLATION_CONNECTION */;
 SET NAMES utf8mb4 ;
/*!40103 SET @OLD_TIME_ZONE=@@TIME_ZONE */;
/*!40103 SET TIME_ZONE='+00:00' */;
/*!40014 SET @OLD_UNIQUE_CHECKS=@@UNIQUE_CHECKS, UNIQUE_CHECKS=0 */;
/*!40014 SET @OLD_FOREIGN_KEY_CHECKS=@@FOREIGN_KEY_CHECKS, FOREIGN_KEY_CHECKS=0 */;
/*!40101 SET @OLD_SQL_MODE=@@SQL_MODE, SQL_MODE='NO_AUTO_VALUE_ON_ZERO' */;
/*!40111 SET @OLD_SQL_NOTES=@@SQL_NOTES, SQL_NOTES=0 */;

--
-- Table structure for table `Account`
--

DROP TABLE IF EXISTS `Account`;
/*!40101 SET @saved_cs_client     = @@character_set_client */;
 SET character_set_client = utf8mb4 ;
CREATE TABLE `Account` (
  `id` int(11) NOT NULL AUTO_INCREMENT,
  `id_User` int(11) NOT NULL,
  `id_Address` int(11) NOT NULL,
  `firstName` varchar(50) NOT NULL,
  `lastName` varchar(50) NOT NULL,
  `email` varchar(50) NOT NULL,
  `password` varchar(50) NOT NULL,
  PRIMARY KEY (`id`),
  KEY `id_User` (`id_User`),
  KEY `id_Address` (`id_Address`),
  CONSTRAINT `Account_ibfk_1` FOREIGN KEY (`id_User`) REFERENCES `User` (`id`),
  CONSTRAINT `Account_ibfk_2` FOREIGN KEY (`id_Address`) REFERENCES `Address` (`id`)
) ENGINE=InnoDB AUTO_INCREMENT=101 DEFAULT CHARSET=utf8mb4 COLLATE=utf8mb4_0900_ai_ci COMMENT='Private user infos.';
/*!40101 SET character_set_client = @saved_cs_client */;

--
-- Dumping data for table `Account`
--

LOCK TABLES `Account` WRITE;
/*!40000 ALTER TABLE `Account` DISABLE KEYS */;
INSERT INTO `Account` VALUES (1,43,14,'Ornmur','Rothe','Ornmur.Rothe@gmail.com','ColmorhiThatheluslagNirmersolurn'),(2,29,51,'Narlisho','Hesolmar','Narlisho.Hesolmar@gmail.com','LishalllumcalMerhosylLeglam'),(3,11,32,'Viri','Jazo','Viri.Jazo@gmail.com','LogcelTumuFadylu'),(4,80,17,'Poru','Sychecha','Poru.Sychecha@gmail.com','MmicheraKynugyBirhogim'),(5,51,38,'Hagyga','Lajyse','Hagyga.Lajyse@gmail.com','NowomiHelluThaserra'),(6,96,8,'Muphaba','Barbirorn','Muphaba.Barbirorn@gmail.com','WimmaLamberBurcylcel'),(7,18,89,'Vesi','Hothoirnlug','Vesi.Hothoirnlug@gmail.com','BonepheWipugoGyka'),(8,8,94,'Pehide','Gumsalculsil','Pehide.Gumsalculsil@gmail.com','RrunoVozellaSyllag'),(9,29,27,'Billu','Juzuke','Billu.Juzuke@gmail.com','DunummoErngomligErngomlig'),(10,31,91,'Rrobysu','Sulleshe','Rrobysu.Sulleshe@gmail.com','BarlughaKynugyJuzuke'),(11,22,13,'Cuphiwa','Zeto','Cuphiwa.Zeto@gmail.com','RroceBermorZeto'),(12,30,76,'Merhosyl','Thexe','Merhosyl.Thexe@gmail.com','PehidePyruHyse'),(13,68,23,'Fasopy','Laqui','Fasopy.Laqui@gmail.com','LletyjoSenozeGeka'),(14,69,5,'Syllas','Laglesgim','Syllas.Laglesgim@gmail.com','CukemoLlollaceSychecha'),(15,36,88,'Thuju','Hisol','Thuju.Hisol@gmail.com','MmyjyheSychechaKotherru'),(16,53,50,'Rrotyhu','Bogu','Rrotyhu.Bogu@gmail.com','LluzaliKibiGimcullegirn'),(17,64,16,'Phasone','Fille','Phasone.Fille@gmail.com','VesiGymcalhoberPakufa'),(18,4,2,'Mmichera','Gamlusmorcol','Mmichera.Gamlusmorcol@gmail.com','ThatheluslagNarlesculMuphaba'),(19,52,39,'Merhosyl','Lleji','Merhosyl.Lleji@gmail.com','CalornthilogNarmarborernRriwufi'),(20,8,61,'Juzuke','Leglam','Juzuke.Leglam@gmail.com','LugculThythaPoru'),(21,12,6,'Hathulemhe','Pehide','Hathulemhe.Pehide@gmail.com','HelluRycypyRydu'),(22,34,68,'Sipehu','Nophy','Sipehu.Nophy@gmail.com','BurmirNophyMmiweso'),(23,56,22,'Thicolthu','Quacy','Thicolthu.Quacy@gmail.com','LasloglagThatheluslagBorlessil'),(24,57,93,'Rrotyhu','Hellu','Rrotyhu.Hellu@gmail.com','SozawyCelmorgemberSyllas'),(25,61,44,'Morlag','Ornbar','Morlag.Ornbar@gmail.com','MuphabaSujythoSulleshe'),(26,92,32,'Mmuquoby','Bermor','Mmuquoby.Bermor@gmail.com','KibiGirreRrammyca'),(27,87,47,'Billu','Lasloglum','Billu.Lasloglum@gmail.com','SalaRaciLumsolthalig'),(28,31,50,'Logcel','Limlesgam','Logcel.Limlesgam@gmail.com','ZajerryMorbirNyjige'),(29,100,50,'Gocahy','Lledagy','Gocahy.Lledagy@gmail.com','BerburthamurRyduMmoxuby'),(30,9,20,'Wireju','Mmuquoby','Wireju.Mmuquoby@gmail.com','PimaWipugoNyjige'),(31,15,15,'Phuxu','Cuphu','Phuxu.Cuphu@gmail.com','LiscalMmelliBurcylcel'),(32,75,42,'Wipugo','Lessellamyrn','Wipugo.Lessellamyrn@gmail.com','SylcyllisThythaMmoxuby'),(33,31,28,'Zajerry','Hogym','Zajerry.Hogym@gmail.com','HisolZyhiHymmy'),(34,83,86,'Sychecha','Lledagy','Sychecha.Lledagy@gmail.com','NircalburBorlessilRluggum'),(35,16,43,'Gamlusmorcol','Syqua','Gamlusmorcol.Syqua@gmail.com','GequoGymcalhoberGeka'),(36,87,43,'Morcalsul','Gyki','Morcalsul.Gyki@gmail.com','SilgimculnirByrhebyrZurruca'),(37,76,31,'Gumsalculsil','Sidemi','Gumsalculsil.Sidemi@gmail.com','BoguHaphaPhuxu'),(38,77,56,'Phikotho','Leglam','Phikotho.Leglam@gmail.com','TyfoxeCukemoSipehu'),(39,11,60,'Phata','Liscal','Phata.Liscal@gmail.com','CylligRrunoCyllig'),(40,74,10,'Mmeka','Hesolmar','Mmeka.Hesolmar@gmail.com','RycypyWogahaLajyse'),(41,83,42,'Narlisho','Xathe','Narlisho.Xathe@gmail.com','SilurnsellagDodyraJegi'),(42,71,83,'Thytha','Lleji','Thytha.Lleji@gmail.com','RruxiguMorlagPazasi'),(43,85,69,'Hellu','Vesi','Hellu.Vesi@gmail.com','BarbirornThythaHathulemhe'),(44,64,56,'Mowe','Erngomlig','Mowe.Erngomlig@gmail.com','MurgomhellhiMmuquobyBurcylcel'),(45,68,38,'Mallyzy','Fadylu','Mallyzy.Fadylu@gmail.com','NyjigeUrnlashoGymlys'),(46,54,67,'Phata','Thasal','Phata.Thasal@gmail.com','HymmyGovopyGocahy'),(47,17,80,'Hyse','Juhuta','Hyse.Juhuta@gmail.com','GirreMmuquobyThigomcul'),(48,64,67,'Thitha','Zycu','Thitha.Zycu@gmail.com','SyllasRaciRruno'),(49,50,29,'Cycaci','Syllas','Cycaci.Syllas@gmail.com','ThithaPhataLasloglag'),(50,22,39,'Morcalsul','Zycu','Morcalsul.Zycu@gmail.com','ZetoWirejuBoquirri'),(51,58,17,'Ornmur','Polymmo','Ornmur.Polymmo@gmail.com','SalthalegornChusunyBarlugarn'),(52,34,41,'Hapha','Lumsolthalig','Hapha.Lumsolthalig@gmail.com','MorbirLaglesgimBerthe'),(53,55,6,'Rothe','Thigomcul','Rothe.Thigomcul@gmail.com','JedutyCallisthunirZycu'),(54,94,100,'Mixevo','Suquajo','Mixevo.Suquajo@gmail.com','LoglisthaMuphabaRothe'),(55,53,4,'Fasopy','Liscal','Fasopy.Liscal@gmail.com','JazoPoloCelloggimbur'),(56,6,25,'Merhosyl','Lessellamyrn','Merhosyl.Lessellamyrn@gmail.com','MmicheraRrotyhuChusuny'),(57,79,78,'Poru','Muphaba','Poru.Muphaba@gmail.com','LomlemberKyjadoSixare'),(58,65,10,'Mirborcil','Sylcyllis','Mirborcil.Sylcyllis@gmail.com','LletyjoLumsolthaligGake'),(59,32,38,'Thulam','Loxocho','Thulam.Loxocho@gmail.com','SipehuZyhiSenoze'),(60,26,67,'Murgomhellhi','Mata','Murgomhellhi.Mata@gmail.com','LigbirLigbirZapu'),(61,95,74,'Wogaha','Coquawi','Wogaha.Coquawi@gmail.com','GumsalculsilGymlysRothe'),(62,34,18,'Narmar','Narmar','Narmar.Narmar@gmail.com','PhasonePhuxuSychecha'),(63,17,84,'Mixevo','Rycho','Mixevo.Rycho@gmail.com','GykiCoquawiPoru'),(64,50,2,'Hapha','Lamber','Hapha.Lamber@gmail.com','QuoquafaLeglamMata'),(65,10,15,'Morcalsul','Thine','Morcalsul.Thine@gmail.com','ZafuTysyKynugy'),(66,85,26,'Syqua','Syllag','Syqua.Syllag@gmail.com','VupoGymlysNarlescul'),(67,47,42,'Limlesgam','Limgem','Limlesgam.Limgem@gmail.com','JazoLomlemberHellu'),(68,75,2,'Cylcelnor','Quovavu','Cylcelnor.Quovavu@gmail.com','NophySalaLimlesgam'),(69,14,79,'Jeduty','Nophe','Jeduty.Nophe@gmail.com','ErngomligThaserraMmyte'),(70,33,27,'Syqua','Merhosyl','Syqua.Merhosyl@gmail.com','QuelliLasloglumRluggum'),(71,70,58,'Kyjado','Jegi','Kyjado.Jegi@gmail.com','HisolKevyguMexo'),(72,100,50,'Narmarborern','Silbartha','Narmarborern.Silbartha@gmail.com','JegiBurcylcelHothoirnlug'),(73,91,62,'Mirborcil','Poje','Mirborcil.Poje@gmail.com','JuhutaChirraGake'),(74,79,42,'Hymmy','Mmoxuby','Hymmy.Mmoxuby@gmail.com','SujythoSujythoGyka'),(75,56,75,'Piphafy','Mmeka','Piphafy.Mmeka@gmail.com','ThekySujythoFadylu'),(76,18,94,'Boquirri','Thasal','Boquirri.Thasal@gmail.com','ByrhebyrWimmaPoje'),(77,96,14,'Gimcullegirn','Quelli','Gimcullegirn.Quelli@gmail.com','LigbirXatheHisol'),(78,80,39,'Calornthilog','Celmorgember','Calornthilog.Celmorgember@gmail.com','SyllagPoloRrotyhu'),(79,37,35,'Girre','Colmorhi','Girre.Colmorhi@gmail.com','LochuMerhosylGymlys'),(80,76,11,'Poru','Burlyscul','Poru.Burlyscul@gmail.com','NirmersolurnMuphabaLoglistha'),(81,18,28,'Cuphu','Calornthilog','Cuphu.Calornthilog@gmail.com','WimmaRrunoJyfybo'),(82,10,65,'Cycaci','Quelli','Cycaci.Quelli@gmail.com','OrncilbirgomPakufaPoje'),(83,31,98,'Silurnsellag','Polo','Silurnsellag.Polo@gmail.com','HugimirnGomlamthiNopho'),(84,81,41,'Fadylu','Polymmo','Fadylu.Polymmo@gmail.com','ThithaPazasiKibi'),(85,66,54,'Zapu','Thatheluslag','Zapu.Thatheluslag@gmail.com','ViriLaquiRydu'),(86,61,14,'Kevygu','Gequo','Kevygu.Gequo@gmail.com','LimlesgamUrnlashoBibowo'),(87,48,46,'Phikotho','Burlyscul','Phikotho.Burlyscul@gmail.com','HecolhaLaglyslomlisRroce'),(88,98,89,'Poru','Chirra','Poru.Chirra@gmail.com','VuciZajerryHumarhamur'),(89,68,16,'Wipugo','Rriwufi','Wipugo.Rriwufi@gmail.com','ZycuCallisthunirNophy'),(90,13,36,'Mmiweso','Syllag','Mmiweso.Syllag@gmail.com','SulbarmornarThineSyllas'),(91,64,33,'Thuju','Hellu','Thuju.Hellu@gmail.com','LesheSenozeThasal'),(92,66,2,'Boquirri','Mexo','Boquirri.Mexo@gmail.com','JimiruHelisloshiBerthe'),(93,11,62,'Callisthunir','Pima','Callisthunir.Pima@gmail.com','XusiniPakufaJegi'),(94,27,44,'Senoze','Medy','Senoze.Medy@gmail.com','JegiMerhosylCuphiwa'),(95,50,97,'Gyki','Quarrythy','Gyki.Quarrythy@gmail.com','BurcylcelCylcelnorLluzali'),(96,17,57,'Callisthunir','Raci','Callisthunir.Raci@gmail.com','LugculTyfoxePijoly'),(97,73,70,'Jimiru','Cephellu','Jimiru.Cephellu@gmail.com','PiphafyPhataCalornthilog'),(98,52,89,'Hogym','Thasal','Hogym.Thasal@gmail.com','SalthalegornJegiHymmy'),(99,87,59,'Dodyra','Rydu','Dodyra.Rydu@gmail.com','GymlysThekyCuphiwa'),(100,33,11,'Zeto','Bonephe','Zeto.Bonephe@gmail.com','MmochoLluzaliJasu');
/*!40000 ALTER TABLE `Account` ENABLE KEYS */;
UNLOCK TABLES;

--
-- Table structure for table `Address`
--

DROP TABLE IF EXISTS `Address`;
/*!40101 SET @saved_cs_client     = @@character_set_client */;
 SET character_set_client = utf8mb4 ;
CREATE TABLE `Address` (
  `id` int(11) NOT NULL AUTO_INCREMENT,
  `number` int(11) NOT NULL,
  `apartment` int(11) DEFAULT NULL,
  `street` varchar(30) NOT NULL,
  `city` varchar(30) NOT NULL,
  `country` varchar(30) NOT NULL,
  PRIMARY KEY (`id`)
) ENGINE=InnoDB AUTO_INCREMENT=101 DEFAULT CHARSET=utf8mb4 COLLATE=utf8mb4_0900_ai_ci;
/*!40101 SET character_set_client = @saved_cs_client */;

--
-- Dumping data for table `Address`
--

LOCK TABLES `Address` WRITE;
/*!40000 ALTER TABLE `Address` DISABLE KEYS */;
INSERT INTO `Address` VALUES (1,82,878,'Gamlusmorcol Ave','Burcylcel','Juzuke'),(2,9,NULL,'Tumu Blvd','Leglam','Mallyzy'),(3,39,828,'Dunummo Ave','Kotherru','Mirborcil'),(4,2,NULL,'Leshe Blvd','Laglesgim','Thexe'),(5,18,73,'Mata Ave','Kyjado','Colmorhi'),(6,4,NULL,'Calornthilog Rd','Llollace','Lasloglum'),(7,71,NULL,'Jegi St','Byjuwi','Barlugha'),(8,28,39,'Orncilbirgom Ave','Rycypy','Pyru'),(9,55,375,'Leshe Ave','Navede','Wetu'),(10,67,NULL,'Kibi Ave','Wetu','Kidoxa'),(11,18,NULL,'Mmoxuby Ave','Lamber','Mirborcil'),(12,84,302,'Cukemo Blvd','Callisthunir','Rruno'),(13,5,749,'Pyru Rd','Thaligber','Birmircyl'),(14,85,NULL,'Hical Rd','Solgamberthi','Nophe'),(15,61,NULL,'Sidemi St','Kyjado','Jeduty'),(16,1,NULL,'Ornmur Ave','Sulbarmornar','Bibowo'),(17,92,183,'Sychecha St','Polo','Mallyzy'),(18,54,226,'Fasopy St','Vesi','Rrotyhu'),(19,52,416,'Bibowo Blvd','Ornmur','Sixare'),(20,10,NULL,'Zafu Rd','Mmyjyhe','Cehypy'),(21,69,NULL,'Hugimirn Blvd','Cuphiwa','Borlessil'),(22,79,NULL,'Navede Rd','Burmir','Thehyko'),(23,83,294,'Silurnsellag Rd','Kevygu','Solgamberthi'),(24,68,749,'Birmircyl Rd','Cylcelnor','Jeduty'),(25,34,862,'Thine St','Dypu','Nirmersolurn'),(26,44,NULL,'Silurnsellag St','Cehypy','Leglam'),(27,31,NULL,'Mowe Rd','Zafu','Wogaha'),(28,97,646,'Sulleshe Rd','Gimcul','Hogym'),(29,62,847,'Sychecha St','Mmelli','Zafu'),(30,39,715,'Muphaba Ave','Nopho','Rethu'),(31,28,NULL,'Berthe Blvd','Tysy','Boxemmi'),(32,10,NULL,'Mmoha Rd','Chusuny','Narlisho'),(33,97,NULL,'Gichu Blvd','Polo','Mowe'),(34,28,NULL,'Burmir Rd','Suquajo','Mmanure'),(35,30,NULL,'Silgimculnir Ave','Ornbar','Viri'),(36,65,866,'Lomlos Rd','Thicolthu','Barlugarn'),(37,81,114,'Cehypy St','Sulbarmornar','Hapha'),(38,71,540,'Jasu Rd','Urnlasho','Gomlamthi'),(39,28,337,'Fibonu St','Poje','Cuphiwa'),(40,43,572,'Mirborcil Ave','Lasloglum','Thine'),(41,72,NULL,'Celmorgember St','Syllas','Lochu'),(42,95,488,'Berburthamur St','Hathulemhe','Mmiweso'),(43,61,NULL,'Fadylu St','Kibi','Narmar'),(44,29,NULL,'Pehide Blvd','Rydu','Hyza'),(45,10,NULL,'Gequo Rd','Poru','Rrobysu'),(46,38,975,'Celloggimbur St','Loscal','Loxocho'),(47,99,578,'Medy Rd','Burmir','Nyxichi'),(48,84,NULL,'Mmoha Rd','Callisthunir','Medy'),(49,33,635,'Thytha St','Morbir','Salhu'),(50,52,NULL,'Lochu Rd','Sulbarmornar','Sozawy'),(51,48,493,'Hathulemhe Rd','Nophy','Thexe'),(52,3,NULL,'Calornthilog St','Barlugarn','Gyki'),(53,94,655,'Boquirri Ave','Nirmersolurn','Celmorgember'),(54,38,146,'Ligbir Blvd','Nyxichi','Gully'),(55,61,NULL,'Tysy Blvd','Senoze','Morlag'),(56,17,NULL,'Sylcyllis Ave','Lomlember','Zafu'),(57,56,765,'Rroce Blvd','Kyjado','Lletyjo'),(58,58,NULL,'Vozella Ave','Colmorhi','Mmanure'),(59,89,NULL,'Syllag Rd','Gymcalhober','Sipehu'),(60,17,878,'Laqui St','Lumsolthalig','Poje'),(61,8,NULL,'Pehide Ave','Xusini','Syllas'),(62,32,142,'Pijoly Blvd','Hyse','Salhu'),(63,11,NULL,'Phasone Blvd','Barbirorn','Zurruca'),(64,16,NULL,'Dodyra St','Kyjado','Llommiga'),(65,27,NULL,'Nirmersolurn Rd','Burmir','Thigomcul'),(66,8,NULL,'Gumsalculsil Ave','Wimma','Pazasi'),(67,93,602,'Gimcul St','Ornmur','Tumu'),(68,28,NULL,'Hyse Rd','Zyhi','Nyxichi'),(69,93,744,'Rriwufi Blvd','Gomlamthi','Pakufa'),(70,13,NULL,'Gumsalculsil Blvd','Morlag','Zeto'),(71,98,296,'Chullene Blvd','Salthalegorn','Sulleshe'),(72,10,375,'Logcel Rd','Hesolmar','Thexe'),(73,82,NULL,'Gake Rd','Polymmo','Phasone'),(74,82,NULL,'Rycypy Rd','Rroky','Nophe'),(75,34,309,'Jasu Rd','Morcalsul','Gomlamthi'),(76,42,116,'Suquajo Rd','Mexo','Phuxu'),(77,37,635,'Rethu Ave','Quacy','Jimiru'),(78,78,NULL,'Gymlys Ave','Wipugo','Vuci'),(79,65,NULL,'Mmuquoby Blvd','Phasone','Quelli'),(80,32,637,'Hisol Rd','Wipugo','Kidoxa'),(81,74,129,'Nibo Blvd','Lletyjo','Vesi'),(82,95,NULL,'Pakufa Ave','Hugimirn','Mechiwi'),(83,52,41,'Phikotho Blvd','Mata','Byjuwi'),(84,94,NULL,'Syllag Ave','Thexe','Salthalegorn'),(85,57,NULL,'Cuphu St','Thicolthu','Liscal'),(86,51,291,'Mmeka Blvd','Lasloglum','Byjuwi'),(87,80,NULL,'Polo Blvd','Ligbir','Cuphiwa'),(88,71,NULL,'Erngomlig St','Lomlember','Wimma'),(89,52,NULL,'Tyfoxe Ave','Lleji','Suquajo'),(90,34,NULL,'Hymmy Blvd','Laglyslomlis','Cehypy'),(91,76,NULL,'Burlyscul Rd','Morcalsul','Geka'),(92,69,NULL,'Laglyslomlis Rd','Llommiga','Sidemi'),(93,47,369,'Theky Blvd','Hapha','Cukemo'),(94,12,NULL,'Urnlasho Rd','Merhosyl','Burmir'),(95,13,589,'Dodyra Rd','Thehyko','Kevygu'),(96,59,NULL,'Coquawi Blvd','Ligbir','Kibi'),(97,61,919,'Cuphiwa Ave','Zapu','Gyki'),(98,25,614,'Wipugo St','Vozella','Ornbar'),(99,20,NULL,'Murgomhellhi Rd','Loglistha','Fasopy'),(100,82,972,'Thasal St','Thasal','Silgimculnir');
/*!40000 ALTER TABLE `Address` ENABLE KEYS */;
UNLOCK TABLES;

--
-- Table structure for table `Cart`
--

DROP TABLE IF EXISTS `Cart`;
/*!40101 SET @saved_cs_client     = @@character_set_client */;
 SET character_set_client = utf8mb4 ;
CREATE TABLE `Cart` (
  `id` int(11) NOT NULL AUTO_INCREMENT,
  `id_User` int(11) NOT NULL,
  `totalCost` float(16,2) NOT NULL DEFAULT '0.00',
  PRIMARY KEY (`id`),
  KEY `id_User` (`id_User`),
  CONSTRAINT `Cart_ibfk_1` FOREIGN KEY (`id_User`) REFERENCES `User` (`id`)
) ENGINE=InnoDB AUTO_INCREMENT=301 DEFAULT CHARSET=utf8mb4 COLLATE=utf8mb4_0900_ai_ci;
/*!40101 SET character_set_client = @saved_cs_client */;

--
-- Dumping data for table `Cart`
--

LOCK TABLES `Cart` WRITE;
/*!40000 ALTER TABLE `Cart` DISABLE KEYS */;
INSERT INTO `Cart` VALUES (1,1,63.02),(2,2,80.58),(3,3,165.36),(4,4,139.29),(5,5,61.44),(6,6,62.71),(7,7,135.08),(8,8,50.03),(9,9,108.57),(10,10,90.79),(11,11,48.73),(12,12,139.60),(13,13,73.05),(14,14,104.21),(15,15,79.44),(16,16,150.27),(17,17,155.19),(18,18,46.74),(19,19,87.78),(20,20,43.95),(21,21,99.76),(22,22,66.86),(23,23,64.78),(24,24,114.75),(25,25,30.76),(26,26,119.12),(27,27,95.58),(28,28,125.09),(29,29,60.68),(30,30,81.57),(31,31,96.26),(32,32,38.83),(33,33,82.24),(34,34,127.08),(35,35,45.66),(36,36,80.12),(37,37,116.06),(38,38,62.50),(39,39,174.84),(40,40,68.92),(41,41,62.89),(42,42,65.96),(43,43,168.20),(44,44,68.52),(45,45,57.09),(46,46,118.66),(47,47,50.92),(48,48,76.92),(49,49,89.62),(50,50,53.10),(51,51,98.80),(52,52,87.20),(53,53,109.31),(54,54,79.28),(55,55,34.54),(56,56,147.55),(57,57,84.94),(58,58,90.73),(59,59,66.54),(60,60,82.73),(61,61,72.64),(62,62,125.00),(63,63,98.50),(64,64,17.02),(65,65,120.28),(66,66,109.43),(67,67,107.87),(68,68,141.37),(69,69,73.65),(70,70,89.01),(71,71,130.96),(72,72,116.00),(73,73,149.66),(74,74,93.33),(75,75,113.86),(76,76,36.69),(77,77,51.87),(78,78,108.81),(79,79,160.48),(80,80,75.01),(81,81,64.46),(82,82,104.90),(83,83,128.53),(84,84,75.68),(85,85,31.85),(86,86,49.74),(87,87,65.72),(88,88,65.65),(89,89,50.18),(90,90,90.62),(91,91,65.16),(92,92,157.30),(93,93,157.80),(94,94,125.42),(95,95,32.71),(96,96,157.75),(97,97,40.82),(98,98,94.32),(99,99,49.71),(100,100,82.24),(101,86,0.00),(102,86,0.00),(103,21,0.00),(104,21,0.00),(105,51,0.00),(106,51,0.00),(107,20,0.00),(108,20,0.00),(109,34,0.00),(110,34,0.00),(111,7,0.00),(112,7,0.00),(113,14,0.00),(114,14,0.00),(115,93,0.00),(116,93,0.00),(117,3,0.00),(118,3,0.00),(119,52,0.00),(120,52,0.00),(121,85,0.00),(122,85,0.00),(123,66,0.00),(124,66,0.00),(125,18,0.00),(126,18,0.00),(127,94,0.00),(128,94,0.00),(129,86,0.00),(130,86,0.00),(131,62,0.00),(132,62,0.00),(133,41,0.00),(134,41,0.00),(135,68,0.00),(136,68,0.00),(137,55,0.00),(138,55,0.00),(139,86,0.00),(140,86,0.00),(141,18,0.00),(142,18,0.00),(143,4,0.00),(144,4,0.00),(145,64,0.00),(146,64,0.00),(147,63,0.00),(148,63,0.00),(149,7,0.00),(150,7,0.00),(151,81,0.00),(152,81,0.00),(153,91,0.00),(154,91,0.00),(155,70,0.00),(156,70,0.00),(157,67,0.00),(158,67,0.00),(159,99,0.00),(160,99,0.00),(161,15,0.00),(162,15,0.00),(163,16,0.00),(164,16,0.00),(165,79,0.00),(166,79,0.00),(167,39,0.00),(168,39,0.00),(169,45,0.00),(170,45,0.00),(171,70,0.00),(172,70,0.00),(173,10,0.00),(174,10,0.00),(175,16,0.00),(176,16,0.00),(177,73,0.00),(178,73,0.00),(179,62,0.00),(180,62,0.00),(181,32,0.00),(182,32,0.00),(183,29,0.00),(184,29,0.00),(185,3,0.00),(186,3,0.00),(187,63,0.00),(188,63,0.00),(189,49,0.00),(190,49,0.00),(191,99,0.00),(192,99,0.00),(193,17,0.00),(194,17,0.00),(195,30,0.00),(196,30,0.00),(197,60,0.00),(198,60,0.00),(199,90,0.00),(200,90,0.00),(201,93,0.00),(202,93,0.00),(203,31,0.00),(204,31,0.00),(205,79,0.00),(206,79,0.00),(207,75,0.00),(208,75,0.00),(209,84,0.00),(210,84,0.00),(211,82,0.00),(212,82,0.00),(213,65,0.00),(214,65,0.00),(215,27,0.00),(216,27,0.00),(217,44,0.00),(218,44,0.00),(219,83,0.00),(220,83,0.00),(221,45,0.00),(222,45,0.00),(223,91,0.00),(224,91,0.00),(225,57,0.00),(226,57,0.00),(227,98,0.00),(228,98,0.00),(229,35,0.00),(230,35,0.00),(231,42,0.00),(232,42,0.00),(233,40,0.00),(234,40,0.00),(235,53,0.00),(236,53,0.00),(237,61,0.00),(238,61,0.00),(239,3,0.00),(240,3,0.00),(241,15,0.00),(242,15,0.00),(243,76,0.00),(244,76,0.00),(245,41,0.00),(246,41,0.00),(247,79,0.00),(248,79,0.00),(249,83,0.00),(250,83,0.00),(251,30,0.00),(252,30,0.00),(253,30,0.00),(254,30,0.00),(255,1,0.00),(256,1,0.00),(257,6,0.00),(258,6,0.00),(259,31,0.00),(260,31,0.00),(261,52,0.00),(262,52,0.00),(263,28,0.00),(264,28,0.00),(265,42,0.00),(266,42,0.00),(267,97,0.00),(268,97,0.00),(269,28,0.00),(270,28,0.00),(271,40,0.00),(272,40,0.00),(273,59,0.00),(274,59,0.00),(275,46,0.00),(276,46,0.00),(277,68,0.00),(278,68,0.00),(279,12,0.00),(280,12,0.00),(281,35,0.00),(282,35,0.00),(283,26,0.00),(284,26,0.00),(285,51,0.00),(286,51,0.00),(287,1,0.00),(288,1,0.00),(289,20,0.00),(290,20,0.00),(291,90,0.00),(292,90,0.00),(293,86,0.00),(294,86,0.00),(295,46,0.00),(296,46,0.00),(297,15,0.00),(298,15,0.00),(299,44,0.00),(300,44,0.00);
/*!40000 ALTER TABLE `Cart` ENABLE KEYS */;
UNLOCK TABLES;

--
-- Table structure for table `CartItem`
--

DROP TABLE IF EXISTS `CartItem`;
/*!40101 SET @saved_cs_client     = @@character_set_client */;
 SET character_set_client = utf8mb4 ;
CREATE TABLE `CartItem` (
  `id` int(11) NOT NULL AUTO_INCREMENT,
  `id_Ingredient` int(11) NOT NULL,
  `id_Cart` int(11) NOT NULL,
  `multiplier` int(11) NOT NULL DEFAULT '1',
  `subCost` float(16,2) NOT NULL DEFAULT '0.00',
  PRIMARY KEY (`id`),
  UNIQUE KEY `UC_CartItem` (`id_Ingredient`,`id_Cart`),
  KEY `id_Cart` (`id_Cart`),
  CONSTRAINT `CartItem_ibfk_1` FOREIGN KEY (`id_Ingredient`) REFERENCES `Ingredient` (`id`),
  CONSTRAINT `CartItem_ibfk_2` FOREIGN KEY (`id_Cart`) REFERENCES `Cart` (`id`)
) ENGINE=InnoDB AUTO_INCREMENT=1133 DEFAULT CHARSET=utf8mb4 COLLATE=utf8mb4_0900_ai_ci;
/*!40101 SET character_set_client = @saved_cs_client */;

--
-- Dumping data for table `CartItem`
--

LOCK TABLES `CartItem` WRITE;
/*!40000 ALTER TABLE `CartItem` DISABLE KEYS */;
INSERT INTO `CartItem` VALUES (1,35,1,1,14.17),(2,26,1,1,12.85),(3,56,1,1,3.71),(4,44,1,1,7.83),(5,30,1,1,9.76),(6,4,1,1,1.60),(7,53,1,1,2.84),(8,97,1,1,10.26),(9,52,2,1,13.00),(10,69,2,1,12.62),(11,68,2,1,0.73),(12,63,2,1,10.80),(13,7,2,1,0.12),(14,56,2,1,3.71),(15,14,2,1,7.28),(16,44,2,1,7.83),(17,25,2,1,13.65),(18,47,2,1,2.98),(19,59,2,1,7.86),(20,6,3,1,7.60),(21,97,3,1,10.26),(22,43,3,1,2.50),(23,65,3,1,13.66),(24,96,3,1,9.75),(25,63,3,1,10.80),(26,35,3,1,14.17),(27,49,3,1,4.11),(28,30,3,1,9.76),(29,89,3,1,3.35),(30,10,3,1,9.04),(31,70,3,1,3.08),(32,92,3,1,7.68),(33,13,3,1,1.06),(34,25,3,1,13.65),(35,41,3,1,11.93),(36,37,3,1,11.64),(37,77,3,1,10.91),(38,55,3,1,10.41),(39,59,4,1,7.86),(40,2,4,1,7.63),(41,19,4,1,11.63),(42,36,4,1,13.23),(43,27,4,1,3.77),(44,18,4,1,14.90),(45,80,4,1,9.69),(46,51,4,1,14.04),(47,70,4,1,3.08),(48,52,4,1,13.00),(49,56,4,1,3.71),(50,33,4,1,11.13),(51,55,4,1,10.41),(52,8,4,1,14.48),(53,68,4,1,0.73),(54,73,5,1,6.44),(55,52,5,1,13.00),(56,20,5,1,4.13),(57,64,5,1,3.06),(58,11,5,1,12.50),(59,33,5,1,11.13),(60,89,5,1,3.35),(61,44,5,1,7.83),(62,45,6,1,14.45),(63,68,6,1,0.73),(64,2,6,1,7.63),(65,8,6,1,14.48),(66,95,6,1,13.95),(67,60,6,1,11.47),(68,32,7,1,10.33),(69,61,7,1,12.88),(70,19,7,1,11.63),(71,23,7,1,3.41),(72,79,7,1,11.38),(73,93,7,1,5.45),(74,97,7,1,10.26),(75,9,7,1,11.73),(76,16,7,1,1.52),(77,13,7,1,1.06),(78,60,7,1,11.47),(79,44,7,1,7.83),(80,18,7,1,14.90),(81,91,7,1,9.87),(82,4,7,1,1.60),(83,30,7,1,9.76),(84,65,8,1,13.66),(85,23,8,1,3.41),(86,68,8,1,0.73),(87,18,8,1,14.90),(88,1,8,1,0.30),(89,75,8,1,6.59),(90,53,8,1,2.84),(91,6,8,1,7.60),(92,13,9,1,1.06),(93,11,9,1,12.50),(94,12,9,1,14.71),(95,23,9,1,3.41),(96,30,9,1,9.76),(97,65,9,1,13.66),(98,43,9,1,2.50),(99,82,9,1,1.86),(100,46,9,1,0.49),(101,44,9,1,7.83),(102,97,9,1,10.26),(103,49,9,1,4.11),(104,79,9,1,11.38),(105,53,9,1,2.84),(106,21,9,1,4.57),(107,2,9,1,7.63),(108,74,10,1,13.99),(109,38,10,1,11.30),(110,32,10,1,10.33),(111,27,10,1,3.77),(112,11,10,1,12.50),(113,26,10,1,12.85),(114,96,10,1,9.75),(115,48,10,1,13.58),(116,81,10,1,1.68),(117,78,10,1,1.04),(118,61,11,1,12.88),(119,81,11,1,1.68),(120,39,11,1,3.26),(121,26,11,1,12.85),(122,23,11,1,3.41),(123,38,11,1,11.30),(124,89,11,1,3.35),(125,56,12,1,3.71),(126,82,12,1,1.86),(127,23,12,1,3.41),(128,57,12,1,8.95),(129,69,12,1,12.62),(130,29,12,1,3.70),(131,74,12,1,13.99),(132,64,12,1,3.06),(133,88,12,1,8.35),(134,47,12,1,2.98),(135,50,12,1,14.79),(136,95,12,1,13.95),(137,4,12,1,1.60),(138,22,12,1,3.56),(139,79,12,1,11.38),(140,44,12,1,7.83),(141,34,12,1,13.28),(142,67,12,1,7.32),(143,39,12,1,3.26),(144,95,13,1,13.95),(145,19,13,1,11.63),(146,4,13,1,1.60),(147,38,13,1,11.30),(148,89,13,1,3.35),(149,21,13,1,4.57),(150,11,13,1,12.50),(151,27,13,1,3.77),(152,49,13,1,4.11),(153,58,13,1,6.27),(154,84,14,1,2.88),(155,97,14,1,10.26),(156,73,14,1,6.44),(157,55,14,1,10.41),(158,33,14,1,11.13),(159,93,14,1,5.45),(160,26,14,1,12.85),(161,59,14,1,7.86),(162,4,14,1,1.60),(163,50,14,1,14.79),(164,90,14,1,9.63),(165,77,14,1,10.91),(166,28,15,1,14.62),(167,45,15,1,14.45),(168,59,15,1,7.86),(169,37,15,1,11.64),(170,64,15,1,3.06),(171,41,15,1,11.93),(172,13,15,1,1.06),(173,60,15,1,11.47),(174,89,15,1,3.35),(175,28,16,1,14.62),(176,66,16,1,12.91),(177,61,16,1,12.88),(178,69,16,1,12.62),(179,54,16,1,1.15),(180,4,16,1,1.60),(181,38,16,1,11.30),(182,67,16,1,7.32),(183,34,16,1,13.28),(184,94,16,1,12.33),(185,10,16,1,9.04),(186,8,16,1,14.48),(187,32,16,1,10.33),(188,36,16,1,13.23),(189,64,16,1,3.06),(190,7,16,1,0.12),(191,88,17,1,8.35),(192,92,17,1,7.68),(193,63,17,1,10.80),(194,53,17,1,2.84),(195,85,17,1,9.38),(196,38,17,1,11.30),(197,51,17,1,14.04),(198,8,17,1,14.48),(199,75,17,1,6.59),(200,43,17,1,2.50),(201,47,17,1,2.98),(202,95,17,1,13.95),(203,59,17,1,7.86),(204,21,17,1,4.57),(205,84,17,1,2.88),(206,61,17,1,12.88),(207,80,17,1,9.69),(208,98,17,1,12.12),(209,1,17,1,0.30),(210,59,18,1,7.86),(211,74,18,1,13.99),(212,43,18,1,2.50),(213,15,18,1,7.91),(214,8,18,1,14.48),(215,70,19,1,3.08),(216,62,19,1,5.88),(217,13,19,1,1.06),(218,68,19,1,0.73),(219,76,19,1,9.63),(220,32,19,1,10.33),(221,20,19,1,4.13),(222,44,19,1,7.83),(223,49,19,1,4.11),(224,19,19,1,11.63),(225,3,19,1,14.58),(226,50,19,1,14.79),(227,21,20,1,4.57),(228,42,20,1,0.39),(229,34,20,1,13.28),(230,35,20,1,14.17),(231,43,20,1,2.50),(232,17,20,1,9.04),(233,74,21,1,13.99),(234,2,21,1,7.63),(235,24,21,1,9.55),(236,55,21,1,10.41),(237,57,21,1,8.95),(238,42,21,1,0.39),(239,19,21,1,11.63),(240,9,21,1,11.73),(241,81,21,1,1.68),(242,34,21,1,13.28),(243,53,21,1,2.84),(244,92,21,1,7.68),(245,88,22,1,8.35),(246,3,22,1,14.58),(247,4,22,1,1.60),(248,57,22,1,8.95),(249,55,22,1,10.41),(250,80,22,1,9.69),(251,34,22,1,13.28),(252,35,23,1,14.17),(253,3,23,1,14.58),(254,48,23,1,13.58),(255,51,23,1,14.04),(256,87,23,1,8.41),(257,72,24,1,3.24),(258,17,24,1,9.04),(259,90,24,1,9.63),(260,39,24,1,3.26),(261,3,24,1,14.58),(262,91,24,1,9.87),(263,32,24,1,10.33),(264,35,24,1,14.17),(265,25,24,1,13.65),(266,11,24,1,12.50),(267,8,24,1,14.48),(268,16,25,1,1.52),(269,64,25,1,3.06),(270,80,25,1,9.69),(271,22,25,1,3.56),(272,27,25,1,3.77),(273,17,25,1,9.04),(274,7,25,1,0.12),(275,5,26,1,3.62),(276,19,26,1,11.63),(277,95,26,1,13.95),(278,87,26,1,8.41),(279,21,26,1,4.57),(280,90,26,1,9.63),(281,58,26,1,6.27),(282,63,26,1,10.80),(283,7,26,1,0.12),(284,42,26,1,0.39),(285,89,26,1,3.35),(286,86,26,1,4.61),(287,46,26,1,0.49),(288,55,26,1,10.41),(289,80,26,1,9.69),(290,48,26,1,13.58),(291,6,26,1,7.60),(292,30,27,1,9.76),(293,68,27,1,0.73),(294,65,27,1,13.66),(295,54,27,1,1.15),(296,43,27,1,2.50),(297,72,27,1,3.24),(298,28,27,1,14.62),(299,14,27,1,7.28),(300,98,27,1,12.12),(301,69,27,1,12.62),(302,19,27,1,11.63),(303,58,27,1,6.27),(304,5,28,1,3.62),(305,97,28,1,10.26),(306,88,28,1,8.35),(307,4,28,1,1.60),(308,75,28,1,6.59),(309,59,28,1,7.86),(310,74,28,1,13.99),(311,22,28,1,3.56),(312,69,28,1,12.62),(313,70,28,1,3.08),(314,100,28,1,7.29),(315,99,28,1,8.30),(316,47,28,1,2.98),(317,2,28,1,7.63),(318,25,28,1,13.65),(319,83,28,1,6.59),(320,56,28,1,3.71),(321,23,28,1,3.41),(322,45,29,1,14.45),(323,92,29,1,7.68),(324,6,29,1,7.60),(325,81,29,1,1.68),(326,91,29,1,9.87),(327,15,29,1,7.91),(328,90,29,1,9.63),(329,82,29,1,1.86),(330,33,30,1,11.13),(331,91,30,1,9.87),(332,34,30,1,13.28),(333,89,30,1,3.35),(334,12,30,1,14.71),(335,56,30,1,3.71),(336,72,30,1,3.24),(337,100,30,1,7.29),(338,8,30,1,14.48),(339,7,30,1,0.12),(340,42,30,1,0.39),(341,83,31,1,6.59),(342,53,31,1,2.84),(343,87,31,1,8.41),(344,43,31,1,2.50),(345,70,31,1,3.08),(346,77,31,1,10.91),(347,20,31,1,4.13),(348,72,31,1,3.24),(349,40,31,1,2.93),(350,50,31,1,14.79),(351,84,31,1,2.88),(352,75,31,1,6.59),(353,3,31,1,14.58),(354,85,31,1,9.38),(355,23,31,1,3.41),(356,37,32,1,11.64),(357,9,32,1,11.73),(358,27,32,1,3.77),(359,86,32,1,4.61),(360,42,32,1,0.39),(361,31,32,1,3.45),(362,72,32,1,3.24),(363,54,33,1,1.15),(364,55,33,1,10.41),(365,21,33,1,4.57),(366,48,33,1,13.58),(367,59,33,1,7.86),(368,80,33,1,9.69),(369,51,33,1,14.04),(370,100,33,1,7.29),(371,39,33,1,3.26),(372,70,33,1,3.08),(373,93,33,1,5.45),(374,82,33,1,1.86),(375,91,34,1,9.87),(376,39,34,1,3.26),(377,98,34,1,12.12),(378,44,34,1,7.83),(379,53,34,1,2.84),(380,80,34,1,9.69),(381,89,34,1,3.35),(382,38,34,1,11.30),(383,75,34,1,6.59),(384,57,34,1,8.95),(385,30,34,1,9.76),(386,49,34,1,4.11),(387,42,34,1,0.39),(388,47,34,1,2.98),(389,34,34,1,13.28),(390,90,34,1,9.63),(391,33,34,1,11.13),(392,28,35,1,14.62),(393,57,35,1,8.95),(394,73,35,1,6.44),(395,55,35,1,10.41),(396,81,35,1,1.68),(397,22,35,1,3.56),(398,58,36,1,6.27),(399,89,36,1,3.35),(400,50,36,1,14.79),(401,41,36,1,11.93),(402,76,36,1,9.63),(403,39,36,1,3.26),(404,34,36,1,13.28),(405,93,36,1,5.45),(406,17,36,1,9.04),(407,16,36,1,1.52),(408,4,36,1,1.60),(409,6,37,1,7.60),(410,93,37,1,5.45),(411,33,37,1,11.13),(412,76,37,1,9.63),(413,78,37,1,1.04),(414,13,37,1,1.06),(415,16,37,1,1.52),(416,89,37,1,3.35),(417,9,37,1,11.73),(418,14,37,1,7.28),(419,51,37,1,14.04),(420,68,37,1,0.73),(421,72,37,1,3.24),(422,79,37,1,11.38),(423,36,37,1,13.23),(424,25,37,1,13.65),(425,69,38,1,12.62),(426,80,38,1,9.69),(427,64,38,1,3.06),(428,40,38,1,2.93),(429,97,38,1,10.26),(430,10,38,1,9.04),(431,18,38,1,14.90),(432,94,39,1,12.33),(433,63,39,1,10.80),(434,11,39,1,12.50),(435,3,39,1,14.58),(436,23,39,1,3.41),(437,72,39,1,3.24),(438,41,39,1,11.93),(439,81,39,1,1.68),(440,70,39,1,3.08),(441,25,39,1,13.65),(442,19,39,1,11.63),(443,58,39,1,6.27),(444,24,39,1,9.55),(445,37,39,1,11.64),(446,40,39,1,2.93),(447,66,39,1,12.91),(448,32,39,1,10.33),(449,21,39,1,4.57),(450,51,39,1,14.04),(451,27,39,1,3.77),(452,5,40,1,3.62),(453,78,40,1,1.04),(454,15,40,1,7.91),(455,97,40,1,10.26),(456,54,40,1,1.15),(457,46,40,1,0.49),(458,17,40,1,9.04),(459,14,40,1,7.28),(460,18,40,1,14.90),(461,36,40,1,13.23),(462,96,41,1,9.75),(463,90,41,1,9.63),(464,11,41,1,12.50),(465,1,41,1,0.30),(466,53,41,1,2.84),(467,89,41,1,3.35),(468,77,41,1,10.91),(469,82,41,1,1.86),(470,99,41,1,8.30),(471,31,41,1,3.45),(472,49,42,1,4.11),(473,1,42,1,0.30),(474,95,42,1,13.95),(475,43,42,1,2.50),(476,35,42,1,14.17),(477,77,42,1,10.91),(478,58,42,1,6.27),(479,54,42,1,1.15),(480,22,42,1,3.56),(481,10,42,1,9.04),(482,68,43,1,0.73),(483,88,43,1,8.35),(484,44,43,1,7.83),(485,52,43,1,13.00),(486,64,43,1,3.06),(487,74,43,1,13.99),(488,15,43,1,7.91),(489,67,43,1,7.32),(490,95,43,1,13.95),(491,72,43,1,3.24),(492,4,43,1,1.60),(493,26,43,1,12.85),(494,35,43,1,14.17),(495,36,43,1,13.23),(496,33,43,1,11.13),(497,58,43,1,6.27),(498,49,43,1,4.11),(499,17,43,1,9.04),(500,53,43,1,2.84),(501,48,43,1,13.58),(502,50,44,1,14.79),(503,6,44,1,7.60),(504,70,44,1,3.08),(505,66,44,1,12.91),(506,87,44,1,8.41),(507,14,44,1,7.28),(508,83,44,1,6.59),(509,59,44,1,7.86),(510,53,45,1,2.84),(511,81,45,1,1.68),(512,68,45,1,0.73),(513,6,45,1,7.60),(514,100,45,1,7.29),(515,19,45,1,11.63),(516,73,45,1,6.44),(517,43,45,1,2.50),(518,49,45,1,4.11),(519,1,45,1,0.30),(520,87,45,1,8.41),(521,22,45,1,3.56),(522,44,46,1,7.83),(523,99,46,1,8.30),(524,51,46,1,14.04),(525,31,46,1,3.45),(526,35,46,1,14.17),(527,67,46,1,7.32),(528,60,46,1,11.47),(529,42,46,1,0.39),(530,10,46,1,9.04),(531,21,46,1,4.57),(532,24,46,1,9.55),(533,82,46,1,1.86),(534,75,46,1,6.59),(535,41,46,1,11.93),(536,71,46,1,8.15),(537,16,47,1,1.52),(538,56,47,1,3.71),(539,33,47,1,11.13),(540,84,47,1,2.88),(541,90,47,1,9.63),(542,37,47,1,11.64),(543,55,47,1,10.41),(544,8,48,1,14.48),(545,5,48,1,3.62),(546,56,48,1,3.71),(547,25,48,1,13.65),(548,9,48,1,11.73),(549,11,48,1,12.50),(550,92,48,1,7.68),(551,24,48,1,9.55),(552,52,49,1,13.00),(553,37,49,1,11.64),(554,32,49,1,10.33),(555,17,49,1,9.04),(556,45,49,1,14.45),(557,26,49,1,12.85),(558,1,49,1,0.30),(559,55,49,1,10.41),(560,6,49,1,7.60),(561,8,50,1,14.48),(562,39,50,1,3.26),(563,26,50,1,12.85),(564,90,50,1,9.63),(565,61,50,1,12.88),(566,34,51,1,13.28),(567,89,51,1,3.35),(568,73,51,1,6.44),(569,80,51,1,9.69),(570,29,51,1,3.70),(571,66,51,1,12.91),(572,17,51,1,9.04),(573,85,51,1,9.38),(574,40,51,1,2.93),(575,55,51,1,10.41),(576,49,51,1,4.11),(577,43,51,1,2.50),(578,100,51,1,7.29),(579,27,51,1,3.77),(580,82,52,1,1.86),(581,78,52,1,1.04),(582,54,52,1,1.15),(583,8,52,1,14.48),(584,33,52,1,11.13),(585,76,52,1,9.63),(586,39,52,1,3.26),(587,85,52,1,9.38),(588,47,52,1,2.98),(589,59,52,1,7.86),(590,97,52,1,10.26),(591,35,52,1,14.17),(592,68,53,1,0.73),(593,16,53,1,1.52),(594,47,53,1,2.98),(595,62,53,1,5.88),(596,34,53,1,13.28),(597,20,53,1,4.13),(598,90,53,1,9.63),(599,51,53,1,14.04),(600,12,53,1,14.71),(601,8,53,1,14.48),(602,94,53,1,12.33),(603,45,53,1,14.45),(604,54,53,1,1.15),(605,25,54,1,13.65),(606,45,54,1,14.45),(607,12,54,1,14.71),(608,50,54,1,14.79),(609,4,54,1,1.60),(610,57,54,1,8.95),(611,33,54,1,11.13),(612,5,55,1,3.62),(613,87,55,1,8.41),(614,38,55,1,11.30),(615,77,55,1,10.91),(616,1,55,1,0.30),(617,14,56,1,7.28),(618,97,56,1,10.26),(619,15,56,1,7.91),(620,95,56,1,13.95),(621,16,56,1,1.52),(622,28,56,1,14.62),(623,39,56,1,3.26),(624,1,56,1,0.30),(625,25,56,1,13.65),(626,17,56,1,9.04),(627,75,56,1,6.59),(628,50,56,1,14.79),(629,70,56,1,3.08),(630,72,56,1,3.24),(631,30,56,1,9.76),(632,58,56,1,6.27),(633,45,56,1,14.45),(634,31,56,1,3.45),(635,20,56,1,4.13),(636,50,57,1,14.79),(637,84,57,1,2.88),(638,98,57,1,12.12),(639,85,57,1,9.38),(640,25,57,1,13.65),(641,44,57,1,7.83),(642,93,57,1,5.45),(643,12,57,1,14.71),(644,20,57,1,4.13),(645,68,58,1,0.73),(646,93,58,1,5.45),(647,79,58,1,11.38),(648,8,58,1,14.48),(649,22,58,1,3.56),(650,14,58,1,7.28),(651,66,58,1,12.91),(652,4,58,1,1.60),(653,88,58,1,8.35),(654,44,58,1,7.83),(655,91,58,1,9.87),(656,100,58,1,7.29),(657,100,59,1,7.29),(658,86,59,1,4.61),(659,20,59,1,4.13),(660,85,59,1,9.38),(661,69,59,1,12.62),(662,5,59,1,3.62),(663,76,59,1,9.63),(664,81,59,1,1.68),(665,26,59,1,12.85),(666,68,59,1,0.73),(667,25,60,1,13.65),(668,4,60,1,1.60),(669,71,60,1,8.15),(670,7,60,1,0.12),(671,11,60,1,12.50),(672,43,60,1,2.50),(673,6,60,1,7.60),(674,33,60,1,11.13),(675,69,60,1,12.62),(676,75,60,1,6.59),(677,58,60,1,6.27),(678,72,61,1,3.24),(679,55,61,1,10.41),(680,31,61,1,3.45),(681,59,61,1,7.86),(682,25,61,1,13.65),(683,77,61,1,10.91),(684,81,61,1,1.68),(685,86,61,1,4.61),(686,14,61,1,7.28),(687,24,61,1,9.55),(688,3,62,1,14.58),(689,57,62,1,8.95),(690,85,62,1,9.38),(691,66,62,1,12.91),(692,13,62,1,1.06),(693,86,62,1,4.61),(694,78,62,1,1.04),(695,72,62,1,3.24),(696,49,62,1,4.11),(697,20,62,1,4.13),(698,22,62,1,3.56),(699,33,62,1,11.13),(700,56,62,1,3.71),(701,12,62,1,14.71),(702,36,62,1,13.23),(703,38,62,1,11.30),(704,89,62,1,3.35),(705,45,63,1,14.45),(706,76,63,1,9.63),(707,56,63,1,3.71),(708,99,63,1,8.30),(709,79,63,1,11.38),(710,33,63,1,11.13),(711,39,63,1,3.26),(712,82,63,1,1.86),(713,98,63,1,12.12),(714,85,63,1,9.38),(715,34,63,1,13.28),(716,13,64,1,1.06),(717,43,64,1,2.50),(718,54,64,1,1.15),(719,85,64,1,9.38),(720,40,64,1,2.93),(721,56,65,1,3.71),(722,11,65,1,12.50),(723,79,65,1,11.38),(724,57,65,1,8.95),(725,96,65,1,9.75),(726,10,65,1,9.04),(727,19,65,1,11.63),(728,92,65,1,7.68),(729,74,65,1,13.99),(730,90,65,1,9.63),(731,75,65,1,6.59),(732,6,65,1,7.60),(733,44,65,1,7.83),(734,66,66,1,12.91),(735,44,66,1,7.83),(736,61,66,1,12.88),(737,83,66,1,6.59),(738,85,66,1,9.38),(739,1,66,1,0.30),(740,8,66,1,14.48),(741,60,66,1,11.47),(742,93,66,1,5.45),(743,92,66,1,7.68),(744,49,66,1,4.11),(745,62,66,1,5.88),(746,57,66,1,8.95),(747,16,66,1,1.52),(748,84,67,1,2.88),(749,16,67,1,1.52),(750,61,67,1,12.88),(751,92,67,1,7.68),(752,9,67,1,11.73),(753,78,67,1,1.04),(754,76,67,1,9.63),(755,40,67,1,2.93),(756,32,67,1,10.33),(757,22,67,1,3.56),(758,44,67,1,7.83),(759,39,67,1,3.26),(760,55,67,1,10.41),(761,11,67,1,12.50),(762,80,67,1,9.69),(763,28,68,1,14.62),(764,85,68,1,9.38),(765,77,68,1,10.91),(766,45,68,1,14.45),(767,74,68,1,13.99),(768,66,68,1,12.91),(769,22,68,1,3.56),(770,64,68,1,3.06),(771,18,68,1,14.90),(772,58,68,1,6.27),(773,91,68,1,9.87),(774,1,68,1,0.30),(775,93,68,1,5.45),(776,82,68,1,1.86),(777,17,68,1,9.04),(778,63,68,1,10.80),(779,80,69,1,9.69),(780,72,69,1,3.24),(781,93,69,1,5.45),(782,43,69,1,2.50),(783,1,69,1,0.30),(784,41,69,1,11.93),(785,59,69,1,7.86),(786,36,69,1,13.23),(787,38,69,1,11.30),(788,71,69,1,8.15),(789,16,70,1,1.52),(790,2,70,1,7.63),(791,46,70,1,0.49),(792,12,70,1,14.71),(793,99,70,1,8.30),(794,94,70,1,12.33),(795,23,70,1,3.41),(796,32,70,1,10.33),(797,51,70,1,14.04),(798,98,70,1,12.12),(799,20,70,1,4.13),(800,60,71,1,11.47),(801,10,71,1,9.04),(802,43,71,1,2.50),(803,83,71,1,6.59),(804,64,71,1,3.06),(805,77,71,1,10.91),(806,58,71,1,6.27),(807,34,71,1,13.28),(808,41,71,1,11.93),(809,20,71,1,4.13),(810,5,71,1,3.62),(811,4,71,1,1.60),(812,98,71,1,12.12),(813,88,71,1,8.35),(814,84,71,1,2.88),(815,76,71,1,9.63),(816,48,71,1,13.58),(817,60,72,1,11.47),(818,81,72,1,1.68),(819,15,72,1,7.91),(820,55,72,1,10.41),(821,74,72,1,13.99),(822,48,72,1,13.58),(823,8,72,1,14.48),(824,28,72,1,14.62),(825,56,72,1,3.71),(826,38,72,1,11.30),(827,26,72,1,12.85),(828,96,73,1,9.75),(829,4,73,1,1.60),(830,80,73,1,9.69),(831,71,73,1,8.15),(832,75,73,1,6.59),(833,16,73,1,1.52),(834,76,73,1,9.63),(835,19,73,1,11.63),(836,57,73,1,8.95),(837,87,73,1,8.41),(838,89,73,1,3.35),(839,98,73,1,12.12),(840,68,73,1,0.73),(841,74,73,1,13.99),(842,48,73,1,13.58),(843,22,73,1,3.56),(844,9,73,1,11.73),(845,81,73,1,1.68),(846,52,73,1,13.00),(847,19,74,1,11.63),(848,51,74,1,14.04),(849,71,74,1,8.15),(850,62,74,1,5.88),(851,87,74,1,8.41),(852,35,74,1,14.17),(853,7,74,1,0.12),(854,34,74,1,13.28),(855,6,74,1,7.60),(856,96,74,1,9.75),(857,1,74,1,0.30),(858,75,75,1,6.59),(859,11,75,1,12.50),(860,78,75,1,1.04),(861,21,75,1,4.57),(862,60,75,1,11.47),(863,61,75,1,12.88),(864,32,75,1,10.33),(865,46,75,1,0.49),(866,99,75,1,8.30),(867,33,75,1,11.13),(868,16,75,1,1.52),(869,86,75,1,4.61),(870,8,75,1,14.48),(871,95,75,1,13.95),(872,94,76,1,12.33),(873,13,76,1,1.06),(874,93,76,1,5.45),(875,16,76,1,1.52),(876,21,76,1,4.57),(877,20,76,1,4.13),(878,2,76,1,7.63),(879,98,77,1,12.12),(880,2,77,1,7.63),(881,80,77,1,9.69),(882,20,77,1,4.13),(883,29,77,1,3.70),(884,92,77,1,7.68),(885,62,77,1,5.88),(886,78,77,1,1.04),(887,16,78,1,1.52),(888,37,78,1,11.64),(889,18,78,1,14.90),(890,14,78,1,7.28),(891,74,78,1,13.99),(892,17,78,1,9.04),(893,22,78,1,3.56),(894,73,78,1,6.44),(895,91,78,1,9.87),(896,63,78,1,10.80),(897,67,78,1,7.32),(898,38,78,1,11.30),(899,54,78,1,1.15),(900,76,79,1,9.63),(901,17,79,1,9.04),(902,47,79,1,2.98),(903,27,79,1,3.77),(904,71,79,1,8.15),(905,69,79,1,12.62),(906,35,79,1,14.17),(907,65,79,1,13.66),(908,34,79,1,13.28),(909,77,79,1,10.91),(910,14,79,1,7.28),(911,81,79,1,1.68),(912,62,79,1,5.88),(913,50,79,1,14.79),(914,88,79,1,8.35),(915,21,79,1,4.57),(916,73,79,1,6.44),(917,23,79,1,3.41),(918,91,79,1,9.87),(919,71,80,1,8.15),(920,29,80,1,3.70),(921,53,80,1,2.84),(922,22,80,1,3.56),(923,61,80,1,12.88),(924,93,80,1,5.45),(925,6,80,1,7.60),(926,40,80,1,2.93),(927,63,80,1,10.80),(928,43,80,1,2.50),(929,52,80,1,13.00),(930,4,80,1,1.60),(931,63,81,1,10.80),(932,39,81,1,3.26),(933,35,81,1,14.17),(934,29,81,1,3.70),(935,78,81,1,1.04),(936,8,81,1,14.48),(937,33,81,1,11.13),(938,62,81,1,5.88),(939,44,82,1,7.83),(940,28,82,1,14.62),(941,100,82,1,7.29),(942,73,82,1,6.44),(943,55,82,1,10.41),(944,88,82,1,8.35),(945,85,82,1,9.38),(946,87,82,1,8.41),(947,48,82,1,13.58),(948,49,82,1,4.11),(949,8,82,1,14.48),(950,89,83,1,3.35),(951,38,83,1,11.30),(952,93,83,1,5.45),(953,76,83,1,9.63),(954,85,83,1,9.38),(955,52,83,1,13.00),(956,69,83,1,12.62),(957,70,83,1,3.08),(958,68,83,1,0.73),(959,8,83,1,14.48),(960,100,83,1,7.29),(961,75,83,1,6.59),(962,5,83,1,3.62),(963,98,83,1,12.12),(964,99,83,1,8.30),(965,73,83,1,6.44),(966,54,83,1,1.15),(967,50,84,1,14.79),(968,77,84,1,10.91),(969,29,84,1,3.70),(970,12,84,1,14.71),(971,6,84,1,7.60),(972,59,84,1,7.86),(973,84,84,1,2.88),(974,36,84,1,13.23),(975,84,85,1,2.88),(976,2,85,1,7.63),(977,53,85,1,2.84),(978,69,85,1,12.62),(979,62,85,1,5.88),(980,89,86,1,3.35),(981,51,86,1,14.04),(982,23,86,1,3.41),(983,82,86,1,1.86),(984,88,86,1,8.35),(985,80,86,1,9.69),(986,10,86,1,9.04),(987,80,87,1,9.69),(988,16,87,1,1.52),(989,33,87,1,11.13),(990,18,87,1,14.90),(991,55,87,1,10.41),(992,58,87,1,6.27),(993,88,87,1,8.35),(994,31,87,1,3.45),(995,42,88,1,0.39),(996,36,88,1,13.23),(997,93,88,1,5.45),(998,35,88,1,14.17),(999,39,88,1,3.26),(1000,57,88,1,8.95),(1001,1,88,1,0.30),(1002,14,88,1,7.28),(1003,69,88,1,12.62),(1004,34,89,1,13.28),(1005,22,89,1,3.56),(1006,70,89,1,3.08),(1007,60,89,1,11.47),(1008,43,89,1,2.50),(1009,23,89,1,3.41),(1010,61,89,1,12.88),(1011,62,90,1,5.88),(1012,68,90,1,0.73),(1013,30,90,1,9.76),(1014,8,90,1,14.48),(1015,6,90,1,7.60),(1016,82,90,1,1.86),(1017,97,90,1,10.26),(1018,74,90,1,13.99),(1019,35,90,1,14.17),(1020,54,90,1,1.15),(1021,84,90,1,2.88),(1022,59,90,1,7.86),(1023,35,91,1,14.17),(1024,96,91,1,9.75),(1025,64,91,1,3.06),(1026,77,91,1,10.91),(1027,36,91,1,13.23),(1028,51,91,1,14.04),(1029,72,92,1,3.24),(1030,36,92,1,13.23),(1031,16,92,1,1.52),(1032,51,92,1,14.04),(1033,28,92,1,14.62),(1034,86,92,1,4.61),(1035,18,92,1,14.90),(1036,96,92,1,9.75),(1037,24,92,1,9.55),(1038,40,92,1,2.93),(1039,53,92,1,2.84),(1040,77,92,1,10.91),(1041,71,92,1,8.15),(1042,50,92,1,14.79),(1043,11,92,1,12.50),(1044,59,92,1,7.86),(1045,21,92,1,4.57),(1046,100,92,1,7.29),(1047,35,93,1,14.17),(1048,76,93,1,9.63),(1049,83,93,1,6.59),(1050,62,93,1,5.88),(1051,74,93,1,13.99),(1052,8,93,1,14.48),(1053,98,93,1,12.12),(1054,66,93,1,12.91),(1055,91,93,1,9.87),(1056,82,93,1,1.86),(1057,44,93,1,7.83),(1058,71,93,1,8.15),(1059,52,93,1,13.00),(1060,51,93,1,14.04),(1061,34,93,1,13.28),(1062,3,94,1,14.58),(1063,52,94,1,13.00),(1064,67,94,1,7.32),(1065,18,94,1,14.90),(1066,45,94,1,14.45),(1067,19,94,1,11.63),(1068,36,94,1,13.23),(1069,54,94,1,1.15),(1070,8,94,1,14.48),(1071,88,94,1,8.35),(1072,94,94,1,12.33),(1073,21,95,1,4.57),(1074,67,95,1,7.32),(1075,100,95,1,7.29),(1076,71,95,1,8.15),(1077,84,95,1,2.88),(1078,43,95,1,2.50),(1079,12,96,1,14.71),(1080,51,96,1,14.04),(1081,69,96,1,12.62),(1082,3,96,1,14.58),(1083,81,96,1,1.68),(1084,41,96,1,11.93),(1085,43,96,1,2.50),(1086,48,96,1,13.58),(1087,30,96,1,9.76),(1088,89,96,1,3.35),(1089,65,96,1,13.66),(1090,57,96,1,8.95),(1091,27,96,1,3.77),(1092,35,96,1,14.17),(1093,13,96,1,1.06),(1094,10,96,1,9.04),(1095,88,96,1,8.35),(1096,64,97,1,3.06),(1097,70,97,1,3.08),(1098,72,97,1,3.24),(1099,100,97,1,7.29),(1100,1,97,1,0.30),(1101,6,97,1,7.60),(1102,86,97,1,4.61),(1103,37,97,1,11.64),(1104,59,98,1,7.86),(1105,8,98,1,14.48),(1106,74,98,1,13.99),(1107,43,98,1,2.50),(1108,47,98,1,2.98),(1109,71,98,1,8.15),(1110,61,98,1,12.88),(1111,23,98,1,3.41),(1112,77,98,1,10.91),(1113,100,98,1,7.29),(1114,91,98,1,9.87),(1115,78,99,1,1.04),(1116,21,99,1,4.57),(1117,23,99,1,3.41),(1118,99,99,1,8.30),(1119,10,99,1,9.04),(1120,65,99,1,13.66),(1121,80,99,1,9.69),(1122,95,100,1,13.95),(1123,58,100,1,6.27),(1124,23,100,1,3.41),(1125,60,100,1,11.47),(1126,11,100,1,12.50),(1127,40,100,1,2.93),(1128,29,100,1,3.70),(1129,35,100,1,14.17),(1130,24,100,1,9.55),(1131,68,100,1,0.73),(1132,22,100,1,3.56);
/*!40000 ALTER TABLE `CartItem` ENABLE KEYS */;
UNLOCK TABLES;
/*!50003 SET @saved_cs_client      = @@character_set_client */ ;
/*!50003 SET @saved_cs_results     = @@character_set_results */ ;
/*!50003 SET @saved_col_connection = @@collation_connection */ ;
/*!50003 SET character_set_client  = latin1 */ ;
/*!50003 SET character_set_results = latin1 */ ;
/*!50003 SET collation_connection  = latin1_swedish_ci */ ;
/*!50003 SET @saved_sql_mode       = @@sql_mode */ ;
/*!50003 SET sql_mode              = 'ONLY_FULL_GROUP_BY,STRICT_TRANS_TABLES,NO_ZERO_IN_DATE,NO_ZERO_DATE,ERROR_FOR_DIVISION_BY_ZERO,NO_ENGINE_SUBSTITUTION' */ ;
DELIMITER ;;
/*!50003 CREATE*/ /*!50017 DEFINER=`root`@`localhost`*/ /*!50003 TRIGGER `UpdateSubCostCartItemOnInsert` BEFORE INSERT ON `CartItem` FOR EACH ROW BEGIN
  SET @baseCost := (SELECT I.baseCost FROM Ingredient I WHERE I.id = NEW.id_Ingredient);
  SET NEW.subCost := @baseCost * NEW.multiplier;
END */;;
DELIMITER ;
/*!50003 SET sql_mode              = @saved_sql_mode */ ;
/*!50003 SET character_set_client  = @saved_cs_client */ ;
/*!50003 SET character_set_results = @saved_cs_results */ ;
/*!50003 SET collation_connection  = @saved_col_connection */ ;
/*!50003 SET @saved_cs_client      = @@character_set_client */ ;
/*!50003 SET @saved_cs_results     = @@character_set_results */ ;
/*!50003 SET @saved_col_connection = @@collation_connection */ ;
/*!50003 SET character_set_client  = latin1 */ ;
/*!50003 SET character_set_results = latin1 */ ;
/*!50003 SET collation_connection  = latin1_swedish_ci */ ;
/*!50003 SET @saved_sql_mode       = @@sql_mode */ ;
/*!50003 SET sql_mode              = 'ONLY_FULL_GROUP_BY,STRICT_TRANS_TABLES,NO_ZERO_IN_DATE,NO_ZERO_DATE,ERROR_FOR_DIVISION_BY_ZERO,NO_ENGINE_SUBSTITUTION' */ ;
DELIMITER ;;
/*!50003 CREATE*/ /*!50017 DEFINER=`root`@`localhost`*/ /*!50003 TRIGGER `UpdateTotalCostCartOnCartItemInsert` AFTER INSERT ON `CartItem` FOR EACH ROW BEGIN
  SET @totalCost := (SELECT SUM(C.subCost) FROM CartItem C WHERE C.id_Cart = NEW.id_Cart);
  UPDATE Cart C SET C.totalCost := @totalCost WHERE C.id = NEW.id_Cart;
END */;;
DELIMITER ;
/*!50003 SET sql_mode              = @saved_sql_mode */ ;
/*!50003 SET character_set_client  = @saved_cs_client */ ;
/*!50003 SET character_set_results = @saved_cs_results */ ;
/*!50003 SET collation_connection  = @saved_col_connection */ ;
/*!50003 SET @saved_cs_client      = @@character_set_client */ ;
/*!50003 SET @saved_cs_results     = @@character_set_results */ ;
/*!50003 SET @saved_col_connection = @@collation_connection */ ;
/*!50003 SET character_set_client  = latin1 */ ;
/*!50003 SET character_set_results = latin1 */ ;
/*!50003 SET collation_connection  = latin1_swedish_ci */ ;
/*!50003 SET @saved_sql_mode       = @@sql_mode */ ;
/*!50003 SET sql_mode              = 'ONLY_FULL_GROUP_BY,STRICT_TRANS_TABLES,NO_ZERO_IN_DATE,NO_ZERO_DATE,ERROR_FOR_DIVISION_BY_ZERO,NO_ENGINE_SUBSTITUTION' */ ;
DELIMITER ;;
/*!50003 CREATE*/ /*!50017 DEFINER=`root`@`localhost`*/ /*!50003 TRIGGER `UpdateSubCostCartItemOnUpdate` BEFORE UPDATE ON `CartItem` FOR EACH ROW BEGIN
  SET @baseCost := (SELECT I.baseCost FROM Ingredient I WHERE I.id = NEW.id_Ingredient);
  SET NEW.subCost := @baseCost * NEW.multiplier;
END */;;
DELIMITER ;
/*!50003 SET sql_mode              = @saved_sql_mode */ ;
/*!50003 SET character_set_client  = @saved_cs_client */ ;
/*!50003 SET character_set_results = @saved_cs_results */ ;
/*!50003 SET collation_connection  = @saved_col_connection */ ;
/*!50003 SET @saved_cs_client      = @@character_set_client */ ;
/*!50003 SET @saved_cs_results     = @@character_set_results */ ;
/*!50003 SET @saved_col_connection = @@collation_connection */ ;
/*!50003 SET character_set_client  = latin1 */ ;
/*!50003 SET character_set_results = latin1 */ ;
/*!50003 SET collation_connection  = latin1_swedish_ci */ ;
/*!50003 SET @saved_sql_mode       = @@sql_mode */ ;
/*!50003 SET sql_mode              = 'ONLY_FULL_GROUP_BY,STRICT_TRANS_TABLES,NO_ZERO_IN_DATE,NO_ZERO_DATE,ERROR_FOR_DIVISION_BY_ZERO,NO_ENGINE_SUBSTITUTION' */ ;
DELIMITER ;;
/*!50003 CREATE*/ /*!50017 DEFINER=`root`@`localhost`*/ /*!50003 TRIGGER `PreventUpdateOfCartItemIfIsCommand` BEFORE UPDATE ON `CartItem` FOR EACH ROW BEGIN
  SET @commandCountWithCartId := (SELECT COUNT(*) FROM Command C WHERE C.id_Cart = NEW.id_Cart);
  IF @commandCountWithCartId > 0 THEN
    SIGNAL SQLSTATE '45000'
    SET MESSAGE_TEXT = "Le panier à déjà été commandé et n'est plus modifiable";
  END IF;
END */;;
DELIMITER ;
/*!50003 SET sql_mode              = @saved_sql_mode */ ;
/*!50003 SET character_set_client  = @saved_cs_client */ ;
/*!50003 SET character_set_results = @saved_cs_results */ ;
/*!50003 SET collation_connection  = @saved_col_connection */ ;
/*!50003 SET @saved_cs_client      = @@character_set_client */ ;
/*!50003 SET @saved_cs_results     = @@character_set_results */ ;
/*!50003 SET @saved_col_connection = @@collation_connection */ ;
/*!50003 SET character_set_client  = latin1 */ ;
/*!50003 SET character_set_results = latin1 */ ;
/*!50003 SET collation_connection  = latin1_swedish_ci */ ;
/*!50003 SET @saved_sql_mode       = @@sql_mode */ ;
/*!50003 SET sql_mode              = 'ONLY_FULL_GROUP_BY,STRICT_TRANS_TABLES,NO_ZERO_IN_DATE,NO_ZERO_DATE,ERROR_FOR_DIVISION_BY_ZERO,NO_ENGINE_SUBSTITUTION' */ ;
DELIMITER ;;
/*!50003 CREATE*/ /*!50017 DEFINER=`root`@`localhost`*/ /*!50003 TRIGGER `UpdateTotalCostCartOnCartItemUpdate` AFTER UPDATE ON `CartItem` FOR EACH ROW BEGIN
  SET @totalCost := (SELECT SUM(C.subCost) FROM CartItem C WHERE C.id_Cart = NEW.id_Cart);
  UPDATE Cart C SET C.totalCost := @totalCost WHERE C.id = NEW.id_Cart;
END */;;
DELIMITER ;
/*!50003 SET sql_mode              = @saved_sql_mode */ ;
/*!50003 SET character_set_client  = @saved_cs_client */ ;
/*!50003 SET character_set_results = @saved_cs_results */ ;
/*!50003 SET collation_connection  = @saved_col_connection */ ;
/*!50003 SET @saved_cs_client      = @@character_set_client */ ;
/*!50003 SET @saved_cs_results     = @@character_set_results */ ;
/*!50003 SET @saved_col_connection = @@collation_connection */ ;
/*!50003 SET character_set_client  = latin1 */ ;
/*!50003 SET character_set_results = latin1 */ ;
/*!50003 SET collation_connection  = latin1_swedish_ci */ ;
/*!50003 SET @saved_sql_mode       = @@sql_mode */ ;
/*!50003 SET sql_mode              = 'ONLY_FULL_GROUP_BY,STRICT_TRANS_TABLES,NO_ZERO_IN_DATE,NO_ZERO_DATE,ERROR_FOR_DIVISION_BY_ZERO,NO_ENGINE_SUBSTITUTION' */ ;
DELIMITER ;;
/*!50003 CREATE*/ /*!50017 DEFINER=`root`@`localhost`*/ /*!50003 TRIGGER `UpdateTotalCostCartOnCartItemDelete` AFTER DELETE ON `CartItem` FOR EACH ROW BEGIN
  SET @totalCost := IFNULL((SELECT SUM(C.subCost) FROM CartItem C WHERE C.id_Cart = OLD.id_Cart), 0);
  UPDATE Cart C SET C.totalCost := @totalCost WHERE C.id = OLD.id_Cart;
END */;;
DELIMITER ;
/*!50003 SET sql_mode              = @saved_sql_mode */ ;
/*!50003 SET character_set_client  = @saved_cs_client */ ;
/*!50003 SET character_set_results = @saved_cs_results */ ;
/*!50003 SET collation_connection  = @saved_col_connection */ ;

--
-- Table structure for table `Command`
--

DROP TABLE IF EXISTS `Command`;
/*!40101 SET @saved_cs_client     = @@character_set_client */;
 SET character_set_client = utf8mb4 ;
CREATE TABLE `Command` (
  `id` int(11) NOT NULL AUTO_INCREMENT,
  `id_Cart` int(11) NOT NULL,
  `creationDate` datetime NOT NULL,
  `arrivalDate` datetime DEFAULT NULL,
  PRIMARY KEY (`id`),
  UNIQUE KEY `id_Cart` (`id_Cart`),
  CONSTRAINT `Command_ibfk_1` FOREIGN KEY (`id_Cart`) REFERENCES `Cart` (`id`)
) ENGINE=InnoDB AUTO_INCREMENT=101 DEFAULT CHARSET=utf8mb4 COLLATE=utf8mb4_0900_ai_ci;
/*!40101 SET character_set_client = @saved_cs_client */;

--
-- Dumping data for table `Command`
--

LOCK TABLES `Command` WRITE;
/*!40000 ALTER TABLE `Command` DISABLE KEYS */;
INSERT INTO `Command` VALUES (1,101,'2019-04-14 18:35:42','2019-04-14 18:35:42'),(2,103,'2019-04-14 18:35:42','2019-04-14 18:35:42'),(3,105,'2019-04-14 18:35:42','2019-04-14 18:35:42'),(4,107,'2019-04-14 18:35:42','2019-04-14 18:35:42'),(5,109,'2019-04-14 18:35:43','2019-04-14 18:35:43'),(6,111,'2019-04-14 18:35:43','2019-04-14 18:35:43'),(7,113,'2019-04-14 18:35:43','2019-04-14 18:35:43'),(8,115,'2019-04-14 18:35:43','2019-04-14 18:35:43'),(9,117,'2019-04-14 18:35:43','2019-04-14 18:35:43'),(10,119,'2019-04-14 18:35:43','2019-04-14 18:35:43'),(11,121,'2019-04-14 18:35:43','2019-04-14 18:35:43'),(12,123,'2019-04-14 18:35:43','2019-04-14 18:35:43'),(13,125,'2019-04-14 18:35:43','2019-04-14 18:35:43'),(14,127,'2019-04-14 18:35:43','2019-04-14 18:35:43'),(15,129,'2019-04-14 18:35:43','2019-04-14 18:35:43'),(16,131,'2019-04-14 18:35:43','2019-04-14 18:35:43'),(17,133,'2019-04-14 18:35:43','2019-04-14 18:35:43'),(18,135,'2019-04-14 18:35:43','2019-04-14 18:35:43'),(19,137,'2019-04-14 18:35:43','2019-04-14 18:35:43'),(20,139,'2019-04-14 18:35:43','2019-04-14 18:35:43'),(21,141,'2019-04-14 18:35:43','2019-04-14 18:35:43'),(22,143,'2019-04-14 18:35:43','2019-04-14 18:35:43'),(23,145,'2019-04-14 18:35:43','2019-04-14 18:35:43'),(24,147,'2019-04-14 18:35:43','2019-04-14 18:35:43'),(25,149,'2019-04-14 18:35:43','2019-04-14 18:35:43'),(26,151,'2019-04-14 18:35:44','2019-04-14 18:35:44'),(27,153,'2019-04-14 18:35:44','2019-04-14 18:35:44'),(28,155,'2019-04-14 18:35:44','2019-04-14 18:35:44'),(29,157,'2019-04-14 18:35:44','2019-04-14 18:35:44'),(30,159,'2019-04-14 18:35:44','2019-04-14 18:35:44'),(31,161,'2019-04-14 18:35:44','2019-04-14 18:35:44'),(32,163,'2019-04-14 18:35:44','2019-04-14 18:35:44'),(33,165,'2019-04-14 18:35:44','2019-04-14 18:35:44'),(34,167,'2019-04-14 18:35:44','2019-04-14 18:35:44'),(35,169,'2019-04-14 18:35:44','2019-04-14 18:35:44'),(36,171,'2019-04-14 18:35:44','2019-04-14 18:35:44'),(37,173,'2019-04-14 18:35:44','2019-04-14 18:35:44'),(38,175,'2019-04-14 18:35:44','2019-04-14 18:35:44'),(39,177,'2019-04-14 18:35:44','2019-04-14 18:35:44'),(40,179,'2019-04-14 18:35:44','2019-04-14 18:35:44'),(41,181,'2019-04-14 18:35:44','2019-04-14 18:35:44'),(42,183,'2019-04-14 18:35:44','2019-04-14 18:35:44'),(43,185,'2019-04-14 18:35:44','2019-04-14 18:35:44'),(44,187,'2019-04-14 18:35:44','2019-04-14 18:35:44'),(45,189,'2019-04-14 18:35:44','2019-04-14 18:35:44'),(46,191,'2019-04-14 18:35:44','2019-04-14 18:35:44'),(47,193,'2019-04-14 18:35:45','2019-04-14 18:35:45'),(48,195,'2019-04-14 18:35:45','2019-04-14 18:35:45'),(49,197,'2019-04-14 18:35:45','2019-04-14 18:35:45'),(50,199,'2019-04-14 18:35:45','2019-04-14 18:35:45'),(51,201,'2019-04-14 18:35:45','2019-04-14 18:35:45'),(52,203,'2019-04-14 18:35:45','2019-04-14 18:35:45'),(53,205,'2019-04-14 18:35:45','2019-04-14 18:35:45'),(54,207,'2019-04-14 18:35:45','2019-04-14 18:35:45'),(55,209,'2019-04-14 18:35:45','2019-04-14 18:35:45'),(56,211,'2019-04-14 18:35:45','2019-04-14 18:35:45'),(57,213,'2019-04-14 18:35:45','2019-04-14 18:35:45'),(58,215,'2019-04-14 18:35:45','2019-04-14 18:35:45'),(59,217,'2019-04-14 18:35:45','2019-04-14 18:35:45'),(60,219,'2019-04-14 18:35:45','2019-04-14 18:35:45'),(61,221,'2019-04-14 18:35:45','2019-04-14 18:35:45'),(62,223,'2019-04-14 18:35:45','2019-04-14 18:35:45'),(63,225,'2019-04-14 18:35:45','2019-04-14 18:35:45'),(64,227,'2019-04-14 18:35:45','2019-04-14 18:35:45'),(65,229,'2019-04-14 18:35:45','2019-04-14 18:35:45'),(66,231,'2019-04-14 18:35:45','2019-04-14 18:35:45'),(67,233,'2019-04-14 18:35:45','2019-04-14 18:35:45'),(68,235,'2019-04-14 18:35:45','2019-04-14 18:35:45'),(69,237,'2019-04-14 18:35:46','2019-04-14 18:35:46'),(70,239,'2019-04-14 18:35:46','2019-04-14 18:35:46'),(71,241,'2019-04-14 18:35:46','2019-04-14 18:35:46'),(72,243,'2019-04-14 18:35:46','2019-04-14 18:35:46'),(73,245,'2019-04-14 18:35:46','2019-04-14 18:35:46'),(74,247,'2019-04-14 18:35:46','2019-04-14 18:35:46'),(75,249,'2019-04-14 18:35:46','2019-04-14 18:35:46'),(76,251,'2019-04-14 18:35:46','2019-04-14 18:35:46'),(77,253,'2019-04-14 18:35:46','2019-04-14 18:35:46'),(78,255,'2019-04-14 18:35:46','2019-04-14 18:35:46'),(79,257,'2019-04-14 18:35:46','2019-04-14 18:35:46'),(80,259,'2019-04-14 18:35:46','2019-04-14 18:35:46'),(81,261,'2019-04-14 18:35:46','2019-04-14 18:35:46'),(82,263,'2019-04-14 18:35:46','2019-04-14 18:35:46'),(83,265,'2019-04-14 18:35:46','2019-04-14 18:35:46'),(84,267,'2019-04-14 18:35:46','2019-04-14 18:35:46'),(85,269,'2019-04-14 18:35:46','2019-04-14 18:35:46'),(86,271,'2019-04-14 18:35:46','2019-04-14 18:35:46'),(87,273,'2019-04-14 18:35:46','2019-04-14 18:35:46'),(88,275,'2019-04-14 18:35:46','2019-04-14 18:35:46'),(89,277,'2019-04-14 18:35:46','2019-04-14 18:35:46'),(90,279,'2019-04-14 18:35:47','2019-04-14 18:35:47'),(91,281,'2019-04-14 18:35:47','2019-04-14 18:35:47'),(92,283,'2019-04-14 18:35:47','2019-04-14 18:35:47'),(93,285,'2019-04-14 18:35:47','2019-04-14 18:35:47'),(94,287,'2019-04-14 18:35:47','2019-04-14 18:35:47'),(95,289,'2019-04-14 18:35:47','2019-04-14 18:35:47'),(96,291,'2019-04-14 18:35:47','2019-04-14 18:35:47'),(97,293,'2019-04-14 18:35:47','2019-04-14 18:35:47'),(98,295,'2019-04-14 18:35:47','2019-04-14 18:35:47'),(99,297,'2019-04-14 18:35:47','2019-04-14 18:35:47'),(100,299,'2019-04-14 18:35:47','2019-04-14 18:35:47');
/*!40000 ALTER TABLE `Command` ENABLE KEYS */;
UNLOCK TABLES;
/*!50003 SET @saved_cs_client      = @@character_set_client */ ;
/*!50003 SET @saved_cs_results     = @@character_set_results */ ;
/*!50003 SET @saved_col_connection = @@collation_connection */ ;
/*!50003 SET character_set_client  = latin1 */ ;
/*!50003 SET character_set_results = latin1 */ ;
/*!50003 SET collation_connection  = latin1_swedish_ci */ ;
/*!50003 SET @saved_sql_mode       = @@sql_mode */ ;
/*!50003 SET sql_mode              = 'ONLY_FULL_GROUP_BY,STRICT_TRANS_TABLES,NO_ZERO_IN_DATE,NO_ZERO_DATE,ERROR_FOR_DIVISION_BY_ZERO,NO_ENGINE_SUBSTITUTION' */ ;
DELIMITER ;;
/*!50003 CREATE*/ /*!50017 DEFINER=`root`@`localhost`*/ /*!50003 TRIGGER `NewCartAfterCommand` AFTER INSERT ON `Command` FOR EACH ROW BEGIN
  SET @userId := (SELECT Cart.id_User FROM Cart WHERE Cart.id = NEW.id_Cart);
  INSERT INTO `Cart` (`id`, `id_User`, `totalCost`)
  VALUES (NULL, @userId, 0);
END */;;
DELIMITER ;
/*!50003 SET sql_mode              = @saved_sql_mode */ ;
/*!50003 SET character_set_client  = @saved_cs_client */ ;
/*!50003 SET character_set_results = @saved_cs_results */ ;
/*!50003 SET collation_connection  = @saved_col_connection */ ;

--
-- Table structure for table `Comment`
--

DROP TABLE IF EXISTS `Comment`;
/*!40101 SET @saved_cs_client     = @@character_set_client */;
 SET character_set_client = utf8mb4 ;
CREATE TABLE `Comment` (
  `id` int(11) NOT NULL AUTO_INCREMENT,
  `id_Recipe` int(11) NOT NULL,
  `id_User` int(11) DEFAULT NULL,
  `text` mediumtext,
  PRIMARY KEY (`id`),
  KEY `id_Recipe` (`id_Recipe`),
  KEY `id_User` (`id_User`),
  CONSTRAINT `Comment_ibfk_1` FOREIGN KEY (`id_Recipe`) REFERENCES `Recipe` (`id`),
  CONSTRAINT `Comment_ibfk_2` FOREIGN KEY (`id_User`) REFERENCES `User` (`id`)
) ENGINE=InnoDB AUTO_INCREMENT=101 DEFAULT CHARSET=utf8mb4 COLLATE=utf8mb4_0900_ai_ci;
/*!40101 SET character_set_client = @saved_cs_client */;

--
-- Dumping data for table `Comment`
--

LOCK TABLES `Comment` WRITE;
/*!40000 ALTER TABLE `Comment` DISABLE KEYS */;
INSERT INTO `Comment` VALUES (1,13,23,'Lorem ipsum dolor sit amet, consectetur adipiscing elit. Morbi pulvinar pharetra bibendum. Ut eget risus nec risus finibus hendrerit in non tortor. Pellentesque maximus ligula et turpis faucibus cursus. Donec vel nunc metus. Quisque sagittis mattis dui vel varius. Aliquam iaculis interdum lacinia. Nam euismod lectus id maximus sodales. Nam id magna dictum, semper nisl vel, ornare ligula. Sed condimentum metus quis leo pharetra, quis semper urna aliquam. Fusce consectetur accumsan augue sit amet iaculis. Suspendisse volutpat urna vitae fermentum eleifend. Maecenas sapien leo, gravida vitae pellentesque quis, efficitur in erat. Maecenas elementum euismod hendrerit. Mauris sagittis massa a orci.'),(2,45,12,'Lorem ipsum dolor sit amet, consectetur adipiscing elit. Morbi pulvinar pharetra bibendum. Ut eget risus nec risus finibus hendrerit in non tortor. Pellentesque maximus ligula et turpis faucibus cursus. Donec vel nunc metus. Quisque sagittis mattis dui vel varius. Aliquam iaculis interdum lacinia. Nam euismod lectus id maximus sodales. Nam id magna dictum, semper nisl vel, ornare ligula. Sed condimentum metus quis leo pharetra, quis semper urna aliquam. Fusce consectetur accumsan augue sit amet iaculis. Suspendisse volutpat urna vitae fermentum eleifend. Maecenas sapien leo, gravida vitae pellentesque quis, efficitur in erat. Maecenas elementum euismod hendrerit. Mauris sagittis massa a orci.'),(3,11,70,'Lorem ipsum dolor sit amet, consectetur adipiscing elit. Morbi pulvinar pharetra bibendum. Ut eget risus nec risus finibus hendrerit in non tortor. Pellentesque maximus ligula et turpis faucibus cursus. Donec vel nunc metus. Quisque sagittis mattis dui vel varius. Aliquam iaculis interdum lacinia. Nam euismod lectus id maximus sodales. Nam id magna dictum, semper nisl vel, ornare ligula. Sed condimentum metus quis leo pharetra, quis semper urna aliquam. Fusce consectetur accumsan augue sit amet iaculis. Suspendisse volutpat urna vitae fermentum eleifend. Maecenas sapien leo, gravida vitae pellentesque quis, efficitur in erat. Maecenas elementum euismod hendrerit. Mauris sagittis massa a orci.'),(4,28,48,'Lorem ipsum dolor sit amet, consectetur adipiscing elit. Morbi pulvinar pharetra bibendum. Ut eget risus nec risus finibus hendrerit in non tortor. Pellentesque maximus ligula et turpis faucibus cursus. Donec vel nunc metus. Quisque sagittis mattis dui vel varius. Aliquam iaculis interdum lacinia. Nam euismod lectus id maximus sodales. Nam id magna dictum, semper nisl vel, ornare ligula. Sed condimentum metus quis leo pharetra, quis semper urna aliquam. Fusce consectetur accumsan augue sit amet iaculis. Suspendisse volutpat urna vitae fermentum eleifend. Maecenas sapien leo, gravida vitae pellentesque quis, efficitur in erat. Maecenas elementum euismod hendrerit. Mauris sagittis massa a orci.'),(5,58,32,'Lorem ipsum dolor sit amet, consectetur adipiscing elit. Morbi pulvinar pharetra bibendum. Ut eget risus nec risus finibus hendrerit in non tortor. Pellentesque maximus ligula et turpis faucibus cursus. Donec vel nunc metus. Quisque sagittis mattis dui vel varius. Aliquam iaculis interdum lacinia. Nam euismod lectus id maximus sodales. Nam id magna dictum, semper nisl vel, ornare ligula. Sed condimentum metus quis leo pharetra, quis semper urna aliquam. Fusce consectetur accumsan augue sit amet iaculis. Suspendisse volutpat urna vitae fermentum eleifend. Maecenas sapien leo, gravida vitae pellentesque quis, efficitur in erat. Maecenas elementum euismod hendrerit. Mauris sagittis massa a orci.'),(6,29,37,'Lorem ipsum dolor sit amet, consectetur adipiscing elit. Morbi pulvinar pharetra bibendum. Ut eget risus nec risus finibus hendrerit in non tortor. Pellentesque maximus ligula et turpis faucibus cursus. Donec vel nunc metus. Quisque sagittis mattis dui vel varius. Aliquam iaculis interdum lacinia. Nam euismod lectus id maximus sodales. Nam id magna dictum, semper nisl vel, ornare ligula. Sed condimentum metus quis leo pharetra, quis semper urna aliquam. Fusce consectetur accumsan augue sit amet iaculis. Suspendisse volutpat urna vitae fermentum eleifend. Maecenas sapien leo, gravida vitae pellentesque quis, efficitur in erat. Maecenas elementum euismod hendrerit. Mauris sagittis massa a orci.'),(7,35,22,'Lorem ipsum dolor sit amet, consectetur adipiscing elit. Morbi pulvinar pharetra bibendum. Ut eget risus nec risus finibus hendrerit in non tortor. Pellentesque maximus ligula et turpis faucibus cursus. Donec vel nunc metus. Quisque sagittis mattis dui vel varius. Aliquam iaculis interdum lacinia. Nam euismod lectus id maximus sodales. Nam id magna dictum, semper nisl vel, ornare ligula. Sed condimentum metus quis leo pharetra, quis semper urna aliquam. Fusce consectetur accumsan augue sit amet iaculis. Suspendisse volutpat urna vitae fermentum eleifend. Maecenas sapien leo, gravida vitae pellentesque quis, efficitur in erat. Maecenas elementum euismod hendrerit. Mauris sagittis massa a orci.'),(8,17,67,'Lorem ipsum dolor sit amet, consectetur adipiscing elit. Morbi pulvinar pharetra bibendum. Ut eget risus nec risus finibus hendrerit in non tortor. Pellentesque maximus ligula et turpis faucibus cursus. Donec vel nunc metus. Quisque sagittis mattis dui vel varius. Aliquam iaculis interdum lacinia. Nam euismod lectus id maximus sodales. Nam id magna dictum, semper nisl vel, ornare ligula. Sed condimentum metus quis leo pharetra, quis semper urna aliquam. Fusce consectetur accumsan augue sit amet iaculis. Suspendisse volutpat urna vitae fermentum eleifend. Maecenas sapien leo, gravida vitae pellentesque quis, efficitur in erat. Maecenas elementum euismod hendrerit. Mauris sagittis massa a orci.'),(9,69,61,'Lorem ipsum dolor sit amet, consectetur adipiscing elit. Morbi pulvinar pharetra bibendum. Ut eget risus nec risus finibus hendrerit in non tortor. Pellentesque maximus ligula et turpis faucibus cursus. Donec vel nunc metus. Quisque sagittis mattis dui vel varius. Aliquam iaculis interdum lacinia. Nam euismod lectus id maximus sodales. Nam id magna dictum, semper nisl vel, ornare ligula. Sed condimentum metus quis leo pharetra, quis semper urna aliquam. Fusce consectetur accumsan augue sit amet iaculis. Suspendisse volutpat urna vitae fermentum eleifend. Maecenas sapien leo, gravida vitae pellentesque quis, efficitur in erat. Maecenas elementum euismod hendrerit. Mauris sagittis massa a orci.'),(10,99,46,'Lorem ipsum dolor sit amet, consectetur adipiscing elit. Morbi pulvinar pharetra bibendum. Ut eget risus nec risus finibus hendrerit in non tortor. Pellentesque maximus ligula et turpis faucibus cursus. Donec vel nunc metus. Quisque sagittis mattis dui vel varius. Aliquam iaculis interdum lacinia. Nam euismod lectus id maximus sodales. Nam id magna dictum, semper nisl vel, ornare ligula. Sed condimentum metus quis leo pharetra, quis semper urna aliquam. Fusce consectetur accumsan augue sit amet iaculis. Suspendisse volutpat urna vitae fermentum eleifend. Maecenas sapien leo, gravida vitae pellentesque quis, efficitur in erat. Maecenas elementum euismod hendrerit. Mauris sagittis massa a orci.'),(11,86,65,'Lorem ipsum dolor sit amet, consectetur adipiscing elit. Morbi pulvinar pharetra bibendum. Ut eget risus nec risus finibus hendrerit in non tortor. Pellentesque maximus ligula et turpis faucibus cursus. Donec vel nunc metus. Quisque sagittis mattis dui vel varius. Aliquam iaculis interdum lacinia. Nam euismod lectus id maximus sodales. Nam id magna dictum, semper nisl vel, ornare ligula. Sed condimentum metus quis leo pharetra, quis semper urna aliquam. Fusce consectetur accumsan augue sit amet iaculis. Suspendisse volutpat urna vitae fermentum eleifend. Maecenas sapien leo, gravida vitae pellentesque quis, efficitur in erat. Maecenas elementum euismod hendrerit. Mauris sagittis massa a orci.'),(12,57,47,'Lorem ipsum dolor sit amet, consectetur adipiscing elit. Morbi pulvinar pharetra bibendum. Ut eget risus nec risus finibus hendrerit in non tortor. Pellentesque maximus ligula et turpis faucibus cursus. Donec vel nunc metus. Quisque sagittis mattis dui vel varius. Aliquam iaculis interdum lacinia. Nam euismod lectus id maximus sodales. Nam id magna dictum, semper nisl vel, ornare ligula. Sed condimentum metus quis leo pharetra, quis semper urna aliquam. Fusce consectetur accumsan augue sit amet iaculis. Suspendisse volutpat urna vitae fermentum eleifend. Maecenas sapien leo, gravida vitae pellentesque quis, efficitur in erat. Maecenas elementum euismod hendrerit. Mauris sagittis massa a orci.'),(13,90,18,'Lorem ipsum dolor sit amet, consectetur adipiscing elit. Morbi pulvinar pharetra bibendum. Ut eget risus nec risus finibus hendrerit in non tortor. Pellentesque maximus ligula et turpis faucibus cursus. Donec vel nunc metus. Quisque sagittis mattis dui vel varius. Aliquam iaculis interdum lacinia. Nam euismod lectus id maximus sodales. Nam id magna dictum, semper nisl vel, ornare ligula. Sed condimentum metus quis leo pharetra, quis semper urna aliquam. Fusce consectetur accumsan augue sit amet iaculis. Suspendisse volutpat urna vitae fermentum eleifend. Maecenas sapien leo, gravida vitae pellentesque quis, efficitur in erat. Maecenas elementum euismod hendrerit. Mauris sagittis massa a orci.'),(14,22,98,'Lorem ipsum dolor sit amet, consectetur adipiscing elit. Morbi pulvinar pharetra bibendum. Ut eget risus nec risus finibus hendrerit in non tortor. Pellentesque maximus ligula et turpis faucibus cursus. Donec vel nunc metus. Quisque sagittis mattis dui vel varius. Aliquam iaculis interdum lacinia. Nam euismod lectus id maximus sodales. Nam id magna dictum, semper nisl vel, ornare ligula. Sed condimentum metus quis leo pharetra, quis semper urna aliquam. Fusce consectetur accumsan augue sit amet iaculis. Suspendisse volutpat urna vitae fermentum eleifend. Maecenas sapien leo, gravida vitae pellentesque quis, efficitur in erat. Maecenas elementum euismod hendrerit. Mauris sagittis massa a orci.'),(15,81,79,'Lorem ipsum dolor sit amet, consectetur adipiscing elit. Morbi pulvinar pharetra bibendum. Ut eget risus nec risus finibus hendrerit in non tortor. Pellentesque maximus ligula et turpis faucibus cursus. Donec vel nunc metus. Quisque sagittis mattis dui vel varius. Aliquam iaculis interdum lacinia. Nam euismod lectus id maximus sodales. Nam id magna dictum, semper nisl vel, ornare ligula. Sed condimentum metus quis leo pharetra, quis semper urna aliquam. Fusce consectetur accumsan augue sit amet iaculis. Suspendisse volutpat urna vitae fermentum eleifend. Maecenas sapien leo, gravida vitae pellentesque quis, efficitur in erat. Maecenas elementum euismod hendrerit. Mauris sagittis massa a orci.'),(16,83,12,'Lorem ipsum dolor sit amet, consectetur adipiscing elit. Morbi pulvinar pharetra bibendum. Ut eget risus nec risus finibus hendrerit in non tortor. Pellentesque maximus ligula et turpis faucibus cursus. Donec vel nunc metus. Quisque sagittis mattis dui vel varius. Aliquam iaculis interdum lacinia. Nam euismod lectus id maximus sodales. Nam id magna dictum, semper nisl vel, ornare ligula. Sed condimentum metus quis leo pharetra, quis semper urna aliquam. Fusce consectetur accumsan augue sit amet iaculis. Suspendisse volutpat urna vitae fermentum eleifend. Maecenas sapien leo, gravida vitae pellentesque quis, efficitur in erat. Maecenas elementum euismod hendrerit. Mauris sagittis massa a orci.'),(17,23,47,'Lorem ipsum dolor sit amet, consectetur adipiscing elit. Morbi pulvinar pharetra bibendum. Ut eget risus nec risus finibus hendrerit in non tortor. Pellentesque maximus ligula et turpis faucibus cursus. Donec vel nunc metus. Quisque sagittis mattis dui vel varius. Aliquam iaculis interdum lacinia. Nam euismod lectus id maximus sodales. Nam id magna dictum, semper nisl vel, ornare ligula. Sed condimentum metus quis leo pharetra, quis semper urna aliquam. Fusce consectetur accumsan augue sit amet iaculis. Suspendisse volutpat urna vitae fermentum eleifend. Maecenas sapien leo, gravida vitae pellentesque quis, efficitur in erat. Maecenas elementum euismod hendrerit. Mauris sagittis massa a orci.'),(18,14,64,'Lorem ipsum dolor sit amet, consectetur adipiscing elit. Morbi pulvinar pharetra bibendum. Ut eget risus nec risus finibus hendrerit in non tortor. Pellentesque maximus ligula et turpis faucibus cursus. Donec vel nunc metus. Quisque sagittis mattis dui vel varius. Aliquam iaculis interdum lacinia. Nam euismod lectus id maximus sodales. Nam id magna dictum, semper nisl vel, ornare ligula. Sed condimentum metus quis leo pharetra, quis semper urna aliquam. Fusce consectetur accumsan augue sit amet iaculis. Suspendisse volutpat urna vitae fermentum eleifend. Maecenas sapien leo, gravida vitae pellentesque quis, efficitur in erat. Maecenas elementum euismod hendrerit. Mauris sagittis massa a orci.'),(19,51,81,'Lorem ipsum dolor sit amet, consectetur adipiscing elit. Morbi pulvinar pharetra bibendum. Ut eget risus nec risus finibus hendrerit in non tortor. Pellentesque maximus ligula et turpis faucibus cursus. Donec vel nunc metus. Quisque sagittis mattis dui vel varius. Aliquam iaculis interdum lacinia. Nam euismod lectus id maximus sodales. Nam id magna dictum, semper nisl vel, ornare ligula. Sed condimentum metus quis leo pharetra, quis semper urna aliquam. Fusce consectetur accumsan augue sit amet iaculis. Suspendisse volutpat urna vitae fermentum eleifend. Maecenas sapien leo, gravida vitae pellentesque quis, efficitur in erat. Maecenas elementum euismod hendrerit. Mauris sagittis massa a orci.'),(20,20,33,'Lorem ipsum dolor sit amet, consectetur adipiscing elit. Morbi pulvinar pharetra bibendum. Ut eget risus nec risus finibus hendrerit in non tortor. Pellentesque maximus ligula et turpis faucibus cursus. Donec vel nunc metus. Quisque sagittis mattis dui vel varius. Aliquam iaculis interdum lacinia. Nam euismod lectus id maximus sodales. Nam id magna dictum, semper nisl vel, ornare ligula. Sed condimentum metus quis leo pharetra, quis semper urna aliquam. Fusce consectetur accumsan augue sit amet iaculis. Suspendisse volutpat urna vitae fermentum eleifend. Maecenas sapien leo, gravida vitae pellentesque quis, efficitur in erat. Maecenas elementum euismod hendrerit. Mauris sagittis massa a orci.'),(21,11,15,'Lorem ipsum dolor sit amet, consectetur adipiscing elit. Morbi pulvinar pharetra bibendum. Ut eget risus nec risus finibus hendrerit in non tortor. Pellentesque maximus ligula et turpis faucibus cursus. Donec vel nunc metus. Quisque sagittis mattis dui vel varius. Aliquam iaculis interdum lacinia. Nam euismod lectus id maximus sodales. Nam id magna dictum, semper nisl vel, ornare ligula. Sed condimentum metus quis leo pharetra, quis semper urna aliquam. Fusce consectetur accumsan augue sit amet iaculis. Suspendisse volutpat urna vitae fermentum eleifend. Maecenas sapien leo, gravida vitae pellentesque quis, efficitur in erat. Maecenas elementum euismod hendrerit. Mauris sagittis massa a orci.'),(22,77,24,'Lorem ipsum dolor sit amet, consectetur adipiscing elit. Morbi pulvinar pharetra bibendum. Ut eget risus nec risus finibus hendrerit in non tortor. Pellentesque maximus ligula et turpis faucibus cursus. Donec vel nunc metus. Quisque sagittis mattis dui vel varius. Aliquam iaculis interdum lacinia. Nam euismod lectus id maximus sodales. Nam id magna dictum, semper nisl vel, ornare ligula. Sed condimentum metus quis leo pharetra, quis semper urna aliquam. Fusce consectetur accumsan augue sit amet iaculis. Suspendisse volutpat urna vitae fermentum eleifend. Maecenas sapien leo, gravida vitae pellentesque quis, efficitur in erat. Maecenas elementum euismod hendrerit. Mauris sagittis massa a orci.'),(23,59,59,'Lorem ipsum dolor sit amet, consectetur adipiscing elit. Morbi pulvinar pharetra bibendum. Ut eget risus nec risus finibus hendrerit in non tortor. Pellentesque maximus ligula et turpis faucibus cursus. Donec vel nunc metus. Quisque sagittis mattis dui vel varius. Aliquam iaculis interdum lacinia. Nam euismod lectus id maximus sodales. Nam id magna dictum, semper nisl vel, ornare ligula. Sed condimentum metus quis leo pharetra, quis semper urna aliquam. Fusce consectetur accumsan augue sit amet iaculis. Suspendisse volutpat urna vitae fermentum eleifend. Maecenas sapien leo, gravida vitae pellentesque quis, efficitur in erat. Maecenas elementum euismod hendrerit. Mauris sagittis massa a orci.'),(24,80,97,'Lorem ipsum dolor sit amet, consectetur adipiscing elit. Morbi pulvinar pharetra bibendum. Ut eget risus nec risus finibus hendrerit in non tortor. Pellentesque maximus ligula et turpis faucibus cursus. Donec vel nunc metus. Quisque sagittis mattis dui vel varius. Aliquam iaculis interdum lacinia. Nam euismod lectus id maximus sodales. Nam id magna dictum, semper nisl vel, ornare ligula. Sed condimentum metus quis leo pharetra, quis semper urna aliquam. Fusce consectetur accumsan augue sit amet iaculis. Suspendisse volutpat urna vitae fermentum eleifend. Maecenas sapien leo, gravida vitae pellentesque quis, efficitur in erat. Maecenas elementum euismod hendrerit. Mauris sagittis massa a orci.'),(25,23,63,'Lorem ipsum dolor sit amet, consectetur adipiscing elit. Morbi pulvinar pharetra bibendum. Ut eget risus nec risus finibus hendrerit in non tortor. Pellentesque maximus ligula et turpis faucibus cursus. Donec vel nunc metus. Quisque sagittis mattis dui vel varius. Aliquam iaculis interdum lacinia. Nam euismod lectus id maximus sodales. Nam id magna dictum, semper nisl vel, ornare ligula. Sed condimentum metus quis leo pharetra, quis semper urna aliquam. Fusce consectetur accumsan augue sit amet iaculis. Suspendisse volutpat urna vitae fermentum eleifend. Maecenas sapien leo, gravida vitae pellentesque quis, efficitur in erat. Maecenas elementum euismod hendrerit. Mauris sagittis massa a orci.'),(26,36,68,'Lorem ipsum dolor sit amet, consectetur adipiscing elit. Morbi pulvinar pharetra bibendum. Ut eget risus nec risus finibus hendrerit in non tortor. Pellentesque maximus ligula et turpis faucibus cursus. Donec vel nunc metus. Quisque sagittis mattis dui vel varius. Aliquam iaculis interdum lacinia. Nam euismod lectus id maximus sodales. Nam id magna dictum, semper nisl vel, ornare ligula. Sed condimentum metus quis leo pharetra, quis semper urna aliquam. Fusce consectetur accumsan augue sit amet iaculis. Suspendisse volutpat urna vitae fermentum eleifend. Maecenas sapien leo, gravida vitae pellentesque quis, efficitur in erat. Maecenas elementum euismod hendrerit. Mauris sagittis massa a orci.'),(27,71,38,'Lorem ipsum dolor sit amet, consectetur adipiscing elit. Morbi pulvinar pharetra bibendum. Ut eget risus nec risus finibus hendrerit in non tortor. Pellentesque maximus ligula et turpis faucibus cursus. Donec vel nunc metus. Quisque sagittis mattis dui vel varius. Aliquam iaculis interdum lacinia. Nam euismod lectus id maximus sodales. Nam id magna dictum, semper nisl vel, ornare ligula. Sed condimentum metus quis leo pharetra, quis semper urna aliquam. Fusce consectetur accumsan augue sit amet iaculis. Suspendisse volutpat urna vitae fermentum eleifend. Maecenas sapien leo, gravida vitae pellentesque quis, efficitur in erat. Maecenas elementum euismod hendrerit. Mauris sagittis massa a orci.'),(28,87,45,'Lorem ipsum dolor sit amet, consectetur adipiscing elit. Morbi pulvinar pharetra bibendum. Ut eget risus nec risus finibus hendrerit in non tortor. Pellentesque maximus ligula et turpis faucibus cursus. Donec vel nunc metus. Quisque sagittis mattis dui vel varius. Aliquam iaculis interdum lacinia. Nam euismod lectus id maximus sodales. Nam id magna dictum, semper nisl vel, ornare ligula. Sed condimentum metus quis leo pharetra, quis semper urna aliquam. Fusce consectetur accumsan augue sit amet iaculis. Suspendisse volutpat urna vitae fermentum eleifend. Maecenas sapien leo, gravida vitae pellentesque quis, efficitur in erat. Maecenas elementum euismod hendrerit. Mauris sagittis massa a orci.'),(29,21,61,'Lorem ipsum dolor sit amet, consectetur adipiscing elit. Morbi pulvinar pharetra bibendum. Ut eget risus nec risus finibus hendrerit in non tortor. Pellentesque maximus ligula et turpis faucibus cursus. Donec vel nunc metus. Quisque sagittis mattis dui vel varius. Aliquam iaculis interdum lacinia. Nam euismod lectus id maximus sodales. Nam id magna dictum, semper nisl vel, ornare ligula. Sed condimentum metus quis leo pharetra, quis semper urna aliquam. Fusce consectetur accumsan augue sit amet iaculis. Suspendisse volutpat urna vitae fermentum eleifend. Maecenas sapien leo, gravida vitae pellentesque quis, efficitur in erat. Maecenas elementum euismod hendrerit. Mauris sagittis massa a orci.'),(30,39,25,'Lorem ipsum dolor sit amet, consectetur adipiscing elit. Morbi pulvinar pharetra bibendum. Ut eget risus nec risus finibus hendrerit in non tortor. Pellentesque maximus ligula et turpis faucibus cursus. Donec vel nunc metus. Quisque sagittis mattis dui vel varius. Aliquam iaculis interdum lacinia. Nam euismod lectus id maximus sodales. Nam id magna dictum, semper nisl vel, ornare ligula. Sed condimentum metus quis leo pharetra, quis semper urna aliquam. Fusce consectetur accumsan augue sit amet iaculis. Suspendisse volutpat urna vitae fermentum eleifend. Maecenas sapien leo, gravida vitae pellentesque quis, efficitur in erat. Maecenas elementum euismod hendrerit. Mauris sagittis massa a orci.'),(31,74,1,'Lorem ipsum dolor sit amet, consectetur adipiscing elit. Morbi pulvinar pharetra bibendum. Ut eget risus nec risus finibus hendrerit in non tortor. Pellentesque maximus ligula et turpis faucibus cursus. Donec vel nunc metus. Quisque sagittis mattis dui vel varius. Aliquam iaculis interdum lacinia. Nam euismod lectus id maximus sodales. Nam id magna dictum, semper nisl vel, ornare ligula. Sed condimentum metus quis leo pharetra, quis semper urna aliquam. Fusce consectetur accumsan augue sit amet iaculis. Suspendisse volutpat urna vitae fermentum eleifend. Maecenas sapien leo, gravida vitae pellentesque quis, efficitur in erat. Maecenas elementum euismod hendrerit. Mauris sagittis massa a orci.'),(32,71,48,'Lorem ipsum dolor sit amet, consectetur adipiscing elit. Morbi pulvinar pharetra bibendum. Ut eget risus nec risus finibus hendrerit in non tortor. Pellentesque maximus ligula et turpis faucibus cursus. Donec vel nunc metus. Quisque sagittis mattis dui vel varius. Aliquam iaculis interdum lacinia. Nam euismod lectus id maximus sodales. Nam id magna dictum, semper nisl vel, ornare ligula. Sed condimentum metus quis leo pharetra, quis semper urna aliquam. Fusce consectetur accumsan augue sit amet iaculis. Suspendisse volutpat urna vitae fermentum eleifend. Maecenas sapien leo, gravida vitae pellentesque quis, efficitur in erat. Maecenas elementum euismod hendrerit. Mauris sagittis massa a orci.'),(33,69,1,'Lorem ipsum dolor sit amet, consectetur adipiscing elit. Morbi pulvinar pharetra bibendum. Ut eget risus nec risus finibus hendrerit in non tortor. Pellentesque maximus ligula et turpis faucibus cursus. Donec vel nunc metus. Quisque sagittis mattis dui vel varius. Aliquam iaculis interdum lacinia. Nam euismod lectus id maximus sodales. Nam id magna dictum, semper nisl vel, ornare ligula. Sed condimentum metus quis leo pharetra, quis semper urna aliquam. Fusce consectetur accumsan augue sit amet iaculis. Suspendisse volutpat urna vitae fermentum eleifend. Maecenas sapien leo, gravida vitae pellentesque quis, efficitur in erat. Maecenas elementum euismod hendrerit. Mauris sagittis massa a orci.'),(34,32,50,'Lorem ipsum dolor sit amet, consectetur adipiscing elit. Morbi pulvinar pharetra bibendum. Ut eget risus nec risus finibus hendrerit in non tortor. Pellentesque maximus ligula et turpis faucibus cursus. Donec vel nunc metus. Quisque sagittis mattis dui vel varius. Aliquam iaculis interdum lacinia. Nam euismod lectus id maximus sodales. Nam id magna dictum, semper nisl vel, ornare ligula. Sed condimentum metus quis leo pharetra, quis semper urna aliquam. Fusce consectetur accumsan augue sit amet iaculis. Suspendisse volutpat urna vitae fermentum eleifend. Maecenas sapien leo, gravida vitae pellentesque quis, efficitur in erat. Maecenas elementum euismod hendrerit. Mauris sagittis massa a orci.'),(35,86,60,'Lorem ipsum dolor sit amet, consectetur adipiscing elit. Morbi pulvinar pharetra bibendum. Ut eget risus nec risus finibus hendrerit in non tortor. Pellentesque maximus ligula et turpis faucibus cursus. Donec vel nunc metus. Quisque sagittis mattis dui vel varius. Aliquam iaculis interdum lacinia. Nam euismod lectus id maximus sodales. Nam id magna dictum, semper nisl vel, ornare ligula. Sed condimentum metus quis leo pharetra, quis semper urna aliquam. Fusce consectetur accumsan augue sit amet iaculis. Suspendisse volutpat urna vitae fermentum eleifend. Maecenas sapien leo, gravida vitae pellentesque quis, efficitur in erat. Maecenas elementum euismod hendrerit. Mauris sagittis massa a orci.'),(36,65,80,'Lorem ipsum dolor sit amet, consectetur adipiscing elit. Morbi pulvinar pharetra bibendum. Ut eget risus nec risus finibus hendrerit in non tortor. Pellentesque maximus ligula et turpis faucibus cursus. Donec vel nunc metus. Quisque sagittis mattis dui vel varius. Aliquam iaculis interdum lacinia. Nam euismod lectus id maximus sodales. Nam id magna dictum, semper nisl vel, ornare ligula. Sed condimentum metus quis leo pharetra, quis semper urna aliquam. Fusce consectetur accumsan augue sit amet iaculis. Suspendisse volutpat urna vitae fermentum eleifend. Maecenas sapien leo, gravida vitae pellentesque quis, efficitur in erat. Maecenas elementum euismod hendrerit. Mauris sagittis massa a orci.'),(37,37,27,'Lorem ipsum dolor sit amet, consectetur adipiscing elit. Morbi pulvinar pharetra bibendum. Ut eget risus nec risus finibus hendrerit in non tortor. Pellentesque maximus ligula et turpis faucibus cursus. Donec vel nunc metus. Quisque sagittis mattis dui vel varius. Aliquam iaculis interdum lacinia. Nam euismod lectus id maximus sodales. Nam id magna dictum, semper nisl vel, ornare ligula. Sed condimentum metus quis leo pharetra, quis semper urna aliquam. Fusce consectetur accumsan augue sit amet iaculis. Suspendisse volutpat urna vitae fermentum eleifend. Maecenas sapien leo, gravida vitae pellentesque quis, efficitur in erat. Maecenas elementum euismod hendrerit. Mauris sagittis massa a orci.'),(38,25,99,'Lorem ipsum dolor sit amet, consectetur adipiscing elit. Morbi pulvinar pharetra bibendum. Ut eget risus nec risus finibus hendrerit in non tortor. Pellentesque maximus ligula et turpis faucibus cursus. Donec vel nunc metus. Quisque sagittis mattis dui vel varius. Aliquam iaculis interdum lacinia. Nam euismod lectus id maximus sodales. Nam id magna dictum, semper nisl vel, ornare ligula. Sed condimentum metus quis leo pharetra, quis semper urna aliquam. Fusce consectetur accumsan augue sit amet iaculis. Suspendisse volutpat urna vitae fermentum eleifend. Maecenas sapien leo, gravida vitae pellentesque quis, efficitur in erat. Maecenas elementum euismod hendrerit. Mauris sagittis massa a orci.'),(39,57,76,'Lorem ipsum dolor sit amet, consectetur adipiscing elit. Morbi pulvinar pharetra bibendum. Ut eget risus nec risus finibus hendrerit in non tortor. Pellentesque maximus ligula et turpis faucibus cursus. Donec vel nunc metus. Quisque sagittis mattis dui vel varius. Aliquam iaculis interdum lacinia. Nam euismod lectus id maximus sodales. Nam id magna dictum, semper nisl vel, ornare ligula. Sed condimentum metus quis leo pharetra, quis semper urna aliquam. Fusce consectetur accumsan augue sit amet iaculis. Suspendisse volutpat urna vitae fermentum eleifend. Maecenas sapien leo, gravida vitae pellentesque quis, efficitur in erat. Maecenas elementum euismod hendrerit. Mauris sagittis massa a orci.'),(40,12,24,'Lorem ipsum dolor sit amet, consectetur adipiscing elit. Morbi pulvinar pharetra bibendum. Ut eget risus nec risus finibus hendrerit in non tortor. Pellentesque maximus ligula et turpis faucibus cursus. Donec vel nunc metus. Quisque sagittis mattis dui vel varius. Aliquam iaculis interdum lacinia. Nam euismod lectus id maximus sodales. Nam id magna dictum, semper nisl vel, ornare ligula. Sed condimentum metus quis leo pharetra, quis semper urna aliquam. Fusce consectetur accumsan augue sit amet iaculis. Suspendisse volutpat urna vitae fermentum eleifend. Maecenas sapien leo, gravida vitae pellentesque quis, efficitur in erat. Maecenas elementum euismod hendrerit. Mauris sagittis massa a orci.'),(41,79,21,'Lorem ipsum dolor sit amet, consectetur adipiscing elit. Morbi pulvinar pharetra bibendum. Ut eget risus nec risus finibus hendrerit in non tortor. Pellentesque maximus ligula et turpis faucibus cursus. Donec vel nunc metus. Quisque sagittis mattis dui vel varius. Aliquam iaculis interdum lacinia. Nam euismod lectus id maximus sodales. Nam id magna dictum, semper nisl vel, ornare ligula. Sed condimentum metus quis leo pharetra, quis semper urna aliquam. Fusce consectetur accumsan augue sit amet iaculis. Suspendisse volutpat urna vitae fermentum eleifend. Maecenas sapien leo, gravida vitae pellentesque quis, efficitur in erat. Maecenas elementum euismod hendrerit. Mauris sagittis massa a orci.'),(42,38,39,'Lorem ipsum dolor sit amet, consectetur adipiscing elit. Morbi pulvinar pharetra bibendum. Ut eget risus nec risus finibus hendrerit in non tortor. Pellentesque maximus ligula et turpis faucibus cursus. Donec vel nunc metus. Quisque sagittis mattis dui vel varius. Aliquam iaculis interdum lacinia. Nam euismod lectus id maximus sodales. Nam id magna dictum, semper nisl vel, ornare ligula. Sed condimentum metus quis leo pharetra, quis semper urna aliquam. Fusce consectetur accumsan augue sit amet iaculis. Suspendisse volutpat urna vitae fermentum eleifend. Maecenas sapien leo, gravida vitae pellentesque quis, efficitur in erat. Maecenas elementum euismod hendrerit. Mauris sagittis massa a orci.'),(43,63,77,'Lorem ipsum dolor sit amet, consectetur adipiscing elit. Morbi pulvinar pharetra bibendum. Ut eget risus nec risus finibus hendrerit in non tortor. Pellentesque maximus ligula et turpis faucibus cursus. Donec vel nunc metus. Quisque sagittis mattis dui vel varius. Aliquam iaculis interdum lacinia. Nam euismod lectus id maximus sodales. Nam id magna dictum, semper nisl vel, ornare ligula. Sed condimentum metus quis leo pharetra, quis semper urna aliquam. Fusce consectetur accumsan augue sit amet iaculis. Suspendisse volutpat urna vitae fermentum eleifend. Maecenas sapien leo, gravida vitae pellentesque quis, efficitur in erat. Maecenas elementum euismod hendrerit. Mauris sagittis massa a orci.'),(44,97,12,'Lorem ipsum dolor sit amet, consectetur adipiscing elit. Morbi pulvinar pharetra bibendum. Ut eget risus nec risus finibus hendrerit in non tortor. Pellentesque maximus ligula et turpis faucibus cursus. Donec vel nunc metus. Quisque sagittis mattis dui vel varius. Aliquam iaculis interdum lacinia. Nam euismod lectus id maximus sodales. Nam id magna dictum, semper nisl vel, ornare ligula. Sed condimentum metus quis leo pharetra, quis semper urna aliquam. Fusce consectetur accumsan augue sit amet iaculis. Suspendisse volutpat urna vitae fermentum eleifend. Maecenas sapien leo, gravida vitae pellentesque quis, efficitur in erat. Maecenas elementum euismod hendrerit. Mauris sagittis massa a orci.'),(45,5,15,'Lorem ipsum dolor sit amet, consectetur adipiscing elit. Morbi pulvinar pharetra bibendum. Ut eget risus nec risus finibus hendrerit in non tortor. Pellentesque maximus ligula et turpis faucibus cursus. Donec vel nunc metus. Quisque sagittis mattis dui vel varius. Aliquam iaculis interdum lacinia. Nam euismod lectus id maximus sodales. Nam id magna dictum, semper nisl vel, ornare ligula. Sed condimentum metus quis leo pharetra, quis semper urna aliquam. Fusce consectetur accumsan augue sit amet iaculis. Suspendisse volutpat urna vitae fermentum eleifend. Maecenas sapien leo, gravida vitae pellentesque quis, efficitur in erat. Maecenas elementum euismod hendrerit. Mauris sagittis massa a orci.'),(46,9,20,'Lorem ipsum dolor sit amet, consectetur adipiscing elit. Morbi pulvinar pharetra bibendum. Ut eget risus nec risus finibus hendrerit in non tortor. Pellentesque maximus ligula et turpis faucibus cursus. Donec vel nunc metus. Quisque sagittis mattis dui vel varius. Aliquam iaculis interdum lacinia. Nam euismod lectus id maximus sodales. Nam id magna dictum, semper nisl vel, ornare ligula. Sed condimentum metus quis leo pharetra, quis semper urna aliquam. Fusce consectetur accumsan augue sit amet iaculis. Suspendisse volutpat urna vitae fermentum eleifend. Maecenas sapien leo, gravida vitae pellentesque quis, efficitur in erat. Maecenas elementum euismod hendrerit. Mauris sagittis massa a orci.'),(47,80,17,'Lorem ipsum dolor sit amet, consectetur adipiscing elit. Morbi pulvinar pharetra bibendum. Ut eget risus nec risus finibus hendrerit in non tortor. Pellentesque maximus ligula et turpis faucibus cursus. Donec vel nunc metus. Quisque sagittis mattis dui vel varius. Aliquam iaculis interdum lacinia. Nam euismod lectus id maximus sodales. Nam id magna dictum, semper nisl vel, ornare ligula. Sed condimentum metus quis leo pharetra, quis semper urna aliquam. Fusce consectetur accumsan augue sit amet iaculis. Suspendisse volutpat urna vitae fermentum eleifend. Maecenas sapien leo, gravida vitae pellentesque quis, efficitur in erat. Maecenas elementum euismod hendrerit. Mauris sagittis massa a orci.'),(48,27,44,'Lorem ipsum dolor sit amet, consectetur adipiscing elit. Morbi pulvinar pharetra bibendum. Ut eget risus nec risus finibus hendrerit in non tortor. Pellentesque maximus ligula et turpis faucibus cursus. Donec vel nunc metus. Quisque sagittis mattis dui vel varius. Aliquam iaculis interdum lacinia. Nam euismod lectus id maximus sodales. Nam id magna dictum, semper nisl vel, ornare ligula. Sed condimentum metus quis leo pharetra, quis semper urna aliquam. Fusce consectetur accumsan augue sit amet iaculis. Suspendisse volutpat urna vitae fermentum eleifend. Maecenas sapien leo, gravida vitae pellentesque quis, efficitur in erat. Maecenas elementum euismod hendrerit. Mauris sagittis massa a orci.'),(49,19,14,'Lorem ipsum dolor sit amet, consectetur adipiscing elit. Morbi pulvinar pharetra bibendum. Ut eget risus nec risus finibus hendrerit in non tortor. Pellentesque maximus ligula et turpis faucibus cursus. Donec vel nunc metus. Quisque sagittis mattis dui vel varius. Aliquam iaculis interdum lacinia. Nam euismod lectus id maximus sodales. Nam id magna dictum, semper nisl vel, ornare ligula. Sed condimentum metus quis leo pharetra, quis semper urna aliquam. Fusce consectetur accumsan augue sit amet iaculis. Suspendisse volutpat urna vitae fermentum eleifend. Maecenas sapien leo, gravida vitae pellentesque quis, efficitur in erat. Maecenas elementum euismod hendrerit. Mauris sagittis massa a orci.'),(50,69,64,'Lorem ipsum dolor sit amet, consectetur adipiscing elit. Morbi pulvinar pharetra bibendum. Ut eget risus nec risus finibus hendrerit in non tortor. Pellentesque maximus ligula et turpis faucibus cursus. Donec vel nunc metus. Quisque sagittis mattis dui vel varius. Aliquam iaculis interdum lacinia. Nam euismod lectus id maximus sodales. Nam id magna dictum, semper nisl vel, ornare ligula. Sed condimentum metus quis leo pharetra, quis semper urna aliquam. Fusce consectetur accumsan augue sit amet iaculis. Suspendisse volutpat urna vitae fermentum eleifend. Maecenas sapien leo, gravida vitae pellentesque quis, efficitur in erat. Maecenas elementum euismod hendrerit. Mauris sagittis massa a orci.'),(51,46,21,'Lorem ipsum dolor sit amet, consectetur adipiscing elit. Morbi pulvinar pharetra bibendum. Ut eget risus nec risus finibus hendrerit in non tortor. Pellentesque maximus ligula et turpis faucibus cursus. Donec vel nunc metus. Quisque sagittis mattis dui vel varius. Aliquam iaculis interdum lacinia. Nam euismod lectus id maximus sodales. Nam id magna dictum, semper nisl vel, ornare ligula. Sed condimentum metus quis leo pharetra, quis semper urna aliquam. Fusce consectetur accumsan augue sit amet iaculis. Suspendisse volutpat urna vitae fermentum eleifend. Maecenas sapien leo, gravida vitae pellentesque quis, efficitur in erat. Maecenas elementum euismod hendrerit. Mauris sagittis massa a orci.'),(52,83,22,'Lorem ipsum dolor sit amet, consectetur adipiscing elit. Morbi pulvinar pharetra bibendum. Ut eget risus nec risus finibus hendrerit in non tortor. Pellentesque maximus ligula et turpis faucibus cursus. Donec vel nunc metus. Quisque sagittis mattis dui vel varius. Aliquam iaculis interdum lacinia. Nam euismod lectus id maximus sodales. Nam id magna dictum, semper nisl vel, ornare ligula. Sed condimentum metus quis leo pharetra, quis semper urna aliquam. Fusce consectetur accumsan augue sit amet iaculis. Suspendisse volutpat urna vitae fermentum eleifend. Maecenas sapien leo, gravida vitae pellentesque quis, efficitur in erat. Maecenas elementum euismod hendrerit. Mauris sagittis massa a orci.'),(53,90,43,'Lorem ipsum dolor sit amet, consectetur adipiscing elit. Morbi pulvinar pharetra bibendum. Ut eget risus nec risus finibus hendrerit in non tortor. Pellentesque maximus ligula et turpis faucibus cursus. Donec vel nunc metus. Quisque sagittis mattis dui vel varius. Aliquam iaculis interdum lacinia. Nam euismod lectus id maximus sodales. Nam id magna dictum, semper nisl vel, ornare ligula. Sed condimentum metus quis leo pharetra, quis semper urna aliquam. Fusce consectetur accumsan augue sit amet iaculis. Suspendisse volutpat urna vitae fermentum eleifend. Maecenas sapien leo, gravida vitae pellentesque quis, efficitur in erat. Maecenas elementum euismod hendrerit. Mauris sagittis massa a orci.'),(54,21,18,'Lorem ipsum dolor sit amet, consectetur adipiscing elit. Morbi pulvinar pharetra bibendum. Ut eget risus nec risus finibus hendrerit in non tortor. Pellentesque maximus ligula et turpis faucibus cursus. Donec vel nunc metus. Quisque sagittis mattis dui vel varius. Aliquam iaculis interdum lacinia. Nam euismod lectus id maximus sodales. Nam id magna dictum, semper nisl vel, ornare ligula. Sed condimentum metus quis leo pharetra, quis semper urna aliquam. Fusce consectetur accumsan augue sit amet iaculis. Suspendisse volutpat urna vitae fermentum eleifend. Maecenas sapien leo, gravida vitae pellentesque quis, efficitur in erat. Maecenas elementum euismod hendrerit. Mauris sagittis massa a orci.'),(55,14,96,'Lorem ipsum dolor sit amet, consectetur adipiscing elit. Morbi pulvinar pharetra bibendum. Ut eget risus nec risus finibus hendrerit in non tortor. Pellentesque maximus ligula et turpis faucibus cursus. Donec vel nunc metus. Quisque sagittis mattis dui vel varius. Aliquam iaculis interdum lacinia. Nam euismod lectus id maximus sodales. Nam id magna dictum, semper nisl vel, ornare ligula. Sed condimentum metus quis leo pharetra, quis semper urna aliquam. Fusce consectetur accumsan augue sit amet iaculis. Suspendisse volutpat urna vitae fermentum eleifend. Maecenas sapien leo, gravida vitae pellentesque quis, efficitur in erat. Maecenas elementum euismod hendrerit. Mauris sagittis massa a orci.'),(56,5,39,'Lorem ipsum dolor sit amet, consectetur adipiscing elit. Morbi pulvinar pharetra bibendum. Ut eget risus nec risus finibus hendrerit in non tortor. Pellentesque maximus ligula et turpis faucibus cursus. Donec vel nunc metus. Quisque sagittis mattis dui vel varius. Aliquam iaculis interdum lacinia. Nam euismod lectus id maximus sodales. Nam id magna dictum, semper nisl vel, ornare ligula. Sed condimentum metus quis leo pharetra, quis semper urna aliquam. Fusce consectetur accumsan augue sit amet iaculis. Suspendisse volutpat urna vitae fermentum eleifend. Maecenas sapien leo, gravida vitae pellentesque quis, efficitur in erat. Maecenas elementum euismod hendrerit. Mauris sagittis massa a orci.'),(57,39,13,'Lorem ipsum dolor sit amet, consectetur adipiscing elit. Morbi pulvinar pharetra bibendum. Ut eget risus nec risus finibus hendrerit in non tortor. Pellentesque maximus ligula et turpis faucibus cursus. Donec vel nunc metus. Quisque sagittis mattis dui vel varius. Aliquam iaculis interdum lacinia. Nam euismod lectus id maximus sodales. Nam id magna dictum, semper nisl vel, ornare ligula. Sed condimentum metus quis leo pharetra, quis semper urna aliquam. Fusce consectetur accumsan augue sit amet iaculis. Suspendisse volutpat urna vitae fermentum eleifend. Maecenas sapien leo, gravida vitae pellentesque quis, efficitur in erat. Maecenas elementum euismod hendrerit. Mauris sagittis massa a orci.'),(58,6,96,'Lorem ipsum dolor sit amet, consectetur adipiscing elit. Morbi pulvinar pharetra bibendum. Ut eget risus nec risus finibus hendrerit in non tortor. Pellentesque maximus ligula et turpis faucibus cursus. Donec vel nunc metus. Quisque sagittis mattis dui vel varius. Aliquam iaculis interdum lacinia. Nam euismod lectus id maximus sodales. Nam id magna dictum, semper nisl vel, ornare ligula. Sed condimentum metus quis leo pharetra, quis semper urna aliquam. Fusce consectetur accumsan augue sit amet iaculis. Suspendisse volutpat urna vitae fermentum eleifend. Maecenas sapien leo, gravida vitae pellentesque quis, efficitur in erat. Maecenas elementum euismod hendrerit. Mauris sagittis massa a orci.'),(59,51,17,'Lorem ipsum dolor sit amet, consectetur adipiscing elit. Morbi pulvinar pharetra bibendum. Ut eget risus nec risus finibus hendrerit in non tortor. Pellentesque maximus ligula et turpis faucibus cursus. Donec vel nunc metus. Quisque sagittis mattis dui vel varius. Aliquam iaculis interdum lacinia. Nam euismod lectus id maximus sodales. Nam id magna dictum, semper nisl vel, ornare ligula. Sed condimentum metus quis leo pharetra, quis semper urna aliquam. Fusce consectetur accumsan augue sit amet iaculis. Suspendisse volutpat urna vitae fermentum eleifend. Maecenas sapien leo, gravida vitae pellentesque quis, efficitur in erat. Maecenas elementum euismod hendrerit. Mauris sagittis massa a orci.'),(60,13,32,'Lorem ipsum dolor sit amet, consectetur adipiscing elit. Morbi pulvinar pharetra bibendum. Ut eget risus nec risus finibus hendrerit in non tortor. Pellentesque maximus ligula et turpis faucibus cursus. Donec vel nunc metus. Quisque sagittis mattis dui vel varius. Aliquam iaculis interdum lacinia. Nam euismod lectus id maximus sodales. Nam id magna dictum, semper nisl vel, ornare ligula. Sed condimentum metus quis leo pharetra, quis semper urna aliquam. Fusce consectetur accumsan augue sit amet iaculis. Suspendisse volutpat urna vitae fermentum eleifend. Maecenas sapien leo, gravida vitae pellentesque quis, efficitur in erat. Maecenas elementum euismod hendrerit. Mauris sagittis massa a orci.'),(61,31,80,'Lorem ipsum dolor sit amet, consectetur adipiscing elit. Morbi pulvinar pharetra bibendum. Ut eget risus nec risus finibus hendrerit in non tortor. Pellentesque maximus ligula et turpis faucibus cursus. Donec vel nunc metus. Quisque sagittis mattis dui vel varius. Aliquam iaculis interdum lacinia. Nam euismod lectus id maximus sodales. Nam id magna dictum, semper nisl vel, ornare ligula. Sed condimentum metus quis leo pharetra, quis semper urna aliquam. Fusce consectetur accumsan augue sit amet iaculis. Suspendisse volutpat urna vitae fermentum eleifend. Maecenas sapien leo, gravida vitae pellentesque quis, efficitur in erat. Maecenas elementum euismod hendrerit. Mauris sagittis massa a orci.'),(62,2,73,'Lorem ipsum dolor sit amet, consectetur adipiscing elit. Morbi pulvinar pharetra bibendum. Ut eget risus nec risus finibus hendrerit in non tortor. Pellentesque maximus ligula et turpis faucibus cursus. Donec vel nunc metus. Quisque sagittis mattis dui vel varius. Aliquam iaculis interdum lacinia. Nam euismod lectus id maximus sodales. Nam id magna dictum, semper nisl vel, ornare ligula. Sed condimentum metus quis leo pharetra, quis semper urna aliquam. Fusce consectetur accumsan augue sit amet iaculis. Suspendisse volutpat urna vitae fermentum eleifend. Maecenas sapien leo, gravida vitae pellentesque quis, efficitur in erat. Maecenas elementum euismod hendrerit. Mauris sagittis massa a orci.'),(63,57,44,'Lorem ipsum dolor sit amet, consectetur adipiscing elit. Morbi pulvinar pharetra bibendum. Ut eget risus nec risus finibus hendrerit in non tortor. Pellentesque maximus ligula et turpis faucibus cursus. Donec vel nunc metus. Quisque sagittis mattis dui vel varius. Aliquam iaculis interdum lacinia. Nam euismod lectus id maximus sodales. Nam id magna dictum, semper nisl vel, ornare ligula. Sed condimentum metus quis leo pharetra, quis semper urna aliquam. Fusce consectetur accumsan augue sit amet iaculis. Suspendisse volutpat urna vitae fermentum eleifend. Maecenas sapien leo, gravida vitae pellentesque quis, efficitur in erat. Maecenas elementum euismod hendrerit. Mauris sagittis massa a orci.'),(64,17,15,'Lorem ipsum dolor sit amet, consectetur adipiscing elit. Morbi pulvinar pharetra bibendum. Ut eget risus nec risus finibus hendrerit in non tortor. Pellentesque maximus ligula et turpis faucibus cursus. Donec vel nunc metus. Quisque sagittis mattis dui vel varius. Aliquam iaculis interdum lacinia. Nam euismod lectus id maximus sodales. Nam id magna dictum, semper nisl vel, ornare ligula. Sed condimentum metus quis leo pharetra, quis semper urna aliquam. Fusce consectetur accumsan augue sit amet iaculis. Suspendisse volutpat urna vitae fermentum eleifend. Maecenas sapien leo, gravida vitae pellentesque quis, efficitur in erat. Maecenas elementum euismod hendrerit. Mauris sagittis massa a orci.'),(65,42,93,'Lorem ipsum dolor sit amet, consectetur adipiscing elit. Morbi pulvinar pharetra bibendum. Ut eget risus nec risus finibus hendrerit in non tortor. Pellentesque maximus ligula et turpis faucibus cursus. Donec vel nunc metus. Quisque sagittis mattis dui vel varius. Aliquam iaculis interdum lacinia. Nam euismod lectus id maximus sodales. Nam id magna dictum, semper nisl vel, ornare ligula. Sed condimentum metus quis leo pharetra, quis semper urna aliquam. Fusce consectetur accumsan augue sit amet iaculis. Suspendisse volutpat urna vitae fermentum eleifend. Maecenas sapien leo, gravida vitae pellentesque quis, efficitur in erat. Maecenas elementum euismod hendrerit. Mauris sagittis massa a orci.'),(66,80,15,'Lorem ipsum dolor sit amet, consectetur adipiscing elit. Morbi pulvinar pharetra bibendum. Ut eget risus nec risus finibus hendrerit in non tortor. Pellentesque maximus ligula et turpis faucibus cursus. Donec vel nunc metus. Quisque sagittis mattis dui vel varius. Aliquam iaculis interdum lacinia. Nam euismod lectus id maximus sodales. Nam id magna dictum, semper nisl vel, ornare ligula. Sed condimentum metus quis leo pharetra, quis semper urna aliquam. Fusce consectetur accumsan augue sit amet iaculis. Suspendisse volutpat urna vitae fermentum eleifend. Maecenas sapien leo, gravida vitae pellentesque quis, efficitur in erat. Maecenas elementum euismod hendrerit. Mauris sagittis massa a orci.'),(67,83,20,'Lorem ipsum dolor sit amet, consectetur adipiscing elit. Morbi pulvinar pharetra bibendum. Ut eget risus nec risus finibus hendrerit in non tortor. Pellentesque maximus ligula et turpis faucibus cursus. Donec vel nunc metus. Quisque sagittis mattis dui vel varius. Aliquam iaculis interdum lacinia. Nam euismod lectus id maximus sodales. Nam id magna dictum, semper nisl vel, ornare ligula. Sed condimentum metus quis leo pharetra, quis semper urna aliquam. Fusce consectetur accumsan augue sit amet iaculis. Suspendisse volutpat urna vitae fermentum eleifend. Maecenas sapien leo, gravida vitae pellentesque quis, efficitur in erat. Maecenas elementum euismod hendrerit. Mauris sagittis massa a orci.'),(68,42,4,'Lorem ipsum dolor sit amet, consectetur adipiscing elit. Morbi pulvinar pharetra bibendum. Ut eget risus nec risus finibus hendrerit in non tortor. Pellentesque maximus ligula et turpis faucibus cursus. Donec vel nunc metus. Quisque sagittis mattis dui vel varius. Aliquam iaculis interdum lacinia. Nam euismod lectus id maximus sodales. Nam id magna dictum, semper nisl vel, ornare ligula. Sed condimentum metus quis leo pharetra, quis semper urna aliquam. Fusce consectetur accumsan augue sit amet iaculis. Suspendisse volutpat urna vitae fermentum eleifend. Maecenas sapien leo, gravida vitae pellentesque quis, efficitur in erat. Maecenas elementum euismod hendrerit. Mauris sagittis massa a orci.'),(69,46,66,'Lorem ipsum dolor sit amet, consectetur adipiscing elit. Morbi pulvinar pharetra bibendum. Ut eget risus nec risus finibus hendrerit in non tortor. Pellentesque maximus ligula et turpis faucibus cursus. Donec vel nunc metus. Quisque sagittis mattis dui vel varius. Aliquam iaculis interdum lacinia. Nam euismod lectus id maximus sodales. Nam id magna dictum, semper nisl vel, ornare ligula. Sed condimentum metus quis leo pharetra, quis semper urna aliquam. Fusce consectetur accumsan augue sit amet iaculis. Suspendisse volutpat urna vitae fermentum eleifend. Maecenas sapien leo, gravida vitae pellentesque quis, efficitur in erat. Maecenas elementum euismod hendrerit. Mauris sagittis massa a orci.'),(70,31,76,'Lorem ipsum dolor sit amet, consectetur adipiscing elit. Morbi pulvinar pharetra bibendum. Ut eget risus nec risus finibus hendrerit in non tortor. Pellentesque maximus ligula et turpis faucibus cursus. Donec vel nunc metus. Quisque sagittis mattis dui vel varius. Aliquam iaculis interdum lacinia. Nam euismod lectus id maximus sodales. Nam id magna dictum, semper nisl vel, ornare ligula. Sed condimentum metus quis leo pharetra, quis semper urna aliquam. Fusce consectetur accumsan augue sit amet iaculis. Suspendisse volutpat urna vitae fermentum eleifend. Maecenas sapien leo, gravida vitae pellentesque quis, efficitur in erat. Maecenas elementum euismod hendrerit. Mauris sagittis massa a orci.'),(71,66,76,'Lorem ipsum dolor sit amet, consectetur adipiscing elit. Morbi pulvinar pharetra bibendum. Ut eget risus nec risus finibus hendrerit in non tortor. Pellentesque maximus ligula et turpis faucibus cursus. Donec vel nunc metus. Quisque sagittis mattis dui vel varius. Aliquam iaculis interdum lacinia. Nam euismod lectus id maximus sodales. Nam id magna dictum, semper nisl vel, ornare ligula. Sed condimentum metus quis leo pharetra, quis semper urna aliquam. Fusce consectetur accumsan augue sit amet iaculis. Suspendisse volutpat urna vitae fermentum eleifend. Maecenas sapien leo, gravida vitae pellentesque quis, efficitur in erat. Maecenas elementum euismod hendrerit. Mauris sagittis massa a orci.'),(72,37,45,'Lorem ipsum dolor sit amet, consectetur adipiscing elit. Morbi pulvinar pharetra bibendum. Ut eget risus nec risus finibus hendrerit in non tortor. Pellentesque maximus ligula et turpis faucibus cursus. Donec vel nunc metus. Quisque sagittis mattis dui vel varius. Aliquam iaculis interdum lacinia. Nam euismod lectus id maximus sodales. Nam id magna dictum, semper nisl vel, ornare ligula. Sed condimentum metus quis leo pharetra, quis semper urna aliquam. Fusce consectetur accumsan augue sit amet iaculis. Suspendisse volutpat urna vitae fermentum eleifend. Maecenas sapien leo, gravida vitae pellentesque quis, efficitur in erat. Maecenas elementum euismod hendrerit. Mauris sagittis massa a orci.'),(73,54,63,'Lorem ipsum dolor sit amet, consectetur adipiscing elit. Morbi pulvinar pharetra bibendum. Ut eget risus nec risus finibus hendrerit in non tortor. Pellentesque maximus ligula et turpis faucibus cursus. Donec vel nunc metus. Quisque sagittis mattis dui vel varius. Aliquam iaculis interdum lacinia. Nam euismod lectus id maximus sodales. Nam id magna dictum, semper nisl vel, ornare ligula. Sed condimentum metus quis leo pharetra, quis semper urna aliquam. Fusce consectetur accumsan augue sit amet iaculis. Suspendisse volutpat urna vitae fermentum eleifend. Maecenas sapien leo, gravida vitae pellentesque quis, efficitur in erat. Maecenas elementum euismod hendrerit. Mauris sagittis massa a orci.'),(74,49,25,'Lorem ipsum dolor sit amet, consectetur adipiscing elit. Morbi pulvinar pharetra bibendum. Ut eget risus nec risus finibus hendrerit in non tortor. Pellentesque maximus ligula et turpis faucibus cursus. Donec vel nunc metus. Quisque sagittis mattis dui vel varius. Aliquam iaculis interdum lacinia. Nam euismod lectus id maximus sodales. Nam id magna dictum, semper nisl vel, ornare ligula. Sed condimentum metus quis leo pharetra, quis semper urna aliquam. Fusce consectetur accumsan augue sit amet iaculis. Suspendisse volutpat urna vitae fermentum eleifend. Maecenas sapien leo, gravida vitae pellentesque quis, efficitur in erat. Maecenas elementum euismod hendrerit. Mauris sagittis massa a orci.'),(75,61,97,'Lorem ipsum dolor sit amet, consectetur adipiscing elit. Morbi pulvinar pharetra bibendum. Ut eget risus nec risus finibus hendrerit in non tortor. Pellentesque maximus ligula et turpis faucibus cursus. Donec vel nunc metus. Quisque sagittis mattis dui vel varius. Aliquam iaculis interdum lacinia. Nam euismod lectus id maximus sodales. Nam id magna dictum, semper nisl vel, ornare ligula. Sed condimentum metus quis leo pharetra, quis semper urna aliquam. Fusce consectetur accumsan augue sit amet iaculis. Suspendisse volutpat urna vitae fermentum eleifend. Maecenas sapien leo, gravida vitae pellentesque quis, efficitur in erat. Maecenas elementum euismod hendrerit. Mauris sagittis massa a orci.'),(76,64,29,'Lorem ipsum dolor sit amet, consectetur adipiscing elit. Morbi pulvinar pharetra bibendum. Ut eget risus nec risus finibus hendrerit in non tortor. Pellentesque maximus ligula et turpis faucibus cursus. Donec vel nunc metus. Quisque sagittis mattis dui vel varius. Aliquam iaculis interdum lacinia. Nam euismod lectus id maximus sodales. Nam id magna dictum, semper nisl vel, ornare ligula. Sed condimentum metus quis leo pharetra, quis semper urna aliquam. Fusce consectetur accumsan augue sit amet iaculis. Suspendisse volutpat urna vitae fermentum eleifend. Maecenas sapien leo, gravida vitae pellentesque quis, efficitur in erat. Maecenas elementum euismod hendrerit. Mauris sagittis massa a orci.'),(77,90,78,'Lorem ipsum dolor sit amet, consectetur adipiscing elit. Morbi pulvinar pharetra bibendum. Ut eget risus nec risus finibus hendrerit in non tortor. Pellentesque maximus ligula et turpis faucibus cursus. Donec vel nunc metus. Quisque sagittis mattis dui vel varius. Aliquam iaculis interdum lacinia. Nam euismod lectus id maximus sodales. Nam id magna dictum, semper nisl vel, ornare ligula. Sed condimentum metus quis leo pharetra, quis semper urna aliquam. Fusce consectetur accumsan augue sit amet iaculis. Suspendisse volutpat urna vitae fermentum eleifend. Maecenas sapien leo, gravida vitae pellentesque quis, efficitur in erat. Maecenas elementum euismod hendrerit. Mauris sagittis massa a orci.'),(78,53,78,'Lorem ipsum dolor sit amet, consectetur adipiscing elit. Morbi pulvinar pharetra bibendum. Ut eget risus nec risus finibus hendrerit in non tortor. Pellentesque maximus ligula et turpis faucibus cursus. Donec vel nunc metus. Quisque sagittis mattis dui vel varius. Aliquam iaculis interdum lacinia. Nam euismod lectus id maximus sodales. Nam id magna dictum, semper nisl vel, ornare ligula. Sed condimentum metus quis leo pharetra, quis semper urna aliquam. Fusce consectetur accumsan augue sit amet iaculis. Suspendisse volutpat urna vitae fermentum eleifend. Maecenas sapien leo, gravida vitae pellentesque quis, efficitur in erat. Maecenas elementum euismod hendrerit. Mauris sagittis massa a orci.'),(79,56,94,'Lorem ipsum dolor sit amet, consectetur adipiscing elit. Morbi pulvinar pharetra bibendum. Ut eget risus nec risus finibus hendrerit in non tortor. Pellentesque maximus ligula et turpis faucibus cursus. Donec vel nunc metus. Quisque sagittis mattis dui vel varius. Aliquam iaculis interdum lacinia. Nam euismod lectus id maximus sodales. Nam id magna dictum, semper nisl vel, ornare ligula. Sed condimentum metus quis leo pharetra, quis semper urna aliquam. Fusce consectetur accumsan augue sit amet iaculis. Suspendisse volutpat urna vitae fermentum eleifend. Maecenas sapien leo, gravida vitae pellentesque quis, efficitur in erat. Maecenas elementum euismod hendrerit. Mauris sagittis massa a orci.'),(80,53,39,'Lorem ipsum dolor sit amet, consectetur adipiscing elit. Morbi pulvinar pharetra bibendum. Ut eget risus nec risus finibus hendrerit in non tortor. Pellentesque maximus ligula et turpis faucibus cursus. Donec vel nunc metus. Quisque sagittis mattis dui vel varius. Aliquam iaculis interdum lacinia. Nam euismod lectus id maximus sodales. Nam id magna dictum, semper nisl vel, ornare ligula. Sed condimentum metus quis leo pharetra, quis semper urna aliquam. Fusce consectetur accumsan augue sit amet iaculis. Suspendisse volutpat urna vitae fermentum eleifend. Maecenas sapien leo, gravida vitae pellentesque quis, efficitur in erat. Maecenas elementum euismod hendrerit. Mauris sagittis massa a orci.'),(81,20,11,'Lorem ipsum dolor sit amet, consectetur adipiscing elit. Morbi pulvinar pharetra bibendum. Ut eget risus nec risus finibus hendrerit in non tortor. Pellentesque maximus ligula et turpis faucibus cursus. Donec vel nunc metus. Quisque sagittis mattis dui vel varius. Aliquam iaculis interdum lacinia. Nam euismod lectus id maximus sodales. Nam id magna dictum, semper nisl vel, ornare ligula. Sed condimentum metus quis leo pharetra, quis semper urna aliquam. Fusce consectetur accumsan augue sit amet iaculis. Suspendisse volutpat urna vitae fermentum eleifend. Maecenas sapien leo, gravida vitae pellentesque quis, efficitur in erat. Maecenas elementum euismod hendrerit. Mauris sagittis massa a orci.'),(82,72,35,'Lorem ipsum dolor sit amet, consectetur adipiscing elit. Morbi pulvinar pharetra bibendum. Ut eget risus nec risus finibus hendrerit in non tortor. Pellentesque maximus ligula et turpis faucibus cursus. Donec vel nunc metus. Quisque sagittis mattis dui vel varius. Aliquam iaculis interdum lacinia. Nam euismod lectus id maximus sodales. Nam id magna dictum, semper nisl vel, ornare ligula. Sed condimentum metus quis leo pharetra, quis semper urna aliquam. Fusce consectetur accumsan augue sit amet iaculis. Suspendisse volutpat urna vitae fermentum eleifend. Maecenas sapien leo, gravida vitae pellentesque quis, efficitur in erat. Maecenas elementum euismod hendrerit. Mauris sagittis massa a orci.'),(83,56,22,'Lorem ipsum dolor sit amet, consectetur adipiscing elit. Morbi pulvinar pharetra bibendum. Ut eget risus nec risus finibus hendrerit in non tortor. Pellentesque maximus ligula et turpis faucibus cursus. Donec vel nunc metus. Quisque sagittis mattis dui vel varius. Aliquam iaculis interdum lacinia. Nam euismod lectus id maximus sodales. Nam id magna dictum, semper nisl vel, ornare ligula. Sed condimentum metus quis leo pharetra, quis semper urna aliquam. Fusce consectetur accumsan augue sit amet iaculis. Suspendisse volutpat urna vitae fermentum eleifend. Maecenas sapien leo, gravida vitae pellentesque quis, efficitur in erat. Maecenas elementum euismod hendrerit. Mauris sagittis massa a orci.'),(84,86,78,'Lorem ipsum dolor sit amet, consectetur adipiscing elit. Morbi pulvinar pharetra bibendum. Ut eget risus nec risus finibus hendrerit in non tortor. Pellentesque maximus ligula et turpis faucibus cursus. Donec vel nunc metus. Quisque sagittis mattis dui vel varius. Aliquam iaculis interdum lacinia. Nam euismod lectus id maximus sodales. Nam id magna dictum, semper nisl vel, ornare ligula. Sed condimentum metus quis leo pharetra, quis semper urna aliquam. Fusce consectetur accumsan augue sit amet iaculis. Suspendisse volutpat urna vitae fermentum eleifend. Maecenas sapien leo, gravida vitae pellentesque quis, efficitur in erat. Maecenas elementum euismod hendrerit. Mauris sagittis massa a orci.'),(85,13,50,'Lorem ipsum dolor sit amet, consectetur adipiscing elit. Morbi pulvinar pharetra bibendum. Ut eget risus nec risus finibus hendrerit in non tortor. Pellentesque maximus ligula et turpis faucibus cursus. Donec vel nunc metus. Quisque sagittis mattis dui vel varius. Aliquam iaculis interdum lacinia. Nam euismod lectus id maximus sodales. Nam id magna dictum, semper nisl vel, ornare ligula. Sed condimentum metus quis leo pharetra, quis semper urna aliquam. Fusce consectetur accumsan augue sit amet iaculis. Suspendisse volutpat urna vitae fermentum eleifend. Maecenas sapien leo, gravida vitae pellentesque quis, efficitur in erat. Maecenas elementum euismod hendrerit. Mauris sagittis massa a orci.'),(86,66,78,'Lorem ipsum dolor sit amet, consectetur adipiscing elit. Morbi pulvinar pharetra bibendum. Ut eget risus nec risus finibus hendrerit in non tortor. Pellentesque maximus ligula et turpis faucibus cursus. Donec vel nunc metus. Quisque sagittis mattis dui vel varius. Aliquam iaculis interdum lacinia. Nam euismod lectus id maximus sodales. Nam id magna dictum, semper nisl vel, ornare ligula. Sed condimentum metus quis leo pharetra, quis semper urna aliquam. Fusce consectetur accumsan augue sit amet iaculis. Suspendisse volutpat urna vitae fermentum eleifend. Maecenas sapien leo, gravida vitae pellentesque quis, efficitur in erat. Maecenas elementum euismod hendrerit. Mauris sagittis massa a orci.'),(87,99,86,'Lorem ipsum dolor sit amet, consectetur adipiscing elit. Morbi pulvinar pharetra bibendum. Ut eget risus nec risus finibus hendrerit in non tortor. Pellentesque maximus ligula et turpis faucibus cursus. Donec vel nunc metus. Quisque sagittis mattis dui vel varius. Aliquam iaculis interdum lacinia. Nam euismod lectus id maximus sodales. Nam id magna dictum, semper nisl vel, ornare ligula. Sed condimentum metus quis leo pharetra, quis semper urna aliquam. Fusce consectetur accumsan augue sit amet iaculis. Suspendisse volutpat urna vitae fermentum eleifend. Maecenas sapien leo, gravida vitae pellentesque quis, efficitur in erat. Maecenas elementum euismod hendrerit. Mauris sagittis massa a orci.'),(88,97,78,'Lorem ipsum dolor sit amet, consectetur adipiscing elit. Morbi pulvinar pharetra bibendum. Ut eget risus nec risus finibus hendrerit in non tortor. Pellentesque maximus ligula et turpis faucibus cursus. Donec vel nunc metus. Quisque sagittis mattis dui vel varius. Aliquam iaculis interdum lacinia. Nam euismod lectus id maximus sodales. Nam id magna dictum, semper nisl vel, ornare ligula. Sed condimentum metus quis leo pharetra, quis semper urna aliquam. Fusce consectetur accumsan augue sit amet iaculis. Suspendisse volutpat urna vitae fermentum eleifend. Maecenas sapien leo, gravida vitae pellentesque quis, efficitur in erat. Maecenas elementum euismod hendrerit. Mauris sagittis massa a orci.'),(89,46,41,'Lorem ipsum dolor sit amet, consectetur adipiscing elit. Morbi pulvinar pharetra bibendum. Ut eget risus nec risus finibus hendrerit in non tortor. Pellentesque maximus ligula et turpis faucibus cursus. Donec vel nunc metus. Quisque sagittis mattis dui vel varius. Aliquam iaculis interdum lacinia. Nam euismod lectus id maximus sodales. Nam id magna dictum, semper nisl vel, ornare ligula. Sed condimentum metus quis leo pharetra, quis semper urna aliquam. Fusce consectetur accumsan augue sit amet iaculis. Suspendisse volutpat urna vitae fermentum eleifend. Maecenas sapien leo, gravida vitae pellentesque quis, efficitur in erat. Maecenas elementum euismod hendrerit. Mauris sagittis massa a orci.'),(90,97,87,'Lorem ipsum dolor sit amet, consectetur adipiscing elit. Morbi pulvinar pharetra bibendum. Ut eget risus nec risus finibus hendrerit in non tortor. Pellentesque maximus ligula et turpis faucibus cursus. Donec vel nunc metus. Quisque sagittis mattis dui vel varius. Aliquam iaculis interdum lacinia. Nam euismod lectus id maximus sodales. Nam id magna dictum, semper nisl vel, ornare ligula. Sed condimentum metus quis leo pharetra, quis semper urna aliquam. Fusce consectetur accumsan augue sit amet iaculis. Suspendisse volutpat urna vitae fermentum eleifend. Maecenas sapien leo, gravida vitae pellentesque quis, efficitur in erat. Maecenas elementum euismod hendrerit. Mauris sagittis massa a orci.'),(91,50,58,'Lorem ipsum dolor sit amet, consectetur adipiscing elit. Morbi pulvinar pharetra bibendum. Ut eget risus nec risus finibus hendrerit in non tortor. Pellentesque maximus ligula et turpis faucibus cursus. Donec vel nunc metus. Quisque sagittis mattis dui vel varius. Aliquam iaculis interdum lacinia. Nam euismod lectus id maximus sodales. Nam id magna dictum, semper nisl vel, ornare ligula. Sed condimentum metus quis leo pharetra, quis semper urna aliquam. Fusce consectetur accumsan augue sit amet iaculis. Suspendisse volutpat urna vitae fermentum eleifend. Maecenas sapien leo, gravida vitae pellentesque quis, efficitur in erat. Maecenas elementum euismod hendrerit. Mauris sagittis massa a orci.'),(92,65,21,'Lorem ipsum dolor sit amet, consectetur adipiscing elit. Morbi pulvinar pharetra bibendum. Ut eget risus nec risus finibus hendrerit in non tortor. Pellentesque maximus ligula et turpis faucibus cursus. Donec vel nunc metus. Quisque sagittis mattis dui vel varius. Aliquam iaculis interdum lacinia. Nam euismod lectus id maximus sodales. Nam id magna dictum, semper nisl vel, ornare ligula. Sed condimentum metus quis leo pharetra, quis semper urna aliquam. Fusce consectetur accumsan augue sit amet iaculis. Suspendisse volutpat urna vitae fermentum eleifend. Maecenas sapien leo, gravida vitae pellentesque quis, efficitur in erat. Maecenas elementum euismod hendrerit. Mauris sagittis massa a orci.'),(93,33,55,'Lorem ipsum dolor sit amet, consectetur adipiscing elit. Morbi pulvinar pharetra bibendum. Ut eget risus nec risus finibus hendrerit in non tortor. Pellentesque maximus ligula et turpis faucibus cursus. Donec vel nunc metus. Quisque sagittis mattis dui vel varius. Aliquam iaculis interdum lacinia. Nam euismod lectus id maximus sodales. Nam id magna dictum, semper nisl vel, ornare ligula. Sed condimentum metus quis leo pharetra, quis semper urna aliquam. Fusce consectetur accumsan augue sit amet iaculis. Suspendisse volutpat urna vitae fermentum eleifend. Maecenas sapien leo, gravida vitae pellentesque quis, efficitur in erat. Maecenas elementum euismod hendrerit. Mauris sagittis massa a orci.'),(94,67,88,'Lorem ipsum dolor sit amet, consectetur adipiscing elit. Morbi pulvinar pharetra bibendum. Ut eget risus nec risus finibus hendrerit in non tortor. Pellentesque maximus ligula et turpis faucibus cursus. Donec vel nunc metus. Quisque sagittis mattis dui vel varius. Aliquam iaculis interdum lacinia. Nam euismod lectus id maximus sodales. Nam id magna dictum, semper nisl vel, ornare ligula. Sed condimentum metus quis leo pharetra, quis semper urna aliquam. Fusce consectetur accumsan augue sit amet iaculis. Suspendisse volutpat urna vitae fermentum eleifend. Maecenas sapien leo, gravida vitae pellentesque quis, efficitur in erat. Maecenas elementum euismod hendrerit. Mauris sagittis massa a orci.'),(95,46,17,'Lorem ipsum dolor sit amet, consectetur adipiscing elit. Morbi pulvinar pharetra bibendum. Ut eget risus nec risus finibus hendrerit in non tortor. Pellentesque maximus ligula et turpis faucibus cursus. Donec vel nunc metus. Quisque sagittis mattis dui vel varius. Aliquam iaculis interdum lacinia. Nam euismod lectus id maximus sodales. Nam id magna dictum, semper nisl vel, ornare ligula. Sed condimentum metus quis leo pharetra, quis semper urna aliquam. Fusce consectetur accumsan augue sit amet iaculis. Suspendisse volutpat urna vitae fermentum eleifend. Maecenas sapien leo, gravida vitae pellentesque quis, efficitur in erat. Maecenas elementum euismod hendrerit. Mauris sagittis massa a orci.'),(96,22,39,'Lorem ipsum dolor sit amet, consectetur adipiscing elit. Morbi pulvinar pharetra bibendum. Ut eget risus nec risus finibus hendrerit in non tortor. Pellentesque maximus ligula et turpis faucibus cursus. Donec vel nunc metus. Quisque sagittis mattis dui vel varius. Aliquam iaculis interdum lacinia. Nam euismod lectus id maximus sodales. Nam id magna dictum, semper nisl vel, ornare ligula. Sed condimentum metus quis leo pharetra, quis semper urna aliquam. Fusce consectetur accumsan augue sit amet iaculis. Suspendisse volutpat urna vitae fermentum eleifend. Maecenas sapien leo, gravida vitae pellentesque quis, efficitur in erat. Maecenas elementum euismod hendrerit. Mauris sagittis massa a orci.'),(97,63,22,'Lorem ipsum dolor sit amet, consectetur adipiscing elit. Morbi pulvinar pharetra bibendum. Ut eget risus nec risus finibus hendrerit in non tortor. Pellentesque maximus ligula et turpis faucibus cursus. Donec vel nunc metus. Quisque sagittis mattis dui vel varius. Aliquam iaculis interdum lacinia. Nam euismod lectus id maximus sodales. Nam id magna dictum, semper nisl vel, ornare ligula. Sed condimentum metus quis leo pharetra, quis semper urna aliquam. Fusce consectetur accumsan augue sit amet iaculis. Suspendisse volutpat urna vitae fermentum eleifend. Maecenas sapien leo, gravida vitae pellentesque quis, efficitur in erat. Maecenas elementum euismod hendrerit. Mauris sagittis massa a orci.'),(98,30,84,'Lorem ipsum dolor sit amet, consectetur adipiscing elit. Morbi pulvinar pharetra bibendum. Ut eget risus nec risus finibus hendrerit in non tortor. Pellentesque maximus ligula et turpis faucibus cursus. Donec vel nunc metus. Quisque sagittis mattis dui vel varius. Aliquam iaculis interdum lacinia. Nam euismod lectus id maximus sodales. Nam id magna dictum, semper nisl vel, ornare ligula. Sed condimentum metus quis leo pharetra, quis semper urna aliquam. Fusce consectetur accumsan augue sit amet iaculis. Suspendisse volutpat urna vitae fermentum eleifend. Maecenas sapien leo, gravida vitae pellentesque quis, efficitur in erat. Maecenas elementum euismod hendrerit. Mauris sagittis massa a orci.'),(99,51,52,'Lorem ipsum dolor sit amet, consectetur adipiscing elit. Morbi pulvinar pharetra bibendum. Ut eget risus nec risus finibus hendrerit in non tortor. Pellentesque maximus ligula et turpis faucibus cursus. Donec vel nunc metus. Quisque sagittis mattis dui vel varius. Aliquam iaculis interdum lacinia. Nam euismod lectus id maximus sodales. Nam id magna dictum, semper nisl vel, ornare ligula. Sed condimentum metus quis leo pharetra, quis semper urna aliquam. Fusce consectetur accumsan augue sit amet iaculis. Suspendisse volutpat urna vitae fermentum eleifend. Maecenas sapien leo, gravida vitae pellentesque quis, efficitur in erat. Maecenas elementum euismod hendrerit. Mauris sagittis massa a orci.'),(100,64,1,'Lorem ipsum dolor sit amet, consectetur adipiscing elit. Morbi pulvinar pharetra bibendum. Ut eget risus nec risus finibus hendrerit in non tortor. Pellentesque maximus ligula et turpis faucibus cursus. Donec vel nunc metus. Quisque sagittis mattis dui vel varius. Aliquam iaculis interdum lacinia. Nam euismod lectus id maximus sodales. Nam id magna dictum, semper nisl vel, ornare ligula. Sed condimentum metus quis leo pharetra, quis semper urna aliquam. Fusce consectetur accumsan augue sit amet iaculis. Suspendisse volutpat urna vitae fermentum eleifend. Maecenas sapien leo, gravida vitae pellentesque quis, efficitur in erat. Maecenas elementum euismod hendrerit. Mauris sagittis massa a orci.');
/*!40000 ALTER TABLE `Comment` ENABLE KEYS */;
UNLOCK TABLES;

--
-- Table structure for table `Ingredient`
--

DROP TABLE IF EXISTS `Ingredient`;
/*!40101 SET @saved_cs_client     = @@character_set_client */;
 SET character_set_client = utf8mb4 ;
CREATE TABLE `Ingredient` (
  `id` int(11) NOT NULL AUTO_INCREMENT,
  `id_IngredientType` int(11) NOT NULL,
  `id_QuantityUnit` int(11) NOT NULL,
  `name` varchar(30) NOT NULL,
  `baseCost` float(16,2) NOT NULL,
  `baseQuantity` int(11) NOT NULL DEFAULT '1',
  PRIMARY KEY (`id`),
  UNIQUE KEY `name` (`name`),
  KEY `id_IngredientType` (`id_IngredientType`),
  KEY `id_QuantityUnit` (`id_QuantityUnit`),
  CONSTRAINT `Ingredient_ibfk_1` FOREIGN KEY (`id_IngredientType`) REFERENCES `IngredientType` (`id`),
  CONSTRAINT `Ingredient_ibfk_2` FOREIGN KEY (`id_QuantityUnit`) REFERENCES `QuantityUnit` (`id`)
) ENGINE=InnoDB AUTO_INCREMENT=101 DEFAULT CHARSET=utf8mb4 COLLATE=utf8mb4_0900_ai_ci;
/*!40101 SET character_set_client = @saved_cs_client */;

--
-- Dumping data for table `Ingredient`
--

LOCK TABLES `Ingredient` WRITE;
/*!40000 ALTER TABLE `Ingredient` DISABLE KEYS */;
INSERT INTO `Ingredient` VALUES (1,7,8,'Hogym',0.30,5),(2,6,10,'Celloggimbur',7.63,9),(3,5,9,'Laglesgim',14.58,6),(4,2,1,'Sylcyllis',1.60,3),(5,1,10,'Morbir',3.62,3),(6,10,3,'Limgem',7.60,2),(7,6,12,'Silgimculnir',0.12,8),(8,3,8,'Narmar',14.48,8),(9,9,7,'Solgamberthi',11.73,9),(10,2,2,'Cyllig',9.04,11),(11,13,1,'Thalomorn',12.50,6),(12,12,10,'Rluggum',14.71,9),(13,1,11,'Ornbar',1.06,10),(14,13,1,'Merhosyl',7.28,4),(15,12,9,'Callisthunir',7.91,4),(16,4,9,'Thaligber',1.52,10),(17,10,12,'Limbarmar',9.04,9),(18,12,1,'Lishalllumcal',14.90,6),(19,12,9,'Berthe',11.63,3),(20,3,13,'Hathulemhe',4.13,8),(21,2,7,'Colmorhi',4.57,8),(22,1,4,'Salthalegorn',3.56,7),(23,10,12,'Birmircyl',3.41,11),(24,12,6,'Bermor',9.55,12),(25,5,13,'Morlag',13.65,7),(26,10,6,'Barbirorn',12.85,10),(27,7,7,'Burmir',3.77,7),(28,6,8,'Humarhamur',14.62,10),(29,5,6,'Leglam',3.70,7),(30,8,3,'Hugimirn',9.76,6),(31,7,8,'Berburthamur',3.45,9),(32,3,4,'Lasloglum',10.33,1),(33,11,5,'Gomlamthi',11.13,12),(34,3,5,'Narmarborern',13.28,4),(35,9,10,'Lomlos',14.17,3),(36,12,13,'Urnlasho',13.23,1),(37,12,6,'Hical',11.64,9),(38,4,8,'Hisol',11.30,6),(39,11,4,'Leshe',3.26,7),(40,13,10,'Gumsalculsil',2.93,11),(41,5,1,'Morcalsul',11.93,3),(42,9,2,'Barlugha',0.39,2),(43,13,10,'Salhu',2.50,5),(44,2,9,'Celmorgember',7.83,4),(45,1,1,'Byrhebyr',14.45,10),(46,6,8,'Birhogim',0.49,12),(47,2,4,'Helisloshi',2.98,1),(48,11,8,'Syllas',13.58,11),(49,11,9,'Gymcalhober',4.11,11),(50,11,2,'Gimcullegirn',14.79,3),(51,2,12,'Borlessil',14.04,4),(52,13,13,'Thitha',13.00,1),(53,9,11,'Cylcelnor',2.84,2),(54,5,6,'Borbyrhulys',1.15,12),(55,5,7,'Loglistha',10.41,1),(56,1,10,'Silbartha',3.71,6),(57,12,1,'Orncilbirgom',8.95,8),(58,3,3,'Lasnormer',6.27,12),(59,13,8,'Lumsolthalig',7.86,4),(60,7,12,'Burlyscul',11.47,1),(61,11,1,'Murgomhellhi',12.88,3),(62,9,7,'Thatheluslag',5.88,2),(63,2,7,'Lyshallluslam',10.80,12),(64,12,10,'Mirborcil',3.06,10),(65,7,2,'Nircalbur',13.66,9),(66,1,10,'Barlugarn',12.91,12),(67,12,4,'Gimcul',7.32,12),(68,8,11,'Thulam',0.73,12),(69,7,2,'Hecolha',12.62,10),(70,7,4,'Ornmur',3.08,10),(71,2,9,'Lamber',8.15,6),(72,4,5,'Sulleshe',3.24,3),(73,3,6,'Lomlember',6.44,2),(74,6,9,'Loscal',13.99,1),(75,10,4,'Calornthilog',6.59,2),(76,10,11,'Limlesgam',9.63,9),(77,8,8,'Thigomcul',10.91,9),(78,9,7,'Laglyslomlis',1.04,9),(79,13,11,'Erngomlig',11.38,5),(80,8,11,'Gamlusmorcol',9.69,10),(81,13,9,'Syllag',1.68,7),(82,7,2,'Hothoirnlug',1.86,6),(83,8,10,'Hesolmar',6.59,8),(84,7,13,'Lugcul',2.88,3),(85,4,8,'Thicolthu',9.38,7),(86,2,7,'Narlescul',4.61,1),(87,2,1,'Nirmersolurn',8.41,8),(88,5,2,'Logcel',8.35,5),(89,3,7,'Lasloglag',3.35,6),(90,4,6,'Lessellamyrn',9.63,2),(91,8,6,'Gymlys',9.87,9),(92,3,4,'Thasal',7.68,9),(93,1,6,'Silurnsellag',5.45,1),(94,3,5,'Hallloslysbur',12.33,12),(95,6,12,'Ligbir',13.95,2),(96,6,2,'Burcylcel',9.75,3),(97,4,6,'Narlisho',10.26,8),(98,4,6,'Hosal',12.12,8),(99,11,3,'Liscal',8.30,8),(100,11,9,'Sulbarmornar',7.29,9);
/*!40000 ALTER TABLE `Ingredient` ENABLE KEYS */;
UNLOCK TABLES;

--
-- Table structure for table `IngredientType`
--

DROP TABLE IF EXISTS `IngredientType`;
/*!40101 SET @saved_cs_client     = @@character_set_client */;
 SET character_set_client = utf8mb4 ;
CREATE TABLE `IngredientType` (
  `id` int(11) NOT NULL AUTO_INCREMENT,
  `name` varchar(30) NOT NULL,
  PRIMARY KEY (`id`),
  UNIQUE KEY `name` (`name`)
) ENGINE=InnoDB AUTO_INCREMENT=14 DEFAULT CHARSET=utf8mb4 COLLATE=utf8mb4_0900_ai_ci;
/*!40101 SET character_set_client = @saved_cs_client */;

--
-- Dumping data for table `IngredientType`
--

LOCK TABLES `IngredientType` WRITE;
/*!40000 ALTER TABLE `IngredientType` DISABLE KEYS */;
INSERT INTO `IngredientType` VALUES (10,'Beverages'),(5,'Cereal products'),(4,'Confectionery'),(1,'Dairy products'),(8,'Egg products'),(7,'Fish products'),(3,'Fruits and vegetables'),(6,'Meat products'),(2,'Oils'),(13,'Others'),(12,'Prepared foods'),(11,'Salads'),(9,'Spices');
/*!40000 ALTER TABLE `IngredientType` ENABLE KEYS */;
UNLOCK TABLES;

--
-- Table structure for table `LikeRecipe`
--

DROP TABLE IF EXISTS `LikeRecipe`;
/*!40101 SET @saved_cs_client     = @@character_set_client */;
 SET character_set_client = utf8mb4 ;
CREATE TABLE `LikeRecipe` (
  `id` int(11) NOT NULL AUTO_INCREMENT,
  `id_Recipe` int(11) NOT NULL,
  `id_User` int(11) NOT NULL,
  PRIMARY KEY (`id`),
  UNIQUE KEY `UC_LikeRecipe` (`id_Recipe`,`id_User`),
  KEY `id_User` (`id_User`),
  CONSTRAINT `LikeRecipe_ibfk_1` FOREIGN KEY (`id_Recipe`) REFERENCES `Recipe` (`id`),
  CONSTRAINT `LikeRecipe_ibfk_2` FOREIGN KEY (`id_User`) REFERENCES `User` (`id`)
) ENGINE=InnoDB AUTO_INCREMENT=474 DEFAULT CHARSET=utf8mb4 COLLATE=utf8mb4_0900_ai_ci;
/*!40101 SET character_set_client = @saved_cs_client */;

--
-- Dumping data for table `LikeRecipe`
--

LOCK TABLES `LikeRecipe` WRITE;
/*!40000 ALTER TABLE `LikeRecipe` DISABLE KEYS */;
INSERT INTO `LikeRecipe` VALUES (255,1,65),(284,1,69),(330,1,75),(378,1,83),(81,2,20),(142,2,32),(174,2,43),(202,2,50),(276,2,68),(42,3,10),(158,3,38),(164,3,41),(399,3,88),(413,3,90),(471,3,100),(251,4,63),(9,5,3),(103,5,25),(125,5,28),(197,5,49),(212,5,51),(80,6,20),(118,6,26),(163,6,41),(234,6,56),(473,6,100),(181,7,43),(235,7,58),(406,7,89),(449,7,96),(36,8,9),(154,8,38),(182,8,44),(224,8,54),(350,8,79),(58,9,14),(263,9,67),(394,9,88),(313,10,73),(409,10,90),(466,10,99),(469,10,100),(334,11,76),(341,11,78),(352,11,79),(417,11,91),(192,12,48),(22,13,6),(48,13,11),(312,13,73),(388,13,86),(412,13,90),(414,13,91),(161,14,39),(226,14,55),(281,14,69),(363,14,82),(10,15,3),(47,15,11),(147,15,34),(273,15,68),(326,15,74),(391,15,87),(32,16,7),(54,16,13),(61,16,15),(193,16,48),(240,16,58),(289,16,70),(379,16,83),(404,16,89),(423,16,92),(134,17,29),(217,17,53),(244,17,59),(264,17,67),(294,17,71),(407,17,90),(19,18,5),(116,18,26),(225,18,55),(241,18,58),(268,18,67),(304,18,72),(459,18,98),(177,19,43),(236,19,58),(249,19,62),(254,19,65),(339,19,78),(373,19,83),(389,19,86),(462,19,99),(84,20,20),(219,20,53),(83,21,20),(208,21,50),(296,21,71),(43,22,10),(190,22,47),(229,22,55),(257,22,65),(17,23,3),(112,23,26),(252,23,64),(322,23,74),(371,23,83),(419,23,92),(23,24,6),(71,24,17),(100,24,25),(259,24,65),(297,24,71),(372,24,83),(31,25,7),(37,25,9),(49,25,11),(184,25,44),(239,25,58),(307,25,72),(336,25,76),(1,26,1),(114,26,26),(119,26,27),(148,26,35),(319,26,73),(461,26,98),(155,27,38),(165,27,41),(298,27,71),(440,27,95),(453,27,96),(89,28,21),(111,28,26),(144,28,32),(231,28,55),(385,28,85),(101,29,25),(128,29,28),(237,29,58),(305,29,72),(347,29,79),(27,30,7),(97,30,24),(172,30,42),(203,30,50),(275,30,68),(317,30,73),(345,30,79),(367,30,82),(445,30,95),(451,30,96),(11,31,3),(150,31,37),(159,31,38),(302,31,71),(328,31,75),(348,31,79),(292,32,70),(327,32,75),(359,32,81),(452,32,96),(79,33,20),(162,33,41),(331,33,75),(356,33,81),(458,33,97),(176,34,43),(233,34,55),(267,34,67),(396,34,88),(215,35,52),(260,35,65),(365,35,82),(41,36,10),(124,36,28),(175,36,43),(201,36,50),(232,36,55),(258,36,65),(316,36,73),(420,36,92),(206,37,50),(186,38,44),(442,38,95),(127,39,28),(384,39,85),(91,40,22),(120,40,27),(140,40,31),(411,40,90),(20,41,5),(25,41,6),(63,41,15),(194,41,49),(468,41,99),(29,42,7),(209,42,50),(366,42,82),(24,43,6),(247,43,61),(265,43,67),(387,43,86),(439,43,95),(448,43,96),(66,44,16),(70,44,17),(121,44,27),(380,44,84),(397,44,88),(436,44,94),(464,44,99),(28,45,7),(86,45,21),(274,45,68),(395,45,88),(67,46,16),(78,46,19),(250,46,62),(287,46,69),(400,46,88),(16,47,3),(72,47,17),(189,47,47),(444,47,95),(108,48,25),(122,48,28),(271,48,67),(342,48,78),(222,49,54),(230,49,55),(361,49,81),(456,49,96),(6,50,2),(213,50,51),(321,50,74),(333,50,76),(428,50,93),(105,51,25),(199,51,49),(246,51,61),(272,51,67),(33,52,7),(45,52,11),(138,52,31),(7,53,2),(433,54,94),(130,55,29),(145,55,32),(169,55,42),(324,55,74),(279,56,69),(351,56,79),(8,57,3),(65,57,16),(408,57,90),(343,58,78),(87,59,21),(95,59,24),(106,59,25),(344,59,79),(60,60,15),(383,60,85),(401,60,88),(430,60,93),(69,61,17),(149,61,37),(248,61,62),(358,61,81),(76,62,19),(300,62,71),(338,62,76),(416,62,91),(443,62,95),(74,63,17),(136,63,31),(262,63,66),(266,63,67),(291,63,70),(337,63,76),(360,63,81),(374,63,83),(415,63,91),(426,63,92),(90,64,21),(129,64,29),(381,64,84),(422,64,92),(447,64,95),(311,65,73),(377,65,83),(133,66,29),(301,66,71),(402,66,88),(107,67,25),(156,67,38),(167,67,42),(253,67,64),(269,67,67),(355,67,81),(446,67,95),(467,67,99),(64,68,16),(85,68,21),(137,68,31),(243,68,59),(393,68,87),(438,68,94),(26,69,6),(46,69,11),(115,69,26),(293,69,71),(303,69,72),(315,69,73),(109,70,25),(238,70,58),(299,70,71),(309,70,72),(349,70,79),(370,70,83),(434,70,94),(472,70,100),(12,71,3),(40,71,10),(68,71,17),(75,71,18),(146,71,34),(278,71,69),(288,71,70),(450,71,96),(50,72,11),(93,72,24),(286,72,69),(295,72,71),(329,72,75),(346,72,79),(376,72,83),(403,72,88),(429,72,93),(390,73,86),(5,74,2),(441,74,95),(52,75,12),(77,75,19),(282,75,69),(398,75,88),(211,76,51),(223,76,54),(270,76,67),(306,76,72),(318,76,73),(135,77,29),(160,77,39),(171,77,42),(382,77,85),(425,77,92),(3,78,2),(196,78,49),(285,78,69),(310,78,73),(427,78,93),(35,79,8),(126,79,28),(168,79,42),(245,79,59),(39,80,9),(117,80,26),(183,80,44),(460,80,98),(14,81,3),(228,81,55),(431,81,94),(38,82,9),(166,82,41),(179,82,43),(200,82,50),(261,82,65),(277,82,68),(369,82,82),(15,83,3),(57,83,14),(139,83,31),(220,83,54),(418,83,92),(82,84,20),(280,84,69),(290,84,70),(308,84,72),(323,84,74),(357,84,81),(18,85,5),(44,85,11),(205,85,50),(432,85,94),(62,86,15),(96,86,24),(123,86,28),(173,86,42),(320,86,74),(410,86,90),(4,87,2),(104,87,25),(392,87,87),(110,88,26),(152,88,37),(185,88,44),(191,88,47),(204,88,50),(256,88,65),(340,88,78),(354,88,80),(368,88,82),(30,89,7),(170,89,42),(455,89,96),(34,90,7),(94,90,24),(187,90,45),(73,91,17),(88,91,21),(218,91,53),(242,91,59),(325,91,74),(353,91,80),(463,91,99),(157,92,38),(457,92,97),(2,93,1),(13,93,3),(51,93,11),(92,93,24),(132,93,29),(227,93,55),(364,93,82),(437,93,94),(53,94,12),(59,94,15),(102,94,25),(143,94,32),(214,94,51),(424,94,92),(151,95,37),(195,95,49),(314,95,73),(332,95,76),(465,95,99),(56,96,14),(131,96,29),(141,96,31),(386,96,85),(21,97,5),(180,97,43),(216,97,52),(375,97,83),(421,97,92),(470,97,100),(178,98,43),(188,98,46),(221,98,54),(283,98,69),(335,98,76),(405,98,89),(435,98,94),(454,98,96),(99,99,24),(113,99,26),(210,99,51),(55,100,14),(98,100,24),(153,100,38),(198,100,49),(207,100,50),(362,100,81);
/*!40000 ALTER TABLE `LikeRecipe` ENABLE KEYS */;
UNLOCK TABLES;

--
-- Table structure for table `QuantityType`
--

DROP TABLE IF EXISTS `QuantityType`;
/*!40101 SET @saved_cs_client     = @@character_set_client */;
 SET character_set_client = utf8mb4 ;
CREATE TABLE `QuantityType` (
  `id` int(11) NOT NULL AUTO_INCREMENT,
  `name` varchar(20) NOT NULL,
  PRIMARY KEY (`id`),
  UNIQUE KEY `name` (`name`)
) ENGINE=InnoDB AUTO_INCREMENT=4 DEFAULT CHARSET=utf8mb4 COLLATE=utf8mb4_0900_ai_ci COMMENT='Contains the type of mesure (weight, volume, units, etc.)';
/*!40101 SET character_set_client = @saved_cs_client */;

--
-- Dumping data for table `QuantityType`
--

LOCK TABLES `QuantityType` WRITE;
/*!40000 ALTER TABLE `QuantityType` DISABLE KEYS */;
INSERT INTO `QuantityType` VALUES (3,'Unit'),(1,'Volume'),(2,'Weight');
/*!40000 ALTER TABLE `QuantityType` ENABLE KEYS */;
UNLOCK TABLES;

--
-- Table structure for table `QuantityUnit`
--

DROP TABLE IF EXISTS `QuantityUnit`;
/*!40101 SET @saved_cs_client     = @@character_set_client */;
 SET character_set_client = utf8mb4 ;
CREATE TABLE `QuantityUnit` (
  `id` int(11) NOT NULL AUTO_INCREMENT,
  `id_QuantityType` int(11) NOT NULL,
  `name` varchar(20) NOT NULL,
  `abbreviation` varchar(10) NOT NULL,
  PRIMARY KEY (`id`),
  UNIQUE KEY `name` (`name`,`abbreviation`),
  KEY `id_QuantityType` (`id_QuantityType`),
  CONSTRAINT `QuantityUnit_ibfk_1` FOREIGN KEY (`id_QuantityType`) REFERENCES `QuantityType` (`id`)
) ENGINE=InnoDB AUTO_INCREMENT=14 DEFAULT CHARSET=utf8mb4 COLLATE=utf8mb4_0900_ai_ci COMMENT='Register all mesure units (like mL, cups, g, table spoon, et';
/*!40101 SET character_set_client = @saved_cs_client */;

--
-- Dumping data for table `QuantityUnit`
--

LOCK TABLES `QuantityUnit` WRITE;
/*!40000 ALTER TABLE `QuantityUnit` DISABLE KEYS */;
INSERT INTO `QuantityUnit` VALUES (1,1,'teaspoon','tsp'),(2,1,'tablespoon','tbsp'),(3,1,'fluid ounce','fl oz'),(4,1,'cup','cup'),(5,1,'milliliter','mL'),(6,1,'liter','L'),(7,1,'deciliter','dL'),(8,2,'pound','lb'),(9,2,'ounce','oz'),(10,2,'miligram','mg'),(11,2,'gram','g'),(12,2,'kilogram','kg'),(13,3,'unit','unit');
/*!40000 ALTER TABLE `QuantityUnit` ENABLE KEYS */;
UNLOCK TABLES;

--
-- Table structure for table `Rating`
--

DROP TABLE IF EXISTS `Rating`;
/*!40101 SET @saved_cs_client     = @@character_set_client */;
 SET character_set_client = utf8mb4 ;
CREATE TABLE `Rating` (
  `id` int(11) NOT NULL AUTO_INCREMENT,
  `id_Recipe` int(11) NOT NULL,
  `id_User` int(11) NOT NULL,
  `value` int(11) NOT NULL,
  PRIMARY KEY (`id`),
  UNIQUE KEY `UC_Rating` (`id_Recipe`,`id_User`),
  KEY `id_User` (`id_User`),
  CONSTRAINT `Rating_ibfk_1` FOREIGN KEY (`id_Recipe`) REFERENCES `Recipe` (`id`),
  CONSTRAINT `Rating_ibfk_2` FOREIGN KEY (`id_User`) REFERENCES `User` (`id`)
) ENGINE=InnoDB AUTO_INCREMENT=494 DEFAULT CHARSET=utf8mb4 COLLATE=utf8mb4_0900_ai_ci;
/*!40101 SET character_set_client = @saved_cs_client */;

--
-- Dumping data for table `Rating`
--

LOCK TABLES `Rating` WRITE;
/*!40000 ALTER TABLE `Rating` DISABLE KEYS */;
INSERT INTO `Rating` VALUES (1,6,1,1),(2,10,1,5),(3,52,1,5),(4,61,1,5),(5,60,1,5),(6,16,2,5),(7,60,2,2),(8,78,2,3),(9,31,2,2),(10,49,2,3),(11,73,3,3),(12,33,3,5),(13,1,3,1),(14,39,4,3),(15,6,4,3),(16,42,4,3),(17,27,4,5),(18,89,4,4),(19,13,4,4),(20,94,4,1),(21,17,4,2),(22,93,4,5),(23,79,4,1),(24,98,5,3),(25,21,5,4),(26,70,5,5),(27,50,5,2),(28,66,7,3),(29,84,7,1),(30,49,7,3),(31,62,7,4),(32,42,8,4),(33,17,8,2),(34,92,8,5),(35,70,8,1),(36,74,8,1),(37,93,8,5),(38,44,8,1),(39,14,8,3),(40,81,9,3),(41,60,10,5),(42,86,10,2),(43,91,11,3),(44,86,11,2),(45,37,11,3),(46,55,11,2),(47,48,11,1),(48,49,11,4),(49,19,12,4),(50,78,12,1),(51,18,12,4),(52,82,12,2),(53,6,12,1),(54,10,12,1),(55,74,12,4),(56,27,12,5),(57,54,14,1),(58,86,14,3),(59,60,14,3),(60,18,16,3),(61,34,17,5),(62,97,17,2),(63,41,17,3),(64,72,17,3),(65,24,17,2),(66,71,17,1),(67,74,17,1),(68,5,17,5),(69,98,17,3),(70,62,17,4),(71,8,18,1),(72,14,18,4),(73,6,18,5),(74,64,18,2),(75,89,18,3),(76,94,18,4),(77,4,18,1),(78,77,18,4),(79,3,19,3),(80,45,19,2),(81,53,19,1),(82,32,19,5),(83,27,19,3),(84,37,19,4),(85,11,19,4),(86,48,19,4),(87,54,19,4),(88,61,20,3),(89,79,20,3),(90,31,20,1),(91,10,20,4),(92,53,20,1),(93,84,20,5),(94,41,20,5),(95,20,20,1),(96,53,21,3),(97,14,21,1),(98,96,21,5),(99,36,21,2),(100,89,21,3),(101,87,21,5),(102,77,21,4),(103,67,22,4),(104,33,22,5),(105,4,22,3),(106,99,22,5),(107,78,22,1),(108,92,22,5),(109,60,22,4),(110,50,23,1),(111,47,23,2),(112,78,23,2),(113,36,23,2),(114,89,23,2),(115,43,23,5),(116,41,23,1),(117,68,23,4),(118,23,23,1),(119,25,23,2),(120,10,24,2),(121,64,24,1),(122,14,24,2),(123,83,24,3),(124,79,24,5),(125,86,24,1),(126,85,24,1),(127,9,24,5),(128,20,25,5),(129,19,25,5),(130,26,25,1),(131,76,25,3),(132,53,25,1),(133,37,25,5),(134,60,25,5),(135,15,25,1),(136,51,25,4),(137,64,26,2),(138,80,26,5),(139,22,26,2),(140,90,26,2),(141,88,26,1),(142,7,26,1),(143,79,26,3),(144,72,26,4),(145,70,28,5),(146,31,29,2),(147,36,29,1),(148,78,32,5),(149,92,32,2),(150,6,32,4),(151,99,32,3),(152,60,32,5),(153,48,32,1),(154,81,32,5),(155,43,33,2),(156,4,33,2),(157,31,33,5),(158,53,33,2),(159,97,33,5),(160,66,33,5),(161,6,33,5),(162,46,33,4),(163,44,33,4),(164,7,34,3),(165,97,35,5),(166,80,35,2),(167,95,35,3),(168,32,35,2),(169,98,35,3),(170,72,35,3),(171,28,35,3),(172,20,35,1),(173,92,35,4),(174,78,36,1),(175,65,36,5),(176,35,36,5),(177,38,36,2),(178,20,36,4),(179,2,36,4),(180,21,36,2),(181,89,36,5),(182,60,37,2),(183,61,37,4),(184,33,37,2),(185,77,37,5),(186,41,37,4),(187,42,37,1),(188,86,37,5),(189,3,37,1),(190,7,37,1),(191,54,38,4),(192,86,38,3),(193,1,38,4),(194,24,38,1),(195,72,38,4),(196,49,38,2),(197,53,38,4),(198,16,38,5),(199,32,39,1),(200,79,40,2),(201,91,40,1),(202,35,40,3),(203,45,41,4),(204,62,41,3),(205,89,42,2),(206,68,42,1),(207,50,42,5),(208,58,42,2),(209,75,42,2),(210,46,42,4),(211,36,42,4),(212,12,42,5),(213,55,43,3),(214,56,43,3),(215,32,43,5),(216,24,43,3),(217,9,43,5),(218,70,44,3),(219,33,44,2),(220,11,44,5),(221,86,44,4),(222,73,44,3),(223,62,44,3),(224,72,45,5),(225,7,45,2),(226,49,45,5),(227,48,45,1),(228,74,45,2),(229,93,46,1),(230,58,46,2),(231,67,46,2),(232,84,46,4),(233,21,46,5),(234,55,46,1),(235,40,47,3),(236,36,47,4),(237,34,47,1),(238,11,47,1),(239,80,48,5),(240,62,48,5),(241,12,48,1),(242,21,48,3),(243,51,48,3),(244,87,48,3),(245,70,48,2),(246,9,49,5),(247,100,49,2),(248,75,49,1),(249,1,50,4),(250,27,50,4),(251,61,52,1),(252,61,53,4),(253,38,53,3),(254,60,53,5),(255,73,53,4),(256,2,53,2),(257,4,53,3),(258,71,53,5),(259,34,54,4),(260,94,54,2),(261,91,54,2),(262,98,54,5),(263,28,54,5),(264,6,54,1),(265,64,54,2),(266,70,54,1),(267,79,54,5),(268,8,56,1),(269,43,56,1),(270,70,56,2),(271,23,56,4),(272,70,57,4),(273,7,57,5),(274,32,57,3),(275,54,57,2),(276,84,58,3),(277,37,58,3),(278,34,58,4),(279,15,58,4),(280,11,58,1),(281,95,58,5),(282,68,58,3),(283,52,58,1),(284,88,58,4),(285,41,58,1),(286,52,59,4),(287,27,59,5),(288,65,59,3),(289,91,59,4),(290,32,60,3),(291,33,60,1),(292,90,60,1),(293,93,61,1),(294,27,61,4),(295,97,61,5),(296,49,61,2),(297,34,61,3),(298,40,62,2),(299,87,63,2),(300,13,63,1),(301,1,63,5),(302,30,63,5),(303,39,63,2),(304,8,63,1),(305,18,64,4),(306,10,64,2),(307,79,64,5),(308,57,64,3),(309,66,64,2),(310,24,65,5),(311,66,65,2),(312,43,65,4),(313,17,65,4),(314,11,66,2),(315,4,67,4),(316,39,67,2),(317,40,67,5),(318,33,67,5),(319,87,68,3),(320,15,68,1),(321,84,68,3),(322,53,68,2),(323,34,68,4),(324,8,68,1),(325,20,68,2),(326,25,68,5),(327,45,68,5),(328,64,69,2),(329,70,69,1),(330,71,69,1),(331,45,69,5),(332,21,69,2),(333,80,69,5),(334,55,69,1),(335,100,69,4),(336,4,69,2),(337,48,69,2),(338,77,70,5),(339,42,70,1),(340,37,70,1),(341,67,71,3),(342,52,71,2),(343,95,71,1),(344,81,71,5),(345,10,71,4),(346,57,71,1),(347,53,71,3),(348,1,72,1),(349,68,72,2),(350,78,72,1),(351,67,72,5),(352,90,72,5),(353,11,72,4),(354,43,72,5),(355,38,72,5),(356,59,72,5),(357,86,72,3),(358,55,73,5),(359,49,73,2),(360,69,73,1),(361,25,73,3),(362,20,73,1),(363,90,73,2),(364,8,73,5),(365,83,73,3),(366,45,74,4),(367,37,74,3),(368,91,74,5),(369,6,75,2),(370,88,75,4),(371,65,76,2),(372,79,76,4),(373,78,76,2),(374,17,77,5),(375,61,78,1),(376,56,78,3),(377,86,78,4),(378,9,78,5),(379,8,78,1),(380,77,78,3),(381,54,78,3),(382,38,78,2),(383,7,79,3),(384,1,79,4),(385,16,79,1),(386,77,79,1),(387,83,79,3),(388,24,79,1),(389,45,79,5),(390,9,79,3),(391,66,79,3),(392,55,79,4),(393,40,80,5),(394,1,80,5),(395,95,80,1),(396,69,81,2),(397,86,81,5),(398,32,82,5),(399,3,82,2),(400,8,82,4),(401,65,82,2),(402,6,82,4),(403,28,82,2),(404,91,83,3),(405,20,83,1),(406,93,83,3),(407,99,83,5),(408,46,84,2),(409,74,84,1),(410,87,85,1),(411,52,85,4),(412,1,85,4),(413,22,85,3),(414,3,85,4),(415,6,86,5),(416,48,86,4),(417,71,86,5),(418,32,86,1),(419,68,87,2),(420,1,87,1),(421,99,87,5),(422,88,87,5),(423,75,87,3),(424,44,87,4),(425,63,87,1),(426,88,88,4),(427,58,88,3),(428,94,88,5),(429,73,89,3),(430,11,89,1),(431,40,89,5),(432,8,89,3),(433,6,89,4),(434,78,89,1),(435,12,89,4),(436,71,89,3),(437,28,89,2),(438,83,90,5),(439,69,90,3),(440,30,90,5),(441,33,90,5),(442,13,90,5),(443,80,90,4),(444,79,90,4),(445,50,90,4),(446,46,90,5),(447,77,91,5),(448,15,91,2),(449,36,91,5),(450,17,91,4),(451,67,91,5),(452,78,91,1),(453,97,91,3),(454,99,92,4),(455,13,92,1),(456,37,92,5),(457,91,92,1),(458,37,93,2),(459,23,93,5),(460,42,94,1),(461,19,94,2),(462,4,94,2),(463,20,94,5),(464,49,94,3),(465,79,94,5),(466,3,94,4),(467,88,94,2),(468,61,94,2),(469,17,94,1),(470,83,95,4),(471,75,95,1),(472,70,95,5),(473,22,95,3),(474,41,95,4),(475,62,95,1),(476,94,96,1),(477,11,96,5),(478,44,97,5),(479,82,97,5),(480,79,97,3),(481,1,97,3),(482,39,97,3),(483,3,97,2),(484,68,97,2),(485,6,97,1),(486,34,97,2),(487,14,97,5),(488,42,98,4),(489,77,98,3),(490,50,99,3),(491,16,99,2),(492,51,99,4),(493,24,99,3);
/*!40000 ALTER TABLE `Rating` ENABLE KEYS */;
UNLOCK TABLES;
/*!50003 SET @saved_cs_client      = @@character_set_client */ ;
/*!50003 SET @saved_cs_results     = @@character_set_results */ ;
/*!50003 SET @saved_col_connection = @@collation_connection */ ;
/*!50003 SET character_set_client  = latin1 */ ;
/*!50003 SET character_set_results = latin1 */ ;
/*!50003 SET collation_connection  = latin1_swedish_ci */ ;
/*!50003 SET @saved_sql_mode       = @@sql_mode */ ;
/*!50003 SET sql_mode              = 'ONLY_FULL_GROUP_BY,STRICT_TRANS_TABLES,NO_ZERO_IN_DATE,NO_ZERO_DATE,ERROR_FOR_DIVISION_BY_ZERO,NO_ENGINE_SUBSTITUTION' */ ;
DELIMITER ;;
/*!50003 CREATE*/ /*!50017 DEFINER=`root`@`localhost`*/ /*!50003 TRIGGER `UpdateRecipeRatingOnRatingInsert` AFTER INSERT ON `Rating` FOR EACH ROW BEGIN
  SET @rating := (SELECT AVG(R.value) FROM Rating R WHERE R.id_Recipe = NEW.id_Recipe);
  UPDATE Recipe R SET R.rating := @rating WHERE R.id = NEW.id_Recipe;
END */;;
DELIMITER ;
/*!50003 SET sql_mode              = @saved_sql_mode */ ;
/*!50003 SET character_set_client  = @saved_cs_client */ ;
/*!50003 SET character_set_results = @saved_cs_results */ ;
/*!50003 SET collation_connection  = @saved_col_connection */ ;
/*!50003 SET @saved_cs_client      = @@character_set_client */ ;
/*!50003 SET @saved_cs_results     = @@character_set_results */ ;
/*!50003 SET @saved_col_connection = @@collation_connection */ ;
/*!50003 SET character_set_client  = latin1 */ ;
/*!50003 SET character_set_results = latin1 */ ;
/*!50003 SET collation_connection  = latin1_swedish_ci */ ;
/*!50003 SET @saved_sql_mode       = @@sql_mode */ ;
/*!50003 SET sql_mode              = 'ONLY_FULL_GROUP_BY,STRICT_TRANS_TABLES,NO_ZERO_IN_DATE,NO_ZERO_DATE,ERROR_FOR_DIVISION_BY_ZERO,NO_ENGINE_SUBSTITUTION' */ ;
DELIMITER ;;
/*!50003 CREATE*/ /*!50017 DEFINER=`root`@`localhost`*/ /*!50003 TRIGGER `UpdateRecipeRatingOnRatingUpdate` AFTER UPDATE ON `Rating` FOR EACH ROW BEGIN
  SET @rating := (SELECT AVG(R.value) FROM Rating R WHERE R.id_Recipe = NEW.id_Recipe);
  UPDATE Recipe R SET R.rating := @rating WHERE R.id = NEW.id_Recipe;
END */;;
DELIMITER ;
/*!50003 SET sql_mode              = @saved_sql_mode */ ;
/*!50003 SET character_set_client  = @saved_cs_client */ ;
/*!50003 SET character_set_results = @saved_cs_results */ ;
/*!50003 SET collation_connection  = @saved_col_connection */ ;
/*!50003 SET @saved_cs_client      = @@character_set_client */ ;
/*!50003 SET @saved_cs_results     = @@character_set_results */ ;
/*!50003 SET @saved_col_connection = @@collation_connection */ ;
/*!50003 SET character_set_client  = latin1 */ ;
/*!50003 SET character_set_results = latin1 */ ;
/*!50003 SET collation_connection  = latin1_swedish_ci */ ;
/*!50003 SET @saved_sql_mode       = @@sql_mode */ ;
/*!50003 SET sql_mode              = 'ONLY_FULL_GROUP_BY,STRICT_TRANS_TABLES,NO_ZERO_IN_DATE,NO_ZERO_DATE,ERROR_FOR_DIVISION_BY_ZERO,NO_ENGINE_SUBSTITUTION' */ ;
DELIMITER ;;
/*!50003 CREATE*/ /*!50017 DEFINER=`root`@`localhost`*/ /*!50003 TRIGGER `UpdateRecipeRatingOnRatingDelete` AFTER DELETE ON `Rating` FOR EACH ROW BEGIN
  SET @rating := IFNULL((SELECT AVG(R.value) FROM Rating R WHERE R.id_Recipe = OLD.id_Recipe), 0);
  UPDATE Recipe R SET R.rating := @rating WHERE R.id = OLD.id_Recipe;
END */;;
DELIMITER ;
/*!50003 SET sql_mode              = @saved_sql_mode */ ;
/*!50003 SET character_set_client  = @saved_cs_client */ ;
/*!50003 SET character_set_results = @saved_cs_results */ ;
/*!50003 SET collation_connection  = @saved_col_connection */ ;

--
-- Table structure for table `Recipe`
--

DROP TABLE IF EXISTS `Recipe`;
/*!40101 SET @saved_cs_client     = @@character_set_client */;
 SET character_set_client = utf8mb4 ;
CREATE TABLE `Recipe` (
  `id` int(11) NOT NULL AUTO_INCREMENT,
  `id_User` int(11) NOT NULL,
  `name` varchar(50) NOT NULL,
  `description` mediumtext,
  `directives` mediumtext NOT NULL,
  `rating` float(8,2) NOT NULL DEFAULT '0.00',
  PRIMARY KEY (`id`),
  UNIQUE KEY `name` (`name`),
  KEY `id_User` (`id_User`),
  CONSTRAINT `Recipe_ibfk_1` FOREIGN KEY (`id_User`) REFERENCES `User` (`id`)
) ENGINE=InnoDB AUTO_INCREMENT=101 DEFAULT CHARSET=utf8mb4 COLLATE=utf8mb4_0900_ai_ci;
/*!40101 SET character_set_client = @saved_cs_client */;

--
-- Dumping data for table `Recipe`
--

LOCK TABLES `Recipe` WRITE;
/*!40000 ALTER TABLE `Recipe` DISABLE KEYS */;
INSERT INTO `Recipe` VALUES (1,86,'Hogym','Lorem ipsum dolor sit amet, consectetur adipiscing elit. Morbi pulvinar pharetra bibendum. Ut eget risus nec risus finibus hendrerit in non tortor. Pellentesque maximus ligula et turpis faucibus cursus. Donec vel nunc metus. Quisque sagittis mattis dui vel varius. Aliquam iaculis interdum lacinia. Nam euismod lectus id maximus sodales. Nam id magna dictum, semper nisl vel, ornare ligula. Sed condimentum metus quis leo pharetra, quis semper urna aliquam. Fusce consectetur accumsan augue sit amet iaculis. Suspendisse volutpat urna vitae fermentum eleifend. Maecenas sapien leo, gravida vitae pellentesque quis, efficitur in erat. Maecenas elementum euismod hendrerit. Mauris sagittis massa a orci.','Lorem ipsum dolor sit amet, consectetur adipiscing elit. Morbi pulvinar pharetra bibendum. Ut eget risus nec risus finibus hendrerit in non tortor. Pellentesque maximus ligula et turpis faucibus cursus. Donec vel nunc metus. Quisque sagittis mattis dui vel varius. Aliquam iaculis interdum lacinia. Nam euismod lectus id maximus sodales. Nam id magna dictum, semper nisl vel, ornare ligula. Sed condimentum metus quis leo pharetra, quis semper urna aliquam. Fusce consectetur accumsan augue sit amet iaculis. Suspendisse volutpat urna vitae fermentum eleifend. Maecenas sapien leo, gravida vitae pellentesque quis, efficitur in erat. Maecenas elementum euismod hendrerit. Mauris sagittis massa a orci.',3.20),(2,40,'Celloggimbur','Lorem ipsum dolor sit amet, consectetur adipiscing elit. Morbi pulvinar pharetra bibendum. Ut eget risus nec risus finibus hendrerit in non tortor. Pellentesque maximus ligula et turpis faucibus cursus. Donec vel nunc metus. Quisque sagittis mattis dui vel varius. Aliquam iaculis interdum lacinia. Nam euismod lectus id maximus sodales. Nam id magna dictum, semper nisl vel, ornare ligula. Sed condimentum metus quis leo pharetra, quis semper urna aliquam. Fusce consectetur accumsan augue sit amet iaculis. Suspendisse volutpat urna vitae fermentum eleifend. Maecenas sapien leo, gravida vitae pellentesque quis, efficitur in erat. Maecenas elementum euismod hendrerit. Mauris sagittis massa a orci.','Lorem ipsum dolor sit amet, consectetur adipiscing elit. Morbi pulvinar pharetra bibendum. Ut eget risus nec risus finibus hendrerit in non tortor. Pellentesque maximus ligula et turpis faucibus cursus. Donec vel nunc metus. Quisque sagittis mattis dui vel varius. Aliquam iaculis interdum lacinia. Nam euismod lectus id maximus sodales. Nam id magna dictum, semper nisl vel, ornare ligula. Sed condimentum metus quis leo pharetra, quis semper urna aliquam. Fusce consectetur accumsan augue sit amet iaculis. Suspendisse volutpat urna vitae fermentum eleifend. Maecenas sapien leo, gravida vitae pellentesque quis, efficitur in erat. Maecenas elementum euismod hendrerit. Mauris sagittis massa a orci.',3.00),(3,74,'Laglesgim','Lorem ipsum dolor sit amet, consectetur adipiscing elit. Morbi pulvinar pharetra bibendum. Ut eget risus nec risus finibus hendrerit in non tortor. Pellentesque maximus ligula et turpis faucibus cursus. Donec vel nunc metus. Quisque sagittis mattis dui vel varius. Aliquam iaculis interdum lacinia. Nam euismod lectus id maximus sodales. Nam id magna dictum, semper nisl vel, ornare ligula. Sed condimentum metus quis leo pharetra, quis semper urna aliquam. Fusce consectetur accumsan augue sit amet iaculis. Suspendisse volutpat urna vitae fermentum eleifend. Maecenas sapien leo, gravida vitae pellentesque quis, efficitur in erat. Maecenas elementum euismod hendrerit. Mauris sagittis massa a orci.','Lorem ipsum dolor sit amet, consectetur adipiscing elit. Morbi pulvinar pharetra bibendum. Ut eget risus nec risus finibus hendrerit in non tortor. Pellentesque maximus ligula et turpis faucibus cursus. Donec vel nunc metus. Quisque sagittis mattis dui vel varius. Aliquam iaculis interdum lacinia. Nam euismod lectus id maximus sodales. Nam id magna dictum, semper nisl vel, ornare ligula. Sed condimentum metus quis leo pharetra, quis semper urna aliquam. Fusce consectetur accumsan augue sit amet iaculis. Suspendisse volutpat urna vitae fermentum eleifend. Maecenas sapien leo, gravida vitae pellentesque quis, efficitur in erat. Maecenas elementum euismod hendrerit. Mauris sagittis massa a orci.',2.67),(4,76,'Sylcyllis','Lorem ipsum dolor sit amet, consectetur adipiscing elit. Morbi pulvinar pharetra bibendum. Ut eget risus nec risus finibus hendrerit in non tortor. Pellentesque maximus ligula et turpis faucibus cursus. Donec vel nunc metus. Quisque sagittis mattis dui vel varius. Aliquam iaculis interdum lacinia. Nam euismod lectus id maximus sodales. Nam id magna dictum, semper nisl vel, ornare ligula. Sed condimentum metus quis leo pharetra, quis semper urna aliquam. Fusce consectetur accumsan augue sit amet iaculis. Suspendisse volutpat urna vitae fermentum eleifend. Maecenas sapien leo, gravida vitae pellentesque quis, efficitur in erat. Maecenas elementum euismod hendrerit. Mauris sagittis massa a orci.','Lorem ipsum dolor sit amet, consectetur adipiscing elit. Morbi pulvinar pharetra bibendum. Ut eget risus nec risus finibus hendrerit in non tortor. Pellentesque maximus ligula et turpis faucibus cursus. Donec vel nunc metus. Quisque sagittis mattis dui vel varius. Aliquam iaculis interdum lacinia. Nam euismod lectus id maximus sodales. Nam id magna dictum, semper nisl vel, ornare ligula. Sed condimentum metus quis leo pharetra, quis semper urna aliquam. Fusce consectetur accumsan augue sit amet iaculis. Suspendisse volutpat urna vitae fermentum eleifend. Maecenas sapien leo, gravida vitae pellentesque quis, efficitur in erat. Maecenas elementum euismod hendrerit. Mauris sagittis massa a orci.',2.43),(5,47,'Morbir','Lorem ipsum dolor sit amet, consectetur adipiscing elit. Morbi pulvinar pharetra bibendum. Ut eget risus nec risus finibus hendrerit in non tortor. Pellentesque maximus ligula et turpis faucibus cursus. Donec vel nunc metus. Quisque sagittis mattis dui vel varius. Aliquam iaculis interdum lacinia. Nam euismod lectus id maximus sodales. Nam id magna dictum, semper nisl vel, ornare ligula. Sed condimentum metus quis leo pharetra, quis semper urna aliquam. Fusce consectetur accumsan augue sit amet iaculis. Suspendisse volutpat urna vitae fermentum eleifend. Maecenas sapien leo, gravida vitae pellentesque quis, efficitur in erat. Maecenas elementum euismod hendrerit. Mauris sagittis massa a orci.','Lorem ipsum dolor sit amet, consectetur adipiscing elit. Morbi pulvinar pharetra bibendum. Ut eget risus nec risus finibus hendrerit in non tortor. Pellentesque maximus ligula et turpis faucibus cursus. Donec vel nunc metus. Quisque sagittis mattis dui vel varius. Aliquam iaculis interdum lacinia. Nam euismod lectus id maximus sodales. Nam id magna dictum, semper nisl vel, ornare ligula. Sed condimentum metus quis leo pharetra, quis semper urna aliquam. Fusce consectetur accumsan augue sit amet iaculis. Suspendisse volutpat urna vitae fermentum eleifend. Maecenas sapien leo, gravida vitae pellentesque quis, efficitur in erat. Maecenas elementum euismod hendrerit. Mauris sagittis massa a orci.',5.00),(6,42,'Limgem','Lorem ipsum dolor sit amet, consectetur adipiscing elit. Morbi pulvinar pharetra bibendum. Ut eget risus nec risus finibus hendrerit in non tortor. Pellentesque maximus ligula et turpis faucibus cursus. Donec vel nunc metus. Quisque sagittis mattis dui vel varius. Aliquam iaculis interdum lacinia. Nam euismod lectus id maximus sodales. Nam id magna dictum, semper nisl vel, ornare ligula. Sed condimentum metus quis leo pharetra, quis semper urna aliquam. Fusce consectetur accumsan augue sit amet iaculis. Suspendisse volutpat urna vitae fermentum eleifend. Maecenas sapien leo, gravida vitae pellentesque quis, efficitur in erat. Maecenas elementum euismod hendrerit. Mauris sagittis massa a orci.','Lorem ipsum dolor sit amet, consectetur adipiscing elit. Morbi pulvinar pharetra bibendum. Ut eget risus nec risus finibus hendrerit in non tortor. Pellentesque maximus ligula et turpis faucibus cursus. Donec vel nunc metus. Quisque sagittis mattis dui vel varius. Aliquam iaculis interdum lacinia. Nam euismod lectus id maximus sodales. Nam id magna dictum, semper nisl vel, ornare ligula. Sed condimentum metus quis leo pharetra, quis semper urna aliquam. Fusce consectetur accumsan augue sit amet iaculis. Suspendisse volutpat urna vitae fermentum eleifend. Maecenas sapien leo, gravida vitae pellentesque quis, efficitur in erat. Maecenas elementum euismod hendrerit. Mauris sagittis massa a orci.',3.00),(7,16,'Silgimculnir','Lorem ipsum dolor sit amet, consectetur adipiscing elit. Morbi pulvinar pharetra bibendum. Ut eget risus nec risus finibus hendrerit in non tortor. Pellentesque maximus ligula et turpis faucibus cursus. Donec vel nunc metus. Quisque sagittis mattis dui vel varius. Aliquam iaculis interdum lacinia. Nam euismod lectus id maximus sodales. Nam id magna dictum, semper nisl vel, ornare ligula. Sed condimentum metus quis leo pharetra, quis semper urna aliquam. Fusce consectetur accumsan augue sit amet iaculis. Suspendisse volutpat urna vitae fermentum eleifend. Maecenas sapien leo, gravida vitae pellentesque quis, efficitur in erat. Maecenas elementum euismod hendrerit. Mauris sagittis massa a orci.','Lorem ipsum dolor sit amet, consectetur adipiscing elit. Morbi pulvinar pharetra bibendum. Ut eget risus nec risus finibus hendrerit in non tortor. Pellentesque maximus ligula et turpis faucibus cursus. Donec vel nunc metus. Quisque sagittis mattis dui vel varius. Aliquam iaculis interdum lacinia. Nam euismod lectus id maximus sodales. Nam id magna dictum, semper nisl vel, ornare ligula. Sed condimentum metus quis leo pharetra, quis semper urna aliquam. Fusce consectetur accumsan augue sit amet iaculis. Suspendisse volutpat urna vitae fermentum eleifend. Maecenas sapien leo, gravida vitae pellentesque quis, efficitur in erat. Maecenas elementum euismod hendrerit. Mauris sagittis massa a orci.',2.50),(8,57,'Narmar','Lorem ipsum dolor sit amet, consectetur adipiscing elit. Morbi pulvinar pharetra bibendum. Ut eget risus nec risus finibus hendrerit in non tortor. Pellentesque maximus ligula et turpis faucibus cursus. Donec vel nunc metus. Quisque sagittis mattis dui vel varius. Aliquam iaculis interdum lacinia. Nam euismod lectus id maximus sodales. Nam id magna dictum, semper nisl vel, ornare ligula. Sed condimentum metus quis leo pharetra, quis semper urna aliquam. Fusce consectetur accumsan augue sit amet iaculis. Suspendisse volutpat urna vitae fermentum eleifend. Maecenas sapien leo, gravida vitae pellentesque quis, efficitur in erat. Maecenas elementum euismod hendrerit. Mauris sagittis massa a orci.','Lorem ipsum dolor sit amet, consectetur adipiscing elit. Morbi pulvinar pharetra bibendum. Ut eget risus nec risus finibus hendrerit in non tortor. Pellentesque maximus ligula et turpis faucibus cursus. Donec vel nunc metus. Quisque sagittis mattis dui vel varius. Aliquam iaculis interdum lacinia. Nam euismod lectus id maximus sodales. Nam id magna dictum, semper nisl vel, ornare ligula. Sed condimentum metus quis leo pharetra, quis semper urna aliquam. Fusce consectetur accumsan augue sit amet iaculis. Suspendisse volutpat urna vitae fermentum eleifend. Maecenas sapien leo, gravida vitae pellentesque quis, efficitur in erat. Maecenas elementum euismod hendrerit. Mauris sagittis massa a orci.',2.12),(9,43,'Solgamberthi','Lorem ipsum dolor sit amet, consectetur adipiscing elit. Morbi pulvinar pharetra bibendum. Ut eget risus nec risus finibus hendrerit in non tortor. Pellentesque maximus ligula et turpis faucibus cursus. Donec vel nunc metus. Quisque sagittis mattis dui vel varius. Aliquam iaculis interdum lacinia. Nam euismod lectus id maximus sodales. Nam id magna dictum, semper nisl vel, ornare ligula. Sed condimentum metus quis leo pharetra, quis semper urna aliquam. Fusce consectetur accumsan augue sit amet iaculis. Suspendisse volutpat urna vitae fermentum eleifend. Maecenas sapien leo, gravida vitae pellentesque quis, efficitur in erat. Maecenas elementum euismod hendrerit. Mauris sagittis massa a orci.','Lorem ipsum dolor sit amet, consectetur adipiscing elit. Morbi pulvinar pharetra bibendum. Ut eget risus nec risus finibus hendrerit in non tortor. Pellentesque maximus ligula et turpis faucibus cursus. Donec vel nunc metus. Quisque sagittis mattis dui vel varius. Aliquam iaculis interdum lacinia. Nam euismod lectus id maximus sodales. Nam id magna dictum, semper nisl vel, ornare ligula. Sed condimentum metus quis leo pharetra, quis semper urna aliquam. Fusce consectetur accumsan augue sit amet iaculis. Suspendisse volutpat urna vitae fermentum eleifend. Maecenas sapien leo, gravida vitae pellentesque quis, efficitur in erat. Maecenas elementum euismod hendrerit. Mauris sagittis massa a orci.',4.60),(10,31,'Cyllig','Lorem ipsum dolor sit amet, consectetur adipiscing elit. Morbi pulvinar pharetra bibendum. Ut eget risus nec risus finibus hendrerit in non tortor. Pellentesque maximus ligula et turpis faucibus cursus. Donec vel nunc metus. Quisque sagittis mattis dui vel varius. Aliquam iaculis interdum lacinia. Nam euismod lectus id maximus sodales. Nam id magna dictum, semper nisl vel, ornare ligula. Sed condimentum metus quis leo pharetra, quis semper urna aliquam. Fusce consectetur accumsan augue sit amet iaculis. Suspendisse volutpat urna vitae fermentum eleifend. Maecenas sapien leo, gravida vitae pellentesque quis, efficitur in erat. Maecenas elementum euismod hendrerit. Mauris sagittis massa a orci.','Lorem ipsum dolor sit amet, consectetur adipiscing elit. Morbi pulvinar pharetra bibendum. Ut eget risus nec risus finibus hendrerit in non tortor. Pellentesque maximus ligula et turpis faucibus cursus. Donec vel nunc metus. Quisque sagittis mattis dui vel varius. Aliquam iaculis interdum lacinia. Nam euismod lectus id maximus sodales. Nam id magna dictum, semper nisl vel, ornare ligula. Sed condimentum metus quis leo pharetra, quis semper urna aliquam. Fusce consectetur accumsan augue sit amet iaculis. Suspendisse volutpat urna vitae fermentum eleifend. Maecenas sapien leo, gravida vitae pellentesque quis, efficitur in erat. Maecenas elementum euismod hendrerit. Mauris sagittis massa a orci.',3.00),(11,63,'Thalomorn','Lorem ipsum dolor sit amet, consectetur adipiscing elit. Morbi pulvinar pharetra bibendum. Ut eget risus nec risus finibus hendrerit in non tortor. Pellentesque maximus ligula et turpis faucibus cursus. Donec vel nunc metus. Quisque sagittis mattis dui vel varius. Aliquam iaculis interdum lacinia. Nam euismod lectus id maximus sodales. Nam id magna dictum, semper nisl vel, ornare ligula. Sed condimentum metus quis leo pharetra, quis semper urna aliquam. Fusce consectetur accumsan augue sit amet iaculis. Suspendisse volutpat urna vitae fermentum eleifend. Maecenas sapien leo, gravida vitae pellentesque quis, efficitur in erat. Maecenas elementum euismod hendrerit. Mauris sagittis massa a orci.','Lorem ipsum dolor sit amet, consectetur adipiscing elit. Morbi pulvinar pharetra bibendum. Ut eget risus nec risus finibus hendrerit in non tortor. Pellentesque maximus ligula et turpis faucibus cursus. Donec vel nunc metus. Quisque sagittis mattis dui vel varius. Aliquam iaculis interdum lacinia. Nam euismod lectus id maximus sodales. Nam id magna dictum, semper nisl vel, ornare ligula. Sed condimentum metus quis leo pharetra, quis semper urna aliquam. Fusce consectetur accumsan augue sit amet iaculis. Suspendisse volutpat urna vitae fermentum eleifend. Maecenas sapien leo, gravida vitae pellentesque quis, efficitur in erat. Maecenas elementum euismod hendrerit. Mauris sagittis massa a orci.',2.88),(12,84,'Rluggum','Lorem ipsum dolor sit amet, consectetur adipiscing elit. Morbi pulvinar pharetra bibendum. Ut eget risus nec risus finibus hendrerit in non tortor. Pellentesque maximus ligula et turpis faucibus cursus. Donec vel nunc metus. Quisque sagittis mattis dui vel varius. Aliquam iaculis interdum lacinia. Nam euismod lectus id maximus sodales. Nam id magna dictum, semper nisl vel, ornare ligula. Sed condimentum metus quis leo pharetra, quis semper urna aliquam. Fusce consectetur accumsan augue sit amet iaculis. Suspendisse volutpat urna vitae fermentum eleifend. Maecenas sapien leo, gravida vitae pellentesque quis, efficitur in erat. Maecenas elementum euismod hendrerit. Mauris sagittis massa a orci.','Lorem ipsum dolor sit amet, consectetur adipiscing elit. Morbi pulvinar pharetra bibendum. Ut eget risus nec risus finibus hendrerit in non tortor. Pellentesque maximus ligula et turpis faucibus cursus. Donec vel nunc metus. Quisque sagittis mattis dui vel varius. Aliquam iaculis interdum lacinia. Nam euismod lectus id maximus sodales. Nam id magna dictum, semper nisl vel, ornare ligula. Sed condimentum metus quis leo pharetra, quis semper urna aliquam. Fusce consectetur accumsan augue sit amet iaculis. Suspendisse volutpat urna vitae fermentum eleifend. Maecenas sapien leo, gravida vitae pellentesque quis, efficitur in erat. Maecenas elementum euismod hendrerit. Mauris sagittis massa a orci.',3.33),(13,100,'Ornbar','Lorem ipsum dolor sit amet, consectetur adipiscing elit. Morbi pulvinar pharetra bibendum. Ut eget risus nec risus finibus hendrerit in non tortor. Pellentesque maximus ligula et turpis faucibus cursus. Donec vel nunc metus. Quisque sagittis mattis dui vel varius. Aliquam iaculis interdum lacinia. Nam euismod lectus id maximus sodales. Nam id magna dictum, semper nisl vel, ornare ligula. Sed condimentum metus quis leo pharetra, quis semper urna aliquam. Fusce consectetur accumsan augue sit amet iaculis. Suspendisse volutpat urna vitae fermentum eleifend. Maecenas sapien leo, gravida vitae pellentesque quis, efficitur in erat. Maecenas elementum euismod hendrerit. Mauris sagittis massa a orci.','Lorem ipsum dolor sit amet, consectetur adipiscing elit. Morbi pulvinar pharetra bibendum. Ut eget risus nec risus finibus hendrerit in non tortor. Pellentesque maximus ligula et turpis faucibus cursus. Donec vel nunc metus. Quisque sagittis mattis dui vel varius. Aliquam iaculis interdum lacinia. Nam euismod lectus id maximus sodales. Nam id magna dictum, semper nisl vel, ornare ligula. Sed condimentum metus quis leo pharetra, quis semper urna aliquam. Fusce consectetur accumsan augue sit amet iaculis. Suspendisse volutpat urna vitae fermentum eleifend. Maecenas sapien leo, gravida vitae pellentesque quis, efficitur in erat. Maecenas elementum euismod hendrerit. Mauris sagittis massa a orci.',2.75),(14,52,'Merhosyl','Lorem ipsum dolor sit amet, consectetur adipiscing elit. Morbi pulvinar pharetra bibendum. Ut eget risus nec risus finibus hendrerit in non tortor. Pellentesque maximus ligula et turpis faucibus cursus. Donec vel nunc metus. Quisque sagittis mattis dui vel varius. Aliquam iaculis interdum lacinia. Nam euismod lectus id maximus sodales. Nam id magna dictum, semper nisl vel, ornare ligula. Sed condimentum metus quis leo pharetra, quis semper urna aliquam. Fusce consectetur accumsan augue sit amet iaculis. Suspendisse volutpat urna vitae fermentum eleifend. Maecenas sapien leo, gravida vitae pellentesque quis, efficitur in erat. Maecenas elementum euismod hendrerit. Mauris sagittis massa a orci.','Lorem ipsum dolor sit amet, consectetur adipiscing elit. Morbi pulvinar pharetra bibendum. Ut eget risus nec risus finibus hendrerit in non tortor. Pellentesque maximus ligula et turpis faucibus cursus. Donec vel nunc metus. Quisque sagittis mattis dui vel varius. Aliquam iaculis interdum lacinia. Nam euismod lectus id maximus sodales. Nam id magna dictum, semper nisl vel, ornare ligula. Sed condimentum metus quis leo pharetra, quis semper urna aliquam. Fusce consectetur accumsan augue sit amet iaculis. Suspendisse volutpat urna vitae fermentum eleifend. Maecenas sapien leo, gravida vitae pellentesque quis, efficitur in erat. Maecenas elementum euismod hendrerit. Mauris sagittis massa a orci.',3.00),(15,33,'Callisthunir','Lorem ipsum dolor sit amet, consectetur adipiscing elit. Morbi pulvinar pharetra bibendum. Ut eget risus nec risus finibus hendrerit in non tortor. Pellentesque maximus ligula et turpis faucibus cursus. Donec vel nunc metus. Quisque sagittis mattis dui vel varius. Aliquam iaculis interdum lacinia. Nam euismod lectus id maximus sodales. Nam id magna dictum, semper nisl vel, ornare ligula. Sed condimentum metus quis leo pharetra, quis semper urna aliquam. Fusce consectetur accumsan augue sit amet iaculis. Suspendisse volutpat urna vitae fermentum eleifend. Maecenas sapien leo, gravida vitae pellentesque quis, efficitur in erat. Maecenas elementum euismod hendrerit. Mauris sagittis massa a orci.','Lorem ipsum dolor sit amet, consectetur adipiscing elit. Morbi pulvinar pharetra bibendum. Ut eget risus nec risus finibus hendrerit in non tortor. Pellentesque maximus ligula et turpis faucibus cursus. Donec vel nunc metus. Quisque sagittis mattis dui vel varius. Aliquam iaculis interdum lacinia. Nam euismod lectus id maximus sodales. Nam id magna dictum, semper nisl vel, ornare ligula. Sed condimentum metus quis leo pharetra, quis semper urna aliquam. Fusce consectetur accumsan augue sit amet iaculis. Suspendisse volutpat urna vitae fermentum eleifend. Maecenas sapien leo, gravida vitae pellentesque quis, efficitur in erat. Maecenas elementum euismod hendrerit. Mauris sagittis massa a orci.',2.00),(16,85,'Thaligber','Lorem ipsum dolor sit amet, consectetur adipiscing elit. Morbi pulvinar pharetra bibendum. Ut eget risus nec risus finibus hendrerit in non tortor. Pellentesque maximus ligula et turpis faucibus cursus. Donec vel nunc metus. Quisque sagittis mattis dui vel varius. Aliquam iaculis interdum lacinia. Nam euismod lectus id maximus sodales. Nam id magna dictum, semper nisl vel, ornare ligula. Sed condimentum metus quis leo pharetra, quis semper urna aliquam. Fusce consectetur accumsan augue sit amet iaculis. Suspendisse volutpat urna vitae fermentum eleifend. Maecenas sapien leo, gravida vitae pellentesque quis, efficitur in erat. Maecenas elementum euismod hendrerit. Mauris sagittis massa a orci.','Lorem ipsum dolor sit amet, consectetur adipiscing elit. Morbi pulvinar pharetra bibendum. Ut eget risus nec risus finibus hendrerit in non tortor. Pellentesque maximus ligula et turpis faucibus cursus. Donec vel nunc metus. Quisque sagittis mattis dui vel varius. Aliquam iaculis interdum lacinia. Nam euismod lectus id maximus sodales. Nam id magna dictum, semper nisl vel, ornare ligula. Sed condimentum metus quis leo pharetra, quis semper urna aliquam. Fusce consectetur accumsan augue sit amet iaculis. Suspendisse volutpat urna vitae fermentum eleifend. Maecenas sapien leo, gravida vitae pellentesque quis, efficitur in erat. Maecenas elementum euismod hendrerit. Mauris sagittis massa a orci.',3.25),(17,31,'Limbarmar','Lorem ipsum dolor sit amet, consectetur adipiscing elit. Morbi pulvinar pharetra bibendum. Ut eget risus nec risus finibus hendrerit in non tortor. Pellentesque maximus ligula et turpis faucibus cursus. Donec vel nunc metus. Quisque sagittis mattis dui vel varius. Aliquam iaculis interdum lacinia. Nam euismod lectus id maximus sodales. Nam id magna dictum, semper nisl vel, ornare ligula. Sed condimentum metus quis leo pharetra, quis semper urna aliquam. Fusce consectetur accumsan augue sit amet iaculis. Suspendisse volutpat urna vitae fermentum eleifend. Maecenas sapien leo, gravida vitae pellentesque quis, efficitur in erat. Maecenas elementum euismod hendrerit. Mauris sagittis massa a orci.','Lorem ipsum dolor sit amet, consectetur adipiscing elit. Morbi pulvinar pharetra bibendum. Ut eget risus nec risus finibus hendrerit in non tortor. Pellentesque maximus ligula et turpis faucibus cursus. Donec vel nunc metus. Quisque sagittis mattis dui vel varius. Aliquam iaculis interdum lacinia. Nam euismod lectus id maximus sodales. Nam id magna dictum, semper nisl vel, ornare ligula. Sed condimentum metus quis leo pharetra, quis semper urna aliquam. Fusce consectetur accumsan augue sit amet iaculis. Suspendisse volutpat urna vitae fermentum eleifend. Maecenas sapien leo, gravida vitae pellentesque quis, efficitur in erat. Maecenas elementum euismod hendrerit. Mauris sagittis massa a orci.',3.00),(18,26,'Lishalllumcal','Lorem ipsum dolor sit amet, consectetur adipiscing elit. Morbi pulvinar pharetra bibendum. Ut eget risus nec risus finibus hendrerit in non tortor. Pellentesque maximus ligula et turpis faucibus cursus. Donec vel nunc metus. Quisque sagittis mattis dui vel varius. Aliquam iaculis interdum lacinia. Nam euismod lectus id maximus sodales. Nam id magna dictum, semper nisl vel, ornare ligula. Sed condimentum metus quis leo pharetra, quis semper urna aliquam. Fusce consectetur accumsan augue sit amet iaculis. Suspendisse volutpat urna vitae fermentum eleifend. Maecenas sapien leo, gravida vitae pellentesque quis, efficitur in erat. Maecenas elementum euismod hendrerit. Mauris sagittis massa a orci.','Lorem ipsum dolor sit amet, consectetur adipiscing elit. Morbi pulvinar pharetra bibendum. Ut eget risus nec risus finibus hendrerit in non tortor. Pellentesque maximus ligula et turpis faucibus cursus. Donec vel nunc metus. Quisque sagittis mattis dui vel varius. Aliquam iaculis interdum lacinia. Nam euismod lectus id maximus sodales. Nam id magna dictum, semper nisl vel, ornare ligula. Sed condimentum metus quis leo pharetra, quis semper urna aliquam. Fusce consectetur accumsan augue sit amet iaculis. Suspendisse volutpat urna vitae fermentum eleifend. Maecenas sapien leo, gravida vitae pellentesque quis, efficitur in erat. Maecenas elementum euismod hendrerit. Mauris sagittis massa a orci.',3.67),(19,39,'Berthe','Lorem ipsum dolor sit amet, consectetur adipiscing elit. Morbi pulvinar pharetra bibendum. Ut eget risus nec risus finibus hendrerit in non tortor. Pellentesque maximus ligula et turpis faucibus cursus. Donec vel nunc metus. Quisque sagittis mattis dui vel varius. Aliquam iaculis interdum lacinia. Nam euismod lectus id maximus sodales. Nam id magna dictum, semper nisl vel, ornare ligula. Sed condimentum metus quis leo pharetra, quis semper urna aliquam. Fusce consectetur accumsan augue sit amet iaculis. Suspendisse volutpat urna vitae fermentum eleifend. Maecenas sapien leo, gravida vitae pellentesque quis, efficitur in erat. Maecenas elementum euismod hendrerit. Mauris sagittis massa a orci.','Lorem ipsum dolor sit amet, consectetur adipiscing elit. Morbi pulvinar pharetra bibendum. Ut eget risus nec risus finibus hendrerit in non tortor. Pellentesque maximus ligula et turpis faucibus cursus. Donec vel nunc metus. Quisque sagittis mattis dui vel varius. Aliquam iaculis interdum lacinia. Nam euismod lectus id maximus sodales. Nam id magna dictum, semper nisl vel, ornare ligula. Sed condimentum metus quis leo pharetra, quis semper urna aliquam. Fusce consectetur accumsan augue sit amet iaculis. Suspendisse volutpat urna vitae fermentum eleifend. Maecenas sapien leo, gravida vitae pellentesque quis, efficitur in erat. Maecenas elementum euismod hendrerit. Mauris sagittis massa a orci.',3.67),(20,43,'Hathulemhe','Lorem ipsum dolor sit amet, consectetur adipiscing elit. Morbi pulvinar pharetra bibendum. Ut eget risus nec risus finibus hendrerit in non tortor. Pellentesque maximus ligula et turpis faucibus cursus. Donec vel nunc metus. Quisque sagittis mattis dui vel varius. Aliquam iaculis interdum lacinia. Nam euismod lectus id maximus sodales. Nam id magna dictum, semper nisl vel, ornare ligula. Sed condimentum metus quis leo pharetra, quis semper urna aliquam. Fusce consectetur accumsan augue sit amet iaculis. Suspendisse volutpat urna vitae fermentum eleifend. Maecenas sapien leo, gravida vitae pellentesque quis, efficitur in erat. Maecenas elementum euismod hendrerit. Mauris sagittis massa a orci.','Lorem ipsum dolor sit amet, consectetur adipiscing elit. Morbi pulvinar pharetra bibendum. Ut eget risus nec risus finibus hendrerit in non tortor. Pellentesque maximus ligula et turpis faucibus cursus. Donec vel nunc metus. Quisque sagittis mattis dui vel varius. Aliquam iaculis interdum lacinia. Nam euismod lectus id maximus sodales. Nam id magna dictum, semper nisl vel, ornare ligula. Sed condimentum metus quis leo pharetra, quis semper urna aliquam. Fusce consectetur accumsan augue sit amet iaculis. Suspendisse volutpat urna vitae fermentum eleifend. Maecenas sapien leo, gravida vitae pellentesque quis, efficitur in erat. Maecenas elementum euismod hendrerit. Mauris sagittis massa a orci.',2.50),(21,23,'Colmorhi','Lorem ipsum dolor sit amet, consectetur adipiscing elit. Morbi pulvinar pharetra bibendum. Ut eget risus nec risus finibus hendrerit in non tortor. Pellentesque maximus ligula et turpis faucibus cursus. Donec vel nunc metus. Quisque sagittis mattis dui vel varius. Aliquam iaculis interdum lacinia. Nam euismod lectus id maximus sodales. Nam id magna dictum, semper nisl vel, ornare ligula. Sed condimentum metus quis leo pharetra, quis semper urna aliquam. Fusce consectetur accumsan augue sit amet iaculis. Suspendisse volutpat urna vitae fermentum eleifend. Maecenas sapien leo, gravida vitae pellentesque quis, efficitur in erat. Maecenas elementum euismod hendrerit. Mauris sagittis massa a orci.','Lorem ipsum dolor sit amet, consectetur adipiscing elit. Morbi pulvinar pharetra bibendum. Ut eget risus nec risus finibus hendrerit in non tortor. Pellentesque maximus ligula et turpis faucibus cursus. Donec vel nunc metus. Quisque sagittis mattis dui vel varius. Aliquam iaculis interdum lacinia. Nam euismod lectus id maximus sodales. Nam id magna dictum, semper nisl vel, ornare ligula. Sed condimentum metus quis leo pharetra, quis semper urna aliquam. Fusce consectetur accumsan augue sit amet iaculis. Suspendisse volutpat urna vitae fermentum eleifend. Maecenas sapien leo, gravida vitae pellentesque quis, efficitur in erat. Maecenas elementum euismod hendrerit. Mauris sagittis massa a orci.',3.20),(22,45,'Salthalegorn','Lorem ipsum dolor sit amet, consectetur adipiscing elit. Morbi pulvinar pharetra bibendum. Ut eget risus nec risus finibus hendrerit in non tortor. Pellentesque maximus ligula et turpis faucibus cursus. Donec vel nunc metus. Quisque sagittis mattis dui vel varius. Aliquam iaculis interdum lacinia. Nam euismod lectus id maximus sodales. Nam id magna dictum, semper nisl vel, ornare ligula. Sed condimentum metus quis leo pharetra, quis semper urna aliquam. Fusce consectetur accumsan augue sit amet iaculis. Suspendisse volutpat urna vitae fermentum eleifend. Maecenas sapien leo, gravida vitae pellentesque quis, efficitur in erat. Maecenas elementum euismod hendrerit. Mauris sagittis massa a orci.','Lorem ipsum dolor sit amet, consectetur adipiscing elit. Morbi pulvinar pharetra bibendum. Ut eget risus nec risus finibus hendrerit in non tortor. Pellentesque maximus ligula et turpis faucibus cursus. Donec vel nunc metus. Quisque sagittis mattis dui vel varius. Aliquam iaculis interdum lacinia. Nam euismod lectus id maximus sodales. Nam id magna dictum, semper nisl vel, ornare ligula. Sed condimentum metus quis leo pharetra, quis semper urna aliquam. Fusce consectetur accumsan augue sit amet iaculis. Suspendisse volutpat urna vitae fermentum eleifend. Maecenas sapien leo, gravida vitae pellentesque quis, efficitur in erat. Maecenas elementum euismod hendrerit. Mauris sagittis massa a orci.',2.67),(23,55,'Birmircyl','Lorem ipsum dolor sit amet, consectetur adipiscing elit. Morbi pulvinar pharetra bibendum. Ut eget risus nec risus finibus hendrerit in non tortor. Pellentesque maximus ligula et turpis faucibus cursus. Donec vel nunc metus. Quisque sagittis mattis dui vel varius. Aliquam iaculis interdum lacinia. Nam euismod lectus id maximus sodales. Nam id magna dictum, semper nisl vel, ornare ligula. Sed condimentum metus quis leo pharetra, quis semper urna aliquam. Fusce consectetur accumsan augue sit amet iaculis. Suspendisse volutpat urna vitae fermentum eleifend. Maecenas sapien leo, gravida vitae pellentesque quis, efficitur in erat. Maecenas elementum euismod hendrerit. Mauris sagittis massa a orci.','Lorem ipsum dolor sit amet, consectetur adipiscing elit. Morbi pulvinar pharetra bibendum. Ut eget risus nec risus finibus hendrerit in non tortor. Pellentesque maximus ligula et turpis faucibus cursus. Donec vel nunc metus. Quisque sagittis mattis dui vel varius. Aliquam iaculis interdum lacinia. Nam euismod lectus id maximus sodales. Nam id magna dictum, semper nisl vel, ornare ligula. Sed condimentum metus quis leo pharetra, quis semper urna aliquam. Fusce consectetur accumsan augue sit amet iaculis. Suspendisse volutpat urna vitae fermentum eleifend. Maecenas sapien leo, gravida vitae pellentesque quis, efficitur in erat. Maecenas elementum euismod hendrerit. Mauris sagittis massa a orci.',3.33),(24,43,'Bermor','Lorem ipsum dolor sit amet, consectetur adipiscing elit. Morbi pulvinar pharetra bibendum. Ut eget risus nec risus finibus hendrerit in non tortor. Pellentesque maximus ligula et turpis faucibus cursus. Donec vel nunc metus. Quisque sagittis mattis dui vel varius. Aliquam iaculis interdum lacinia. Nam euismod lectus id maximus sodales. Nam id magna dictum, semper nisl vel, ornare ligula. Sed condimentum metus quis leo pharetra, quis semper urna aliquam. Fusce consectetur accumsan augue sit amet iaculis. Suspendisse volutpat urna vitae fermentum eleifend. Maecenas sapien leo, gravida vitae pellentesque quis, efficitur in erat. Maecenas elementum euismod hendrerit. Mauris sagittis massa a orci.','Lorem ipsum dolor sit amet, consectetur adipiscing elit. Morbi pulvinar pharetra bibendum. Ut eget risus nec risus finibus hendrerit in non tortor. Pellentesque maximus ligula et turpis faucibus cursus. Donec vel nunc metus. Quisque sagittis mattis dui vel varius. Aliquam iaculis interdum lacinia. Nam euismod lectus id maximus sodales. Nam id magna dictum, semper nisl vel, ornare ligula. Sed condimentum metus quis leo pharetra, quis semper urna aliquam. Fusce consectetur accumsan augue sit amet iaculis. Suspendisse volutpat urna vitae fermentum eleifend. Maecenas sapien leo, gravida vitae pellentesque quis, efficitur in erat. Maecenas elementum euismod hendrerit. Mauris sagittis massa a orci.',2.50),(25,24,'Morlag','Lorem ipsum dolor sit amet, consectetur adipiscing elit. Morbi pulvinar pharetra bibendum. Ut eget risus nec risus finibus hendrerit in non tortor. Pellentesque maximus ligula et turpis faucibus cursus. Donec vel nunc metus. Quisque sagittis mattis dui vel varius. Aliquam iaculis interdum lacinia. Nam euismod lectus id maximus sodales. Nam id magna dictum, semper nisl vel, ornare ligula. Sed condimentum metus quis leo pharetra, quis semper urna aliquam. Fusce consectetur accumsan augue sit amet iaculis. Suspendisse volutpat urna vitae fermentum eleifend. Maecenas sapien leo, gravida vitae pellentesque quis, efficitur in erat. Maecenas elementum euismod hendrerit. Mauris sagittis massa a orci.','Lorem ipsum dolor sit amet, consectetur adipiscing elit. Morbi pulvinar pharetra bibendum. Ut eget risus nec risus finibus hendrerit in non tortor. Pellentesque maximus ligula et turpis faucibus cursus. Donec vel nunc metus. Quisque sagittis mattis dui vel varius. Aliquam iaculis interdum lacinia. Nam euismod lectus id maximus sodales. Nam id magna dictum, semper nisl vel, ornare ligula. Sed condimentum metus quis leo pharetra, quis semper urna aliquam. Fusce consectetur accumsan augue sit amet iaculis. Suspendisse volutpat urna vitae fermentum eleifend. Maecenas sapien leo, gravida vitae pellentesque quis, efficitur in erat. Maecenas elementum euismod hendrerit. Mauris sagittis massa a orci.',3.33),(26,10,'Barbirorn','Lorem ipsum dolor sit amet, consectetur adipiscing elit. Morbi pulvinar pharetra bibendum. Ut eget risus nec risus finibus hendrerit in non tortor. Pellentesque maximus ligula et turpis faucibus cursus. Donec vel nunc metus. Quisque sagittis mattis dui vel varius. Aliquam iaculis interdum lacinia. Nam euismod lectus id maximus sodales. Nam id magna dictum, semper nisl vel, ornare ligula. Sed condimentum metus quis leo pharetra, quis semper urna aliquam. Fusce consectetur accumsan augue sit amet iaculis. Suspendisse volutpat urna vitae fermentum eleifend. Maecenas sapien leo, gravida vitae pellentesque quis, efficitur in erat. Maecenas elementum euismod hendrerit. Mauris sagittis massa a orci.','Lorem ipsum dolor sit amet, consectetur adipiscing elit. Morbi pulvinar pharetra bibendum. Ut eget risus nec risus finibus hendrerit in non tortor. Pellentesque maximus ligula et turpis faucibus cursus. Donec vel nunc metus. Quisque sagittis mattis dui vel varius. Aliquam iaculis interdum lacinia. Nam euismod lectus id maximus sodales. Nam id magna dictum, semper nisl vel, ornare ligula. Sed condimentum metus quis leo pharetra, quis semper urna aliquam. Fusce consectetur accumsan augue sit amet iaculis. Suspendisse volutpat urna vitae fermentum eleifend. Maecenas sapien leo, gravida vitae pellentesque quis, efficitur in erat. Maecenas elementum euismod hendrerit. Mauris sagittis massa a orci.',1.00),(27,83,'Burmir','Lorem ipsum dolor sit amet, consectetur adipiscing elit. Morbi pulvinar pharetra bibendum. Ut eget risus nec risus finibus hendrerit in non tortor. Pellentesque maximus ligula et turpis faucibus cursus. Donec vel nunc metus. Quisque sagittis mattis dui vel varius. Aliquam iaculis interdum lacinia. Nam euismod lectus id maximus sodales. Nam id magna dictum, semper nisl vel, ornare ligula. Sed condimentum metus quis leo pharetra, quis semper urna aliquam. Fusce consectetur accumsan augue sit amet iaculis. Suspendisse volutpat urna vitae fermentum eleifend. Maecenas sapien leo, gravida vitae pellentesque quis, efficitur in erat. Maecenas elementum euismod hendrerit. Mauris sagittis massa a orci.','Lorem ipsum dolor sit amet, consectetur adipiscing elit. Morbi pulvinar pharetra bibendum. Ut eget risus nec risus finibus hendrerit in non tortor. Pellentesque maximus ligula et turpis faucibus cursus. Donec vel nunc metus. Quisque sagittis mattis dui vel varius. Aliquam iaculis interdum lacinia. Nam euismod lectus id maximus sodales. Nam id magna dictum, semper nisl vel, ornare ligula. Sed condimentum metus quis leo pharetra, quis semper urna aliquam. Fusce consectetur accumsan augue sit amet iaculis. Suspendisse volutpat urna vitae fermentum eleifend. Maecenas sapien leo, gravida vitae pellentesque quis, efficitur in erat. Maecenas elementum euismod hendrerit. Mauris sagittis massa a orci.',4.33),(28,41,'Humarhamur','Lorem ipsum dolor sit amet, consectetur adipiscing elit. Morbi pulvinar pharetra bibendum. Ut eget risus nec risus finibus hendrerit in non tortor. Pellentesque maximus ligula et turpis faucibus cursus. Donec vel nunc metus. Quisque sagittis mattis dui vel varius. Aliquam iaculis interdum lacinia. Nam euismod lectus id maximus sodales. Nam id magna dictum, semper nisl vel, ornare ligula. Sed condimentum metus quis leo pharetra, quis semper urna aliquam. Fusce consectetur accumsan augue sit amet iaculis. Suspendisse volutpat urna vitae fermentum eleifend. Maecenas sapien leo, gravida vitae pellentesque quis, efficitur in erat. Maecenas elementum euismod hendrerit. Mauris sagittis massa a orci.','Lorem ipsum dolor sit amet, consectetur adipiscing elit. Morbi pulvinar pharetra bibendum. Ut eget risus nec risus finibus hendrerit in non tortor. Pellentesque maximus ligula et turpis faucibus cursus. Donec vel nunc metus. Quisque sagittis mattis dui vel varius. Aliquam iaculis interdum lacinia. Nam euismod lectus id maximus sodales. Nam id magna dictum, semper nisl vel, ornare ligula. Sed condimentum metus quis leo pharetra, quis semper urna aliquam. Fusce consectetur accumsan augue sit amet iaculis. Suspendisse volutpat urna vitae fermentum eleifend. Maecenas sapien leo, gravida vitae pellentesque quis, efficitur in erat. Maecenas elementum euismod hendrerit. Mauris sagittis massa a orci.',3.00),(29,8,'Leglam','Lorem ipsum dolor sit amet, consectetur adipiscing elit. Morbi pulvinar pharetra bibendum. Ut eget risus nec risus finibus hendrerit in non tortor. Pellentesque maximus ligula et turpis faucibus cursus. Donec vel nunc metus. Quisque sagittis mattis dui vel varius. Aliquam iaculis interdum lacinia. Nam euismod lectus id maximus sodales. Nam id magna dictum, semper nisl vel, ornare ligula. Sed condimentum metus quis leo pharetra, quis semper urna aliquam. Fusce consectetur accumsan augue sit amet iaculis. Suspendisse volutpat urna vitae fermentum eleifend. Maecenas sapien leo, gravida vitae pellentesque quis, efficitur in erat. Maecenas elementum euismod hendrerit. Mauris sagittis massa a orci.','Lorem ipsum dolor sit amet, consectetur adipiscing elit. Morbi pulvinar pharetra bibendum. Ut eget risus nec risus finibus hendrerit in non tortor. Pellentesque maximus ligula et turpis faucibus cursus. Donec vel nunc metus. Quisque sagittis mattis dui vel varius. Aliquam iaculis interdum lacinia. Nam euismod lectus id maximus sodales. Nam id magna dictum, semper nisl vel, ornare ligula. Sed condimentum metus quis leo pharetra, quis semper urna aliquam. Fusce consectetur accumsan augue sit amet iaculis. Suspendisse volutpat urna vitae fermentum eleifend. Maecenas sapien leo, gravida vitae pellentesque quis, efficitur in erat. Maecenas elementum euismod hendrerit. Mauris sagittis massa a orci.',0.00),(30,11,'Hugimirn','Lorem ipsum dolor sit amet, consectetur adipiscing elit. Morbi pulvinar pharetra bibendum. Ut eget risus nec risus finibus hendrerit in non tortor. Pellentesque maximus ligula et turpis faucibus cursus. Donec vel nunc metus. Quisque sagittis mattis dui vel varius. Aliquam iaculis interdum lacinia. Nam euismod lectus id maximus sodales. Nam id magna dictum, semper nisl vel, ornare ligula. Sed condimentum metus quis leo pharetra, quis semper urna aliquam. Fusce consectetur accumsan augue sit amet iaculis. Suspendisse volutpat urna vitae fermentum eleifend. Maecenas sapien leo, gravida vitae pellentesque quis, efficitur in erat. Maecenas elementum euismod hendrerit. Mauris sagittis massa a orci.','Lorem ipsum dolor sit amet, consectetur adipiscing elit. Morbi pulvinar pharetra bibendum. Ut eget risus nec risus finibus hendrerit in non tortor. Pellentesque maximus ligula et turpis faucibus cursus. Donec vel nunc metus. Quisque sagittis mattis dui vel varius. Aliquam iaculis interdum lacinia. Nam euismod lectus id maximus sodales. Nam id magna dictum, semper nisl vel, ornare ligula. Sed condimentum metus quis leo pharetra, quis semper urna aliquam. Fusce consectetur accumsan augue sit amet iaculis. Suspendisse volutpat urna vitae fermentum eleifend. Maecenas sapien leo, gravida vitae pellentesque quis, efficitur in erat. Maecenas elementum euismod hendrerit. Mauris sagittis massa a orci.',5.00),(31,85,'Berburthamur','Lorem ipsum dolor sit amet, consectetur adipiscing elit. Morbi pulvinar pharetra bibendum. Ut eget risus nec risus finibus hendrerit in non tortor. Pellentesque maximus ligula et turpis faucibus cursus. Donec vel nunc metus. Quisque sagittis mattis dui vel varius. Aliquam iaculis interdum lacinia. Nam euismod lectus id maximus sodales. Nam id magna dictum, semper nisl vel, ornare ligula. Sed condimentum metus quis leo pharetra, quis semper urna aliquam. Fusce consectetur accumsan augue sit amet iaculis. Suspendisse volutpat urna vitae fermentum eleifend. Maecenas sapien leo, gravida vitae pellentesque quis, efficitur in erat. Maecenas elementum euismod hendrerit. Mauris sagittis massa a orci.','Lorem ipsum dolor sit amet, consectetur adipiscing elit. Morbi pulvinar pharetra bibendum. Ut eget risus nec risus finibus hendrerit in non tortor. Pellentesque maximus ligula et turpis faucibus cursus. Donec vel nunc metus. Quisque sagittis mattis dui vel varius. Aliquam iaculis interdum lacinia. Nam euismod lectus id maximus sodales. Nam id magna dictum, semper nisl vel, ornare ligula. Sed condimentum metus quis leo pharetra, quis semper urna aliquam. Fusce consectetur accumsan augue sit amet iaculis. Suspendisse volutpat urna vitae fermentum eleifend. Maecenas sapien leo, gravida vitae pellentesque quis, efficitur in erat. Maecenas elementum euismod hendrerit. Mauris sagittis massa a orci.',2.50),(32,74,'Lasloglum','Lorem ipsum dolor sit amet, consectetur adipiscing elit. Morbi pulvinar pharetra bibendum. Ut eget risus nec risus finibus hendrerit in non tortor. Pellentesque maximus ligula et turpis faucibus cursus. Donec vel nunc metus. Quisque sagittis mattis dui vel varius. Aliquam iaculis interdum lacinia. Nam euismod lectus id maximus sodales. Nam id magna dictum, semper nisl vel, ornare ligula. Sed condimentum metus quis leo pharetra, quis semper urna aliquam. Fusce consectetur accumsan augue sit amet iaculis. Suspendisse volutpat urna vitae fermentum eleifend. Maecenas sapien leo, gravida vitae pellentesque quis, efficitur in erat. Maecenas elementum euismod hendrerit. Mauris sagittis massa a orci.','Lorem ipsum dolor sit amet, consectetur adipiscing elit. Morbi pulvinar pharetra bibendum. Ut eget risus nec risus finibus hendrerit in non tortor. Pellentesque maximus ligula et turpis faucibus cursus. Donec vel nunc metus. Quisque sagittis mattis dui vel varius. Aliquam iaculis interdum lacinia. Nam euismod lectus id maximus sodales. Nam id magna dictum, semper nisl vel, ornare ligula. Sed condimentum metus quis leo pharetra, quis semper urna aliquam. Fusce consectetur accumsan augue sit amet iaculis. Suspendisse volutpat urna vitae fermentum eleifend. Maecenas sapien leo, gravida vitae pellentesque quis, efficitur in erat. Maecenas elementum euismod hendrerit. Mauris sagittis massa a orci.',3.12),(33,78,'Gomlamthi','Lorem ipsum dolor sit amet, consectetur adipiscing elit. Morbi pulvinar pharetra bibendum. Ut eget risus nec risus finibus hendrerit in non tortor. Pellentesque maximus ligula et turpis faucibus cursus. Donec vel nunc metus. Quisque sagittis mattis dui vel varius. Aliquam iaculis interdum lacinia. Nam euismod lectus id maximus sodales. Nam id magna dictum, semper nisl vel, ornare ligula. Sed condimentum metus quis leo pharetra, quis semper urna aliquam. Fusce consectetur accumsan augue sit amet iaculis. Suspendisse volutpat urna vitae fermentum eleifend. Maecenas sapien leo, gravida vitae pellentesque quis, efficitur in erat. Maecenas elementum euismod hendrerit. Mauris sagittis massa a orci.','Lorem ipsum dolor sit amet, consectetur adipiscing elit. Morbi pulvinar pharetra bibendum. Ut eget risus nec risus finibus hendrerit in non tortor. Pellentesque maximus ligula et turpis faucibus cursus. Donec vel nunc metus. Quisque sagittis mattis dui vel varius. Aliquam iaculis interdum lacinia. Nam euismod lectus id maximus sodales. Nam id magna dictum, semper nisl vel, ornare ligula. Sed condimentum metus quis leo pharetra, quis semper urna aliquam. Fusce consectetur accumsan augue sit amet iaculis. Suspendisse volutpat urna vitae fermentum eleifend. Maecenas sapien leo, gravida vitae pellentesque quis, efficitur in erat. Maecenas elementum euismod hendrerit. Mauris sagittis massa a orci.',3.57),(34,34,'Narmarborern','Lorem ipsum dolor sit amet, consectetur adipiscing elit. Morbi pulvinar pharetra bibendum. Ut eget risus nec risus finibus hendrerit in non tortor. Pellentesque maximus ligula et turpis faucibus cursus. Donec vel nunc metus. Quisque sagittis mattis dui vel varius. Aliquam iaculis interdum lacinia. Nam euismod lectus id maximus sodales. Nam id magna dictum, semper nisl vel, ornare ligula. Sed condimentum metus quis leo pharetra, quis semper urna aliquam. Fusce consectetur accumsan augue sit amet iaculis. Suspendisse volutpat urna vitae fermentum eleifend. Maecenas sapien leo, gravida vitae pellentesque quis, efficitur in erat. Maecenas elementum euismod hendrerit. Mauris sagittis massa a orci.','Lorem ipsum dolor sit amet, consectetur adipiscing elit. Morbi pulvinar pharetra bibendum. Ut eget risus nec risus finibus hendrerit in non tortor. Pellentesque maximus ligula et turpis faucibus cursus. Donec vel nunc metus. Quisque sagittis mattis dui vel varius. Aliquam iaculis interdum lacinia. Nam euismod lectus id maximus sodales. Nam id magna dictum, semper nisl vel, ornare ligula. Sed condimentum metus quis leo pharetra, quis semper urna aliquam. Fusce consectetur accumsan augue sit amet iaculis. Suspendisse volutpat urna vitae fermentum eleifend. Maecenas sapien leo, gravida vitae pellentesque quis, efficitur in erat. Maecenas elementum euismod hendrerit. Mauris sagittis massa a orci.',3.29),(35,57,'Lomlos','Lorem ipsum dolor sit amet, consectetur adipiscing elit. Morbi pulvinar pharetra bibendum. Ut eget risus nec risus finibus hendrerit in non tortor. Pellentesque maximus ligula et turpis faucibus cursus. Donec vel nunc metus. Quisque sagittis mattis dui vel varius. Aliquam iaculis interdum lacinia. Nam euismod lectus id maximus sodales. Nam id magna dictum, semper nisl vel, ornare ligula. Sed condimentum metus quis leo pharetra, quis semper urna aliquam. Fusce consectetur accumsan augue sit amet iaculis. Suspendisse volutpat urna vitae fermentum eleifend. Maecenas sapien leo, gravida vitae pellentesque quis, efficitur in erat. Maecenas elementum euismod hendrerit. Mauris sagittis massa a orci.','Lorem ipsum dolor sit amet, consectetur adipiscing elit. Morbi pulvinar pharetra bibendum. Ut eget risus nec risus finibus hendrerit in non tortor. Pellentesque maximus ligula et turpis faucibus cursus. Donec vel nunc metus. Quisque sagittis mattis dui vel varius. Aliquam iaculis interdum lacinia. Nam euismod lectus id maximus sodales. Nam id magna dictum, semper nisl vel, ornare ligula. Sed condimentum metus quis leo pharetra, quis semper urna aliquam. Fusce consectetur accumsan augue sit amet iaculis. Suspendisse volutpat urna vitae fermentum eleifend. Maecenas sapien leo, gravida vitae pellentesque quis, efficitur in erat. Maecenas elementum euismod hendrerit. Mauris sagittis massa a orci.',4.00),(36,60,'Urnlasho','Lorem ipsum dolor sit amet, consectetur adipiscing elit. Morbi pulvinar pharetra bibendum. Ut eget risus nec risus finibus hendrerit in non tortor. Pellentesque maximus ligula et turpis faucibus cursus. Donec vel nunc metus. Quisque sagittis mattis dui vel varius. Aliquam iaculis interdum lacinia. Nam euismod lectus id maximus sodales. Nam id magna dictum, semper nisl vel, ornare ligula. Sed condimentum metus quis leo pharetra, quis semper urna aliquam. Fusce consectetur accumsan augue sit amet iaculis. Suspendisse volutpat urna vitae fermentum eleifend. Maecenas sapien leo, gravida vitae pellentesque quis, efficitur in erat. Maecenas elementum euismod hendrerit. Mauris sagittis massa a orci.','Lorem ipsum dolor sit amet, consectetur adipiscing elit. Morbi pulvinar pharetra bibendum. Ut eget risus nec risus finibus hendrerit in non tortor. Pellentesque maximus ligula et turpis faucibus cursus. Donec vel nunc metus. Quisque sagittis mattis dui vel varius. Aliquam iaculis interdum lacinia. Nam euismod lectus id maximus sodales. Nam id magna dictum, semper nisl vel, ornare ligula. Sed condimentum metus quis leo pharetra, quis semper urna aliquam. Fusce consectetur accumsan augue sit amet iaculis. Suspendisse volutpat urna vitae fermentum eleifend. Maecenas sapien leo, gravida vitae pellentesque quis, efficitur in erat. Maecenas elementum euismod hendrerit. Mauris sagittis massa a orci.',3.00),(37,41,'Hical','Lorem ipsum dolor sit amet, consectetur adipiscing elit. Morbi pulvinar pharetra bibendum. Ut eget risus nec risus finibus hendrerit in non tortor. Pellentesque maximus ligula et turpis faucibus cursus. Donec vel nunc metus. Quisque sagittis mattis dui vel varius. Aliquam iaculis interdum lacinia. Nam euismod lectus id maximus sodales. Nam id magna dictum, semper nisl vel, ornare ligula. Sed condimentum metus quis leo pharetra, quis semper urna aliquam. Fusce consectetur accumsan augue sit amet iaculis. Suspendisse volutpat urna vitae fermentum eleifend. Maecenas sapien leo, gravida vitae pellentesque quis, efficitur in erat. Maecenas elementum euismod hendrerit. Mauris sagittis massa a orci.','Lorem ipsum dolor sit amet, consectetur adipiscing elit. Morbi pulvinar pharetra bibendum. Ut eget risus nec risus finibus hendrerit in non tortor. Pellentesque maximus ligula et turpis faucibus cursus. Donec vel nunc metus. Quisque sagittis mattis dui vel varius. Aliquam iaculis interdum lacinia. Nam euismod lectus id maximus sodales. Nam id magna dictum, semper nisl vel, ornare ligula. Sed condimentum metus quis leo pharetra, quis semper urna aliquam. Fusce consectetur accumsan augue sit amet iaculis. Suspendisse volutpat urna vitae fermentum eleifend. Maecenas sapien leo, gravida vitae pellentesque quis, efficitur in erat. Maecenas elementum euismod hendrerit. Mauris sagittis massa a orci.',3.25),(38,95,'Hisol','Lorem ipsum dolor sit amet, consectetur adipiscing elit. Morbi pulvinar pharetra bibendum. Ut eget risus nec risus finibus hendrerit in non tortor. Pellentesque maximus ligula et turpis faucibus cursus. Donec vel nunc metus. Quisque sagittis mattis dui vel varius. Aliquam iaculis interdum lacinia. Nam euismod lectus id maximus sodales. Nam id magna dictum, semper nisl vel, ornare ligula. Sed condimentum metus quis leo pharetra, quis semper urna aliquam. Fusce consectetur accumsan augue sit amet iaculis. Suspendisse volutpat urna vitae fermentum eleifend. Maecenas sapien leo, gravida vitae pellentesque quis, efficitur in erat. Maecenas elementum euismod hendrerit. Mauris sagittis massa a orci.','Lorem ipsum dolor sit amet, consectetur adipiscing elit. Morbi pulvinar pharetra bibendum. Ut eget risus nec risus finibus hendrerit in non tortor. Pellentesque maximus ligula et turpis faucibus cursus. Donec vel nunc metus. Quisque sagittis mattis dui vel varius. Aliquam iaculis interdum lacinia. Nam euismod lectus id maximus sodales. Nam id magna dictum, semper nisl vel, ornare ligula. Sed condimentum metus quis leo pharetra, quis semper urna aliquam. Fusce consectetur accumsan augue sit amet iaculis. Suspendisse volutpat urna vitae fermentum eleifend. Maecenas sapien leo, gravida vitae pellentesque quis, efficitur in erat. Maecenas elementum euismod hendrerit. Mauris sagittis massa a orci.',3.00),(39,9,'Leshe','Lorem ipsum dolor sit amet, consectetur adipiscing elit. Morbi pulvinar pharetra bibendum. Ut eget risus nec risus finibus hendrerit in non tortor. Pellentesque maximus ligula et turpis faucibus cursus. Donec vel nunc metus. Quisque sagittis mattis dui vel varius. Aliquam iaculis interdum lacinia. Nam euismod lectus id maximus sodales. Nam id magna dictum, semper nisl vel, ornare ligula. Sed condimentum metus quis leo pharetra, quis semper urna aliquam. Fusce consectetur accumsan augue sit amet iaculis. Suspendisse volutpat urna vitae fermentum eleifend. Maecenas sapien leo, gravida vitae pellentesque quis, efficitur in erat. Maecenas elementum euismod hendrerit. Mauris sagittis massa a orci.','Lorem ipsum dolor sit amet, consectetur adipiscing elit. Morbi pulvinar pharetra bibendum. Ut eget risus nec risus finibus hendrerit in non tortor. Pellentesque maximus ligula et turpis faucibus cursus. Donec vel nunc metus. Quisque sagittis mattis dui vel varius. Aliquam iaculis interdum lacinia. Nam euismod lectus id maximus sodales. Nam id magna dictum, semper nisl vel, ornare ligula. Sed condimentum metus quis leo pharetra, quis semper urna aliquam. Fusce consectetur accumsan augue sit amet iaculis. Suspendisse volutpat urna vitae fermentum eleifend. Maecenas sapien leo, gravida vitae pellentesque quis, efficitur in erat. Maecenas elementum euismod hendrerit. Mauris sagittis massa a orci.',2.50),(40,66,'Gumsalculsil','Lorem ipsum dolor sit amet, consectetur adipiscing elit. Morbi pulvinar pharetra bibendum. Ut eget risus nec risus finibus hendrerit in non tortor. Pellentesque maximus ligula et turpis faucibus cursus. Donec vel nunc metus. Quisque sagittis mattis dui vel varius. Aliquam iaculis interdum lacinia. Nam euismod lectus id maximus sodales. Nam id magna dictum, semper nisl vel, ornare ligula. Sed condimentum metus quis leo pharetra, quis semper urna aliquam. Fusce consectetur accumsan augue sit amet iaculis. Suspendisse volutpat urna vitae fermentum eleifend. Maecenas sapien leo, gravida vitae pellentesque quis, efficitur in erat. Maecenas elementum euismod hendrerit. Mauris sagittis massa a orci.','Lorem ipsum dolor sit amet, consectetur adipiscing elit. Morbi pulvinar pharetra bibendum. Ut eget risus nec risus finibus hendrerit in non tortor. Pellentesque maximus ligula et turpis faucibus cursus. Donec vel nunc metus. Quisque sagittis mattis dui vel varius. Aliquam iaculis interdum lacinia. Nam euismod lectus id maximus sodales. Nam id magna dictum, semper nisl vel, ornare ligula. Sed condimentum metus quis leo pharetra, quis semper urna aliquam. Fusce consectetur accumsan augue sit amet iaculis. Suspendisse volutpat urna vitae fermentum eleifend. Maecenas sapien leo, gravida vitae pellentesque quis, efficitur in erat. Maecenas elementum euismod hendrerit. Mauris sagittis massa a orci.',4.00),(41,92,'Morcalsul','Lorem ipsum dolor sit amet, consectetur adipiscing elit. Morbi pulvinar pharetra bibendum. Ut eget risus nec risus finibus hendrerit in non tortor. Pellentesque maximus ligula et turpis faucibus cursus. Donec vel nunc metus. Quisque sagittis mattis dui vel varius. Aliquam iaculis interdum lacinia. Nam euismod lectus id maximus sodales. Nam id magna dictum, semper nisl vel, ornare ligula. Sed condimentum metus quis leo pharetra, quis semper urna aliquam. Fusce consectetur accumsan augue sit amet iaculis. Suspendisse volutpat urna vitae fermentum eleifend. Maecenas sapien leo, gravida vitae pellentesque quis, efficitur in erat. Maecenas elementum euismod hendrerit. Mauris sagittis massa a orci.','Lorem ipsum dolor sit amet, consectetur adipiscing elit. Morbi pulvinar pharetra bibendum. Ut eget risus nec risus finibus hendrerit in non tortor. Pellentesque maximus ligula et turpis faucibus cursus. Donec vel nunc metus. Quisque sagittis mattis dui vel varius. Aliquam iaculis interdum lacinia. Nam euismod lectus id maximus sodales. Nam id magna dictum, semper nisl vel, ornare ligula. Sed condimentum metus quis leo pharetra, quis semper urna aliquam. Fusce consectetur accumsan augue sit amet iaculis. Suspendisse volutpat urna vitae fermentum eleifend. Maecenas sapien leo, gravida vitae pellentesque quis, efficitur in erat. Maecenas elementum euismod hendrerit. Mauris sagittis massa a orci.',3.00),(42,92,'Barlugha','Lorem ipsum dolor sit amet, consectetur adipiscing elit. Morbi pulvinar pharetra bibendum. Ut eget risus nec risus finibus hendrerit in non tortor. Pellentesque maximus ligula et turpis faucibus cursus. Donec vel nunc metus. Quisque sagittis mattis dui vel varius. Aliquam iaculis interdum lacinia. Nam euismod lectus id maximus sodales. Nam id magna dictum, semper nisl vel, ornare ligula. Sed condimentum metus quis leo pharetra, quis semper urna aliquam. Fusce consectetur accumsan augue sit amet iaculis. Suspendisse volutpat urna vitae fermentum eleifend. Maecenas sapien leo, gravida vitae pellentesque quis, efficitur in erat. Maecenas elementum euismod hendrerit. Mauris sagittis massa a orci.','Lorem ipsum dolor sit amet, consectetur adipiscing elit. Morbi pulvinar pharetra bibendum. Ut eget risus nec risus finibus hendrerit in non tortor. Pellentesque maximus ligula et turpis faucibus cursus. Donec vel nunc metus. Quisque sagittis mattis dui vel varius. Aliquam iaculis interdum lacinia. Nam euismod lectus id maximus sodales. Nam id magna dictum, semper nisl vel, ornare ligula. Sed condimentum metus quis leo pharetra, quis semper urna aliquam. Fusce consectetur accumsan augue sit amet iaculis. Suspendisse volutpat urna vitae fermentum eleifend. Maecenas sapien leo, gravida vitae pellentesque quis, efficitur in erat. Maecenas elementum euismod hendrerit. Mauris sagittis massa a orci.',2.33),(43,89,'Salhu','Lorem ipsum dolor sit amet, consectetur adipiscing elit. Morbi pulvinar pharetra bibendum. Ut eget risus nec risus finibus hendrerit in non tortor. Pellentesque maximus ligula et turpis faucibus cursus. Donec vel nunc metus. Quisque sagittis mattis dui vel varius. Aliquam iaculis interdum lacinia. Nam euismod lectus id maximus sodales. Nam id magna dictum, semper nisl vel, ornare ligula. Sed condimentum metus quis leo pharetra, quis semper urna aliquam. Fusce consectetur accumsan augue sit amet iaculis. Suspendisse volutpat urna vitae fermentum eleifend. Maecenas sapien leo, gravida vitae pellentesque quis, efficitur in erat. Maecenas elementum euismod hendrerit. Mauris sagittis massa a orci.','Lorem ipsum dolor sit amet, consectetur adipiscing elit. Morbi pulvinar pharetra bibendum. Ut eget risus nec risus finibus hendrerit in non tortor. Pellentesque maximus ligula et turpis faucibus cursus. Donec vel nunc metus. Quisque sagittis mattis dui vel varius. Aliquam iaculis interdum lacinia. Nam euismod lectus id maximus sodales. Nam id magna dictum, semper nisl vel, ornare ligula. Sed condimentum metus quis leo pharetra, quis semper urna aliquam. Fusce consectetur accumsan augue sit amet iaculis. Suspendisse volutpat urna vitae fermentum eleifend. Maecenas sapien leo, gravida vitae pellentesque quis, efficitur in erat. Maecenas elementum euismod hendrerit. Mauris sagittis massa a orci.',3.40),(44,88,'Celmorgember','Lorem ipsum dolor sit amet, consectetur adipiscing elit. Morbi pulvinar pharetra bibendum. Ut eget risus nec risus finibus hendrerit in non tortor. Pellentesque maximus ligula et turpis faucibus cursus. Donec vel nunc metus. Quisque sagittis mattis dui vel varius. Aliquam iaculis interdum lacinia. Nam euismod lectus id maximus sodales. Nam id magna dictum, semper nisl vel, ornare ligula. Sed condimentum metus quis leo pharetra, quis semper urna aliquam. Fusce consectetur accumsan augue sit amet iaculis. Suspendisse volutpat urna vitae fermentum eleifend. Maecenas sapien leo, gravida vitae pellentesque quis, efficitur in erat. Maecenas elementum euismod hendrerit. Mauris sagittis massa a orci.','Lorem ipsum dolor sit amet, consectetur adipiscing elit. Morbi pulvinar pharetra bibendum. Ut eget risus nec risus finibus hendrerit in non tortor. Pellentesque maximus ligula et turpis faucibus cursus. Donec vel nunc metus. Quisque sagittis mattis dui vel varius. Aliquam iaculis interdum lacinia. Nam euismod lectus id maximus sodales. Nam id magna dictum, semper nisl vel, ornare ligula. Sed condimentum metus quis leo pharetra, quis semper urna aliquam. Fusce consectetur accumsan augue sit amet iaculis. Suspendisse volutpat urna vitae fermentum eleifend. Maecenas sapien leo, gravida vitae pellentesque quis, efficitur in erat. Maecenas elementum euismod hendrerit. Mauris sagittis massa a orci.',3.50),(45,36,'Byrhebyr','Lorem ipsum dolor sit amet, consectetur adipiscing elit. Morbi pulvinar pharetra bibendum. Ut eget risus nec risus finibus hendrerit in non tortor. Pellentesque maximus ligula et turpis faucibus cursus. Donec vel nunc metus. Quisque sagittis mattis dui vel varius. Aliquam iaculis interdum lacinia. Nam euismod lectus id maximus sodales. Nam id magna dictum, semper nisl vel, ornare ligula. Sed condimentum metus quis leo pharetra, quis semper urna aliquam. Fusce consectetur accumsan augue sit amet iaculis. Suspendisse volutpat urna vitae fermentum eleifend. Maecenas sapien leo, gravida vitae pellentesque quis, efficitur in erat. Maecenas elementum euismod hendrerit. Mauris sagittis massa a orci.','Lorem ipsum dolor sit amet, consectetur adipiscing elit. Morbi pulvinar pharetra bibendum. Ut eget risus nec risus finibus hendrerit in non tortor. Pellentesque maximus ligula et turpis faucibus cursus. Donec vel nunc metus. Quisque sagittis mattis dui vel varius. Aliquam iaculis interdum lacinia. Nam euismod lectus id maximus sodales. Nam id magna dictum, semper nisl vel, ornare ligula. Sed condimentum metus quis leo pharetra, quis semper urna aliquam. Fusce consectetur accumsan augue sit amet iaculis. Suspendisse volutpat urna vitae fermentum eleifend. Maecenas sapien leo, gravida vitae pellentesque quis, efficitur in erat. Maecenas elementum euismod hendrerit. Mauris sagittis massa a orci.',4.17),(46,82,'Birhogim','Lorem ipsum dolor sit amet, consectetur adipiscing elit. Morbi pulvinar pharetra bibendum. Ut eget risus nec risus finibus hendrerit in non tortor. Pellentesque maximus ligula et turpis faucibus cursus. Donec vel nunc metus. Quisque sagittis mattis dui vel varius. Aliquam iaculis interdum lacinia. Nam euismod lectus id maximus sodales. Nam id magna dictum, semper nisl vel, ornare ligula. Sed condimentum metus quis leo pharetra, quis semper urna aliquam. Fusce consectetur accumsan augue sit amet iaculis. Suspendisse volutpat urna vitae fermentum eleifend. Maecenas sapien leo, gravida vitae pellentesque quis, efficitur in erat. Maecenas elementum euismod hendrerit. Mauris sagittis massa a orci.','Lorem ipsum dolor sit amet, consectetur adipiscing elit. Morbi pulvinar pharetra bibendum. Ut eget risus nec risus finibus hendrerit in non tortor. Pellentesque maximus ligula et turpis faucibus cursus. Donec vel nunc metus. Quisque sagittis mattis dui vel varius. Aliquam iaculis interdum lacinia. Nam euismod lectus id maximus sodales. Nam id magna dictum, semper nisl vel, ornare ligula. Sed condimentum metus quis leo pharetra, quis semper urna aliquam. Fusce consectetur accumsan augue sit amet iaculis. Suspendisse volutpat urna vitae fermentum eleifend. Maecenas sapien leo, gravida vitae pellentesque quis, efficitur in erat. Maecenas elementum euismod hendrerit. Mauris sagittis massa a orci.',3.75),(47,47,'Helisloshi','Lorem ipsum dolor sit amet, consectetur adipiscing elit. Morbi pulvinar pharetra bibendum. Ut eget risus nec risus finibus hendrerit in non tortor. Pellentesque maximus ligula et turpis faucibus cursus. Donec vel nunc metus. Quisque sagittis mattis dui vel varius. Aliquam iaculis interdum lacinia. Nam euismod lectus id maximus sodales. Nam id magna dictum, semper nisl vel, ornare ligula. Sed condimentum metus quis leo pharetra, quis semper urna aliquam. Fusce consectetur accumsan augue sit amet iaculis. Suspendisse volutpat urna vitae fermentum eleifend. Maecenas sapien leo, gravida vitae pellentesque quis, efficitur in erat. Maecenas elementum euismod hendrerit. Mauris sagittis massa a orci.','Lorem ipsum dolor sit amet, consectetur adipiscing elit. Morbi pulvinar pharetra bibendum. Ut eget risus nec risus finibus hendrerit in non tortor. Pellentesque maximus ligula et turpis faucibus cursus. Donec vel nunc metus. Quisque sagittis mattis dui vel varius. Aliquam iaculis interdum lacinia. Nam euismod lectus id maximus sodales. Nam id magna dictum, semper nisl vel, ornare ligula. Sed condimentum metus quis leo pharetra, quis semper urna aliquam. Fusce consectetur accumsan augue sit amet iaculis. Suspendisse volutpat urna vitae fermentum eleifend. Maecenas sapien leo, gravida vitae pellentesque quis, efficitur in erat. Maecenas elementum euismod hendrerit. Mauris sagittis massa a orci.',2.00),(48,99,'Syllas','Lorem ipsum dolor sit amet, consectetur adipiscing elit. Morbi pulvinar pharetra bibendum. Ut eget risus nec risus finibus hendrerit in non tortor. Pellentesque maximus ligula et turpis faucibus cursus. Donec vel nunc metus. Quisque sagittis mattis dui vel varius. Aliquam iaculis interdum lacinia. Nam euismod lectus id maximus sodales. Nam id magna dictum, semper nisl vel, ornare ligula. Sed condimentum metus quis leo pharetra, quis semper urna aliquam. Fusce consectetur accumsan augue sit amet iaculis. Suspendisse volutpat urna vitae fermentum eleifend. Maecenas sapien leo, gravida vitae pellentesque quis, efficitur in erat. Maecenas elementum euismod hendrerit. Mauris sagittis massa a orci.','Lorem ipsum dolor sit amet, consectetur adipiscing elit. Morbi pulvinar pharetra bibendum. Ut eget risus nec risus finibus hendrerit in non tortor. Pellentesque maximus ligula et turpis faucibus cursus. Donec vel nunc metus. Quisque sagittis mattis dui vel varius. Aliquam iaculis interdum lacinia. Nam euismod lectus id maximus sodales. Nam id magna dictum, semper nisl vel, ornare ligula. Sed condimentum metus quis leo pharetra, quis semper urna aliquam. Fusce consectetur accumsan augue sit amet iaculis. Suspendisse volutpat urna vitae fermentum eleifend. Maecenas sapien leo, gravida vitae pellentesque quis, efficitur in erat. Maecenas elementum euismod hendrerit. Mauris sagittis massa a orci.',2.17),(49,4,'Gymcalhober','Lorem ipsum dolor sit amet, consectetur adipiscing elit. Morbi pulvinar pharetra bibendum. Ut eget risus nec risus finibus hendrerit in non tortor. Pellentesque maximus ligula et turpis faucibus cursus. Donec vel nunc metus. Quisque sagittis mattis dui vel varius. Aliquam iaculis interdum lacinia. Nam euismod lectus id maximus sodales. Nam id magna dictum, semper nisl vel, ornare ligula. Sed condimentum metus quis leo pharetra, quis semper urna aliquam. Fusce consectetur accumsan augue sit amet iaculis. Suspendisse volutpat urna vitae fermentum eleifend. Maecenas sapien leo, gravida vitae pellentesque quis, efficitur in erat. Maecenas elementum euismod hendrerit. Mauris sagittis massa a orci.','Lorem ipsum dolor sit amet, consectetur adipiscing elit. Morbi pulvinar pharetra bibendum. Ut eget risus nec risus finibus hendrerit in non tortor. Pellentesque maximus ligula et turpis faucibus cursus. Donec vel nunc metus. Quisque sagittis mattis dui vel varius. Aliquam iaculis interdum lacinia. Nam euismod lectus id maximus sodales. Nam id magna dictum, semper nisl vel, ornare ligula. Sed condimentum metus quis leo pharetra, quis semper urna aliquam. Fusce consectetur accumsan augue sit amet iaculis. Suspendisse volutpat urna vitae fermentum eleifend. Maecenas sapien leo, gravida vitae pellentesque quis, efficitur in erat. Maecenas elementum euismod hendrerit. Mauris sagittis massa a orci.',3.00),(50,64,'Gimcullegirn','Lorem ipsum dolor sit amet, consectetur adipiscing elit. Morbi pulvinar pharetra bibendum. Ut eget risus nec risus finibus hendrerit in non tortor. Pellentesque maximus ligula et turpis faucibus cursus. Donec vel nunc metus. Quisque sagittis mattis dui vel varius. Aliquam iaculis interdum lacinia. Nam euismod lectus id maximus sodales. Nam id magna dictum, semper nisl vel, ornare ligula. Sed condimentum metus quis leo pharetra, quis semper urna aliquam. Fusce consectetur accumsan augue sit amet iaculis. Suspendisse volutpat urna vitae fermentum eleifend. Maecenas sapien leo, gravida vitae pellentesque quis, efficitur in erat. Maecenas elementum euismod hendrerit. Mauris sagittis massa a orci.','Lorem ipsum dolor sit amet, consectetur adipiscing elit. Morbi pulvinar pharetra bibendum. Ut eget risus nec risus finibus hendrerit in non tortor. Pellentesque maximus ligula et turpis faucibus cursus. Donec vel nunc metus. Quisque sagittis mattis dui vel varius. Aliquam iaculis interdum lacinia. Nam euismod lectus id maximus sodales. Nam id magna dictum, semper nisl vel, ornare ligula. Sed condimentum metus quis leo pharetra, quis semper urna aliquam. Fusce consectetur accumsan augue sit amet iaculis. Suspendisse volutpat urna vitae fermentum eleifend. Maecenas sapien leo, gravida vitae pellentesque quis, efficitur in erat. Maecenas elementum euismod hendrerit. Mauris sagittis massa a orci.',3.00),(51,62,'Borlessil','Lorem ipsum dolor sit amet, consectetur adipiscing elit. Morbi pulvinar pharetra bibendum. Ut eget risus nec risus finibus hendrerit in non tortor. Pellentesque maximus ligula et turpis faucibus cursus. Donec vel nunc metus. Quisque sagittis mattis dui vel varius. Aliquam iaculis interdum lacinia. Nam euismod lectus id maximus sodales. Nam id magna dictum, semper nisl vel, ornare ligula. Sed condimentum metus quis leo pharetra, quis semper urna aliquam. Fusce consectetur accumsan augue sit amet iaculis. Suspendisse volutpat urna vitae fermentum eleifend. Maecenas sapien leo, gravida vitae pellentesque quis, efficitur in erat. Maecenas elementum euismod hendrerit. Mauris sagittis massa a orci.','Lorem ipsum dolor sit amet, consectetur adipiscing elit. Morbi pulvinar pharetra bibendum. Ut eget risus nec risus finibus hendrerit in non tortor. Pellentesque maximus ligula et turpis faucibus cursus. Donec vel nunc metus. Quisque sagittis mattis dui vel varius. Aliquam iaculis interdum lacinia. Nam euismod lectus id maximus sodales. Nam id magna dictum, semper nisl vel, ornare ligula. Sed condimentum metus quis leo pharetra, quis semper urna aliquam. Fusce consectetur accumsan augue sit amet iaculis. Suspendisse volutpat urna vitae fermentum eleifend. Maecenas sapien leo, gravida vitae pellentesque quis, efficitur in erat. Maecenas elementum euismod hendrerit. Mauris sagittis massa a orci.',3.67),(52,67,'Thitha','Lorem ipsum dolor sit amet, consectetur adipiscing elit. Morbi pulvinar pharetra bibendum. Ut eget risus nec risus finibus hendrerit in non tortor. Pellentesque maximus ligula et turpis faucibus cursus. Donec vel nunc metus. Quisque sagittis mattis dui vel varius. Aliquam iaculis interdum lacinia. Nam euismod lectus id maximus sodales. Nam id magna dictum, semper nisl vel, ornare ligula. Sed condimentum metus quis leo pharetra, quis semper urna aliquam. Fusce consectetur accumsan augue sit amet iaculis. Suspendisse volutpat urna vitae fermentum eleifend. Maecenas sapien leo, gravida vitae pellentesque quis, efficitur in erat. Maecenas elementum euismod hendrerit. Mauris sagittis massa a orci.','Lorem ipsum dolor sit amet, consectetur adipiscing elit. Morbi pulvinar pharetra bibendum. Ut eget risus nec risus finibus hendrerit in non tortor. Pellentesque maximus ligula et turpis faucibus cursus. Donec vel nunc metus. Quisque sagittis mattis dui vel varius. Aliquam iaculis interdum lacinia. Nam euismod lectus id maximus sodales. Nam id magna dictum, semper nisl vel, ornare ligula. Sed condimentum metus quis leo pharetra, quis semper urna aliquam. Fusce consectetur accumsan augue sit amet iaculis. Suspendisse volutpat urna vitae fermentum eleifend. Maecenas sapien leo, gravida vitae pellentesque quis, efficitur in erat. Maecenas elementum euismod hendrerit. Mauris sagittis massa a orci.',3.20),(53,50,'Cylcelnor','Lorem ipsum dolor sit amet, consectetur adipiscing elit. Morbi pulvinar pharetra bibendum. Ut eget risus nec risus finibus hendrerit in non tortor. Pellentesque maximus ligula et turpis faucibus cursus. Donec vel nunc metus. Quisque sagittis mattis dui vel varius. Aliquam iaculis interdum lacinia. Nam euismod lectus id maximus sodales. Nam id magna dictum, semper nisl vel, ornare ligula. Sed condimentum metus quis leo pharetra, quis semper urna aliquam. Fusce consectetur accumsan augue sit amet iaculis. Suspendisse volutpat urna vitae fermentum eleifend. Maecenas sapien leo, gravida vitae pellentesque quis, efficitur in erat. Maecenas elementum euismod hendrerit. Mauris sagittis massa a orci.','Lorem ipsum dolor sit amet, consectetur adipiscing elit. Morbi pulvinar pharetra bibendum. Ut eget risus nec risus finibus hendrerit in non tortor. Pellentesque maximus ligula et turpis faucibus cursus. Donec vel nunc metus. Quisque sagittis mattis dui vel varius. Aliquam iaculis interdum lacinia. Nam euismod lectus id maximus sodales. Nam id magna dictum, semper nisl vel, ornare ligula. Sed condimentum metus quis leo pharetra, quis semper urna aliquam. Fusce consectetur accumsan augue sit amet iaculis. Suspendisse volutpat urna vitae fermentum eleifend. Maecenas sapien leo, gravida vitae pellentesque quis, efficitur in erat. Maecenas elementum euismod hendrerit. Mauris sagittis massa a orci.',2.12),(54,47,'Borbyrhulys','Lorem ipsum dolor sit amet, consectetur adipiscing elit. Morbi pulvinar pharetra bibendum. Ut eget risus nec risus finibus hendrerit in non tortor. Pellentesque maximus ligula et turpis faucibus cursus. Donec vel nunc metus. Quisque sagittis mattis dui vel varius. Aliquam iaculis interdum lacinia. Nam euismod lectus id maximus sodales. Nam id magna dictum, semper nisl vel, ornare ligula. Sed condimentum metus quis leo pharetra, quis semper urna aliquam. Fusce consectetur accumsan augue sit amet iaculis. Suspendisse volutpat urna vitae fermentum eleifend. Maecenas sapien leo, gravida vitae pellentesque quis, efficitur in erat. Maecenas elementum euismod hendrerit. Mauris sagittis massa a orci.','Lorem ipsum dolor sit amet, consectetur adipiscing elit. Morbi pulvinar pharetra bibendum. Ut eget risus nec risus finibus hendrerit in non tortor. Pellentesque maximus ligula et turpis faucibus cursus. Donec vel nunc metus. Quisque sagittis mattis dui vel varius. Aliquam iaculis interdum lacinia. Nam euismod lectus id maximus sodales. Nam id magna dictum, semper nisl vel, ornare ligula. Sed condimentum metus quis leo pharetra, quis semper urna aliquam. Fusce consectetur accumsan augue sit amet iaculis. Suspendisse volutpat urna vitae fermentum eleifend. Maecenas sapien leo, gravida vitae pellentesque quis, efficitur in erat. Maecenas elementum euismod hendrerit. Mauris sagittis massa a orci.',2.80),(55,41,'Loglistha','Lorem ipsum dolor sit amet, consectetur adipiscing elit. Morbi pulvinar pharetra bibendum. Ut eget risus nec risus finibus hendrerit in non tortor. Pellentesque maximus ligula et turpis faucibus cursus. Donec vel nunc metus. Quisque sagittis mattis dui vel varius. Aliquam iaculis interdum lacinia. Nam euismod lectus id maximus sodales. Nam id magna dictum, semper nisl vel, ornare ligula. Sed condimentum metus quis leo pharetra, quis semper urna aliquam. Fusce consectetur accumsan augue sit amet iaculis. Suspendisse volutpat urna vitae fermentum eleifend. Maecenas sapien leo, gravida vitae pellentesque quis, efficitur in erat. Maecenas elementum euismod hendrerit. Mauris sagittis massa a orci.','Lorem ipsum dolor sit amet, consectetur adipiscing elit. Morbi pulvinar pharetra bibendum. Ut eget risus nec risus finibus hendrerit in non tortor. Pellentesque maximus ligula et turpis faucibus cursus. Donec vel nunc metus. Quisque sagittis mattis dui vel varius. Aliquam iaculis interdum lacinia. Nam euismod lectus id maximus sodales. Nam id magna dictum, semper nisl vel, ornare ligula. Sed condimentum metus quis leo pharetra, quis semper urna aliquam. Fusce consectetur accumsan augue sit amet iaculis. Suspendisse volutpat urna vitae fermentum eleifend. Maecenas sapien leo, gravida vitae pellentesque quis, efficitur in erat. Maecenas elementum euismod hendrerit. Mauris sagittis massa a orci.',2.67),(56,18,'Silbartha','Lorem ipsum dolor sit amet, consectetur adipiscing elit. Morbi pulvinar pharetra bibendum. Ut eget risus nec risus finibus hendrerit in non tortor. Pellentesque maximus ligula et turpis faucibus cursus. Donec vel nunc metus. Quisque sagittis mattis dui vel varius. Aliquam iaculis interdum lacinia. Nam euismod lectus id maximus sodales. Nam id magna dictum, semper nisl vel, ornare ligula. Sed condimentum metus quis leo pharetra, quis semper urna aliquam. Fusce consectetur accumsan augue sit amet iaculis. Suspendisse volutpat urna vitae fermentum eleifend. Maecenas sapien leo, gravida vitae pellentesque quis, efficitur in erat. Maecenas elementum euismod hendrerit. Mauris sagittis massa a orci.','Lorem ipsum dolor sit amet, consectetur adipiscing elit. Morbi pulvinar pharetra bibendum. Ut eget risus nec risus finibus hendrerit in non tortor. Pellentesque maximus ligula et turpis faucibus cursus. Donec vel nunc metus. Quisque sagittis mattis dui vel varius. Aliquam iaculis interdum lacinia. Nam euismod lectus id maximus sodales. Nam id magna dictum, semper nisl vel, ornare ligula. Sed condimentum metus quis leo pharetra, quis semper urna aliquam. Fusce consectetur accumsan augue sit amet iaculis. Suspendisse volutpat urna vitae fermentum eleifend. Maecenas sapien leo, gravida vitae pellentesque quis, efficitur in erat. Maecenas elementum euismod hendrerit. Mauris sagittis massa a orci.',3.00),(57,19,'Orncilbirgom','Lorem ipsum dolor sit amet, consectetur adipiscing elit. Morbi pulvinar pharetra bibendum. Ut eget risus nec risus finibus hendrerit in non tortor. Pellentesque maximus ligula et turpis faucibus cursus. Donec vel nunc metus. Quisque sagittis mattis dui vel varius. Aliquam iaculis interdum lacinia. Nam euismod lectus id maximus sodales. Nam id magna dictum, semper nisl vel, ornare ligula. Sed condimentum metus quis leo pharetra, quis semper urna aliquam. Fusce consectetur accumsan augue sit amet iaculis. Suspendisse volutpat urna vitae fermentum eleifend. Maecenas sapien leo, gravida vitae pellentesque quis, efficitur in erat. Maecenas elementum euismod hendrerit. Mauris sagittis massa a orci.','Lorem ipsum dolor sit amet, consectetur adipiscing elit. Morbi pulvinar pharetra bibendum. Ut eget risus nec risus finibus hendrerit in non tortor. Pellentesque maximus ligula et turpis faucibus cursus. Donec vel nunc metus. Quisque sagittis mattis dui vel varius. Aliquam iaculis interdum lacinia. Nam euismod lectus id maximus sodales. Nam id magna dictum, semper nisl vel, ornare ligula. Sed condimentum metus quis leo pharetra, quis semper urna aliquam. Fusce consectetur accumsan augue sit amet iaculis. Suspendisse volutpat urna vitae fermentum eleifend. Maecenas sapien leo, gravida vitae pellentesque quis, efficitur in erat. Maecenas elementum euismod hendrerit. Mauris sagittis massa a orci.',2.00),(58,81,'Lasnormer','Lorem ipsum dolor sit amet, consectetur adipiscing elit. Morbi pulvinar pharetra bibendum. Ut eget risus nec risus finibus hendrerit in non tortor. Pellentesque maximus ligula et turpis faucibus cursus. Donec vel nunc metus. Quisque sagittis mattis dui vel varius. Aliquam iaculis interdum lacinia. Nam euismod lectus id maximus sodales. Nam id magna dictum, semper nisl vel, ornare ligula. Sed condimentum metus quis leo pharetra, quis semper urna aliquam. Fusce consectetur accumsan augue sit amet iaculis. Suspendisse volutpat urna vitae fermentum eleifend. Maecenas sapien leo, gravida vitae pellentesque quis, efficitur in erat. Maecenas elementum euismod hendrerit. Mauris sagittis massa a orci.','Lorem ipsum dolor sit amet, consectetur adipiscing elit. Morbi pulvinar pharetra bibendum. Ut eget risus nec risus finibus hendrerit in non tortor. Pellentesque maximus ligula et turpis faucibus cursus. Donec vel nunc metus. Quisque sagittis mattis dui vel varius. Aliquam iaculis interdum lacinia. Nam euismod lectus id maximus sodales. Nam id magna dictum, semper nisl vel, ornare ligula. Sed condimentum metus quis leo pharetra, quis semper urna aliquam. Fusce consectetur accumsan augue sit amet iaculis. Suspendisse volutpat urna vitae fermentum eleifend. Maecenas sapien leo, gravida vitae pellentesque quis, efficitur in erat. Maecenas elementum euismod hendrerit. Mauris sagittis massa a orci.',2.33),(59,4,'Lumsolthalig','Lorem ipsum dolor sit amet, consectetur adipiscing elit. Morbi pulvinar pharetra bibendum. Ut eget risus nec risus finibus hendrerit in non tortor. Pellentesque maximus ligula et turpis faucibus cursus. Donec vel nunc metus. Quisque sagittis mattis dui vel varius. Aliquam iaculis interdum lacinia. Nam euismod lectus id maximus sodales. Nam id magna dictum, semper nisl vel, ornare ligula. Sed condimentum metus quis leo pharetra, quis semper urna aliquam. Fusce consectetur accumsan augue sit amet iaculis. Suspendisse volutpat urna vitae fermentum eleifend. Maecenas sapien leo, gravida vitae pellentesque quis, efficitur in erat. Maecenas elementum euismod hendrerit. Mauris sagittis massa a orci.','Lorem ipsum dolor sit amet, consectetur adipiscing elit. Morbi pulvinar pharetra bibendum. Ut eget risus nec risus finibus hendrerit in non tortor. Pellentesque maximus ligula et turpis faucibus cursus. Donec vel nunc metus. Quisque sagittis mattis dui vel varius. Aliquam iaculis interdum lacinia. Nam euismod lectus id maximus sodales. Nam id magna dictum, semper nisl vel, ornare ligula. Sed condimentum metus quis leo pharetra, quis semper urna aliquam. Fusce consectetur accumsan augue sit amet iaculis. Suspendisse volutpat urna vitae fermentum eleifend. Maecenas sapien leo, gravida vitae pellentesque quis, efficitur in erat. Maecenas elementum euismod hendrerit. Mauris sagittis massa a orci.',5.00),(60,65,'Burlyscul','Lorem ipsum dolor sit amet, consectetur adipiscing elit. Morbi pulvinar pharetra bibendum. Ut eget risus nec risus finibus hendrerit in non tortor. Pellentesque maximus ligula et turpis faucibus cursus. Donec vel nunc metus. Quisque sagittis mattis dui vel varius. Aliquam iaculis interdum lacinia. Nam euismod lectus id maximus sodales. Nam id magna dictum, semper nisl vel, ornare ligula. Sed condimentum metus quis leo pharetra, quis semper urna aliquam. Fusce consectetur accumsan augue sit amet iaculis. Suspendisse volutpat urna vitae fermentum eleifend. Maecenas sapien leo, gravida vitae pellentesque quis, efficitur in erat. Maecenas elementum euismod hendrerit. Mauris sagittis massa a orci.','Lorem ipsum dolor sit amet, consectetur adipiscing elit. Morbi pulvinar pharetra bibendum. Ut eget risus nec risus finibus hendrerit in non tortor. Pellentesque maximus ligula et turpis faucibus cursus. Donec vel nunc metus. Quisque sagittis mattis dui vel varius. Aliquam iaculis interdum lacinia. Nam euismod lectus id maximus sodales. Nam id magna dictum, semper nisl vel, ornare ligula. Sed condimentum metus quis leo pharetra, quis semper urna aliquam. Fusce consectetur accumsan augue sit amet iaculis. Suspendisse volutpat urna vitae fermentum eleifend. Maecenas sapien leo, gravida vitae pellentesque quis, efficitur in erat. Maecenas elementum euismod hendrerit. Mauris sagittis massa a orci.',4.00),(61,87,'Murgomhellhi','Lorem ipsum dolor sit amet, consectetur adipiscing elit. Morbi pulvinar pharetra bibendum. Ut eget risus nec risus finibus hendrerit in non tortor. Pellentesque maximus ligula et turpis faucibus cursus. Donec vel nunc metus. Quisque sagittis mattis dui vel varius. Aliquam iaculis interdum lacinia. Nam euismod lectus id maximus sodales. Nam id magna dictum, semper nisl vel, ornare ligula. Sed condimentum metus quis leo pharetra, quis semper urna aliquam. Fusce consectetur accumsan augue sit amet iaculis. Suspendisse volutpat urna vitae fermentum eleifend. Maecenas sapien leo, gravida vitae pellentesque quis, efficitur in erat. Maecenas elementum euismod hendrerit. Mauris sagittis massa a orci.','Lorem ipsum dolor sit amet, consectetur adipiscing elit. Morbi pulvinar pharetra bibendum. Ut eget risus nec risus finibus hendrerit in non tortor. Pellentesque maximus ligula et turpis faucibus cursus. Donec vel nunc metus. Quisque sagittis mattis dui vel varius. Aliquam iaculis interdum lacinia. Nam euismod lectus id maximus sodales. Nam id magna dictum, semper nisl vel, ornare ligula. Sed condimentum metus quis leo pharetra, quis semper urna aliquam. Fusce consectetur accumsan augue sit amet iaculis. Suspendisse volutpat urna vitae fermentum eleifend. Maecenas sapien leo, gravida vitae pellentesque quis, efficitur in erat. Maecenas elementum euismod hendrerit. Mauris sagittis massa a orci.',2.86),(62,8,'Thatheluslag','Lorem ipsum dolor sit amet, consectetur adipiscing elit. Morbi pulvinar pharetra bibendum. Ut eget risus nec risus finibus hendrerit in non tortor. Pellentesque maximus ligula et turpis faucibus cursus. Donec vel nunc metus. Quisque sagittis mattis dui vel varius. Aliquam iaculis interdum lacinia. Nam euismod lectus id maximus sodales. Nam id magna dictum, semper nisl vel, ornare ligula. Sed condimentum metus quis leo pharetra, quis semper urna aliquam. Fusce consectetur accumsan augue sit amet iaculis. Suspendisse volutpat urna vitae fermentum eleifend. Maecenas sapien leo, gravida vitae pellentesque quis, efficitur in erat. Maecenas elementum euismod hendrerit. Mauris sagittis massa a orci.','Lorem ipsum dolor sit amet, consectetur adipiscing elit. Morbi pulvinar pharetra bibendum. Ut eget risus nec risus finibus hendrerit in non tortor. Pellentesque maximus ligula et turpis faucibus cursus. Donec vel nunc metus. Quisque sagittis mattis dui vel varius. Aliquam iaculis interdum lacinia. Nam euismod lectus id maximus sodales. Nam id magna dictum, semper nisl vel, ornare ligula. Sed condimentum metus quis leo pharetra, quis semper urna aliquam. Fusce consectetur accumsan augue sit amet iaculis. Suspendisse volutpat urna vitae fermentum eleifend. Maecenas sapien leo, gravida vitae pellentesque quis, efficitur in erat. Maecenas elementum euismod hendrerit. Mauris sagittis massa a orci.',3.33),(63,1,'Lyshallluslam','Lorem ipsum dolor sit amet, consectetur adipiscing elit. Morbi pulvinar pharetra bibendum. Ut eget risus nec risus finibus hendrerit in non tortor. Pellentesque maximus ligula et turpis faucibus cursus. Donec vel nunc metus. Quisque sagittis mattis dui vel varius. Aliquam iaculis interdum lacinia. Nam euismod lectus id maximus sodales. Nam id magna dictum, semper nisl vel, ornare ligula. Sed condimentum metus quis leo pharetra, quis semper urna aliquam. Fusce consectetur accumsan augue sit amet iaculis. Suspendisse volutpat urna vitae fermentum eleifend. Maecenas sapien leo, gravida vitae pellentesque quis, efficitur in erat. Maecenas elementum euismod hendrerit. Mauris sagittis massa a orci.','Lorem ipsum dolor sit amet, consectetur adipiscing elit. Morbi pulvinar pharetra bibendum. Ut eget risus nec risus finibus hendrerit in non tortor. Pellentesque maximus ligula et turpis faucibus cursus. Donec vel nunc metus. Quisque sagittis mattis dui vel varius. Aliquam iaculis interdum lacinia. Nam euismod lectus id maximus sodales. Nam id magna dictum, semper nisl vel, ornare ligula. Sed condimentum metus quis leo pharetra, quis semper urna aliquam. Fusce consectetur accumsan augue sit amet iaculis. Suspendisse volutpat urna vitae fermentum eleifend. Maecenas sapien leo, gravida vitae pellentesque quis, efficitur in erat. Maecenas elementum euismod hendrerit. Mauris sagittis massa a orci.',1.00),(64,82,'Mirborcil','Lorem ipsum dolor sit amet, consectetur adipiscing elit. Morbi pulvinar pharetra bibendum. Ut eget risus nec risus finibus hendrerit in non tortor. Pellentesque maximus ligula et turpis faucibus cursus. Donec vel nunc metus. Quisque sagittis mattis dui vel varius. Aliquam iaculis interdum lacinia. Nam euismod lectus id maximus sodales. Nam id magna dictum, semper nisl vel, ornare ligula. Sed condimentum metus quis leo pharetra, quis semper urna aliquam. Fusce consectetur accumsan augue sit amet iaculis. Suspendisse volutpat urna vitae fermentum eleifend. Maecenas sapien leo, gravida vitae pellentesque quis, efficitur in erat. Maecenas elementum euismod hendrerit. Mauris sagittis massa a orci.','Lorem ipsum dolor sit amet, consectetur adipiscing elit. Morbi pulvinar pharetra bibendum. Ut eget risus nec risus finibus hendrerit in non tortor. Pellentesque maximus ligula et turpis faucibus cursus. Donec vel nunc metus. Quisque sagittis mattis dui vel varius. Aliquam iaculis interdum lacinia. Nam euismod lectus id maximus sodales. Nam id magna dictum, semper nisl vel, ornare ligula. Sed condimentum metus quis leo pharetra, quis semper urna aliquam. Fusce consectetur accumsan augue sit amet iaculis. Suspendisse volutpat urna vitae fermentum eleifend. Maecenas sapien leo, gravida vitae pellentesque quis, efficitur in erat. Maecenas elementum euismod hendrerit. Mauris sagittis massa a orci.',1.80),(65,61,'Nircalbur','Lorem ipsum dolor sit amet, consectetur adipiscing elit. Morbi pulvinar pharetra bibendum. Ut eget risus nec risus finibus hendrerit in non tortor. Pellentesque maximus ligula et turpis faucibus cursus. Donec vel nunc metus. Quisque sagittis mattis dui vel varius. Aliquam iaculis interdum lacinia. Nam euismod lectus id maximus sodales. Nam id magna dictum, semper nisl vel, ornare ligula. Sed condimentum metus quis leo pharetra, quis semper urna aliquam. Fusce consectetur accumsan augue sit amet iaculis. Suspendisse volutpat urna vitae fermentum eleifend. Maecenas sapien leo, gravida vitae pellentesque quis, efficitur in erat. Maecenas elementum euismod hendrerit. Mauris sagittis massa a orci.','Lorem ipsum dolor sit amet, consectetur adipiscing elit. Morbi pulvinar pharetra bibendum. Ut eget risus nec risus finibus hendrerit in non tortor. Pellentesque maximus ligula et turpis faucibus cursus. Donec vel nunc metus. Quisque sagittis mattis dui vel varius. Aliquam iaculis interdum lacinia. Nam euismod lectus id maximus sodales. Nam id magna dictum, semper nisl vel, ornare ligula. Sed condimentum metus quis leo pharetra, quis semper urna aliquam. Fusce consectetur accumsan augue sit amet iaculis. Suspendisse volutpat urna vitae fermentum eleifend. Maecenas sapien leo, gravida vitae pellentesque quis, efficitur in erat. Maecenas elementum euismod hendrerit. Mauris sagittis massa a orci.',3.00),(66,7,'Barlugarn','Lorem ipsum dolor sit amet, consectetur adipiscing elit. Morbi pulvinar pharetra bibendum. Ut eget risus nec risus finibus hendrerit in non tortor. Pellentesque maximus ligula et turpis faucibus cursus. Donec vel nunc metus. Quisque sagittis mattis dui vel varius. Aliquam iaculis interdum lacinia. Nam euismod lectus id maximus sodales. Nam id magna dictum, semper nisl vel, ornare ligula. Sed condimentum metus quis leo pharetra, quis semper urna aliquam. Fusce consectetur accumsan augue sit amet iaculis. Suspendisse volutpat urna vitae fermentum eleifend. Maecenas sapien leo, gravida vitae pellentesque quis, efficitur in erat. Maecenas elementum euismod hendrerit. Mauris sagittis massa a orci.','Lorem ipsum dolor sit amet, consectetur adipiscing elit. Morbi pulvinar pharetra bibendum. Ut eget risus nec risus finibus hendrerit in non tortor. Pellentesque maximus ligula et turpis faucibus cursus. Donec vel nunc metus. Quisque sagittis mattis dui vel varius. Aliquam iaculis interdum lacinia. Nam euismod lectus id maximus sodales. Nam id magna dictum, semper nisl vel, ornare ligula. Sed condimentum metus quis leo pharetra, quis semper urna aliquam. Fusce consectetur accumsan augue sit amet iaculis. Suspendisse volutpat urna vitae fermentum eleifend. Maecenas sapien leo, gravida vitae pellentesque quis, efficitur in erat. Maecenas elementum euismod hendrerit. Mauris sagittis massa a orci.',3.00),(67,27,'Gimcul','Lorem ipsum dolor sit amet, consectetur adipiscing elit. Morbi pulvinar pharetra bibendum. Ut eget risus nec risus finibus hendrerit in non tortor. Pellentesque maximus ligula et turpis faucibus cursus. Donec vel nunc metus. Quisque sagittis mattis dui vel varius. Aliquam iaculis interdum lacinia. Nam euismod lectus id maximus sodales. Nam id magna dictum, semper nisl vel, ornare ligula. Sed condimentum metus quis leo pharetra, quis semper urna aliquam. Fusce consectetur accumsan augue sit amet iaculis. Suspendisse volutpat urna vitae fermentum eleifend. Maecenas sapien leo, gravida vitae pellentesque quis, efficitur in erat. Maecenas elementum euismod hendrerit. Mauris sagittis massa a orci.','Lorem ipsum dolor sit amet, consectetur adipiscing elit. Morbi pulvinar pharetra bibendum. Ut eget risus nec risus finibus hendrerit in non tortor. Pellentesque maximus ligula et turpis faucibus cursus. Donec vel nunc metus. Quisque sagittis mattis dui vel varius. Aliquam iaculis interdum lacinia. Nam euismod lectus id maximus sodales. Nam id magna dictum, semper nisl vel, ornare ligula. Sed condimentum metus quis leo pharetra, quis semper urna aliquam. Fusce consectetur accumsan augue sit amet iaculis. Suspendisse volutpat urna vitae fermentum eleifend. Maecenas sapien leo, gravida vitae pellentesque quis, efficitur in erat. Maecenas elementum euismod hendrerit. Mauris sagittis massa a orci.',3.80),(68,60,'Thulam','Lorem ipsum dolor sit amet, consectetur adipiscing elit. Morbi pulvinar pharetra bibendum. Ut eget risus nec risus finibus hendrerit in non tortor. Pellentesque maximus ligula et turpis faucibus cursus. Donec vel nunc metus. Quisque sagittis mattis dui vel varius. Aliquam iaculis interdum lacinia. Nam euismod lectus id maximus sodales. Nam id magna dictum, semper nisl vel, ornare ligula. Sed condimentum metus quis leo pharetra, quis semper urna aliquam. Fusce consectetur accumsan augue sit amet iaculis. Suspendisse volutpat urna vitae fermentum eleifend. Maecenas sapien leo, gravida vitae pellentesque quis, efficitur in erat. Maecenas elementum euismod hendrerit. Mauris sagittis massa a orci.','Lorem ipsum dolor sit amet, consectetur adipiscing elit. Morbi pulvinar pharetra bibendum. Ut eget risus nec risus finibus hendrerit in non tortor. Pellentesque maximus ligula et turpis faucibus cursus. Donec vel nunc metus. Quisque sagittis mattis dui vel varius. Aliquam iaculis interdum lacinia. Nam euismod lectus id maximus sodales. Nam id magna dictum, semper nisl vel, ornare ligula. Sed condimentum metus quis leo pharetra, quis semper urna aliquam. Fusce consectetur accumsan augue sit amet iaculis. Suspendisse volutpat urna vitae fermentum eleifend. Maecenas sapien leo, gravida vitae pellentesque quis, efficitur in erat. Maecenas elementum euismod hendrerit. Mauris sagittis massa a orci.',2.33),(69,43,'Hecolha','Lorem ipsum dolor sit amet, consectetur adipiscing elit. Morbi pulvinar pharetra bibendum. Ut eget risus nec risus finibus hendrerit in non tortor. Pellentesque maximus ligula et turpis faucibus cursus. Donec vel nunc metus. Quisque sagittis mattis dui vel varius. Aliquam iaculis interdum lacinia. Nam euismod lectus id maximus sodales. Nam id magna dictum, semper nisl vel, ornare ligula. Sed condimentum metus quis leo pharetra, quis semper urna aliquam. Fusce consectetur accumsan augue sit amet iaculis. Suspendisse volutpat urna vitae fermentum eleifend. Maecenas sapien leo, gravida vitae pellentesque quis, efficitur in erat. Maecenas elementum euismod hendrerit. Mauris sagittis massa a orci.','Lorem ipsum dolor sit amet, consectetur adipiscing elit. Morbi pulvinar pharetra bibendum. Ut eget risus nec risus finibus hendrerit in non tortor. Pellentesque maximus ligula et turpis faucibus cursus. Donec vel nunc metus. Quisque sagittis mattis dui vel varius. Aliquam iaculis interdum lacinia. Nam euismod lectus id maximus sodales. Nam id magna dictum, semper nisl vel, ornare ligula. Sed condimentum metus quis leo pharetra, quis semper urna aliquam. Fusce consectetur accumsan augue sit amet iaculis. Suspendisse volutpat urna vitae fermentum eleifend. Maecenas sapien leo, gravida vitae pellentesque quis, efficitur in erat. Maecenas elementum euismod hendrerit. Mauris sagittis massa a orci.',2.00),(70,39,'Ornmur','Lorem ipsum dolor sit amet, consectetur adipiscing elit. Morbi pulvinar pharetra bibendum. Ut eget risus nec risus finibus hendrerit in non tortor. Pellentesque maximus ligula et turpis faucibus cursus. Donec vel nunc metus. Quisque sagittis mattis dui vel varius. Aliquam iaculis interdum lacinia. Nam euismod lectus id maximus sodales. Nam id magna dictum, semper nisl vel, ornare ligula. Sed condimentum metus quis leo pharetra, quis semper urna aliquam. Fusce consectetur accumsan augue sit amet iaculis. Suspendisse volutpat urna vitae fermentum eleifend. Maecenas sapien leo, gravida vitae pellentesque quis, efficitur in erat. Maecenas elementum euismod hendrerit. Mauris sagittis massa a orci.','Lorem ipsum dolor sit amet, consectetur adipiscing elit. Morbi pulvinar pharetra bibendum. Ut eget risus nec risus finibus hendrerit in non tortor. Pellentesque maximus ligula et turpis faucibus cursus. Donec vel nunc metus. Quisque sagittis mattis dui vel varius. Aliquam iaculis interdum lacinia. Nam euismod lectus id maximus sodales. Nam id magna dictum, semper nisl vel, ornare ligula. Sed condimentum metus quis leo pharetra, quis semper urna aliquam. Fusce consectetur accumsan augue sit amet iaculis. Suspendisse volutpat urna vitae fermentum eleifend. Maecenas sapien leo, gravida vitae pellentesque quis, efficitur in erat. Maecenas elementum euismod hendrerit. Mauris sagittis massa a orci.',2.90),(71,66,'Lamber','Lorem ipsum dolor sit amet, consectetur adipiscing elit. Morbi pulvinar pharetra bibendum. Ut eget risus nec risus finibus hendrerit in non tortor. Pellentesque maximus ligula et turpis faucibus cursus. Donec vel nunc metus. Quisque sagittis mattis dui vel varius. Aliquam iaculis interdum lacinia. Nam euismod lectus id maximus sodales. Nam id magna dictum, semper nisl vel, ornare ligula. Sed condimentum metus quis leo pharetra, quis semper urna aliquam. Fusce consectetur accumsan augue sit amet iaculis. Suspendisse volutpat urna vitae fermentum eleifend. Maecenas sapien leo, gravida vitae pellentesque quis, efficitur in erat. Maecenas elementum euismod hendrerit. Mauris sagittis massa a orci.','Lorem ipsum dolor sit amet, consectetur adipiscing elit. Morbi pulvinar pharetra bibendum. Ut eget risus nec risus finibus hendrerit in non tortor. Pellentesque maximus ligula et turpis faucibus cursus. Donec vel nunc metus. Quisque sagittis mattis dui vel varius. Aliquam iaculis interdum lacinia. Nam euismod lectus id maximus sodales. Nam id magna dictum, semper nisl vel, ornare ligula. Sed condimentum metus quis leo pharetra, quis semper urna aliquam. Fusce consectetur accumsan augue sit amet iaculis. Suspendisse volutpat urna vitae fermentum eleifend. Maecenas sapien leo, gravida vitae pellentesque quis, efficitur in erat. Maecenas elementum euismod hendrerit. Mauris sagittis massa a orci.',3.00),(72,85,'Sulleshe','Lorem ipsum dolor sit amet, consectetur adipiscing elit. Morbi pulvinar pharetra bibendum. Ut eget risus nec risus finibus hendrerit in non tortor. Pellentesque maximus ligula et turpis faucibus cursus. Donec vel nunc metus. Quisque sagittis mattis dui vel varius. Aliquam iaculis interdum lacinia. Nam euismod lectus id maximus sodales. Nam id magna dictum, semper nisl vel, ornare ligula. Sed condimentum metus quis leo pharetra, quis semper urna aliquam. Fusce consectetur accumsan augue sit amet iaculis. Suspendisse volutpat urna vitae fermentum eleifend. Maecenas sapien leo, gravida vitae pellentesque quis, efficitur in erat. Maecenas elementum euismod hendrerit. Mauris sagittis massa a orci.','Lorem ipsum dolor sit amet, consectetur adipiscing elit. Morbi pulvinar pharetra bibendum. Ut eget risus nec risus finibus hendrerit in non tortor. Pellentesque maximus ligula et turpis faucibus cursus. Donec vel nunc metus. Quisque sagittis mattis dui vel varius. Aliquam iaculis interdum lacinia. Nam euismod lectus id maximus sodales. Nam id magna dictum, semper nisl vel, ornare ligula. Sed condimentum metus quis leo pharetra, quis semper urna aliquam. Fusce consectetur accumsan augue sit amet iaculis. Suspendisse volutpat urna vitae fermentum eleifend. Maecenas sapien leo, gravida vitae pellentesque quis, efficitur in erat. Maecenas elementum euismod hendrerit. Mauris sagittis massa a orci.',3.80),(73,79,'Lomlember','Lorem ipsum dolor sit amet, consectetur adipiscing elit. Morbi pulvinar pharetra bibendum. Ut eget risus nec risus finibus hendrerit in non tortor. Pellentesque maximus ligula et turpis faucibus cursus. Donec vel nunc metus. Quisque sagittis mattis dui vel varius. Aliquam iaculis interdum lacinia. Nam euismod lectus id maximus sodales. Nam id magna dictum, semper nisl vel, ornare ligula. Sed condimentum metus quis leo pharetra, quis semper urna aliquam. Fusce consectetur accumsan augue sit amet iaculis. Suspendisse volutpat urna vitae fermentum eleifend. Maecenas sapien leo, gravida vitae pellentesque quis, efficitur in erat. Maecenas elementum euismod hendrerit. Mauris sagittis massa a orci.','Lorem ipsum dolor sit amet, consectetur adipiscing elit. Morbi pulvinar pharetra bibendum. Ut eget risus nec risus finibus hendrerit in non tortor. Pellentesque maximus ligula et turpis faucibus cursus. Donec vel nunc metus. Quisque sagittis mattis dui vel varius. Aliquam iaculis interdum lacinia. Nam euismod lectus id maximus sodales. Nam id magna dictum, semper nisl vel, ornare ligula. Sed condimentum metus quis leo pharetra, quis semper urna aliquam. Fusce consectetur accumsan augue sit amet iaculis. Suspendisse volutpat urna vitae fermentum eleifend. Maecenas sapien leo, gravida vitae pellentesque quis, efficitur in erat. Maecenas elementum euismod hendrerit. Mauris sagittis massa a orci.',3.25),(74,33,'Loscal','Lorem ipsum dolor sit amet, consectetur adipiscing elit. Morbi pulvinar pharetra bibendum. Ut eget risus nec risus finibus hendrerit in non tortor. Pellentesque maximus ligula et turpis faucibus cursus. Donec vel nunc metus. Quisque sagittis mattis dui vel varius. Aliquam iaculis interdum lacinia. Nam euismod lectus id maximus sodales. Nam id magna dictum, semper nisl vel, ornare ligula. Sed condimentum metus quis leo pharetra, quis semper urna aliquam. Fusce consectetur accumsan augue sit amet iaculis. Suspendisse volutpat urna vitae fermentum eleifend. Maecenas sapien leo, gravida vitae pellentesque quis, efficitur in erat. Maecenas elementum euismod hendrerit. Mauris sagittis massa a orci.','Lorem ipsum dolor sit amet, consectetur adipiscing elit. Morbi pulvinar pharetra bibendum. Ut eget risus nec risus finibus hendrerit in non tortor. Pellentesque maximus ligula et turpis faucibus cursus. Donec vel nunc metus. Quisque sagittis mattis dui vel varius. Aliquam iaculis interdum lacinia. Nam euismod lectus id maximus sodales. Nam id magna dictum, semper nisl vel, ornare ligula. Sed condimentum metus quis leo pharetra, quis semper urna aliquam. Fusce consectetur accumsan augue sit amet iaculis. Suspendisse volutpat urna vitae fermentum eleifend. Maecenas sapien leo, gravida vitae pellentesque quis, efficitur in erat. Maecenas elementum euismod hendrerit. Mauris sagittis massa a orci.',1.80),(75,5,'Calornthilog','Lorem ipsum dolor sit amet, consectetur adipiscing elit. Morbi pulvinar pharetra bibendum. Ut eget risus nec risus finibus hendrerit in non tortor. Pellentesque maximus ligula et turpis faucibus cursus. Donec vel nunc metus. Quisque sagittis mattis dui vel varius. Aliquam iaculis interdum lacinia. Nam euismod lectus id maximus sodales. Nam id magna dictum, semper nisl vel, ornare ligula. Sed condimentum metus quis leo pharetra, quis semper urna aliquam. Fusce consectetur accumsan augue sit amet iaculis. Suspendisse volutpat urna vitae fermentum eleifend. Maecenas sapien leo, gravida vitae pellentesque quis, efficitur in erat. Maecenas elementum euismod hendrerit. Mauris sagittis massa a orci.','Lorem ipsum dolor sit amet, consectetur adipiscing elit. Morbi pulvinar pharetra bibendum. Ut eget risus nec risus finibus hendrerit in non tortor. Pellentesque maximus ligula et turpis faucibus cursus. Donec vel nunc metus. Quisque sagittis mattis dui vel varius. Aliquam iaculis interdum lacinia. Nam euismod lectus id maximus sodales. Nam id magna dictum, semper nisl vel, ornare ligula. Sed condimentum metus quis leo pharetra, quis semper urna aliquam. Fusce consectetur accumsan augue sit amet iaculis. Suspendisse volutpat urna vitae fermentum eleifend. Maecenas sapien leo, gravida vitae pellentesque quis, efficitur in erat. Maecenas elementum euismod hendrerit. Mauris sagittis massa a orci.',1.75),(76,38,'Limlesgam','Lorem ipsum dolor sit amet, consectetur adipiscing elit. Morbi pulvinar pharetra bibendum. Ut eget risus nec risus finibus hendrerit in non tortor. Pellentesque maximus ligula et turpis faucibus cursus. Donec vel nunc metus. Quisque sagittis mattis dui vel varius. Aliquam iaculis interdum lacinia. Nam euismod lectus id maximus sodales. Nam id magna dictum, semper nisl vel, ornare ligula. Sed condimentum metus quis leo pharetra, quis semper urna aliquam. Fusce consectetur accumsan augue sit amet iaculis. Suspendisse volutpat urna vitae fermentum eleifend. Maecenas sapien leo, gravida vitae pellentesque quis, efficitur in erat. Maecenas elementum euismod hendrerit. Mauris sagittis massa a orci.','Lorem ipsum dolor sit amet, consectetur adipiscing elit. Morbi pulvinar pharetra bibendum. Ut eget risus nec risus finibus hendrerit in non tortor. Pellentesque maximus ligula et turpis faucibus cursus. Donec vel nunc metus. Quisque sagittis mattis dui vel varius. Aliquam iaculis interdum lacinia. Nam euismod lectus id maximus sodales. Nam id magna dictum, semper nisl vel, ornare ligula. Sed condimentum metus quis leo pharetra, quis semper urna aliquam. Fusce consectetur accumsan augue sit amet iaculis. Suspendisse volutpat urna vitae fermentum eleifend. Maecenas sapien leo, gravida vitae pellentesque quis, efficitur in erat. Maecenas elementum euismod hendrerit. Mauris sagittis massa a orci.',3.00),(77,5,'Thigomcul','Lorem ipsum dolor sit amet, consectetur adipiscing elit. Morbi pulvinar pharetra bibendum. Ut eget risus nec risus finibus hendrerit in non tortor. Pellentesque maximus ligula et turpis faucibus cursus. Donec vel nunc metus. Quisque sagittis mattis dui vel varius. Aliquam iaculis interdum lacinia. Nam euismod lectus id maximus sodales. Nam id magna dictum, semper nisl vel, ornare ligula. Sed condimentum metus quis leo pharetra, quis semper urna aliquam. Fusce consectetur accumsan augue sit amet iaculis. Suspendisse volutpat urna vitae fermentum eleifend. Maecenas sapien leo, gravida vitae pellentesque quis, efficitur in erat. Maecenas elementum euismod hendrerit. Mauris sagittis massa a orci.','Lorem ipsum dolor sit amet, consectetur adipiscing elit. Morbi pulvinar pharetra bibendum. Ut eget risus nec risus finibus hendrerit in non tortor. Pellentesque maximus ligula et turpis faucibus cursus. Donec vel nunc metus. Quisque sagittis mattis dui vel varius. Aliquam iaculis interdum lacinia. Nam euismod lectus id maximus sodales. Nam id magna dictum, semper nisl vel, ornare ligula. Sed condimentum metus quis leo pharetra, quis semper urna aliquam. Fusce consectetur accumsan augue sit amet iaculis. Suspendisse volutpat urna vitae fermentum eleifend. Maecenas sapien leo, gravida vitae pellentesque quis, efficitur in erat. Maecenas elementum euismod hendrerit. Mauris sagittis massa a orci.',3.75),(78,55,'Laglyslomlis','Lorem ipsum dolor sit amet, consectetur adipiscing elit. Morbi pulvinar pharetra bibendum. Ut eget risus nec risus finibus hendrerit in non tortor. Pellentesque maximus ligula et turpis faucibus cursus. Donec vel nunc metus. Quisque sagittis mattis dui vel varius. Aliquam iaculis interdum lacinia. Nam euismod lectus id maximus sodales. Nam id magna dictum, semper nisl vel, ornare ligula. Sed condimentum metus quis leo pharetra, quis semper urna aliquam. Fusce consectetur accumsan augue sit amet iaculis. Suspendisse volutpat urna vitae fermentum eleifend. Maecenas sapien leo, gravida vitae pellentesque quis, efficitur in erat. Maecenas elementum euismod hendrerit. Mauris sagittis massa a orci.','Lorem ipsum dolor sit amet, consectetur adipiscing elit. Morbi pulvinar pharetra bibendum. Ut eget risus nec risus finibus hendrerit in non tortor. Pellentesque maximus ligula et turpis faucibus cursus. Donec vel nunc metus. Quisque sagittis mattis dui vel varius. Aliquam iaculis interdum lacinia. Nam euismod lectus id maximus sodales. Nam id magna dictum, semper nisl vel, ornare ligula. Sed condimentum metus quis leo pharetra, quis semper urna aliquam. Fusce consectetur accumsan augue sit amet iaculis. Suspendisse volutpat urna vitae fermentum eleifend. Maecenas sapien leo, gravida vitae pellentesque quis, efficitur in erat. Maecenas elementum euismod hendrerit. Mauris sagittis massa a orci.',1.80),(79,32,'Erngomlig','Lorem ipsum dolor sit amet, consectetur adipiscing elit. Morbi pulvinar pharetra bibendum. Ut eget risus nec risus finibus hendrerit in non tortor. Pellentesque maximus ligula et turpis faucibus cursus. Donec vel nunc metus. Quisque sagittis mattis dui vel varius. Aliquam iaculis interdum lacinia. Nam euismod lectus id maximus sodales. Nam id magna dictum, semper nisl vel, ornare ligula. Sed condimentum metus quis leo pharetra, quis semper urna aliquam. Fusce consectetur accumsan augue sit amet iaculis. Suspendisse volutpat urna vitae fermentum eleifend. Maecenas sapien leo, gravida vitae pellentesque quis, efficitur in erat. Maecenas elementum euismod hendrerit. Mauris sagittis massa a orci.','Lorem ipsum dolor sit amet, consectetur adipiscing elit. Morbi pulvinar pharetra bibendum. Ut eget risus nec risus finibus hendrerit in non tortor. Pellentesque maximus ligula et turpis faucibus cursus. Donec vel nunc metus. Quisque sagittis mattis dui vel varius. Aliquam iaculis interdum lacinia. Nam euismod lectus id maximus sodales. Nam id magna dictum, semper nisl vel, ornare ligula. Sed condimentum metus quis leo pharetra, quis semper urna aliquam. Fusce consectetur accumsan augue sit amet iaculis. Suspendisse volutpat urna vitae fermentum eleifend. Maecenas sapien leo, gravida vitae pellentesque quis, efficitur in erat. Maecenas elementum euismod hendrerit. Mauris sagittis massa a orci.',3.64),(80,72,'Gamlusmorcol','Lorem ipsum dolor sit amet, consectetur adipiscing elit. Morbi pulvinar pharetra bibendum. Ut eget risus nec risus finibus hendrerit in non tortor. Pellentesque maximus ligula et turpis faucibus cursus. Donec vel nunc metus. Quisque sagittis mattis dui vel varius. Aliquam iaculis interdum lacinia. Nam euismod lectus id maximus sodales. Nam id magna dictum, semper nisl vel, ornare ligula. Sed condimentum metus quis leo pharetra, quis semper urna aliquam. Fusce consectetur accumsan augue sit amet iaculis. Suspendisse volutpat urna vitae fermentum eleifend. Maecenas sapien leo, gravida vitae pellentesque quis, efficitur in erat. Maecenas elementum euismod hendrerit. Mauris sagittis massa a orci.','Lorem ipsum dolor sit amet, consectetur adipiscing elit. Morbi pulvinar pharetra bibendum. Ut eget risus nec risus finibus hendrerit in non tortor. Pellentesque maximus ligula et turpis faucibus cursus. Donec vel nunc metus. Quisque sagittis mattis dui vel varius. Aliquam iaculis interdum lacinia. Nam euismod lectus id maximus sodales. Nam id magna dictum, semper nisl vel, ornare ligula. Sed condimentum metus quis leo pharetra, quis semper urna aliquam. Fusce consectetur accumsan augue sit amet iaculis. Suspendisse volutpat urna vitae fermentum eleifend. Maecenas sapien leo, gravida vitae pellentesque quis, efficitur in erat. Maecenas elementum euismod hendrerit. Mauris sagittis massa a orci.',4.20),(81,93,'Syllag','Lorem ipsum dolor sit amet, consectetur adipiscing elit. Morbi pulvinar pharetra bibendum. Ut eget risus nec risus finibus hendrerit in non tortor. Pellentesque maximus ligula et turpis faucibus cursus. Donec vel nunc metus. Quisque sagittis mattis dui vel varius. Aliquam iaculis interdum lacinia. Nam euismod lectus id maximus sodales. Nam id magna dictum, semper nisl vel, ornare ligula. Sed condimentum metus quis leo pharetra, quis semper urna aliquam. Fusce consectetur accumsan augue sit amet iaculis. Suspendisse volutpat urna vitae fermentum eleifend. Maecenas sapien leo, gravida vitae pellentesque quis, efficitur in erat. Maecenas elementum euismod hendrerit. Mauris sagittis massa a orci.','Lorem ipsum dolor sit amet, consectetur adipiscing elit. Morbi pulvinar pharetra bibendum. Ut eget risus nec risus finibus hendrerit in non tortor. Pellentesque maximus ligula et turpis faucibus cursus. Donec vel nunc metus. Quisque sagittis mattis dui vel varius. Aliquam iaculis interdum lacinia. Nam euismod lectus id maximus sodales. Nam id magna dictum, semper nisl vel, ornare ligula. Sed condimentum metus quis leo pharetra, quis semper urna aliquam. Fusce consectetur accumsan augue sit amet iaculis. Suspendisse volutpat urna vitae fermentum eleifend. Maecenas sapien leo, gravida vitae pellentesque quis, efficitur in erat. Maecenas elementum euismod hendrerit. Mauris sagittis massa a orci.',4.33),(82,91,'Hothoirnlug','Lorem ipsum dolor sit amet, consectetur adipiscing elit. Morbi pulvinar pharetra bibendum. Ut eget risus nec risus finibus hendrerit in non tortor. Pellentesque maximus ligula et turpis faucibus cursus. Donec vel nunc metus. Quisque sagittis mattis dui vel varius. Aliquam iaculis interdum lacinia. Nam euismod lectus id maximus sodales. Nam id magna dictum, semper nisl vel, ornare ligula. Sed condimentum metus quis leo pharetra, quis semper urna aliquam. Fusce consectetur accumsan augue sit amet iaculis. Suspendisse volutpat urna vitae fermentum eleifend. Maecenas sapien leo, gravida vitae pellentesque quis, efficitur in erat. Maecenas elementum euismod hendrerit. Mauris sagittis massa a orci.','Lorem ipsum dolor sit amet, consectetur adipiscing elit. Morbi pulvinar pharetra bibendum. Ut eget risus nec risus finibus hendrerit in non tortor. Pellentesque maximus ligula et turpis faucibus cursus. Donec vel nunc metus. Quisque sagittis mattis dui vel varius. Aliquam iaculis interdum lacinia. Nam euismod lectus id maximus sodales. Nam id magna dictum, semper nisl vel, ornare ligula. Sed condimentum metus quis leo pharetra, quis semper urna aliquam. Fusce consectetur accumsan augue sit amet iaculis. Suspendisse volutpat urna vitae fermentum eleifend. Maecenas sapien leo, gravida vitae pellentesque quis, efficitur in erat. Maecenas elementum euismod hendrerit. Mauris sagittis massa a orci.',3.50),(83,39,'Hesolmar','Lorem ipsum dolor sit amet, consectetur adipiscing elit. Morbi pulvinar pharetra bibendum. Ut eget risus nec risus finibus hendrerit in non tortor. Pellentesque maximus ligula et turpis faucibus cursus. Donec vel nunc metus. Quisque sagittis mattis dui vel varius. Aliquam iaculis interdum lacinia. Nam euismod lectus id maximus sodales. Nam id magna dictum, semper nisl vel, ornare ligula. Sed condimentum metus quis leo pharetra, quis semper urna aliquam. Fusce consectetur accumsan augue sit amet iaculis. Suspendisse volutpat urna vitae fermentum eleifend. Maecenas sapien leo, gravida vitae pellentesque quis, efficitur in erat. Maecenas elementum euismod hendrerit. Mauris sagittis massa a orci.','Lorem ipsum dolor sit amet, consectetur adipiscing elit. Morbi pulvinar pharetra bibendum. Ut eget risus nec risus finibus hendrerit in non tortor. Pellentesque maximus ligula et turpis faucibus cursus. Donec vel nunc metus. Quisque sagittis mattis dui vel varius. Aliquam iaculis interdum lacinia. Nam euismod lectus id maximus sodales. Nam id magna dictum, semper nisl vel, ornare ligula. Sed condimentum metus quis leo pharetra, quis semper urna aliquam. Fusce consectetur accumsan augue sit amet iaculis. Suspendisse volutpat urna vitae fermentum eleifend. Maecenas sapien leo, gravida vitae pellentesque quis, efficitur in erat. Maecenas elementum euismod hendrerit. Mauris sagittis massa a orci.',3.60),(84,24,'Lugcul','Lorem ipsum dolor sit amet, consectetur adipiscing elit. Morbi pulvinar pharetra bibendum. Ut eget risus nec risus finibus hendrerit in non tortor. Pellentesque maximus ligula et turpis faucibus cursus. Donec vel nunc metus. Quisque sagittis mattis dui vel varius. Aliquam iaculis interdum lacinia. Nam euismod lectus id maximus sodales. Nam id magna dictum, semper nisl vel, ornare ligula. Sed condimentum metus quis leo pharetra, quis semper urna aliquam. Fusce consectetur accumsan augue sit amet iaculis. Suspendisse volutpat urna vitae fermentum eleifend. Maecenas sapien leo, gravida vitae pellentesque quis, efficitur in erat. Maecenas elementum euismod hendrerit. Mauris sagittis massa a orci.','Lorem ipsum dolor sit amet, consectetur adipiscing elit. Morbi pulvinar pharetra bibendum. Ut eget risus nec risus finibus hendrerit in non tortor. Pellentesque maximus ligula et turpis faucibus cursus. Donec vel nunc metus. Quisque sagittis mattis dui vel varius. Aliquam iaculis interdum lacinia. Nam euismod lectus id maximus sodales. Nam id magna dictum, semper nisl vel, ornare ligula. Sed condimentum metus quis leo pharetra, quis semper urna aliquam. Fusce consectetur accumsan augue sit amet iaculis. Suspendisse volutpat urna vitae fermentum eleifend. Maecenas sapien leo, gravida vitae pellentesque quis, efficitur in erat. Maecenas elementum euismod hendrerit. Mauris sagittis massa a orci.',3.20),(85,89,'Thicolthu','Lorem ipsum dolor sit amet, consectetur adipiscing elit. Morbi pulvinar pharetra bibendum. Ut eget risus nec risus finibus hendrerit in non tortor. Pellentesque maximus ligula et turpis faucibus cursus. Donec vel nunc metus. Quisque sagittis mattis dui vel varius. Aliquam iaculis interdum lacinia. Nam euismod lectus id maximus sodales. Nam id magna dictum, semper nisl vel, ornare ligula. Sed condimentum metus quis leo pharetra, quis semper urna aliquam. Fusce consectetur accumsan augue sit amet iaculis. Suspendisse volutpat urna vitae fermentum eleifend. Maecenas sapien leo, gravida vitae pellentesque quis, efficitur in erat. Maecenas elementum euismod hendrerit. Mauris sagittis massa a orci.','Lorem ipsum dolor sit amet, consectetur adipiscing elit. Morbi pulvinar pharetra bibendum. Ut eget risus nec risus finibus hendrerit in non tortor. Pellentesque maximus ligula et turpis faucibus cursus. Donec vel nunc metus. Quisque sagittis mattis dui vel varius. Aliquam iaculis interdum lacinia. Nam euismod lectus id maximus sodales. Nam id magna dictum, semper nisl vel, ornare ligula. Sed condimentum metus quis leo pharetra, quis semper urna aliquam. Fusce consectetur accumsan augue sit amet iaculis. Suspendisse volutpat urna vitae fermentum eleifend. Maecenas sapien leo, gravida vitae pellentesque quis, efficitur in erat. Maecenas elementum euismod hendrerit. Mauris sagittis massa a orci.',1.00),(86,56,'Narlescul','Lorem ipsum dolor sit amet, consectetur adipiscing elit. Morbi pulvinar pharetra bibendum. Ut eget risus nec risus finibus hendrerit in non tortor. Pellentesque maximus ligula et turpis faucibus cursus. Donec vel nunc metus. Quisque sagittis mattis dui vel varius. Aliquam iaculis interdum lacinia. Nam euismod lectus id maximus sodales. Nam id magna dictum, semper nisl vel, ornare ligula. Sed condimentum metus quis leo pharetra, quis semper urna aliquam. Fusce consectetur accumsan augue sit amet iaculis. Suspendisse volutpat urna vitae fermentum eleifend. Maecenas sapien leo, gravida vitae pellentesque quis, efficitur in erat. Maecenas elementum euismod hendrerit. Mauris sagittis massa a orci.','Lorem ipsum dolor sit amet, consectetur adipiscing elit. Morbi pulvinar pharetra bibendum. Ut eget risus nec risus finibus hendrerit in non tortor. Pellentesque maximus ligula et turpis faucibus cursus. Donec vel nunc metus. Quisque sagittis mattis dui vel varius. Aliquam iaculis interdum lacinia. Nam euismod lectus id maximus sodales. Nam id magna dictum, semper nisl vel, ornare ligula. Sed condimentum metus quis leo pharetra, quis semper urna aliquam. Fusce consectetur accumsan augue sit amet iaculis. Suspendisse volutpat urna vitae fermentum eleifend. Maecenas sapien leo, gravida vitae pellentesque quis, efficitur in erat. Maecenas elementum euismod hendrerit. Mauris sagittis massa a orci.',3.20),(87,45,'Nirmersolurn','Lorem ipsum dolor sit amet, consectetur adipiscing elit. Morbi pulvinar pharetra bibendum. Ut eget risus nec risus finibus hendrerit in non tortor. Pellentesque maximus ligula et turpis faucibus cursus. Donec vel nunc metus. Quisque sagittis mattis dui vel varius. Aliquam iaculis interdum lacinia. Nam euismod lectus id maximus sodales. Nam id magna dictum, semper nisl vel, ornare ligula. Sed condimentum metus quis leo pharetra, quis semper urna aliquam. Fusce consectetur accumsan augue sit amet iaculis. Suspendisse volutpat urna vitae fermentum eleifend. Maecenas sapien leo, gravida vitae pellentesque quis, efficitur in erat. Maecenas elementum euismod hendrerit. Mauris sagittis massa a orci.','Lorem ipsum dolor sit amet, consectetur adipiscing elit. Morbi pulvinar pharetra bibendum. Ut eget risus nec risus finibus hendrerit in non tortor. Pellentesque maximus ligula et turpis faucibus cursus. Donec vel nunc metus. Quisque sagittis mattis dui vel varius. Aliquam iaculis interdum lacinia. Nam euismod lectus id maximus sodales. Nam id magna dictum, semper nisl vel, ornare ligula. Sed condimentum metus quis leo pharetra, quis semper urna aliquam. Fusce consectetur accumsan augue sit amet iaculis. Suspendisse volutpat urna vitae fermentum eleifend. Maecenas sapien leo, gravida vitae pellentesque quis, efficitur in erat. Maecenas elementum euismod hendrerit. Mauris sagittis massa a orci.',2.80),(88,58,'Logcel','Lorem ipsum dolor sit amet, consectetur adipiscing elit. Morbi pulvinar pharetra bibendum. Ut eget risus nec risus finibus hendrerit in non tortor. Pellentesque maximus ligula et turpis faucibus cursus. Donec vel nunc metus. Quisque sagittis mattis dui vel varius. Aliquam iaculis interdum lacinia. Nam euismod lectus id maximus sodales. Nam id magna dictum, semper nisl vel, ornare ligula. Sed condimentum metus quis leo pharetra, quis semper urna aliquam. Fusce consectetur accumsan augue sit amet iaculis. Suspendisse volutpat urna vitae fermentum eleifend. Maecenas sapien leo, gravida vitae pellentesque quis, efficitur in erat. Maecenas elementum euismod hendrerit. Mauris sagittis massa a orci.','Lorem ipsum dolor sit amet, consectetur adipiscing elit. Morbi pulvinar pharetra bibendum. Ut eget risus nec risus finibus hendrerit in non tortor. Pellentesque maximus ligula et turpis faucibus cursus. Donec vel nunc metus. Quisque sagittis mattis dui vel varius. Aliquam iaculis interdum lacinia. Nam euismod lectus id maximus sodales. Nam id magna dictum, semper nisl vel, ornare ligula. Sed condimentum metus quis leo pharetra, quis semper urna aliquam. Fusce consectetur accumsan augue sit amet iaculis. Suspendisse volutpat urna vitae fermentum eleifend. Maecenas sapien leo, gravida vitae pellentesque quis, efficitur in erat. Maecenas elementum euismod hendrerit. Mauris sagittis massa a orci.',3.33),(89,99,'Lasloglag','Lorem ipsum dolor sit amet, consectetur adipiscing elit. Morbi pulvinar pharetra bibendum. Ut eget risus nec risus finibus hendrerit in non tortor. Pellentesque maximus ligula et turpis faucibus cursus. Donec vel nunc metus. Quisque sagittis mattis dui vel varius. Aliquam iaculis interdum lacinia. Nam euismod lectus id maximus sodales. Nam id magna dictum, semper nisl vel, ornare ligula. Sed condimentum metus quis leo pharetra, quis semper urna aliquam. Fusce consectetur accumsan augue sit amet iaculis. Suspendisse volutpat urna vitae fermentum eleifend. Maecenas sapien leo, gravida vitae pellentesque quis, efficitur in erat. Maecenas elementum euismod hendrerit. Mauris sagittis massa a orci.','Lorem ipsum dolor sit amet, consectetur adipiscing elit. Morbi pulvinar pharetra bibendum. Ut eget risus nec risus finibus hendrerit in non tortor. Pellentesque maximus ligula et turpis faucibus cursus. Donec vel nunc metus. Quisque sagittis mattis dui vel varius. Aliquam iaculis interdum lacinia. Nam euismod lectus id maximus sodales. Nam id magna dictum, semper nisl vel, ornare ligula. Sed condimentum metus quis leo pharetra, quis semper urna aliquam. Fusce consectetur accumsan augue sit amet iaculis. Suspendisse volutpat urna vitae fermentum eleifend. Maecenas sapien leo, gravida vitae pellentesque quis, efficitur in erat. Maecenas elementum euismod hendrerit. Mauris sagittis massa a orci.',3.17),(90,38,'Lessellamyrn','Lorem ipsum dolor sit amet, consectetur adipiscing elit. Morbi pulvinar pharetra bibendum. Ut eget risus nec risus finibus hendrerit in non tortor. Pellentesque maximus ligula et turpis faucibus cursus. Donec vel nunc metus. Quisque sagittis mattis dui vel varius. Aliquam iaculis interdum lacinia. Nam euismod lectus id maximus sodales. Nam id magna dictum, semper nisl vel, ornare ligula. Sed condimentum metus quis leo pharetra, quis semper urna aliquam. Fusce consectetur accumsan augue sit amet iaculis. Suspendisse volutpat urna vitae fermentum eleifend. Maecenas sapien leo, gravida vitae pellentesque quis, efficitur in erat. Maecenas elementum euismod hendrerit. Mauris sagittis massa a orci.','Lorem ipsum dolor sit amet, consectetur adipiscing elit. Morbi pulvinar pharetra bibendum. Ut eget risus nec risus finibus hendrerit in non tortor. Pellentesque maximus ligula et turpis faucibus cursus. Donec vel nunc metus. Quisque sagittis mattis dui vel varius. Aliquam iaculis interdum lacinia. Nam euismod lectus id maximus sodales. Nam id magna dictum, semper nisl vel, ornare ligula. Sed condimentum metus quis leo pharetra, quis semper urna aliquam. Fusce consectetur accumsan augue sit amet iaculis. Suspendisse volutpat urna vitae fermentum eleifend. Maecenas sapien leo, gravida vitae pellentesque quis, efficitur in erat. Maecenas elementum euismod hendrerit. Mauris sagittis massa a orci.',2.50),(91,51,'Gymlys','Lorem ipsum dolor sit amet, consectetur adipiscing elit. Morbi pulvinar pharetra bibendum. Ut eget risus nec risus finibus hendrerit in non tortor. Pellentesque maximus ligula et turpis faucibus cursus. Donec vel nunc metus. Quisque sagittis mattis dui vel varius. Aliquam iaculis interdum lacinia. Nam euismod lectus id maximus sodales. Nam id magna dictum, semper nisl vel, ornare ligula. Sed condimentum metus quis leo pharetra, quis semper urna aliquam. Fusce consectetur accumsan augue sit amet iaculis. Suspendisse volutpat urna vitae fermentum eleifend. Maecenas sapien leo, gravida vitae pellentesque quis, efficitur in erat. Maecenas elementum euismod hendrerit. Mauris sagittis massa a orci.','Lorem ipsum dolor sit amet, consectetur adipiscing elit. Morbi pulvinar pharetra bibendum. Ut eget risus nec risus finibus hendrerit in non tortor. Pellentesque maximus ligula et turpis faucibus cursus. Donec vel nunc metus. Quisque sagittis mattis dui vel varius. Aliquam iaculis interdum lacinia. Nam euismod lectus id maximus sodales. Nam id magna dictum, semper nisl vel, ornare ligula. Sed condimentum metus quis leo pharetra, quis semper urna aliquam. Fusce consectetur accumsan augue sit amet iaculis. Suspendisse volutpat urna vitae fermentum eleifend. Maecenas sapien leo, gravida vitae pellentesque quis, efficitur in erat. Maecenas elementum euismod hendrerit. Mauris sagittis massa a orci.',2.71),(92,3,'Thasal','Lorem ipsum dolor sit amet, consectetur adipiscing elit. Morbi pulvinar pharetra bibendum. Ut eget risus nec risus finibus hendrerit in non tortor. Pellentesque maximus ligula et turpis faucibus cursus. Donec vel nunc metus. Quisque sagittis mattis dui vel varius. Aliquam iaculis interdum lacinia. Nam euismod lectus id maximus sodales. Nam id magna dictum, semper nisl vel, ornare ligula. Sed condimentum metus quis leo pharetra, quis semper urna aliquam. Fusce consectetur accumsan augue sit amet iaculis. Suspendisse volutpat urna vitae fermentum eleifend. Maecenas sapien leo, gravida vitae pellentesque quis, efficitur in erat. Maecenas elementum euismod hendrerit. Mauris sagittis massa a orci.','Lorem ipsum dolor sit amet, consectetur adipiscing elit. Morbi pulvinar pharetra bibendum. Ut eget risus nec risus finibus hendrerit in non tortor. Pellentesque maximus ligula et turpis faucibus cursus. Donec vel nunc metus. Quisque sagittis mattis dui vel varius. Aliquam iaculis interdum lacinia. Nam euismod lectus id maximus sodales. Nam id magna dictum, semper nisl vel, ornare ligula. Sed condimentum metus quis leo pharetra, quis semper urna aliquam. Fusce consectetur accumsan augue sit amet iaculis. Suspendisse volutpat urna vitae fermentum eleifend. Maecenas sapien leo, gravida vitae pellentesque quis, efficitur in erat. Maecenas elementum euismod hendrerit. Mauris sagittis massa a orci.',4.00),(93,9,'Silurnsellag','Lorem ipsum dolor sit amet, consectetur adipiscing elit. Morbi pulvinar pharetra bibendum. Ut eget risus nec risus finibus hendrerit in non tortor. Pellentesque maximus ligula et turpis faucibus cursus. Donec vel nunc metus. Quisque sagittis mattis dui vel varius. Aliquam iaculis interdum lacinia. Nam euismod lectus id maximus sodales. Nam id magna dictum, semper nisl vel, ornare ligula. Sed condimentum metus quis leo pharetra, quis semper urna aliquam. Fusce consectetur accumsan augue sit amet iaculis. Suspendisse volutpat urna vitae fermentum eleifend. Maecenas sapien leo, gravida vitae pellentesque quis, efficitur in erat. Maecenas elementum euismod hendrerit. Mauris sagittis massa a orci.','Lorem ipsum dolor sit amet, consectetur adipiscing elit. Morbi pulvinar pharetra bibendum. Ut eget risus nec risus finibus hendrerit in non tortor. Pellentesque maximus ligula et turpis faucibus cursus. Donec vel nunc metus. Quisque sagittis mattis dui vel varius. Aliquam iaculis interdum lacinia. Nam euismod lectus id maximus sodales. Nam id magna dictum, semper nisl vel, ornare ligula. Sed condimentum metus quis leo pharetra, quis semper urna aliquam. Fusce consectetur accumsan augue sit amet iaculis. Suspendisse volutpat urna vitae fermentum eleifend. Maecenas sapien leo, gravida vitae pellentesque quis, efficitur in erat. Maecenas elementum euismod hendrerit. Mauris sagittis massa a orci.',3.00),(94,70,'Hallloslysbur','Lorem ipsum dolor sit amet, consectetur adipiscing elit. Morbi pulvinar pharetra bibendum. Ut eget risus nec risus finibus hendrerit in non tortor. Pellentesque maximus ligula et turpis faucibus cursus. Donec vel nunc metus. Quisque sagittis mattis dui vel varius. Aliquam iaculis interdum lacinia. Nam euismod lectus id maximus sodales. Nam id magna dictum, semper nisl vel, ornare ligula. Sed condimentum metus quis leo pharetra, quis semper urna aliquam. Fusce consectetur accumsan augue sit amet iaculis. Suspendisse volutpat urna vitae fermentum eleifend. Maecenas sapien leo, gravida vitae pellentesque quis, efficitur in erat. Maecenas elementum euismod hendrerit. Mauris sagittis massa a orci.','Lorem ipsum dolor sit amet, consectetur adipiscing elit. Morbi pulvinar pharetra bibendum. Ut eget risus nec risus finibus hendrerit in non tortor. Pellentesque maximus ligula et turpis faucibus cursus. Donec vel nunc metus. Quisque sagittis mattis dui vel varius. Aliquam iaculis interdum lacinia. Nam euismod lectus id maximus sodales. Nam id magna dictum, semper nisl vel, ornare ligula. Sed condimentum metus quis leo pharetra, quis semper urna aliquam. Fusce consectetur accumsan augue sit amet iaculis. Suspendisse volutpat urna vitae fermentum eleifend. Maecenas sapien leo, gravida vitae pellentesque quis, efficitur in erat. Maecenas elementum euismod hendrerit. Mauris sagittis massa a orci.',2.60),(95,44,'Ligbir','Lorem ipsum dolor sit amet, consectetur adipiscing elit. Morbi pulvinar pharetra bibendum. Ut eget risus nec risus finibus hendrerit in non tortor. Pellentesque maximus ligula et turpis faucibus cursus. Donec vel nunc metus. Quisque sagittis mattis dui vel varius. Aliquam iaculis interdum lacinia. Nam euismod lectus id maximus sodales. Nam id magna dictum, semper nisl vel, ornare ligula. Sed condimentum metus quis leo pharetra, quis semper urna aliquam. Fusce consectetur accumsan augue sit amet iaculis. Suspendisse volutpat urna vitae fermentum eleifend. Maecenas sapien leo, gravida vitae pellentesque quis, efficitur in erat. Maecenas elementum euismod hendrerit. Mauris sagittis massa a orci.','Lorem ipsum dolor sit amet, consectetur adipiscing elit. Morbi pulvinar pharetra bibendum. Ut eget risus nec risus finibus hendrerit in non tortor. Pellentesque maximus ligula et turpis faucibus cursus. Donec vel nunc metus. Quisque sagittis mattis dui vel varius. Aliquam iaculis interdum lacinia. Nam euismod lectus id maximus sodales. Nam id magna dictum, semper nisl vel, ornare ligula. Sed condimentum metus quis leo pharetra, quis semper urna aliquam. Fusce consectetur accumsan augue sit amet iaculis. Suspendisse volutpat urna vitae fermentum eleifend. Maecenas sapien leo, gravida vitae pellentesque quis, efficitur in erat. Maecenas elementum euismod hendrerit. Mauris sagittis massa a orci.',2.50),(96,43,'Burcylcel','Lorem ipsum dolor sit amet, consectetur adipiscing elit. Morbi pulvinar pharetra bibendum. Ut eget risus nec risus finibus hendrerit in non tortor. Pellentesque maximus ligula et turpis faucibus cursus. Donec vel nunc metus. Quisque sagittis mattis dui vel varius. Aliquam iaculis interdum lacinia. Nam euismod lectus id maximus sodales. Nam id magna dictum, semper nisl vel, ornare ligula. Sed condimentum metus quis leo pharetra, quis semper urna aliquam. Fusce consectetur accumsan augue sit amet iaculis. Suspendisse volutpat urna vitae fermentum eleifend. Maecenas sapien leo, gravida vitae pellentesque quis, efficitur in erat. Maecenas elementum euismod hendrerit. Mauris sagittis massa a orci.','Lorem ipsum dolor sit amet, consectetur adipiscing elit. Morbi pulvinar pharetra bibendum. Ut eget risus nec risus finibus hendrerit in non tortor. Pellentesque maximus ligula et turpis faucibus cursus. Donec vel nunc metus. Quisque sagittis mattis dui vel varius. Aliquam iaculis interdum lacinia. Nam euismod lectus id maximus sodales. Nam id magna dictum, semper nisl vel, ornare ligula. Sed condimentum metus quis leo pharetra, quis semper urna aliquam. Fusce consectetur accumsan augue sit amet iaculis. Suspendisse volutpat urna vitae fermentum eleifend. Maecenas sapien leo, gravida vitae pellentesque quis, efficitur in erat. Maecenas elementum euismod hendrerit. Mauris sagittis massa a orci.',5.00),(97,65,'Narlisho','Lorem ipsum dolor sit amet, consectetur adipiscing elit. Morbi pulvinar pharetra bibendum. Ut eget risus nec risus finibus hendrerit in non tortor. Pellentesque maximus ligula et turpis faucibus cursus. Donec vel nunc metus. Quisque sagittis mattis dui vel varius. Aliquam iaculis interdum lacinia. Nam euismod lectus id maximus sodales. Nam id magna dictum, semper nisl vel, ornare ligula. Sed condimentum metus quis leo pharetra, quis semper urna aliquam. Fusce consectetur accumsan augue sit amet iaculis. Suspendisse volutpat urna vitae fermentum eleifend. Maecenas sapien leo, gravida vitae pellentesque quis, efficitur in erat. Maecenas elementum euismod hendrerit. Mauris sagittis massa a orci.','Lorem ipsum dolor sit amet, consectetur adipiscing elit. Morbi pulvinar pharetra bibendum. Ut eget risus nec risus finibus hendrerit in non tortor. Pellentesque maximus ligula et turpis faucibus cursus. Donec vel nunc metus. Quisque sagittis mattis dui vel varius. Aliquam iaculis interdum lacinia. Nam euismod lectus id maximus sodales. Nam id magna dictum, semper nisl vel, ornare ligula. Sed condimentum metus quis leo pharetra, quis semper urna aliquam. Fusce consectetur accumsan augue sit amet iaculis. Suspendisse volutpat urna vitae fermentum eleifend. Maecenas sapien leo, gravida vitae pellentesque quis, efficitur in erat. Maecenas elementum euismod hendrerit. Mauris sagittis massa a orci.',4.00),(98,32,'Hosal','Lorem ipsum dolor sit amet, consectetur adipiscing elit. Morbi pulvinar pharetra bibendum. Ut eget risus nec risus finibus hendrerit in non tortor. Pellentesque maximus ligula et turpis faucibus cursus. Donec vel nunc metus. Quisque sagittis mattis dui vel varius. Aliquam iaculis interdum lacinia. Nam euismod lectus id maximus sodales. Nam id magna dictum, semper nisl vel, ornare ligula. Sed condimentum metus quis leo pharetra, quis semper urna aliquam. Fusce consectetur accumsan augue sit amet iaculis. Suspendisse volutpat urna vitae fermentum eleifend. Maecenas sapien leo, gravida vitae pellentesque quis, efficitur in erat. Maecenas elementum euismod hendrerit. Mauris sagittis massa a orci.','Lorem ipsum dolor sit amet, consectetur adipiscing elit. Morbi pulvinar pharetra bibendum. Ut eget risus nec risus finibus hendrerit in non tortor. Pellentesque maximus ligula et turpis faucibus cursus. Donec vel nunc metus. Quisque sagittis mattis dui vel varius. Aliquam iaculis interdum lacinia. Nam euismod lectus id maximus sodales. Nam id magna dictum, semper nisl vel, ornare ligula. Sed condimentum metus quis leo pharetra, quis semper urna aliquam. Fusce consectetur accumsan augue sit amet iaculis. Suspendisse volutpat urna vitae fermentum eleifend. Maecenas sapien leo, gravida vitae pellentesque quis, efficitur in erat. Maecenas elementum euismod hendrerit. Mauris sagittis massa a orci.',3.50),(99,27,'Liscal','Lorem ipsum dolor sit amet, consectetur adipiscing elit. Morbi pulvinar pharetra bibendum. Ut eget risus nec risus finibus hendrerit in non tortor. Pellentesque maximus ligula et turpis faucibus cursus. Donec vel nunc metus. Quisque sagittis mattis dui vel varius. Aliquam iaculis interdum lacinia. Nam euismod lectus id maximus sodales. Nam id magna dictum, semper nisl vel, ornare ligula. Sed condimentum metus quis leo pharetra, quis semper urna aliquam. Fusce consectetur accumsan augue sit amet iaculis. Suspendisse volutpat urna vitae fermentum eleifend. Maecenas sapien leo, gravida vitae pellentesque quis, efficitur in erat. Maecenas elementum euismod hendrerit. Mauris sagittis massa a orci.','Lorem ipsum dolor sit amet, consectetur adipiscing elit. Morbi pulvinar pharetra bibendum. Ut eget risus nec risus finibus hendrerit in non tortor. Pellentesque maximus ligula et turpis faucibus cursus. Donec vel nunc metus. Quisque sagittis mattis dui vel varius. Aliquam iaculis interdum lacinia. Nam euismod lectus id maximus sodales. Nam id magna dictum, semper nisl vel, ornare ligula. Sed condimentum metus quis leo pharetra, quis semper urna aliquam. Fusce consectetur accumsan augue sit amet iaculis. Suspendisse volutpat urna vitae fermentum eleifend. Maecenas sapien leo, gravida vitae pellentesque quis, efficitur in erat. Maecenas elementum euismod hendrerit. Mauris sagittis massa a orci.',4.40),(100,34,'Sulbarmornar','Lorem ipsum dolor sit amet, consectetur adipiscing elit. Morbi pulvinar pharetra bibendum. Ut eget risus nec risus finibus hendrerit in non tortor. Pellentesque maximus ligula et turpis faucibus cursus. Donec vel nunc metus. Quisque sagittis mattis dui vel varius. Aliquam iaculis interdum lacinia. Nam euismod lectus id maximus sodales. Nam id magna dictum, semper nisl vel, ornare ligula. Sed condimentum metus quis leo pharetra, quis semper urna aliquam. Fusce consectetur accumsan augue sit amet iaculis. Suspendisse volutpat urna vitae fermentum eleifend. Maecenas sapien leo, gravida vitae pellentesque quis, efficitur in erat. Maecenas elementum euismod hendrerit. Mauris sagittis massa a orci.','Lorem ipsum dolor sit amet, consectetur adipiscing elit. Morbi pulvinar pharetra bibendum. Ut eget risus nec risus finibus hendrerit in non tortor. Pellentesque maximus ligula et turpis faucibus cursus. Donec vel nunc metus. Quisque sagittis mattis dui vel varius. Aliquam iaculis interdum lacinia. Nam euismod lectus id maximus sodales. Nam id magna dictum, semper nisl vel, ornare ligula. Sed condimentum metus quis leo pharetra, quis semper urna aliquam. Fusce consectetur accumsan augue sit amet iaculis. Suspendisse volutpat urna vitae fermentum eleifend. Maecenas sapien leo, gravida vitae pellentesque quis, efficitur in erat. Maecenas elementum euismod hendrerit. Mauris sagittis massa a orci.',3.00);
/*!40000 ALTER TABLE `Recipe` ENABLE KEYS */;
UNLOCK TABLES;

--
-- Table structure for table `RecipeIngredient`
--

DROP TABLE IF EXISTS `RecipeIngredient`;
/*!40101 SET @saved_cs_client     = @@character_set_client */;
 SET character_set_client = utf8mb4 ;
CREATE TABLE `RecipeIngredient` (
  `id` int(11) NOT NULL AUTO_INCREMENT,
  `id_Recipe` int(11) NOT NULL,
  `id_Ingredient` int(11) NOT NULL,
  `id_QuantityUnit` int(11) NOT NULL,
  `totalQuantity` int(11) NOT NULL DEFAULT '1',
  PRIMARY KEY (`id`),
  UNIQUE KEY `UC_RecipeIngredient` (`id_Recipe`,`id_Ingredient`),
  KEY `id_Ingredient` (`id_Ingredient`),
  KEY `id_QuantityUnit` (`id_QuantityUnit`),
  CONSTRAINT `RecipeIngredient_ibfk_1` FOREIGN KEY (`id_Recipe`) REFERENCES `Recipe` (`id`),
  CONSTRAINT `RecipeIngredient_ibfk_2` FOREIGN KEY (`id_Ingredient`) REFERENCES `Ingredient` (`id`),
  CONSTRAINT `RecipeIngredient_ibfk_3` FOREIGN KEY (`id_QuantityUnit`) REFERENCES `QuantityUnit` (`id`)
) ENGINE=InnoDB AUTO_INCREMENT=774 DEFAULT CHARSET=utf8mb4 COLLATE=utf8mb4_0900_ai_ci;
/*!40101 SET character_set_client = @saved_cs_client */;

--
-- Dumping data for table `RecipeIngredient`
--

LOCK TABLES `RecipeIngredient` WRITE;
/*!40000 ALTER TABLE `RecipeIngredient` DISABLE KEYS */;
INSERT INTO `RecipeIngredient` VALUES (1,1,64,8,1),(2,1,87,3,9),(3,1,24,1,6),(4,1,18,2,4),(5,1,1,11,2),(6,1,52,13,8),(7,1,70,4,10),(8,1,36,13,6),(9,1,100,12,5),(10,2,7,9,7),(11,2,84,13,10),(12,2,87,4,4),(13,2,83,10,2),(14,2,28,8,10),(15,2,72,6,7),(16,2,40,9,2),(17,2,70,5,5),(18,3,20,13,3),(19,3,77,11,5),(20,3,25,13,3),(21,3,19,12,1),(22,3,85,10,7),(23,3,76,10,3),(24,3,70,1,9),(25,3,8,10,8),(26,3,6,7,6),(27,4,35,8,10),(28,4,58,5,8),(29,4,85,10,5),(30,4,99,3,4),(31,4,90,4,8),(32,4,59,9,6),(33,4,54,3,6),(34,4,10,7,3),(35,4,7,9,8),(36,4,47,5,1),(37,5,47,5,7),(38,5,66,12,6),(39,5,1,10,5),(40,5,12,10,1),(41,5,29,4,7),(42,5,86,7,10),(43,5,9,3,10),(44,5,21,1,4),(45,5,73,2,1),(46,6,72,5,5),(47,6,65,1,1),(48,6,67,1,5),(49,6,19,9,2),(50,6,57,6,7),(51,6,45,4,4),(52,6,6,3,1),(53,6,93,1,6),(54,7,41,4,3),(55,7,98,6,8),(56,7,61,5,4),(57,7,18,2,9),(58,7,63,2,1),(59,7,71,11,9),(60,7,85,11,9),(61,7,12,10,4),(62,7,11,3,5),(63,7,89,5,10),(64,8,24,6,4),(65,8,41,5,3),(66,8,72,1,2),(67,8,79,12,3),(68,8,89,6,4),(69,8,99,6,4),(70,8,4,7,9),(71,8,76,9,8),(72,9,26,2,6),(73,9,51,9,5),(74,9,55,5,10),(75,9,76,8,4),(76,9,77,8,6),(77,9,13,12,7),(78,9,65,4,7),(79,10,38,11,9),(80,10,45,7,9),(81,10,5,11,9),(82,10,51,11,8),(83,10,82,5,2),(84,11,9,4,1),(85,11,46,11,3),(86,11,24,3,8),(87,11,92,1,3),(88,11,86,3,5),(89,11,31,10,4),(90,11,49,9,8),(91,11,41,5,10),(92,11,66,11,8),(93,12,39,3,3),(94,12,29,1,10),(95,12,76,10,5),(96,12,4,5,6),(97,12,69,1,1),(98,12,42,6,3),(99,12,21,7,7),(100,13,81,11,1),(101,13,37,1,2),(102,13,42,1,9),(103,13,69,7,3),(104,13,61,1,2),(105,13,92,5,3),(106,13,24,2,5),(107,13,12,8,1),(108,13,98,3,5),(109,14,31,8,4),(110,14,79,9,9),(111,14,24,5,5),(112,14,39,7,10),(113,14,51,11,9),(114,14,94,2,5),(115,14,63,1,10),(116,14,50,7,1),(117,14,19,10,3),(118,15,17,12,5),(119,15,19,11,7),(120,15,56,8,3),(121,15,100,9,3),(122,15,7,10,10),(123,15,20,13,5),(124,15,10,5,2),(125,15,86,7,10),(126,16,39,3,1),(127,16,72,7,1),(128,16,58,4,1),(129,16,9,4,7),(130,16,15,12,4),(131,16,1,9,4),(132,16,24,4,2),(133,16,68,10,2),(134,16,35,9,10),(135,17,62,6,2),(136,17,65,3,5),(137,17,63,7,8),(138,17,29,1,9),(139,17,51,8,4),(140,17,30,6,2),(141,17,83,11,4),(142,18,41,2,4),(143,18,91,1,4),(144,18,34,6,10),(145,18,85,10,8),(146,18,96,7,2),(147,18,90,1,9),(148,18,77,8,5),(149,18,63,7,7),(150,19,83,12,8),(151,19,85,12,6),(152,19,13,8,4),(153,19,63,4,9),(154,19,6,5,9),(155,19,16,8,3),(156,20,18,4,7),(157,20,33,3,6),(158,20,1,12,2),(159,20,63,1,8),(160,20,42,2,2),(161,20,60,11,9),(162,20,61,4,6),(163,20,81,9,4),(164,21,48,9,8),(165,21,97,2,8),(166,21,14,2,4),(167,21,80,10,4),(168,21,79,12,10),(169,21,55,2,9),(170,21,93,7,7),(171,21,16,12,2),(172,21,51,11,6),(173,21,22,3,4),(174,22,23,9,7),(175,22,24,2,6),(176,22,95,11,4),(177,22,91,1,1),(178,22,65,2,6),(179,22,49,8,1),(180,22,32,7,1),(181,22,11,1,7),(182,22,96,6,3),(183,22,92,3,6),(184,23,6,6,4),(185,23,55,1,4),(186,23,37,5,7),(187,23,39,1,6),(188,23,75,7,1),(189,23,56,9,10),(190,23,26,3,3),(191,24,97,7,2),(192,24,16,12,5),(193,24,19,12,4),(194,24,34,1,6),(195,24,78,4,1),(196,24,8,12,6),(197,24,71,12,6),(198,24,72,1,5),(199,24,45,3,5),(200,24,70,4,10),(201,25,43,9,10),(202,25,31,10,3),(203,25,91,3,4),(204,25,65,3,9),(205,25,62,7,3),(206,25,11,1,4),(207,25,83,10,8),(208,26,5,11,4),(209,26,78,3,5),(210,26,28,12,1),(211,26,25,13,4),(212,26,26,5,8),(213,26,100,10,4),(214,26,82,5,7),(215,27,21,3,7),(216,27,7,12,3),(217,27,37,2,4),(218,27,18,6,9),(219,27,42,4,4),(220,28,39,2,10),(221,28,75,2,8),(222,28,9,5,3),(223,28,33,4,4),(224,28,93,4,7),(225,28,23,8,4),(226,29,53,11,3),(227,29,28,11,10),(228,29,37,5,6),(229,29,16,10,8),(230,29,27,7,4),(231,29,22,6,3),(232,30,74,8,9),(233,30,31,12,5),(234,30,87,4,4),(235,30,61,6,2),(236,30,52,13,9),(237,30,45,3,2),(238,31,52,13,2),(239,31,37,5,7),(240,31,79,8,4),(241,31,84,13,2),(242,31,99,5,3),(243,31,97,5,4),(244,31,93,2,9),(245,31,40,9,7),(246,31,45,5,10),(247,32,30,1,8),(248,32,23,10,4),(249,32,89,6,3),(250,32,66,9,8),(251,32,97,2,2),(252,33,12,9,5),(253,33,21,4,2),(254,33,49,8,4),(255,33,51,9,2),(256,33,54,3,7),(257,33,45,7,6),(258,33,58,2,4),(259,33,72,3,2),(260,33,43,9,7),(261,34,74,12,1),(262,34,42,1,9),(263,34,88,2,1),(264,34,79,10,8),(265,34,73,7,7),(266,34,56,9,5),(267,34,18,7,2),(268,34,29,2,4),(269,35,36,13,5),(270,35,95,8,8),(271,35,71,8,4),(272,35,85,12,3),(273,35,32,6,8),(274,35,20,13,2),(275,35,6,1,7),(276,35,31,8,4),(277,35,14,3,3),(278,35,68,8,4),(279,36,19,11,3),(280,36,35,12,1),(281,36,84,13,9),(282,36,65,5,4),(283,36,37,1,6),(284,36,71,10,7),(285,37,39,4,7),(286,37,16,9,1),(287,37,90,5,1),(288,37,71,10,6),(289,37,61,5,4),(290,37,6,5,1),(291,38,65,1,7),(292,38,91,3,5),(293,38,12,12,8),(294,38,71,9,7),(295,38,14,7,9),(296,38,96,6,3),(297,38,81,10,8),(298,38,20,13,3),(299,38,86,1,10),(300,38,3,8,6),(301,39,51,8,4),(302,39,57,4,1),(303,39,55,5,7),(304,39,81,12,1),(305,39,26,2,2),(306,39,34,7,2),(307,39,37,7,2),(308,40,97,7,6),(309,40,25,13,4),(310,40,64,8,5),(311,40,82,4,7),(312,40,46,9,7),(313,40,72,3,2),(314,40,39,7,9),(315,40,50,5,9),(316,41,11,6,9),(317,41,79,10,9),(318,41,60,12,7),(319,41,20,13,4),(320,41,67,7,3),(321,42,8,12,3),(322,42,23,11,9),(323,42,76,8,7),(324,42,48,12,9),(325,42,81,12,10),(326,42,6,2,6),(327,42,72,6,4),(328,42,86,2,2),(329,43,7,8,5),(330,43,66,9,4),(331,43,16,10,7),(332,43,30,3,8),(333,43,35,8,7),(334,43,52,13,2),(335,43,47,5,4),(336,44,65,1,6),(337,44,1,9,6),(338,44,21,5,1),(339,44,74,8,5),(340,44,12,11,8),(341,44,79,11,7),(342,44,4,4,4),(343,44,69,1,10),(344,44,30,6,3),(345,45,26,5,1),(346,45,53,9,10),(347,45,28,9,10),(348,45,11,2,7),(349,45,52,13,7),(350,45,86,2,7),(351,45,20,13,8),(352,46,13,9,7),(353,46,99,4,5),(354,46,19,8,9),(355,46,34,2,9),(356,46,87,5,10),(357,46,90,7,9),(358,46,78,2,1),(359,46,32,3,9),(360,46,93,2,5),(361,46,61,5,4),(362,47,45,1,4),(363,47,17,8,10),(364,47,59,9,10),(365,47,97,2,4),(366,47,44,12,7),(367,48,93,2,3),(368,48,74,9,8),(369,48,35,11,8),(370,48,30,5,7),(371,48,6,7,7),(372,48,55,1,4),(373,48,75,3,5),(374,48,53,9,1),(375,48,44,9,1),(376,48,57,7,3),(377,49,76,10,7),(378,49,92,6,3),(379,49,50,6,7),(380,49,13,9,3),(381,49,18,7,7),(382,49,36,13,8),(383,49,63,7,10),(384,49,100,10,10),(385,49,53,10,5),(386,50,81,12,6),(387,50,90,5,5),(388,50,21,6,6),(389,50,50,2,8),(390,50,34,2,2),(391,50,100,9,10),(392,50,22,6,7),(393,50,97,6,10),(394,51,23,8,6),(395,51,76,8,6),(396,51,83,9,2),(397,51,7,11,3),(398,51,95,8,3),(399,51,37,4,3),(400,52,99,4,8),(401,52,90,4,5),(402,52,9,6,10),(403,52,55,6,1),(404,52,59,9,2),(405,52,89,5,1),(406,52,94,2,9),(407,53,53,10,1),(408,53,89,1,5),(409,53,44,8,2),(410,53,57,7,6),(411,53,90,1,7),(412,53,21,2,8),(413,54,34,5,5),(414,54,91,4,6),(415,54,11,6,8),(416,54,80,10,9),(417,54,1,8,5),(418,54,87,4,3),(419,54,47,6,2),(420,55,20,13,1),(421,55,33,5,9),(422,55,15,10,5),(423,55,72,4,8),(424,55,82,6,9),(425,55,100,10,9),(426,55,94,4,5),(427,55,31,11,8),(428,55,29,3,7),(429,55,30,6,5),(430,56,29,2,3),(431,56,30,3,1),(432,56,17,9,6),(433,56,57,4,9),(434,56,40,11,1),(435,56,35,10,4),(436,56,1,12,6),(437,56,10,6,7),(438,57,43,9,6),(439,57,95,12,2),(440,57,45,6,1),(441,57,8,10,7),(442,57,33,7,1),(443,58,1,9,7),(444,58,98,3,8),(445,58,61,3,9),(446,58,21,7,2),(447,58,52,13,4),(448,58,66,9,7),(449,58,44,12,4),(450,59,44,8,3),(451,59,37,6,5),(452,59,16,10,2),(453,59,87,1,9),(454,59,50,5,6),(455,59,71,9,2),(456,59,43,11,9),(457,60,71,10,5),(458,60,22,6,6),(459,60,1,12,8),(460,60,82,4,6),(461,60,68,12,9),(462,60,10,5,3),(463,60,46,11,8),(464,61,26,3,10),(465,61,43,8,3),(466,61,71,8,8),(467,61,69,7,3),(468,61,44,11,7),(469,61,45,5,9),(470,61,68,8,7),(471,61,79,8,8),(472,61,1,9,9),(473,61,97,3,5),(474,62,98,1,10),(475,62,39,4,10),(476,62,19,12,2),(477,62,55,3,3),(478,62,10,7,4),(479,62,72,2,1),(480,62,43,9,5),(481,63,52,13,10),(482,63,5,12,1),(483,63,16,12,10),(484,63,17,12,8),(485,63,21,5,1),(486,64,97,4,5),(487,64,14,6,2),(488,64,57,5,7),(489,64,6,1,4),(490,64,56,9,6),(491,64,45,2,9),(492,65,82,6,1),(493,65,19,8,1),(494,65,36,13,1),(495,65,20,13,9),(496,65,39,7,4),(497,65,53,12,8),(498,66,43,9,9),(499,66,82,6,2),(500,66,95,9,1),(501,66,4,2,9),(502,66,44,11,3),(503,66,15,8,5),(504,66,16,10,1),(505,66,88,5,4),(506,66,27,4,2),(507,67,56,9,10),(508,67,62,1,8),(509,67,35,9,3),(510,67,32,4,5),(511,67,84,13,5),(512,68,3,9,10),(513,68,48,9,7),(514,68,83,11,6),(515,68,87,3,5),(516,68,22,3,10),(517,68,92,2,7),(518,68,81,8,3),(519,68,20,13,8),(520,68,86,5,1),(521,69,12,8,10),(522,69,97,7,1),(523,69,14,5,4),(524,69,55,6,8),(525,69,16,11,3),(526,70,7,11,2),(527,70,1,10,8),(528,70,63,3,3),(529,70,40,9,2),(530,70,91,7,10),(531,70,22,6,6),(532,70,10,3,9),(533,70,5,10,2),(534,70,45,6,5),(535,70,72,2,4),(536,71,28,12,8),(537,71,51,11,8),(538,71,81,11,8),(539,71,64,9,3),(540,71,53,8,4),(541,71,57,4,7),(542,71,84,13,9),(543,71,66,12,6),(544,71,87,2,10),(545,71,61,3,10),(546,72,22,2,7),(547,72,73,7,3),(548,72,60,11,5),(549,72,80,10,6),(550,72,16,12,6),(551,73,48,9,6),(552,73,45,2,9),(553,73,14,4,10),(554,73,12,9,4),(555,73,88,6,2),(556,74,54,3,1),(557,74,75,5,10),(558,74,23,8,10),(559,74,91,2,6),(560,74,88,6,10),(561,74,98,7,9),(562,74,16,9,10),(563,74,35,8,8),(564,74,4,7,10),(565,74,8,10,10),(566,75,33,5,4),(567,75,34,3,3),(568,75,45,3,7),(569,75,14,4,4),(570,75,47,2,6),(571,75,62,3,4),(572,75,68,12,6),(573,75,49,10,1),(574,76,84,13,8),(575,76,66,12,6),(576,76,65,2,7),(577,76,74,10,9),(578,76,78,7,8),(579,76,32,7,8),(580,76,26,5,3),(581,76,7,9,9),(582,77,7,8,2),(583,77,26,1,1),(584,77,54,1,1),(585,77,82,3,10),(586,77,46,12,1),(587,78,44,12,3),(588,78,60,8,2),(589,78,75,6,10),(590,78,74,11,6),(591,78,72,1,2),(592,78,24,3,9),(593,78,12,8,4),(594,78,78,3,3),(595,78,63,6,2),(596,78,81,12,6),(597,79,56,10,9),(598,79,84,13,7),(599,79,70,2,2),(600,79,55,7,2),(601,79,73,6,9),(602,79,60,11,2),(603,80,22,4,6),(604,80,49,9,4),(605,80,10,3,3),(606,80,58,4,8),(607,80,47,5,1),(608,80,36,13,8),(609,80,20,13,7),(610,80,43,10,10),(611,80,90,7,3),(612,80,69,4,6),(613,81,81,11,2),(614,81,19,12,8),(615,81,12,9,1),(616,81,7,12,7),(617,81,9,4,6),(618,81,39,3,3),(619,81,65,3,1),(620,81,78,2,2),(621,82,27,4,9),(622,82,21,2,4),(623,82,42,3,2),(624,82,9,6,10),(625,82,35,10,2),(626,82,49,11,9),(627,82,12,10,5),(628,82,32,5,6),(629,82,94,4,5),(630,82,25,13,4),(631,83,86,6,6),(632,83,3,9,6),(633,83,33,6,6),(634,83,68,8,2),(635,83,97,3,1),(636,83,50,4,8),(637,84,14,1,7),(638,84,83,12,9),(639,84,12,12,8),(640,84,15,10,6),(641,84,63,3,3),(642,84,97,2,5),(643,84,29,7,7),(644,84,33,5,10),(645,84,42,2,5),(646,85,24,7,6),(647,85,20,13,3),(648,85,5,12,6),(649,85,64,10,2),(650,85,28,11,3),(651,85,17,9,6),(652,85,31,12,3),(653,85,91,2,3),(654,85,67,5,9),(655,85,60,10,5),(656,86,34,2,7),(657,86,86,6,1),(658,86,10,4,7),(659,86,46,12,9),(660,86,77,12,9),(661,86,65,5,3),(662,86,36,13,3),(663,87,53,11,1),(664,87,21,5,9),(665,87,54,1,3),(666,87,99,5,5),(667,87,22,5,3),(668,87,36,13,10),(669,87,83,9,10),(670,88,54,2,5),(671,88,59,11,2),(672,88,82,6,4),(673,88,35,12,3),(674,88,81,10,7),(675,88,50,3,10),(676,88,23,10,7),(677,88,38,8,7),(678,88,90,4,6),(679,88,89,1,7),(680,89,41,5,1),(681,89,100,10,7),(682,89,47,7,6),(683,89,85,10,4),(684,89,18,3,8),(685,90,70,7,6),(686,90,76,12,3),(687,90,100,11,5),(688,90,18,1,5),(689,90,66,9,7),(690,90,92,5,2),(691,90,59,11,7),(692,90,99,3,3),(693,90,74,9,10),(694,91,87,5,5),(695,91,82,1,4),(696,91,92,1,8),(697,91,78,7,4),(698,91,83,11,1),(699,91,44,9,7),(700,91,43,10,9),(701,91,22,2,8),(702,92,24,3,2),(703,92,45,6,8),(704,92,74,12,3),(705,92,52,13,4),(706,92,22,7,9),(707,92,55,1,8),(708,93,63,4,6),(709,93,22,6,5),(710,93,47,1,5),(711,93,72,3,4),(712,93,37,7,9),(713,93,2,12,6),(714,93,70,3,6),(715,94,92,4,9),(716,94,87,1,4),(717,94,7,8,9),(718,94,25,13,8),(719,94,34,1,3),(720,94,61,4,2),(721,94,46,11,6),(722,94,94,7,7),(723,94,53,8,10),(724,95,86,4,2),(725,95,28,10,1),(726,95,11,7,2),(727,95,17,10,9),(728,95,50,4,5),(729,95,40,12,8),(730,95,42,1,7),(731,95,98,4,5),(732,95,41,5,10),(733,95,44,11,4),(734,96,60,12,7),(735,96,45,4,6),(736,96,69,1,9),(737,96,55,2,2),(738,96,16,9,1),(739,96,31,10,1),(740,97,22,5,1),(741,97,95,11,5),(742,97,19,9,7),(743,97,7,9,7),(744,97,39,4,5),(745,97,61,6,6),(746,97,45,2,7),(747,97,37,3,2),(748,97,63,2,4),(749,97,90,3,3),(750,98,11,2,3),(751,98,54,5,2),(752,98,34,6,2),(753,98,29,1,2),(754,98,60,10,6),(755,98,24,5,4),(756,98,69,1,3),(757,98,58,5,2),(758,98,89,6,2),(759,99,14,6,3),(760,99,98,7,6),(761,99,41,1,10),(762,99,17,8,1),(763,99,65,3,5),(764,99,23,10,4),(765,100,70,2,3),(766,100,24,7,10),(767,100,25,13,8),(768,100,99,1,1),(769,100,94,2,8),(770,100,47,3,4),(771,100,73,5,5),(772,100,27,3,4),(773,100,12,8,8);
/*!40000 ALTER TABLE `RecipeIngredient` ENABLE KEYS */;
UNLOCK TABLES;

--
-- Table structure for table `User`
--

DROP TABLE IF EXISTS `User`;
/*!40101 SET @saved_cs_client     = @@character_set_client */;
 SET character_set_client = utf8mb4 ;
CREATE TABLE `User` (
  `id` int(11) NOT NULL AUTO_INCREMENT,
  `username` varchar(20) NOT NULL,
  `bio` varchar(100) DEFAULT NULL,
  PRIMARY KEY (`id`),
  UNIQUE KEY `username` (`username`)
) ENGINE=InnoDB AUTO_INCREMENT=101 DEFAULT CHARSET=utf8mb4 COLLATE=utf8mb4_0900_ai_ci COMMENT='Quick user infos.';
/*!40101 SET character_set_client = @saved_cs_client */;

--
-- Dumping data for table `User`
--

LOCK TABLES `User` WRITE;
/*!40000 ALTER TABLE `User` DISABLE KEYS */;
INSERT INTO `User` VALUES (1,'Hogym','Lorem ipsum dolor sit amet, consectetur adipiscing elit. '),(2,'Celloggimbur','Lorem ipsum dolor sit amet, consectetur adipiscing elit. '),(3,'Laglesgim','Lorem ipsum dolor sit amet, consectetur adipiscing elit. '),(4,'Sylcyllis','Lorem ipsum dolor sit amet, consectetur adipiscing elit. '),(5,'Morbir','Lorem ipsum dolor sit amet, consectetur adipiscing elit. '),(6,'Limgem','Lorem ipsum dolor sit amet, consectetur adipiscing elit. '),(7,'Silgimculnir','Lorem ipsum dolor sit amet, consectetur adipiscing elit. '),(8,'Narmar','Lorem ipsum dolor sit amet, consectetur adipiscing elit. '),(9,'Solgamberthi','Lorem ipsum dolor sit amet, consectetur adipiscing elit. '),(10,'Cyllig','Lorem ipsum dolor sit amet, consectetur adipiscing elit. '),(11,'Thalomorn','Lorem ipsum dolor sit amet, consectetur adipiscing elit. '),(12,'Rluggum','Lorem ipsum dolor sit amet, consectetur adipiscing elit. '),(13,'Ornbar','Lorem ipsum dolor sit amet, consectetur adipiscing elit. '),(14,'Merhosyl','Lorem ipsum dolor sit amet, consectetur adipiscing elit. '),(15,'Callisthunir','Lorem ipsum dolor sit amet, consectetur adipiscing elit. '),(16,'Thaligber','Lorem ipsum dolor sit amet, consectetur adipiscing elit. '),(17,'Limbarmar','Lorem ipsum dolor sit amet, consectetur adipiscing elit. '),(18,'Lishalllumcal','Lorem ipsum dolor sit amet, consectetur adipiscing elit. '),(19,'Berthe','Lorem ipsum dolor sit amet, consectetur adipiscing elit. '),(20,'Hathulemhe','Lorem ipsum dolor sit amet, consectetur adipiscing elit. '),(21,'Colmorhi','Lorem ipsum dolor sit amet, consectetur adipiscing elit. '),(22,'Salthalegorn','Lorem ipsum dolor sit amet, consectetur adipiscing elit. '),(23,'Birmircyl','Lorem ipsum dolor sit amet, consectetur adipiscing elit. '),(24,'Bermor','Lorem ipsum dolor sit amet, consectetur adipiscing elit. '),(25,'Morlag','Lorem ipsum dolor sit amet, consectetur adipiscing elit. '),(26,'Barbirorn','Lorem ipsum dolor sit amet, consectetur adipiscing elit. '),(27,'Burmir','Lorem ipsum dolor sit amet, consectetur adipiscing elit. '),(28,'Humarhamur','Lorem ipsum dolor sit amet, consectetur adipiscing elit. '),(29,'Leglam','Lorem ipsum dolor sit amet, consectetur adipiscing elit. '),(30,'Hugimirn','Lorem ipsum dolor sit amet, consectetur adipiscing elit. '),(31,'Berburthamur','Lorem ipsum dolor sit amet, consectetur adipiscing elit. '),(32,'Lasloglum','Lorem ipsum dolor sit amet, consectetur adipiscing elit. '),(33,'Gomlamthi','Lorem ipsum dolor sit amet, consectetur adipiscing elit. '),(34,'Narmarborern','Lorem ipsum dolor sit amet, consectetur adipiscing elit. '),(35,'Lomlos','Lorem ipsum dolor sit amet, consectetur adipiscing elit. '),(36,'Urnlasho','Lorem ipsum dolor sit amet, consectetur adipiscing elit. '),(37,'Hical','Lorem ipsum dolor sit amet, consectetur adipiscing elit. '),(38,'Hisol','Lorem ipsum dolor sit amet, consectetur adipiscing elit. '),(39,'Leshe','Lorem ipsum dolor sit amet, consectetur adipiscing elit. '),(40,'Gumsalculsil','Lorem ipsum dolor sit amet, consectetur adipiscing elit. '),(41,'Morcalsul','Lorem ipsum dolor sit amet, consectetur adipiscing elit. '),(42,'Barlugha','Lorem ipsum dolor sit amet, consectetur adipiscing elit. '),(43,'Salhu','Lorem ipsum dolor sit amet, consectetur adipiscing elit. '),(44,'Celmorgember','Lorem ipsum dolor sit amet, consectetur adipiscing elit. '),(45,'Byrhebyr','Lorem ipsum dolor sit amet, consectetur adipiscing elit. '),(46,'Birhogim','Lorem ipsum dolor sit amet, consectetur adipiscing elit. '),(47,'Helisloshi','Lorem ipsum dolor sit amet, consectetur adipiscing elit. '),(48,'Syllas','Lorem ipsum dolor sit amet, consectetur adipiscing elit. '),(49,'Gymcalhober','Lorem ipsum dolor sit amet, consectetur adipiscing elit. '),(50,'Gimcullegirn','Lorem ipsum dolor sit amet, consectetur adipiscing elit. '),(51,'Borlessil','Lorem ipsum dolor sit amet, consectetur adipiscing elit. '),(52,'Thitha','Lorem ipsum dolor sit amet, consectetur adipiscing elit. '),(53,'Cylcelnor','Lorem ipsum dolor sit amet, consectetur adipiscing elit. '),(54,'Borbyrhulys','Lorem ipsum dolor sit amet, consectetur adipiscing elit. '),(55,'Loglistha','Lorem ipsum dolor sit amet, consectetur adipiscing elit. '),(56,'Silbartha','Lorem ipsum dolor sit amet, consectetur adipiscing elit. '),(57,'Orncilbirgom','Lorem ipsum dolor sit amet, consectetur adipiscing elit. '),(58,'Lasnormer','Lorem ipsum dolor sit amet, consectetur adipiscing elit. '),(59,'Lumsolthalig','Lorem ipsum dolor sit amet, consectetur adipiscing elit. '),(60,'Burlyscul','Lorem ipsum dolor sit amet, consectetur adipiscing elit. '),(61,'Murgomhellhi','Lorem ipsum dolor sit amet, consectetur adipiscing elit. '),(62,'Thatheluslag','Lorem ipsum dolor sit amet, consectetur adipiscing elit. '),(63,'Lyshallluslam','Lorem ipsum dolor sit amet, consectetur adipiscing elit. '),(64,'Mirborcil','Lorem ipsum dolor sit amet, consectetur adipiscing elit. '),(65,'Nircalbur','Lorem ipsum dolor sit amet, consectetur adipiscing elit. '),(66,'Barlugarn','Lorem ipsum dolor sit amet, consectetur adipiscing elit. '),(67,'Gimcul','Lorem ipsum dolor sit amet, consectetur adipiscing elit. '),(68,'Thulam','Lorem ipsum dolor sit amet, consectetur adipiscing elit. '),(69,'Hecolha','Lorem ipsum dolor sit amet, consectetur adipiscing elit. '),(70,'Ornmur','Lorem ipsum dolor sit amet, consectetur adipiscing elit. '),(71,'Lamber','Lorem ipsum dolor sit amet, consectetur adipiscing elit. '),(72,'Sulleshe','Lorem ipsum dolor sit amet, consectetur adipiscing elit. '),(73,'Lomlember','Lorem ipsum dolor sit amet, consectetur adipiscing elit. '),(74,'Loscal','Lorem ipsum dolor sit amet, consectetur adipiscing elit. '),(75,'Calornthilog','Lorem ipsum dolor sit amet, consectetur adipiscing elit. '),(76,'Limlesgam','Lorem ipsum dolor sit amet, consectetur adipiscing elit. '),(77,'Thigomcul','Lorem ipsum dolor sit amet, consectetur adipiscing elit. '),(78,'Laglyslomlis','Lorem ipsum dolor sit amet, consectetur adipiscing elit. '),(79,'Erngomlig','Lorem ipsum dolor sit amet, consectetur adipiscing elit. '),(80,'Gamlusmorcol','Lorem ipsum dolor sit amet, consectetur adipiscing elit. '),(81,'Syllag','Lorem ipsum dolor sit amet, consectetur adipiscing elit. '),(82,'Hothoirnlug','Lorem ipsum dolor sit amet, consectetur adipiscing elit. '),(83,'Hesolmar','Lorem ipsum dolor sit amet, consectetur adipiscing elit. '),(84,'Lugcul','Lorem ipsum dolor sit amet, consectetur adipiscing elit. '),(85,'Thicolthu','Lorem ipsum dolor sit amet, consectetur adipiscing elit. '),(86,'Narlescul','Lorem ipsum dolor sit amet, consectetur adipiscing elit. '),(87,'Nirmersolurn','Lorem ipsum dolor sit amet, consectetur adipiscing elit. '),(88,'Logcel','Lorem ipsum dolor sit amet, consectetur adipiscing elit. '),(89,'Lasloglag','Lorem ipsum dolor sit amet, consectetur adipiscing elit. '),(90,'Lessellamyrn','Lorem ipsum dolor sit amet, consectetur adipiscing elit. '),(91,'Gymlys','Lorem ipsum dolor sit amet, consectetur adipiscing elit. '),(92,'Thasal','Lorem ipsum dolor sit amet, consectetur adipiscing elit. '),(93,'Silurnsellag','Lorem ipsum dolor sit amet, consectetur adipiscing elit. '),(94,'Hallloslysbur','Lorem ipsum dolor sit amet, consectetur adipiscing elit. '),(95,'Ligbir','Lorem ipsum dolor sit amet, consectetur adipiscing elit. '),(96,'Burcylcel','Lorem ipsum dolor sit amet, consectetur adipiscing elit. '),(97,'Narlisho','Lorem ipsum dolor sit amet, consectetur adipiscing elit. '),(98,'Hosal','Lorem ipsum dolor sit amet, consectetur adipiscing elit. '),(99,'Liscal','Lorem ipsum dolor sit amet, consectetur adipiscing elit. '),(100,'Sulbarmornar','Lorem ipsum dolor sit amet, consectetur adipiscing elit. ');
/*!40000 ALTER TABLE `User` ENABLE KEYS */;
UNLOCK TABLES;
/*!50003 SET @saved_cs_client      = @@character_set_client */ ;
/*!50003 SET @saved_cs_results     = @@character_set_results */ ;
/*!50003 SET @saved_col_connection = @@collation_connection */ ;
/*!50003 SET character_set_client  = latin1 */ ;
/*!50003 SET character_set_results = latin1 */ ;
/*!50003 SET collation_connection  = latin1_swedish_ci */ ;
/*!50003 SET @saved_sql_mode       = @@sql_mode */ ;
/*!50003 SET sql_mode              = 'ONLY_FULL_GROUP_BY,STRICT_TRANS_TABLES,NO_ZERO_IN_DATE,NO_ZERO_DATE,ERROR_FOR_DIVISION_BY_ZERO,NO_ENGINE_SUBSTITUTION' */ ;
DELIMITER ;;
/*!50003 CREATE*/ /*!50017 DEFINER=`root`@`localhost`*/ /*!50003 TRIGGER `NewCartForNewUser` AFTER INSERT ON `User` FOR EACH ROW BEGIN
  INSERT INTO `Cart` (`id`, `id_User`, `totalCost`)
  VALUES (NULL, NEW.id, 0);
END */;;
DELIMITER ;
/*!50003 SET sql_mode              = @saved_sql_mode */ ;
/*!50003 SET character_set_client  = @saved_cs_client */ ;
/*!50003 SET character_set_results = @saved_cs_results */ ;
/*!50003 SET collation_connection  = @saved_col_connection */ ;
/*!40103 SET TIME_ZONE=@OLD_TIME_ZONE */;

/*!40101 SET SQL_MODE=@OLD_SQL_MODE */;
/*!40014 SET FOREIGN_KEY_CHECKS=@OLD_FOREIGN_KEY_CHECKS */;
/*!40014 SET UNIQUE_CHECKS=@OLD_UNIQUE_CHECKS */;
/*!40101 SET CHARACTER_SET_CLIENT=@OLD_CHARACTER_SET_CLIENT */;
/*!40101 SET CHARACTER_SET_RESULTS=@OLD_CHARACTER_SET_RESULTS */;
/*!40101 SET COLLATION_CONNECTION=@OLD_COLLATION_CONNECTION */;
/*!40111 SET SQL_NOTES=@OLD_SQL_NOTES */;

-- Dump completed on 2019-04-14 22:37:30
