-- MySQL dump 10.13  Distrib 8.0.15, for Linux (x86_64)
--
-- Host: localhost    Database: projet
-- ------------------------------------------------------
-- Server version	8.0.15

/*!40101 SET @OLD_CHARACTER_SET_CLIENT=@@CHARACTER_SET_CLIENT */;
/*!40101 SET @OLD_CHARACTER_SET_RESULTS=@@CHARACTER_SET_RESULTS */;
/*!40101 SET @OLD_COLLATION_CONNECTION=@@COLLATION_CONNECTION */;
 SET NAMES utf8mb4 ;
/*!40103 SET @OLD_TIME_ZONE=@@TIME_ZONE */;
/*!40103 SET TIME_ZONE='+00:00' */;
/*!40014 SET @OLD_UNIQUE_CHECKS=@@UNIQUE_CHECKS, UNIQUE_CHECKS=0 */;
/*!40014 SET @OLD_FOREIGN_KEY_CHECKS=@@FOREIGN_KEY_CHECKS, FOREIGN_KEY_CHECKS=0 */;
/*!40101 SET @OLD_SQL_MODE=@@SQL_MODE, SQL_MODE='NO_AUTO_VALUE_ON_ZERO' */;
/*!40111 SET @OLD_SQL_NOTES=@@SQL_NOTES, SQL_NOTES=0 */;

--
-- Table structure for table `Account`
--

DROP TABLE IF EXISTS `Account`;
/*!40101 SET @saved_cs_client     = @@character_set_client */;
 SET character_set_client = utf8mb4 ;
CREATE TABLE `Account` (
  `id` int(11) NOT NULL AUTO_INCREMENT,
  `id_User` int(11) NOT NULL,
  `id_Address` int(11) NOT NULL,
  `firstName` varchar(50) NOT NULL,
  `lastName` varchar(50) NOT NULL,
  `email` varchar(50) NOT NULL,
  `password` varchar(50) NOT NULL,
  PRIMARY KEY (`id`),
  UNIQUE KEY `id_User` (`id_User`),
  KEY `id_Address` (`id_Address`),
  CONSTRAINT `Account_ibfk_1` FOREIGN KEY (`id_User`) REFERENCES `User` (`id`),
  CONSTRAINT `Account_ibfk_2` FOREIGN KEY (`id_Address`) REFERENCES `Address` (`id`)
) ENGINE=InnoDB AUTO_INCREMENT=101 DEFAULT CHARSET=utf8mb4 COLLATE=utf8mb4_0900_ai_ci COMMENT='Private user infos.';
/*!40101 SET character_set_client = @saved_cs_client */;

--
-- Dumping data for table `Account`
--

LOCK TABLES `Account` WRITE;
/*!40000 ALTER TABLE `Account` DISABLE KEYS */;
INSERT INTO `Account` VALUES (1,1,1,'Loxocho','Boquirri','Loxocho.Boquirri@gmail.com','ZycuBurmirLumsolthalig'),(2,2,2,'Narlisho','Limgem','Narlisho.Limgem@gmail.com','ThujuMmohaZafu'),(3,3,3,'Thuju','Lletyjo','Thuju.Lletyjo@gmail.com','SalthalegornOrnbarLaglyslomlis'),(4,4,4,'Mmyte','Liscal','Mmyte.Liscal@gmail.com','PhasoneLomlemberMmichera'),(5,5,5,'Hisol','Barlugha','Hisol.Barlugha@gmail.com','NowomiThehykoSozawy'),(6,6,6,'Orncilbirgom','Loglistha','Orncilbirgom.Loglistha@gmail.com','NavedeSipehuTysy'),(7,7,7,'Mmeka','Mexo','Mmeka.Mexo@gmail.com','JedutyNirmersolurnThine'),(8,8,8,'Narlescul','Mmanure','Narlescul.Mmanure@gmail.com','SyquaMirborcilLlollace'),(9,9,9,'Vuci','Sychecha','Vuci.Sychecha@gmail.com','GequoZyhiXathe'),(10,10,10,'Hathulemhe','Bonephe','Hathulemhe.Bonephe@gmail.com','HugimirnNarmarLloto'),(11,11,11,'Byjuwi','Gumsalculsil','Byjuwi.Gumsalculsil@gmail.com','MmelliLasloglagVozella'),(12,12,12,'Zapu','Rydu','Zapu.Rydu@gmail.com','GimculWirejuNarlisho'),(13,13,13,'Pima','Rroky','Pima.Rroky@gmail.com','PimaDypuPhata'),(14,14,14,'Dunummo','Xathe','Dunummo.Xathe@gmail.com','ThineThigomculBillu'),(15,15,15,'Hathulemhe','Merhosyl','Hathulemhe.Merhosyl@gmail.com','QuovavuWogahaPoru'),(16,16,16,'Phasone','Logcel','Phasone.Logcel@gmail.com','JazoRrotyhuFille'),(17,17,17,'Gichu','Senoze','Gichu.Senoze@gmail.com','ThithaXusiniRrotyhu'),(18,18,18,'Lajyse','Lledagy','Lajyse.Lledagy@gmail.com','CylligOrnbarSipehu'),(19,19,19,'Navede','Thexe','Navede.Thexe@gmail.com','GullyMmohaVozella'),(20,20,20,'Nyjige','Sylcyllis','Nyjige.Sylcyllis@gmail.com','GullyByjuwiCephellu'),(21,21,21,'Mmyte','Vupo','Mmyte.Vupo@gmail.com','MallyzyWogahaThasal'),(22,22,22,'Birmircyl','Lasloglag','Birmircyl.Lasloglag@gmail.com','MmiwesoCukemoMuphaba'),(23,23,23,'Lasloglag','Lluzali','Lasloglag.Lluzali@gmail.com','SilgimculnirHicalNyxichi'),(24,24,24,'Kotherru','Billu','Kotherru.Billu@gmail.com','GymlysKevyguZajerry'),(25,25,25,'Quoquafa','Barbirorn','Quoquafa.Barbirorn@gmail.com','GimcullegirnMuphabaLochu'),(26,26,26,'Lochu','Tumu','Lochu.Tumu@gmail.com','LimgemNarmarLigbir'),(27,27,27,'Tyfoxe','Fille','Tyfoxe.Fille@gmail.com','ThexeLoscalBorlessil'),(28,28,28,'Xusini','Thaserra','Xusini.Thaserra@gmail.com','RotheLlejiKidoxa'),(29,29,29,'Phata','Pima','Phata.Pima@gmail.com','KibiHugimirnLaqui'),(30,30,30,'Pijoly','Kotherru','Pijoly.Kotherru@gmail.com','RrotyhuCephelluGichu'),(31,31,31,'Rriwufi','Boquirri','Rriwufi.Boquirri@gmail.com','NarmarPoloGequo'),(32,32,32,'Berthe','Wireju','Berthe.Wireju@gmail.com','KidoxaRrobysuNyjige'),(33,33,33,'Gequo','Suchu','Gequo.Suchu@gmail.com','NarlishoCehypyGamlusmorcol'),(34,34,34,'Urnlasho','Gamlusmorcol','Urnlasho.Gamlusmorcol@gmail.com','HallloslysburPyruLessellamyrn'),(35,35,35,'Lishalllumcal','Barbirorn','Lishalllumcal.Barbirorn@gmail.com','QuacySilurnsellagGimcul'),(36,36,36,'Calornthilog','Thalomorn','Calornthilog.Thalomorn@gmail.com','LajyseBerburthamurViri'),(37,37,37,'Sala','Berburthamur','Sala.Berburthamur@gmail.com','GumsalculsilGakeLeshe'),(38,38,38,'Zapu','Lletyjo','Zapu.Lletyjo@gmail.com','RluggumMmoxubyTheky'),(39,39,39,'Cephellu','Llollace','Cephellu.Llollace@gmail.com','GymcalhoberGymlysGyka'),(40,40,40,'Gichu','Gake','Gichu.Gake@gmail.com','DodyraUrnlashoLigbir'),(41,41,41,'Thehyko','Sozawy','Thehyko.Sozawy@gmail.com','NarlesculBertheZurruca'),(42,42,42,'Silbartha','Ornbar','Silbartha.Ornbar@gmail.com','CalornthilogSyquaRycho'),(43,43,43,'Ornmur','Vupo','Ornmur.Vupo@gmail.com','HagygaKibiGyki'),(44,44,44,'Gimcul','Juzuke','Gimcul.Juzuke@gmail.com','MmicheraSullesheColmorhi'),(45,45,45,'Loglistha','Thatheluslag','Loglistha.Thatheluslag@gmail.com','SujythoHugimirnRycho'),(46,46,46,'Rrammyca','Poru','Rrammyca.Poru@gmail.com','CelloggimburThexeGirre'),(47,47,47,'Gichu','Thitha','Gichu.Thitha@gmail.com','HothoirnlugThekyByrhebyr'),(48,48,48,'Fille','Loxocho','Fille.Loxocho@gmail.com','GullyFibonuJuzuke'),(49,49,49,'Sozawy','Zeto','Sozawy.Zeto@gmail.com','KevyguWogahaZafu'),(50,50,50,'Govopy','Sidemi','Govopy.Sidemi@gmail.com','NarmarLumsolthaligWipugo'),(51,51,51,'Mixevo','Thexe','Mixevo.Thexe@gmail.com','GequoHelisloshiGeka'),(52,52,52,'Solgamberthi','Quoquafa','Solgamberthi.Quoquafa@gmail.com','GullyLletyjoPehide'),(53,53,53,'Mmanure','Loscal','Mmanure.Loscal@gmail.com','GakeHathulemheHogym'),(54,54,54,'Gequo','Sixare','Gequo.Sixare@gmail.com','GirreGiphoGovopy'),(55,55,55,'Sozawy','Mechiwi','Sozawy.Mechiwi@gmail.com','HecolhaThigomculCuphiwa'),(56,56,56,'Silurnsellag','Geka','Silurnsellag.Geka@gmail.com','SyquaSyllasPyru'),(57,57,57,'Vesi','Mixevo','Vesi.Mixevo@gmail.com','CycaciLasloglagThytha'),(58,58,58,'Burcylcel','Rethu','Burcylcel.Rethu@gmail.com','LamberBurlysculPolo'),(59,59,59,'Hugimirn','Mmuquoby','Hugimirn.Mmuquoby@gmail.com','MexoPhuxuKevygu'),(60,60,60,'Kevygu','Raci','Kevygu.Raci@gmail.com','MmochoCylligRrobysu'),(61,61,61,'Coquawi','Ornbar','Coquawi.Ornbar@gmail.com','RethuBoguLledagy'),(62,62,62,'Rycho','Nophy','Rycho.Nophy@gmail.com','SychechaHesolmarLochu'),(63,63,63,'Hugimirn','Cycaci','Hugimirn.Cycaci@gmail.com','QuarrythyBerburthamurMmyjyhe'),(64,64,64,'Erngomlig','Thigomcul','Erngomlig.Thigomcul@gmail.com','QuacyMmelliCelloggimbur'),(65,65,65,'Geka','Cehypy','Geka.Cehypy@gmail.com','ErngomligNophoThicolthu'),(66,66,66,'Thine','Govopy','Thine.Govopy@gmail.com','ThehykoSipehuPyru'),(67,67,67,'Cycaci','Mmyjyhe','Cycaci.Mmyjyhe@gmail.com','RycypyThigomculHisol'),(68,68,68,'Mmiweso','Birhogim','Mmiweso.Birhogim@gmail.com','QuovavuSyllagMorcalsul'),(69,69,69,'Lomlos','Gymlys','Lomlos.Gymlys@gmail.com','HaphaMmyjyheMixevo'),(70,70,70,'Tyfoxe','Lishalllumcal','Tyfoxe.Lishalllumcal@gmail.com','SylcyllisDunummoByrhebyr'),(71,71,71,'Borbyrhulys','Callisthunir','Borbyrhulys.Callisthunir@gmail.com','LyshallluslamLesheThyxuwu'),(72,72,72,'Mexo','Vesi','Mexo.Vesi@gmail.com','LasloglumPehidePyru'),(73,73,73,'Byjuwi','Jeduty','Byjuwi.Jeduty@gmail.com','MmuquobyWetuLasnormer'),(74,74,74,'Quarrythy','Nophe','Quarrythy.Nophe@gmail.com','ZurrucaCuphuRethu'),(75,75,75,'Leshe','Bermor','Leshe.Bermor@gmail.com','ZycuWetuRycho'),(76,76,76,'Quacy','Tumu','Quacy.Tumu@gmail.com','BarlughaTysyLluzali'),(77,77,77,'Mmiweso','Tumu','Mmiweso.Tumu@gmail.com','CycaciSidemiGimcullegirn'),(78,78,78,'Rruxigu','Burmir','Rruxigu.Burmir@gmail.com','PhuxuZetoSychecha'),(79,79,79,'Birhogim','Lomlember','Birhogim.Lomlember@gmail.com','GykiHecolhaThalomorn'),(80,80,80,'Pehide','Salthalegorn','Pehide.Salthalegorn@gmail.com','JegiSilbarthaSenoze'),(81,81,81,'Lasloglag','Sixare','Lasloglag.Sixare@gmail.com','MirborcilOrncilbirgomHothoirnlug'),(82,82,82,'Tumu','Wogaha','Tumu.Wogaha@gmail.com','BorbyrhulysPazasiPolymmo'),(83,83,83,'Kynugy','Gequo','Kynugy.Gequo@gmail.com','ThaligberHaphaBarlugarn'),(84,84,84,'Pehide','Loxocho','Pehide.Loxocho@gmail.com','PimaZafuLomlember'),(85,85,85,'Lishalllumcal','Syqua','Lishalllumcal.Syqua@gmail.com','BarlugarnTysyPoru'),(86,86,86,'Lloto','Vuci','Lloto.Vuci@gmail.com','VupoSyllagWireju'),(87,87,87,'Lluzali','Silbartha','Lluzali.Silbartha@gmail.com','GullyThigomculLugcul'),(88,88,88,'Fasopy','Chusuny','Fasopy.Chusuny@gmail.com','LajyseColmorhiMmoxuby'),(89,89,89,'Thitha','Phata','Thitha.Phata@gmail.com','ChirraBarlughaMechiwi'),(90,90,90,'Hical','Hothoirnlug','Hical.Hothoirnlug@gmail.com','ThigomculHathulemheZafu'),(91,91,91,'Rroce','Hical','Rroce.Hical@gmail.com','BurmirNavedeRruno'),(92,92,92,'Chusuny','Lletyjo','Chusuny.Lletyjo@gmail.com','SalhuMmiwesoByrhebyr'),(93,93,93,'Lumsolthalig','Gake','Lumsolthalig.Gake@gmail.com','LesheSilurnsellagHical'),(94,94,94,'Lletyjo','Mmocho','Lletyjo.Mmocho@gmail.com','GullyGiphoWireju'),(95,95,95,'Rluggum','Cuphu','Rluggum.Cuphu@gmail.com','BoxemmiLaquiOrncilbirgom'),(96,96,96,'Gake','Pijoly','Gake.Pijoly@gmail.com','KibiBarlughaThuju'),(97,97,97,'Silbartha','Urnlasho','Silbartha.Urnlasho@gmail.com','PiphafyMorlagSujytho'),(98,98,98,'Nophe','Burlyscul','Nophe.Burlyscul@gmail.com','RriwufiPijolyNirmersolurn'),(99,99,99,'Sulbarmornar','Gimcullegirn','Sulbarmornar.Gimcullegirn@gmail.com','MurgomhellhiGocahyGymlys'),(100,100,100,'Kibi','Jimiru','Kibi.Jimiru@gmail.com','HymmyThyxuwuNibo');
/*!40000 ALTER TABLE `Account` ENABLE KEYS */;
UNLOCK TABLES;

--
-- Table structure for table `Address`
--

DROP TABLE IF EXISTS `Address`;
/*!40101 SET @saved_cs_client     = @@character_set_client */;
 SET character_set_client = utf8mb4 ;
CREATE TABLE `Address` (
  `id` int(11) NOT NULL AUTO_INCREMENT,
  `number` int(11) NOT NULL,
  `apartment` int(11) DEFAULT NULL,
  `street` varchar(30) NOT NULL,
  `city` varchar(30) NOT NULL,
  `country` varchar(30) NOT NULL,
  PRIMARY KEY (`id`)
) ENGINE=InnoDB AUTO_INCREMENT=101 DEFAULT CHARSET=utf8mb4 COLLATE=utf8mb4_0900_ai_ci;
/*!40101 SET character_set_client = @saved_cs_client */;

--
-- Dumping data for table `Address`
--

LOCK TABLES `Address` WRITE;
/*!40000 ALTER TABLE `Address` DISABLE KEYS */;
INSERT INTO `Address` VALUES (1,12,471,'Tyfoxe Ave','Jasu','Matuko'),(2,85,NULL,'Matuko Blvd','Boxemmi','Sylcyllis'),(3,60,NULL,'Bogu Ave','Hecolha','Rriwufi'),(4,34,596,'Thasal St','Fasopy','Narmar'),(5,80,663,'Hyse Blvd','Nyxichi','Zeto'),(6,54,951,'Gequo Rd','Phuxu','Senoze'),(7,88,602,'Sipehu St','Hyza','Quovavu'),(8,1,662,'Jeduty Ave','Callisthunir','Dypu'),(9,78,NULL,'Nyjige Blvd','Rydu','Pazasi'),(10,88,810,'Rroky Blvd','Poru','Fasopy'),(11,98,NULL,'Chullene St','Erngomlig','Zycu'),(12,25,NULL,'Limgem Ave','Zurruca','Jasu'),(13,54,385,'Mowe St','Mmuquoby','Gimcul'),(14,13,676,'Lajyse Rd','Sulbarmornar','Mexo'),(15,31,877,'Zycu Ave','Birhogim','Nophy'),(16,20,NULL,'Burcylcel Blvd','Kidoxa','Silurnsellag'),(17,85,125,'Sozawy Rd','Morcalsul','Calornthilog'),(18,62,NULL,'Dypu Rd','Thuju','Jeduty'),(19,15,951,'Pima Rd','Medy','Barlugarn'),(20,7,NULL,'Hisol St','Boquirri','Kynugy'),(21,67,94,'Medy St','Zeto','Chirra'),(22,50,NULL,'Gimcullegirn Blvd','Lamber','Suchu'),(23,94,NULL,'Gymcalhober Blvd','Hapha','Narlisho'),(24,87,NULL,'Ornmur Blvd','Vozella','Gimcullegirn'),(25,4,NULL,'Phuxu St','Nircalbur','Lluzali'),(26,3,395,'Zyhi Blvd','Limlesgam','Sulbarmornar'),(27,33,56,'Pijoly Blvd','Mmocho','Coquawi'),(28,61,492,'Jyfybo Ave','Lessellamyrn','Xathe'),(29,11,168,'Lomlember Ave','Lomlos','Poru'),(30,35,174,'Cuphiwa Rd','Mmoxuby','Fasopy'),(31,78,NULL,'Hymmy Ave','Barbirorn','Thulam'),(32,2,946,'Salhu Rd','Phuxu','Limgem'),(33,68,NULL,'Lleji Ave','Sozawy','Narmar'),(34,30,NULL,'Rriwufi St','Ligbir','Fadylu'),(35,95,849,'Mirborcil Blvd','Wipugo','Narmar'),(36,42,NULL,'Geka Rd','Nowomi','Mmocho'),(37,97,85,'Borbyrhulys St','Laglyslomlis','Gimcul'),(38,21,NULL,'Thehyko Ave','Fadylu','Murgomhellhi'),(39,84,548,'Laglyslomlis Ave','Rydu','Morlag'),(40,75,184,'Hecolha Ave','Llommiga','Lugcul'),(41,95,NULL,'Mirborcil Rd','Burcylcel','Thigomcul'),(42,20,NULL,'Chullene Rd','Thaserra','Narlisho'),(43,83,417,'Mechiwi Blvd','Bibowo','Mechiwi'),(44,75,106,'Lledagy Rd','Quovavu','Rethu'),(45,36,NULL,'Birhogim St','Xathe','Narlescul'),(46,87,NULL,'Suchu St','Celloggimbur','Navede'),(47,99,402,'Phuxu Ave','Lletyjo','Thehyko'),(48,46,792,'Cuphu Rd','Zurruca','Gomlamthi'),(49,48,771,'Fasopy Ave','Suchu','Kyjado'),(50,80,266,'Hymmy Blvd','Celloggimbur','Thitha'),(51,23,NULL,'Hapha Blvd','Mmyjyhe','Gumsalculsil'),(52,14,891,'Limgem St','Birmircyl','Borbyrhulys'),(53,48,884,'Morlag Rd','Hymmy','Mmoxuby'),(54,40,NULL,'Byrhebyr Ave','Thine','Lasloglum'),(55,34,NULL,'Thatheluslag Rd','Wogaha','Nircalbur'),(56,60,888,'Borbyrhulys Rd','Lochu','Coquawi'),(57,50,953,'Kibi Ave','Kidoxa','Hogym'),(58,65,NULL,'Suquajo Blvd','Hathulemhe','Silurnsellag'),(59,11,NULL,'Zyhi Blvd','Quoquafa','Solgamberthi'),(60,65,NULL,'Mowe Rd','Nowomi','Berburthamur'),(61,58,689,'Sipehu Blvd','Leglam','Rycypy'),(62,49,NULL,'Thehyko St','Quoquafa','Ornbar'),(63,57,NULL,'Girre Ave','Sychecha','Gomlamthi'),(64,94,892,'Humarhamur Ave','Urnlasho','Burlyscul'),(65,21,NULL,'Xathe Ave','Rycho','Mirborcil'),(66,18,569,'Narmarborern Blvd','Rruno','Thicolthu'),(67,76,955,'Mmyte Blvd','Cyllig','Hagyga'),(68,42,NULL,'Sulbarmornar Ave','Tumu','Hesolmar'),(69,48,717,'Pijoly St','Erngomlig','Hical'),(70,38,NULL,'Loscal Ave','Jeduty','Zapu'),(71,72,NULL,'Poje Rd','Calornthilog','Lessellamyrn'),(72,85,156,'Mmanure St','Hical','Lluzali'),(73,93,799,'Kynugy Blvd','Kibi','Girre'),(74,72,NULL,'Ligbir St','Limgem','Thuju'),(75,74,347,'Thytha Ave','Solgamberthi','Quovavu'),(76,91,NULL,'Rriwufi St','Theky','Orncilbirgom'),(77,92,466,'Pima Ave','Mmocho','Medy'),(78,15,870,'Laqui Ave','Humarhamur','Lochu'),(79,71,NULL,'Rothe Ave','Sixare','Phuxu'),(80,81,NULL,'Loglistha Ave','Tumu','Kynugy'),(81,59,NULL,'Bogu St','Logcel','Lajyse'),(82,75,NULL,'Fibonu St','Hagyga','Zyhi'),(83,87,NULL,'Limlesgam St','Mmoxuby','Nopho'),(84,29,414,'Sixare Rd','Sulleshe','Borbyrhulys'),(85,32,NULL,'Salhu Blvd','Nophe','Berthe'),(86,66,722,'Mexo Rd','Thulam','Sychecha'),(87,37,838,'Hagyga Blvd','Quacy','Pyru'),(88,72,370,'Thulam Ave','Lishalllumcal','Fibonu'),(89,15,NULL,'Wimma Ave','Rriwufi','Ornmur'),(90,93,442,'Lasloglum St','Thaserra','Kidoxa'),(91,83,NULL,'Borlessil St','Suchu','Nyxichi'),(92,46,NULL,'Mexo Ave','Murgomhellhi','Mmelli'),(93,98,NULL,'Rrammyca Ave','Hapha','Kevygu'),(94,86,326,'Lluzali Rd','Jimiru','Matuko'),(95,17,155,'Polymmo St','Dodyra','Xusini'),(96,88,NULL,'Thicolthu Blvd','Suchu','Lasloglum'),(97,33,489,'Morbir Blvd','Limbarmar','Hosal'),(98,19,543,'Muphaba St','Mmoxuby','Hogym'),(99,22,NULL,'Syllas Ave','Jeduty','Girre'),(100,47,NULL,'Lumsolthalig Rd','Mmyte','Pima');
/*!40000 ALTER TABLE `Address` ENABLE KEYS */;
UNLOCK TABLES;

--
-- Table structure for table `Cart`
--

DROP TABLE IF EXISTS `Cart`;
/*!40101 SET @saved_cs_client     = @@character_set_client */;
 SET character_set_client = utf8mb4 ;
CREATE TABLE `Cart` (
  `id` int(11) NOT NULL AUTO_INCREMENT,
  `id_User` int(11) NOT NULL,
  `totalCost` float(16,2) NOT NULL DEFAULT '0.00',
  PRIMARY KEY (`id`),
  KEY `id_User` (`id_User`),
  CONSTRAINT `Cart_ibfk_1` FOREIGN KEY (`id_User`) REFERENCES `User` (`id`)
) ENGINE=InnoDB AUTO_INCREMENT=301 DEFAULT CHARSET=utf8mb4 COLLATE=utf8mb4_0900_ai_ci;
/*!40101 SET character_set_client = @saved_cs_client */;

--
-- Dumping data for table `Cart`
--

LOCK TABLES `Cart` WRITE;
/*!40000 ALTER TABLE `Cart` DISABLE KEYS */;
INSERT INTO `Cart` VALUES (1,1,82.20),(2,2,69.18),(3,3,154.06),(4,4,170.67),(5,5,45.80),(6,6,145.33),(7,7,44.33),(8,8,28.68),(9,9,42.69),(10,10,144.30),(11,11,57.17),(12,12,58.95),(13,13,104.54),(14,14,156.89),(15,15,112.47),(16,16,157.66),(17,17,42.34),(18,18,93.93),(19,19,147.75),(20,20,57.34),(21,21,55.21),(22,22,89.02),(23,23,121.92),(24,24,102.39),(25,25,147.11),(26,26,101.59),(27,27,101.48),(28,28,132.00),(29,29,84.92),(30,30,53.99),(31,31,143.88),(32,32,66.84),(33,33,46.75),(34,34,138.75),(35,35,117.24),(36,36,133.92),(37,37,152.86),(38,38,112.66),(39,39,73.77),(40,40,92.27),(41,41,28.72),(42,42,102.86),(43,43,29.98),(44,44,39.84),(45,45,90.01),(46,46,88.43),(47,47,62.40),(48,48,74.84),(49,49,191.98),(50,50,49.99),(51,51,129.26),(52,52,155.75),(53,53,113.29),(54,54,54.23),(55,55,51.71),(56,56,119.82),(57,57,157.70),(58,58,94.83),(59,59,52.83),(60,60,94.57),(61,61,93.02),(62,62,108.41),(63,63,128.06),(64,64,65.52),(65,65,154.29),(66,66,129.57),(67,67,64.81),(68,68,126.14),(69,69,124.37),(70,70,36.65),(71,71,85.65),(72,72,123.32),(73,73,135.06),(74,74,77.22),(75,75,150.17),(76,76,37.19),(77,77,104.71),(78,78,143.96),(79,79,69.21),(80,80,66.40),(81,81,23.70),(82,82,125.49),(83,83,127.60),(84,84,86.63),(85,85,44.06),(86,86,43.93),(87,87,167.01),(88,88,63.51),(89,89,34.10),(90,90,159.86),(91,91,86.25),(92,92,112.37),(93,93,139.61),(94,94,72.60),(95,95,39.97),(96,96,88.30),(97,97,54.97),(98,98,104.97),(99,99,139.56),(100,100,68.05),(101,41,0.00),(102,41,0.00),(103,74,0.00),(104,74,0.00),(105,73,0.00),(106,73,0.00),(107,52,0.00),(108,52,0.00),(109,44,0.00),(110,44,0.00),(111,27,0.00),(112,27,0.00),(113,61,0.00),(114,61,0.00),(115,6,0.00),(116,6,0.00),(117,71,0.00),(118,71,0.00),(119,87,0.00),(120,87,0.00),(121,24,0.00),(122,24,0.00),(123,2,0.00),(124,2,0.00),(125,41,0.00),(126,41,0.00),(127,80,0.00),(128,80,0.00),(129,36,0.00),(130,36,0.00),(131,86,0.00),(132,86,0.00),(133,32,0.00),(134,32,0.00),(135,60,0.00),(136,60,0.00),(137,43,0.00),(138,43,0.00),(139,60,0.00),(140,60,0.00),(141,15,0.00),(142,15,0.00),(143,22,0.00),(144,22,0.00),(145,40,0.00),(146,40,0.00),(147,7,0.00),(148,7,0.00),(149,49,0.00),(150,49,0.00),(151,51,0.00),(152,51,0.00),(153,38,0.00),(154,38,0.00),(155,76,0.00),(156,76,0.00),(157,4,0.00),(158,4,0.00),(159,49,0.00),(160,49,0.00),(161,68,0.00),(162,68,0.00),(163,53,0.00),(164,53,0.00),(165,15,0.00),(166,15,0.00),(167,14,0.00),(168,14,0.00),(169,89,0.00),(170,89,0.00),(171,40,0.00),(172,40,0.00),(173,57,0.00),(174,57,0.00),(175,31,0.00),(176,31,0.00),(177,38,0.00),(178,38,0.00),(179,60,0.00),(180,60,0.00),(181,76,0.00),(182,76,0.00),(183,28,0.00),(184,28,0.00),(185,6,0.00),(186,6,0.00),(187,64,0.00),(188,64,0.00),(189,92,0.00),(190,92,0.00),(191,43,0.00),(192,43,0.00),(193,39,0.00),(194,39,0.00),(195,19,0.00),(196,19,0.00),(197,63,0.00),(198,63,0.00),(199,100,0.00),(200,100,0.00),(201,95,0.00),(202,95,0.00),(203,75,0.00),(204,75,0.00),(205,7,0.00),(206,7,0.00),(207,20,0.00),(208,20,0.00),(209,90,0.00),(210,90,0.00),(211,33,0.00),(212,33,0.00),(213,16,0.00),(214,16,0.00),(215,79,0.00),(216,79,0.00),(217,44,0.00),(218,44,0.00),(219,61,0.00),(220,61,0.00),(221,12,0.00),(222,12,0.00),(223,29,0.00),(224,29,0.00),(225,5,0.00),(226,5,0.00),(227,4,0.00),(228,4,0.00),(229,36,0.00),(230,36,0.00),(231,10,0.00),(232,10,0.00),(233,27,0.00),(234,27,0.00),(235,9,0.00),(236,9,0.00),(237,78,0.00),(238,78,0.00),(239,28,0.00),(240,28,0.00),(241,75,0.00),(242,75,0.00),(243,83,0.00),(244,83,0.00),(245,2,0.00),(246,2,0.00),(247,100,0.00),(248,100,0.00),(249,14,0.00),(250,14,0.00),(251,39,0.00),(252,39,0.00),(253,19,0.00),(254,19,0.00),(255,16,0.00),(256,16,0.00),(257,75,0.00),(258,75,0.00),(259,90,0.00),(260,90,0.00),(261,21,0.00),(262,21,0.00),(263,86,0.00),(264,86,0.00),(265,18,0.00),(266,18,0.00),(267,90,0.00),(268,90,0.00),(269,78,0.00),(270,78,0.00),(271,12,0.00),(272,12,0.00),(273,25,0.00),(274,25,0.00),(275,49,0.00),(276,49,0.00),(277,33,0.00),(278,33,0.00),(279,73,0.00),(280,73,0.00),(281,51,0.00),(282,51,0.00),(283,57,0.00),(284,57,0.00),(285,18,0.00),(286,18,0.00),(287,71,0.00),(288,71,0.00),(289,30,0.00),(290,30,0.00),(291,2,0.00),(292,2,0.00),(293,17,0.00),(294,17,0.00),(295,25,0.00),(296,25,0.00),(297,99,0.00),(298,99,0.00),(299,94,0.00),(300,94,0.00);
/*!40000 ALTER TABLE `Cart` ENABLE KEYS */;
UNLOCK TABLES;

--
-- Table structure for table `CartItem`
--

DROP TABLE IF EXISTS `CartItem`;
/*!40101 SET @saved_cs_client     = @@character_set_client */;
 SET character_set_client = utf8mb4 ;
CREATE TABLE `CartItem` (
  `id` int(11) NOT NULL AUTO_INCREMENT,
  `id_Ingredient` int(11) NOT NULL,
  `id_Cart` int(11) NOT NULL,
  `multiplier` int(11) NOT NULL DEFAULT '1',
  `subCost` float(16,2) NOT NULL DEFAULT '0.00',
  PRIMARY KEY (`id`),
  UNIQUE KEY `UC_CartItem` (`id_Ingredient`,`id_Cart`),
  KEY `id_Cart` (`id_Cart`),
  CONSTRAINT `CartItem_ibfk_1` FOREIGN KEY (`id_Ingredient`) REFERENCES `Ingredient` (`id`),
  CONSTRAINT `CartItem_ibfk_2` FOREIGN KEY (`id_Cart`) REFERENCES `Cart` (`id`)
) ENGINE=InnoDB AUTO_INCREMENT=1231 DEFAULT CHARSET=utf8mb4 COLLATE=utf8mb4_0900_ai_ci;
/*!40101 SET character_set_client = @saved_cs_client */;

--
-- Dumping data for table `CartItem`
--

LOCK TABLES `CartItem` WRITE;
/*!40000 ALTER TABLE `CartItem` DISABLE KEYS */;
INSERT INTO `CartItem` VALUES (1,11,1,1,6.83),(2,6,1,1,3.35),(3,73,1,1,13.82),(4,48,1,1,4.88),(5,19,1,1,10.50),(6,43,1,1,13.13),(7,66,1,1,3.64),(8,29,1,1,3.40),(9,64,1,1,12.97),(10,42,1,1,0.94),(11,33,1,1,1.28),(12,24,1,1,7.02),(13,49,1,1,0.44),(14,30,2,1,11.37),(15,78,2,1,8.51),(16,77,2,1,9.90),(17,39,2,1,0.35),(18,100,2,1,13.04),(19,8,2,1,8.55),(20,17,2,1,10.17),(21,67,2,1,7.29),(22,37,3,1,11.08),(23,35,3,1,2.70),(24,13,3,1,14.53),(25,23,3,1,2.12),(26,17,3,1,10.17),(27,24,3,1,7.02),(28,54,3,1,8.85),(29,49,3,1,0.44),(30,87,3,1,1.71),(31,65,3,1,11.04),(32,3,3,1,6.68),(33,70,3,1,4.59),(34,30,3,1,11.37),(35,57,3,1,6.49),(36,94,3,1,3.65),(37,12,3,1,13.30),(38,6,3,1,3.35),(39,67,3,1,7.29),(40,75,3,1,14.96),(41,25,3,1,12.72),(42,37,4,1,11.08),(43,82,4,1,12.48),(44,18,4,1,6.34),(45,17,4,1,10.17),(46,73,4,1,13.82),(47,67,4,1,7.29),(48,23,4,1,2.12),(49,3,4,1,6.68),(50,44,4,1,9.84),(51,81,4,1,11.75),(52,94,4,1,3.65),(53,43,4,1,13.13),(54,9,4,1,14.72),(55,89,4,1,12.05),(56,90,4,1,11.94),(57,91,4,1,2.98),(58,38,4,1,1.08),(59,84,4,1,9.96),(60,58,4,1,7.88),(61,87,4,1,1.71),(62,69,5,1,1.82),(63,65,5,1,11.04),(64,43,5,1,13.13),(65,60,5,1,11.58),(66,27,5,1,8.23),(67,35,6,1,2.70),(68,43,6,1,13.13),(69,81,6,1,11.75),(70,63,6,1,4.54),(71,11,6,1,6.83),(72,12,6,1,13.30),(73,38,6,1,1.08),(74,5,6,1,12.41),(75,80,6,1,5.06),(76,9,6,1,14.72),(77,83,6,1,14.63),(78,25,6,1,12.72),(79,42,6,1,0.94),(80,96,6,1,11.55),(81,55,6,1,6.72),(82,72,6,1,13.25),(83,53,7,1,7.88),(84,95,7,1,2.13),(85,77,7,1,9.90),(86,79,7,1,3.62),(87,8,7,1,8.55),(88,71,7,1,3.24),(89,50,7,1,9.01),(90,7,8,1,2.16),(91,49,8,1,0.44),(92,78,8,1,8.51),(93,43,8,1,13.13),(94,74,8,1,4.44),(95,60,9,1,11.58),(96,99,9,1,6.15),(97,69,9,1,1.82),(98,8,9,1,8.55),(99,78,9,1,8.51),(100,52,9,1,6.08),(101,86,10,1,14.22),(102,48,10,1,4.88),(103,63,10,1,4.54),(104,39,10,1,0.35),(105,26,10,1,3.23),(106,74,10,1,4.44),(107,95,10,1,2.13),(108,51,10,1,9.60),(109,61,10,1,2.82),(110,84,10,1,9.96),(111,73,10,1,13.82),(112,14,10,1,12.18),(113,43,10,1,13.13),(114,8,10,1,8.55),(115,72,10,1,13.25),(116,30,10,1,11.37),(117,87,10,1,1.71),(118,67,10,1,7.29),(119,11,10,1,6.83),(120,79,11,1,3.62),(121,23,11,1,2.12),(122,86,11,1,14.22),(123,65,11,1,11.04),(124,28,11,1,5.14),(125,14,11,1,12.18),(126,54,11,1,8.85),(127,92,12,1,1.48),(128,85,12,1,4.07),(129,83,12,1,14.63),(130,2,12,1,4.14),(131,5,12,1,12.41),(132,75,12,1,14.96),(133,28,12,1,5.14),(134,23,12,1,2.12),(135,17,13,1,10.17),(136,91,13,1,2.98),(137,54,13,1,8.85),(138,65,13,1,11.04),(139,8,13,1,8.55),(140,18,13,1,6.34),(141,58,13,1,7.88),(142,13,13,1,14.53),(143,93,13,1,9.32),(144,63,13,1,4.54),(145,41,13,1,7.04),(146,12,13,1,13.30),(147,17,14,1,10.17),(148,79,14,1,3.62),(149,26,14,1,3.23),(150,45,14,1,5.38),(151,36,14,1,11.36),(152,97,14,1,8.59),(153,88,14,1,8.16),(154,94,14,1,3.65),(155,96,14,1,11.55),(156,39,14,1,0.35),(157,57,14,1,6.49),(158,65,14,1,11.04),(159,15,14,1,10.89),(160,20,14,1,12.56),(161,91,14,1,2.98),(162,83,14,1,14.63),(163,25,14,1,12.72),(164,41,14,1,7.04),(165,82,14,1,12.48),(166,98,15,1,7.73),(167,72,15,1,13.25),(168,74,15,1,4.44),(169,67,15,1,7.29),(170,24,15,1,7.02),(171,77,15,1,9.90),(172,50,15,1,9.01),(173,92,15,1,1.48),(174,11,15,1,6.83),(175,96,15,1,11.55),(176,33,15,1,1.28),(177,69,15,1,1.82),(178,82,15,1,12.48),(179,44,15,1,9.84),(180,8,15,1,8.55),(181,17,16,1,10.17),(182,50,16,1,9.01),(183,47,16,1,12.83),(184,27,16,1,8.23),(185,15,16,1,10.89),(186,4,16,1,1.77),(187,93,16,1,9.32),(188,100,16,1,13.04),(189,38,16,1,1.08),(190,60,16,1,11.58),(191,97,16,1,8.59),(192,16,16,1,11.10),(193,55,16,1,6.72),(194,42,16,1,0.94),(195,95,16,1,2.13),(196,23,16,1,2.12),(197,51,16,1,9.60),(198,36,16,1,11.36),(199,19,16,1,10.50),(200,3,16,1,6.68),(201,56,17,1,2.61),(202,96,17,1,11.55),(203,37,17,1,11.08),(204,97,17,1,8.59),(205,78,17,1,8.51),(206,88,18,1,8.16),(207,69,18,1,1.82),(208,35,18,1,2.70),(209,67,18,1,7.29),(210,29,18,1,3.40),(211,37,18,1,11.08),(212,83,18,1,14.63),(213,99,18,1,6.15),(214,25,18,1,12.72),(215,68,18,1,10.53),(216,3,18,1,6.68),(217,48,18,1,4.88),(218,33,18,1,1.28),(219,56,18,1,2.61),(220,31,19,1,10.11),(221,70,19,1,4.59),(222,13,19,1,14.53),(223,24,19,1,7.02),(224,8,19,1,8.55),(225,80,19,1,5.06),(226,79,19,1,3.62),(227,56,19,1,2.61),(228,47,19,1,12.83),(229,46,19,1,11.69),(230,85,19,1,4.07),(231,6,19,1,3.35),(232,58,19,1,7.88),(233,97,19,1,8.59),(234,40,19,1,5.67),(235,82,19,1,12.48),(236,57,19,1,6.49),(237,33,19,1,1.28),(238,19,19,1,10.50),(239,11,19,1,6.83),(240,19,20,1,10.50),(241,93,20,1,9.32),(242,91,20,1,2.98),(243,95,20,1,2.13),(244,16,20,1,11.10),(245,25,20,1,12.72),(246,97,20,1,8.59),(247,37,21,1,11.08),(248,92,21,1,1.48),(249,32,21,1,12.61),(250,55,21,1,6.72),(251,44,21,1,9.84),(252,19,21,1,10.50),(253,91,21,1,2.98),(254,65,22,1,11.04),(255,5,22,1,12.41),(256,47,22,1,12.83),(257,82,22,1,12.48),(258,45,22,1,5.38),(259,12,22,1,13.30),(260,19,22,1,10.50),(261,37,22,1,11.08),(262,28,23,1,5.14),(263,83,23,1,14.63),(264,6,23,1,3.35),(265,92,23,1,1.48),(266,88,23,1,8.16),(267,46,23,1,11.69),(268,26,23,1,3.23),(269,76,23,1,13.54),(270,56,23,1,2.61),(271,53,23,1,7.88),(272,20,23,1,12.56),(273,62,23,1,8.03),(274,2,23,1,4.14),(275,1,23,1,14.28),(276,70,23,1,4.59),(277,42,23,1,0.94),(278,40,23,1,5.67),(279,49,24,1,0.44),(280,31,24,1,10.11),(281,42,24,1,0.94),(282,68,24,1,10.53),(283,81,24,1,11.75),(284,71,24,1,3.24),(285,28,24,1,5.14),(286,40,24,1,5.67),(287,51,24,1,9.60),(288,30,24,1,11.37),(289,2,24,1,4.14),(290,72,24,1,13.25),(291,59,24,1,5.13),(292,37,24,1,11.08),(293,65,25,1,11.04),(294,93,25,1,9.32),(295,1,25,1,14.28),(296,96,25,1,11.55),(297,94,25,1,3.65),(298,33,25,1,1.28),(299,45,25,1,5.38),(300,97,25,1,8.59),(301,98,25,1,7.73),(302,59,25,1,5.13),(303,18,25,1,6.34),(304,87,25,1,1.71),(305,50,25,1,9.01),(306,53,25,1,7.88),(307,57,25,1,6.49),(308,91,25,1,2.98),(309,100,25,1,13.04),(310,88,25,1,8.16),(311,42,25,1,0.94),(312,32,25,1,12.61),(313,45,26,1,5.38),(314,87,26,1,1.71),(315,88,26,1,8.16),(316,59,26,1,5.13),(317,15,26,1,10.89),(318,29,26,1,3.40),(319,100,26,1,13.04),(320,53,26,1,7.88),(321,22,26,1,8.38),(322,64,26,1,12.97),(323,42,26,1,0.94),(324,17,26,1,10.17),(325,76,26,1,13.54),(326,79,27,1,3.62),(327,60,27,1,11.58),(328,22,27,1,8.38),(329,34,27,1,1.63),(330,48,27,1,4.88),(331,80,27,1,5.06),(332,30,27,1,11.37),(333,97,27,1,8.59),(334,47,27,1,12.83),(335,92,27,1,1.48),(336,95,27,1,2.13),(337,100,27,1,13.04),(338,72,27,1,13.25),(339,66,27,1,3.64),(340,37,28,1,11.08),(341,13,28,1,14.53),(342,51,28,1,9.60),(343,47,28,1,12.83),(344,41,28,1,7.04),(345,50,28,1,9.01),(346,29,28,1,3.40),(347,67,28,1,7.29),(348,88,28,1,8.16),(349,49,28,1,0.44),(350,79,28,1,3.62),(351,15,28,1,10.89),(352,24,28,1,7.02),(353,91,28,1,2.98),(354,77,28,1,9.90),(355,85,28,1,4.07),(356,34,28,1,1.63),(357,78,28,1,8.51),(358,81,29,1,11.75),(359,54,29,1,8.85),(360,90,29,1,11.94),(361,55,29,1,6.72),(362,32,29,1,12.61),(363,68,29,1,10.53),(364,52,29,1,6.08),(365,82,29,1,12.48),(366,10,29,1,3.96),(367,5,30,1,12.41),(368,85,30,1,4.07),(369,30,30,1,11.37),(370,81,30,1,11.75),(371,45,30,1,5.38),(372,50,30,1,9.01),(373,45,31,1,5.38),(374,49,31,1,0.44),(375,28,31,1,5.14),(376,41,31,1,7.04),(377,86,31,1,14.22),(378,63,31,1,4.54),(379,37,31,1,11.08),(380,19,31,1,10.50),(381,90,31,1,11.94),(382,84,31,1,9.96),(383,94,31,1,3.65),(384,30,31,1,11.37),(385,22,31,1,8.38),(386,73,31,1,13.82),(387,65,31,1,11.04),(388,95,31,1,2.13),(389,72,31,1,13.25),(390,83,32,1,14.63),(391,30,32,1,11.37),(392,95,32,1,2.13),(393,81,32,1,11.75),(394,10,32,1,3.96),(395,47,32,1,12.83),(396,17,32,1,10.17),(397,77,33,1,9.90),(398,41,33,1,7.04),(399,47,33,1,12.83),(400,33,33,1,1.28),(401,86,33,1,14.22),(402,92,33,1,1.48),(403,49,34,1,0.44),(404,77,34,1,9.90),(405,8,34,1,8.55),(406,3,34,1,6.68),(407,1,34,1,14.28),(408,60,34,1,11.58),(409,22,34,1,8.38),(410,9,34,1,14.72),(411,97,34,1,8.59),(412,57,34,1,6.49),(413,69,34,1,1.82),(414,45,34,1,5.38),(415,53,34,1,7.88),(416,34,34,1,1.63),(417,91,34,1,2.98),(418,33,34,1,1.28),(419,67,34,1,7.29),(420,66,34,1,3.64),(421,50,34,1,9.01),(422,27,34,1,8.23),(423,64,35,1,12.97),(424,71,35,1,3.24),(425,44,35,1,9.84),(426,65,35,1,11.04),(427,46,35,1,11.69),(428,77,35,1,9.90),(429,16,35,1,11.10),(430,34,35,1,1.63),(431,96,35,1,11.55),(432,86,35,1,14.22),(433,10,35,1,3.96),(434,40,35,1,5.67),(435,33,35,1,1.28),(436,95,35,1,2.13),(437,24,35,1,7.02),(438,76,36,1,13.54),(439,73,36,1,13.82),(440,57,36,1,6.49),(441,15,36,1,10.89),(442,83,36,1,14.63),(443,34,36,1,1.63),(444,86,36,1,14.22),(445,23,36,1,2.12),(446,30,36,1,11.37),(447,72,36,1,13.25),(448,91,36,1,2.98),(449,80,36,1,5.06),(450,41,36,1,7.04),(451,9,36,1,14.72),(452,7,36,1,2.16),(453,82,37,1,12.48),(454,22,37,1,8.38),(455,12,37,1,13.30),(456,81,37,1,11.75),(457,11,37,1,6.83),(458,90,37,1,11.94),(459,32,37,1,12.61),(460,39,37,1,0.35),(461,27,37,1,8.23),(462,47,37,1,12.83),(463,50,37,1,9.01),(464,51,37,1,9.60),(465,31,37,1,10.11),(466,62,37,1,8.03),(467,63,37,1,4.54),(468,98,37,1,7.73),(469,28,37,1,5.14),(470,89,38,1,12.05),(471,78,38,1,8.51),(472,99,38,1,6.15),(473,20,38,1,12.56),(474,81,38,1,11.75),(475,55,38,1,6.72),(476,86,38,1,14.22),(477,7,38,1,2.16),(478,77,38,1,9.90),(479,95,38,1,2.13),(480,14,38,1,12.18),(481,79,38,1,3.62),(482,23,38,1,2.12),(483,97,38,1,8.59),(484,12,39,1,13.30),(485,35,39,1,2.70),(486,53,39,1,7.88),(487,77,39,1,9.90),(488,27,39,1,8.23),(489,95,39,1,2.13),(490,48,39,1,4.88),(491,62,39,1,8.03),(492,39,39,1,0.35),(493,43,39,1,13.13),(494,71,39,1,3.24),(495,97,40,1,8.59),(496,41,40,1,7.04),(497,5,40,1,12.41),(498,13,40,1,14.53),(499,58,40,1,7.88),(500,93,40,1,9.32),(501,24,40,1,7.02),(502,7,40,1,2.16),(503,2,40,1,4.14),(504,50,40,1,9.01),(505,17,40,1,10.17),(506,44,41,1,9.84),(507,92,41,1,1.48),(508,56,41,1,2.61),(509,98,41,1,7.73),(510,66,41,1,3.64),(511,49,41,1,0.44),(512,91,41,1,2.98),(513,35,42,1,2.70),(514,15,42,1,10.89),(515,81,42,1,11.75),(516,95,42,1,2.13),(517,57,42,1,6.49),(518,54,42,1,8.85),(519,31,42,1,10.11),(520,59,42,1,5.13),(521,52,42,1,6.08),(522,18,42,1,6.34),(523,37,42,1,11.08),(524,96,42,1,11.55),(525,93,42,1,9.32),(526,49,42,1,0.44),(527,11,43,1,6.83),(528,71,43,1,3.24),(529,41,43,1,7.04),(530,98,43,1,7.73),(531,28,43,1,5.14),(532,8,44,1,8.55),(533,11,44,1,6.83),(534,75,44,1,14.96),(535,98,44,1,7.73),(536,4,44,1,1.77),(537,91,45,1,2.98),(538,95,45,1,2.13),(539,23,45,1,2.12),(540,67,45,1,7.29),(541,99,45,1,6.15),(542,25,45,1,12.72),(543,97,45,1,8.59),(544,24,45,1,7.02),(545,12,45,1,13.30),(546,36,45,1,11.36),(547,9,45,1,14.72),(548,34,45,1,1.63),(549,74,46,1,4.44),(550,12,46,1,13.30),(551,37,46,1,11.08),(552,7,46,1,2.16),(553,64,46,1,12.97),(554,62,46,1,8.03),(555,82,46,1,12.48),(556,61,46,1,2.82),(557,96,46,1,11.55),(558,51,46,1,9.60),(559,14,47,1,12.18),(560,55,47,1,6.72),(561,29,47,1,3.40),(562,89,47,1,12.05),(563,91,47,1,2.98),(564,30,47,1,11.37),(565,62,47,1,8.03),(566,40,47,1,5.67),(567,45,48,1,5.38),(568,60,48,1,11.58),(569,94,48,1,3.65),(570,11,48,1,6.83),(571,69,48,1,1.82),(572,82,48,1,12.48),(573,68,48,1,10.53),(574,32,48,1,12.61),(575,84,48,1,9.96),(576,31,49,1,10.11),(577,44,49,1,9.84),(578,56,49,1,2.61),(579,75,49,1,14.96),(580,16,49,1,11.10),(581,15,49,1,10.89),(582,78,49,1,8.51),(583,90,49,1,11.94),(584,53,49,1,7.88),(585,73,49,1,13.82),(586,64,49,1,12.97),(587,41,49,1,7.04),(588,17,49,1,10.17),(589,13,49,1,14.53),(590,88,49,1,8.16),(591,82,49,1,12.48),(592,45,49,1,5.38),(593,58,49,1,7.88),(594,48,49,1,4.88),(595,11,49,1,6.83),(596,94,50,1,3.65),(597,65,50,1,11.04),(598,73,50,1,13.82),(599,25,50,1,12.72),(600,29,50,1,3.40),(601,26,50,1,3.23),(602,95,50,1,2.13),(603,85,51,1,4.07),(604,79,51,1,3.62),(605,100,51,1,13.04),(606,23,51,1,2.12),(607,3,51,1,6.68),(608,45,51,1,5.38),(609,57,51,1,6.49),(610,33,51,1,1.28),(611,60,51,1,11.58),(612,64,51,1,12.97),(613,20,51,1,12.56),(614,97,51,1,8.59),(615,87,51,1,1.71),(616,89,51,1,12.05),(617,12,51,1,13.30),(618,73,51,1,13.82),(619,1,52,1,14.28),(620,61,52,1,2.82),(621,93,52,1,9.32),(622,11,52,1,6.83),(623,53,52,1,7.88),(624,85,52,1,4.07),(625,35,52,1,2.70),(626,25,52,1,12.72),(627,89,52,1,12.05),(628,88,52,1,8.16),(629,30,52,1,11.37),(630,34,52,1,1.63),(631,9,52,1,14.72),(632,2,52,1,4.14),(633,12,52,1,13.30),(634,36,52,1,11.36),(635,77,52,1,9.90),(636,48,52,1,4.88),(637,79,52,1,3.62),(638,85,53,1,4.07),(639,16,53,1,11.10),(640,95,53,1,2.13),(641,55,53,1,6.72),(642,67,53,1,7.29),(643,15,53,1,10.89),(644,52,53,1,6.08),(645,20,53,1,12.56),(646,76,53,1,13.54),(647,40,53,1,5.67),(648,73,53,1,13.82),(649,35,53,1,2.70),(650,34,53,1,1.63),(651,56,53,1,2.61),(652,82,53,1,12.48),(653,12,54,1,13.30),(654,96,54,1,11.55),(655,57,54,1,6.49),(656,17,54,1,10.17),(657,25,54,1,12.72),(658,30,55,1,11.37),(659,15,55,1,10.89),(660,17,55,1,10.17),(661,50,55,1,9.01),(662,26,55,1,3.23),(663,41,55,1,7.04),(664,79,56,1,3.62),(665,10,56,1,3.96),(666,93,56,1,9.32),(667,6,56,1,3.35),(668,87,56,1,1.71),(669,64,56,1,12.97),(670,38,56,1,1.08),(671,32,56,1,12.61),(672,40,56,1,5.67),(673,11,56,1,6.83),(674,28,56,1,5.14),(675,49,56,1,0.44),(676,25,56,1,12.72),(677,45,56,1,5.38),(678,22,56,1,8.38),(679,42,56,1,0.94),(680,7,56,1,2.16),(681,13,56,1,14.53),(682,50,56,1,9.01),(683,50,57,1,9.01),(684,18,57,1,6.34),(685,11,57,1,6.83),(686,87,57,1,1.71),(687,14,57,1,12.18),(688,43,57,1,13.13),(689,31,57,1,10.11),(690,36,57,1,11.36),(691,75,57,1,14.96),(692,29,57,1,3.40),(693,45,57,1,5.38),(694,37,57,1,11.08),(695,8,57,1,8.55),(696,96,57,1,11.55),(697,38,57,1,1.08),(698,88,57,1,8.16),(699,44,57,1,9.84),(700,81,57,1,11.75),(701,33,57,1,1.28),(702,72,58,1,13.25),(703,5,58,1,12.41),(704,81,58,1,11.75),(705,36,58,1,11.36),(706,20,58,1,12.56),(707,50,58,1,9.01),(708,18,58,1,6.34),(709,71,58,1,3.24),(710,27,58,1,8.23),(711,3,58,1,6.68),(712,10,59,1,3.96),(713,31,59,1,10.11),(714,96,59,1,11.55),(715,23,59,1,2.12),(716,49,59,1,0.44),(717,67,59,1,7.29),(718,65,59,1,11.04),(719,35,59,1,2.70),(720,79,59,1,3.62),(721,58,60,1,7.88),(722,51,60,1,9.60),(723,53,60,1,7.88),(724,43,60,1,13.13),(725,24,60,1,7.02),(726,36,60,1,11.36),(727,44,60,1,9.84),(728,100,60,1,13.04),(729,26,60,1,3.23),(730,35,60,1,2.70),(731,23,60,1,2.12),(732,34,60,1,1.63),(733,28,60,1,5.14),(734,47,61,1,12.83),(735,82,61,1,12.48),(736,100,61,1,13.04),(737,8,61,1,8.55),(738,36,61,1,11.36),(739,31,61,1,10.11),(740,16,61,1,11.10),(741,77,61,1,9.90),(742,94,61,1,3.65),(743,6,62,1,3.35),(744,73,62,1,13.82),(745,52,62,1,6.08),(746,32,62,1,12.61),(747,66,62,1,3.64),(748,50,62,1,9.01),(749,10,62,1,3.96),(750,25,62,1,12.72),(751,74,62,1,4.44),(752,29,62,1,3.40),(753,14,62,1,12.18),(754,72,62,1,13.25),(755,39,62,1,0.35),(756,51,62,1,9.60),(757,42,63,1,0.94),(758,78,63,1,8.51),(759,28,63,1,5.14),(760,60,63,1,11.58),(761,48,63,1,4.88),(762,63,63,1,4.54),(763,53,63,1,7.88),(764,92,63,1,1.48),(765,96,63,1,11.55),(766,51,63,1,9.60),(767,44,63,1,9.84),(768,58,63,1,7.88),(769,9,63,1,14.72),(770,85,63,1,4.07),(771,5,63,1,12.41),(772,100,63,1,13.04),(773,58,64,1,7.88),(774,48,64,1,4.88),(775,40,64,1,5.67),(776,41,64,1,7.04),(777,84,64,1,9.96),(778,3,64,1,6.68),(779,12,64,1,13.30),(780,79,64,1,3.62),(781,57,64,1,6.49),(782,63,65,1,4.54),(783,100,65,1,13.04),(784,72,65,1,13.25),(785,16,65,1,11.10),(786,71,65,1,3.24),(787,32,65,1,12.61),(788,12,65,1,13.30),(789,33,65,1,1.28),(790,49,65,1,0.44),(791,89,65,1,12.05),(792,38,65,1,1.08),(793,97,65,1,8.59),(794,45,65,1,5.38),(795,94,65,1,3.65),(796,7,65,1,2.16),(797,82,65,1,12.48),(798,43,65,1,13.13),(799,85,65,1,4.07),(800,5,65,1,12.41),(801,57,65,1,6.49),(802,49,66,1,0.44),(803,46,66,1,11.69),(804,71,66,1,3.24),(805,80,66,1,5.06),(806,97,66,1,8.59),(807,88,66,1,8.16),(808,39,66,1,0.35),(809,17,66,1,10.17),(810,9,66,1,14.72),(811,12,66,1,13.30),(812,53,66,1,7.88),(813,94,66,1,3.65),(814,77,66,1,9.90),(815,47,66,1,12.83),(816,85,66,1,4.07),(817,92,66,1,1.48),(818,5,66,1,12.41),(819,34,66,1,1.63),(820,41,67,1,7.04),(821,79,67,1,3.62),(822,11,67,1,6.83),(823,90,67,1,11.94),(824,37,67,1,11.08),(825,14,67,1,12.18),(826,87,67,1,1.71),(827,39,67,1,0.35),(828,2,67,1,4.14),(829,74,67,1,4.44),(830,92,67,1,1.48),(831,15,68,1,10.89),(832,79,68,1,3.62),(833,98,68,1,7.73),(834,40,68,1,5.67),(835,37,68,1,11.08),(836,36,68,1,11.36),(837,45,68,1,5.38),(838,81,68,1,11.75),(839,30,68,1,11.37),(840,32,68,1,12.61),(841,43,68,1,13.13),(842,9,68,1,14.72),(843,11,68,1,6.83),(844,43,69,1,13.13),(845,58,69,1,7.88),(846,5,69,1,12.41),(847,79,69,1,3.62),(848,17,69,1,10.17),(849,2,69,1,4.14),(850,66,69,1,3.64),(851,30,69,1,11.37),(852,55,69,1,6.72),(853,33,69,1,1.28),(854,88,69,1,8.16),(855,80,69,1,5.06),(856,53,69,1,7.88),(857,9,69,1,14.72),(858,21,69,1,9.75),(859,74,69,1,4.44),(860,10,70,1,3.96),(861,93,70,1,9.32),(862,99,70,1,6.15),(863,96,70,1,11.55),(864,40,70,1,5.67),(865,4,71,1,1.77),(866,75,71,1,14.96),(867,39,71,1,0.35),(868,71,71,1,3.24),(869,78,71,1,8.51),(870,38,71,1,1.08),(871,65,71,1,11.04),(872,54,71,1,8.85),(873,85,71,1,4.07),(874,28,71,1,5.14),(875,68,71,1,10.53),(876,60,71,1,11.58),(877,61,71,1,2.82),(878,87,71,1,1.71),(879,59,72,1,5.13),(880,74,72,1,4.44),(881,4,72,1,1.77),(882,64,72,1,12.97),(883,31,72,1,10.11),(884,9,72,1,14.72),(885,89,72,1,12.05),(886,47,72,1,12.83),(887,22,72,1,8.38),(888,61,72,1,2.82),(889,6,72,1,3.35),(890,51,72,1,9.60),(891,85,72,1,4.07),(892,40,72,1,5.67),(893,72,72,1,13.25),(894,7,72,1,2.16),(895,69,73,1,1.82),(896,34,73,1,1.63),(897,65,73,1,11.04),(898,71,73,1,3.24),(899,77,73,1,9.90),(900,41,73,1,7.04),(901,28,73,1,5.14),(902,15,73,1,10.89),(903,100,73,1,13.04),(904,31,73,1,10.11),(905,11,73,1,6.83),(906,53,73,1,7.88),(907,56,73,1,2.61),(908,39,73,1,0.35),(909,24,73,1,7.02),(910,91,73,1,2.98),(911,7,73,1,2.16),(912,55,73,1,6.72),(913,12,73,1,13.30),(914,36,73,1,11.36),(915,56,74,1,2.61),(916,44,74,1,9.84),(917,13,74,1,14.53),(918,72,74,1,13.25),(919,26,74,1,3.23),(920,47,74,1,12.83),(921,5,74,1,12.41),(922,66,74,1,3.64),(923,48,74,1,4.88),(924,22,75,1,8.38),(925,36,75,1,11.36),(926,8,75,1,8.55),(927,45,75,1,5.38),(928,38,75,1,1.08),(929,99,75,1,6.15),(930,29,75,1,3.40),(931,58,75,1,7.88),(932,21,75,1,9.75),(933,19,75,1,10.50),(934,77,75,1,9.90),(935,55,75,1,6.72),(936,81,75,1,11.75),(937,59,75,1,5.13),(938,53,75,1,7.88),(939,32,75,1,12.61),(940,12,75,1,13.30),(941,27,75,1,8.23),(942,33,75,1,1.28),(943,42,75,1,0.94),(944,70,76,1,4.59),(945,53,76,1,7.88),(946,82,76,1,12.48),(947,87,76,1,1.71),(948,68,76,1,10.53),(949,23,77,1,2.12),(950,76,77,1,13.54),(951,48,77,1,4.88),(952,31,77,1,10.11),(953,1,77,1,14.28),(954,33,77,1,1.28),(955,54,77,1,8.85),(956,27,77,1,8.23),(957,65,77,1,11.04),(958,82,77,1,12.48),(959,17,77,1,10.17),(960,98,77,1,7.73),(961,63,78,1,4.54),(962,88,78,1,8.16),(963,87,78,1,1.71),(964,29,78,1,3.40),(965,30,78,1,11.37),(966,19,78,1,10.50),(967,58,78,1,7.88),(968,50,78,1,9.01),(969,10,78,1,3.96),(970,57,78,1,6.49),(971,51,78,1,9.60),(972,20,78,1,12.56),(973,34,78,1,1.63),(974,24,78,1,7.02),(975,23,78,1,2.12),(976,100,78,1,13.04),(977,84,78,1,9.96),(978,93,78,1,9.32),(979,46,78,1,11.69),(980,73,79,1,13.82),(981,37,79,1,11.08),(982,36,79,1,11.36),(983,49,79,1,0.44),(984,19,79,1,10.50),(985,51,79,1,9.60),(986,5,79,1,12.41),(987,3,80,1,6.68),(988,11,80,1,6.83),(989,5,80,1,12.41),(990,90,80,1,11.94),(991,33,80,1,1.28),(992,82,80,1,12.48),(993,48,80,1,4.88),(994,77,80,1,9.90),(995,38,81,1,1.08),(996,66,81,1,3.64),(997,23,81,1,2.12),(998,44,81,1,9.84),(999,24,81,1,7.02),(1000,33,82,1,1.28),(1001,31,82,1,10.11),(1002,82,82,1,12.48),(1003,64,82,1,12.97),(1004,72,82,1,13.25),(1005,37,82,1,11.08),(1006,67,82,1,7.29),(1007,69,82,1,1.82),(1008,54,82,1,8.85),(1009,79,82,1,3.62),(1010,61,82,1,2.82),(1011,25,82,1,12.72),(1012,11,82,1,6.83),(1013,86,82,1,14.22),(1014,99,82,1,6.15),(1015,49,83,1,0.44),(1016,8,83,1,8.55),(1017,94,83,1,3.65),(1018,62,83,1,8.03),(1019,67,83,1,7.29),(1020,98,83,1,7.73),(1021,73,83,1,13.82),(1022,28,83,1,5.14),(1023,39,83,1,0.35),(1024,65,83,1,11.04),(1025,14,83,1,12.18),(1026,23,83,1,2.12),(1027,59,83,1,5.13),(1028,31,83,1,10.11),(1029,85,83,1,4.07),(1030,86,83,1,14.22),(1031,50,83,1,9.01),(1032,71,83,1,3.24),(1033,92,83,1,1.48),(1034,82,84,1,12.48),(1035,48,84,1,4.88),(1036,7,84,1,2.16),(1037,90,84,1,11.94),(1038,24,84,1,7.02),(1039,16,84,1,11.10),(1040,2,84,1,4.14),(1041,6,84,1,3.35),(1042,47,84,1,12.83),(1043,85,84,1,4.07),(1044,44,84,1,9.84),(1045,61,84,1,2.82),(1046,93,85,1,9.32),(1047,36,85,1,11.36),(1048,87,85,1,1.71),(1049,74,85,1,4.44),(1050,54,85,1,8.85),(1051,22,85,1,8.38),(1052,25,86,1,12.72),(1053,75,86,1,14.96),(1054,35,86,1,2.70),(1055,94,86,1,3.65),(1056,77,86,1,9.90),(1057,24,87,1,7.02),(1058,83,87,1,14.63),(1059,11,87,1,6.83),(1060,61,87,1,2.82),(1061,69,87,1,1.82),(1062,22,87,1,8.38),(1063,12,87,1,13.30),(1064,74,87,1,4.44),(1065,20,87,1,12.56),(1066,92,87,1,1.48),(1067,27,87,1,8.23),(1068,51,87,1,9.60),(1069,86,87,1,14.22),(1070,5,87,1,12.41),(1071,64,87,1,12.97),(1072,33,87,1,1.28),(1073,99,87,1,6.15),(1074,13,87,1,14.53),(1075,70,87,1,4.59),(1076,21,87,1,9.75),(1077,62,88,1,8.03),(1078,77,88,1,9.90),(1079,51,88,1,9.60),(1080,46,88,1,11.69),(1081,28,88,1,5.14),(1082,39,88,1,0.35),(1083,90,88,1,11.94),(1084,45,88,1,5.38),(1085,92,88,1,1.48),(1086,41,89,1,7.04),(1087,21,89,1,9.75),(1088,33,89,1,1.28),(1089,5,89,1,12.41),(1090,79,89,1,3.62),(1091,63,90,1,4.54),(1092,37,90,1,11.08),(1093,19,90,1,10.50),(1094,46,90,1,11.69),(1095,99,90,1,6.15),(1096,44,90,1,9.84),(1097,59,90,1,5.13),(1098,65,90,1,11.04),(1099,64,90,1,12.97),(1100,67,90,1,7.29),(1101,25,90,1,12.72),(1102,98,90,1,7.73),(1103,96,90,1,11.55),(1104,100,90,1,13.04),(1105,4,90,1,1.77),(1106,70,90,1,4.59),(1107,40,90,1,5.67),(1108,20,90,1,12.56),(1109,10,91,1,3.96),(1110,91,91,1,2.98),(1111,77,91,1,9.90),(1112,61,91,1,2.82),(1113,26,91,1,3.23),(1114,71,91,1,3.24),(1115,27,91,1,8.23),(1116,72,91,1,13.25),(1117,63,91,1,4.54),(1118,28,91,1,5.14),(1119,86,91,1,14.22),(1120,14,91,1,12.18),(1121,23,91,1,2.12),(1122,49,91,1,0.44),(1123,43,92,1,13.13),(1124,46,92,1,11.69),(1125,5,92,1,12.41),(1126,25,92,1,12.72),(1127,39,92,1,0.35),(1128,61,92,1,2.82),(1129,10,92,1,3.96),(1130,69,92,1,1.82),(1131,26,92,1,3.23),(1132,82,92,1,12.48),(1133,29,92,1,3.40),(1134,99,92,1,6.15),(1135,72,92,1,13.25),(1136,75,92,1,14.96),(1137,35,93,1,2.70),(1138,7,93,1,2.16),(1139,86,93,1,14.22),(1140,38,93,1,1.08),(1141,43,93,1,13.13),(1142,87,93,1,1.71),(1143,13,93,1,14.53),(1144,52,93,1,6.08),(1145,24,93,1,7.02),(1146,73,93,1,13.82),(1147,62,93,1,8.03),(1148,47,93,1,12.83),(1149,30,93,1,11.37),(1150,58,93,1,7.88),(1151,67,93,1,7.29),(1152,85,93,1,4.07),(1153,46,93,1,11.69),(1154,47,94,1,12.83),(1155,39,94,1,0.35),(1156,45,94,1,5.38),(1157,10,94,1,3.96),(1158,66,94,1,3.64),(1159,46,94,1,11.69),(1160,92,94,1,1.48),(1161,11,94,1,6.83),(1162,76,94,1,13.54),(1163,69,94,1,1.82),(1164,37,94,1,11.08),(1165,39,95,1,0.35),(1166,72,95,1,13.25),(1167,29,95,1,3.40),(1168,91,95,1,2.98),(1169,47,95,1,12.83),(1170,49,95,1,0.44),(1171,55,95,1,6.72),(1172,81,96,1,11.75),(1173,82,96,1,12.48),(1174,30,96,1,11.37),(1175,7,96,1,2.16),(1176,78,96,1,8.51),(1177,66,96,1,3.64),(1178,47,96,1,12.83),(1179,10,96,1,3.96),(1180,16,96,1,11.10),(1181,19,96,1,10.50),(1182,22,97,1,8.38),(1183,58,97,1,7.88),(1184,92,97,1,1.48),(1185,81,97,1,11.75),(1186,68,97,1,10.53),(1187,26,97,1,3.23),(1188,69,97,1,1.82),(1189,77,97,1,9.90),(1190,19,98,1,10.50),(1191,72,98,1,13.25),(1192,51,98,1,9.60),(1193,8,98,1,8.55),(1194,50,98,1,9.01),(1195,99,98,1,6.15),(1196,84,98,1,9.96),(1197,53,98,1,7.88),(1198,6,98,1,3.35),(1199,7,98,1,2.16),(1200,83,98,1,14.63),(1201,38,98,1,1.08),(1202,54,98,1,8.85),(1203,80,99,1,5.06),(1204,19,99,1,10.50),(1205,92,99,1,1.48),(1206,61,99,1,2.82),(1207,99,99,1,6.15),(1208,45,99,1,5.38),(1209,5,99,1,12.41),(1210,65,99,1,11.04),(1211,33,99,1,1.28),(1212,68,99,1,10.53),(1213,18,99,1,6.34),(1214,31,99,1,10.11),(1215,50,99,1,9.01),(1216,29,99,1,3.40),(1217,12,99,1,13.30),(1218,85,99,1,4.07),(1219,34,99,1,1.63),(1220,58,99,1,7.88),(1221,73,99,1,13.82),(1222,6,99,1,3.35),(1223,91,100,1,2.98),(1224,56,100,1,2.61),(1225,98,100,1,7.73),(1226,25,100,1,12.72),(1227,59,100,1,5.13),(1228,86,100,1,14.22),(1229,22,100,1,8.38),(1230,1,100,1,14.28);
/*!40000 ALTER TABLE `CartItem` ENABLE KEYS */;
UNLOCK TABLES;
/*!50003 SET @saved_cs_client      = @@character_set_client */ ;
/*!50003 SET @saved_cs_results     = @@character_set_results */ ;
/*!50003 SET @saved_col_connection = @@collation_connection */ ;
/*!50003 SET character_set_client  = latin1 */ ;
/*!50003 SET character_set_results = latin1 */ ;
/*!50003 SET collation_connection  = latin1_swedish_ci */ ;
/*!50003 SET @saved_sql_mode       = @@sql_mode */ ;
/*!50003 SET sql_mode              = 'ONLY_FULL_GROUP_BY,STRICT_TRANS_TABLES,NO_ZERO_IN_DATE,NO_ZERO_DATE,ERROR_FOR_DIVISION_BY_ZERO,NO_ENGINE_SUBSTITUTION' */ ;
DELIMITER ;;
/*!50003 CREATE*/ /*!50017 DEFINER=`root`@`localhost`*/ /*!50003 TRIGGER `UpdateSubCostCartItemOnInsert` BEFORE INSERT ON `CartItem` FOR EACH ROW BEGIN
  SET @baseCost := (SELECT I.baseCost FROM Ingredient I WHERE I.id = NEW.id_Ingredient);
  SET NEW.subCost := @baseCost * NEW.multiplier;
END */;;
DELIMITER ;
/*!50003 SET sql_mode              = @saved_sql_mode */ ;
/*!50003 SET character_set_client  = @saved_cs_client */ ;
/*!50003 SET character_set_results = @saved_cs_results */ ;
/*!50003 SET collation_connection  = @saved_col_connection */ ;
/*!50003 SET @saved_cs_client      = @@character_set_client */ ;
/*!50003 SET @saved_cs_results     = @@character_set_results */ ;
/*!50003 SET @saved_col_connection = @@collation_connection */ ;
/*!50003 SET character_set_client  = latin1 */ ;
/*!50003 SET character_set_results = latin1 */ ;
/*!50003 SET collation_connection  = latin1_swedish_ci */ ;
/*!50003 SET @saved_sql_mode       = @@sql_mode */ ;
/*!50003 SET sql_mode              = 'ONLY_FULL_GROUP_BY,STRICT_TRANS_TABLES,NO_ZERO_IN_DATE,NO_ZERO_DATE,ERROR_FOR_DIVISION_BY_ZERO,NO_ENGINE_SUBSTITUTION' */ ;
DELIMITER ;;
/*!50003 CREATE*/ /*!50017 DEFINER=`root`@`localhost`*/ /*!50003 TRIGGER `UpdateTotalCostCartOnCartItemInsert` AFTER INSERT ON `CartItem` FOR EACH ROW BEGIN
  SET @totalCost := (SELECT SUM(C.subCost) FROM CartItem C WHERE C.id_Cart = NEW.id_Cart);
  UPDATE Cart C SET C.totalCost := @totalCost WHERE C.id = NEW.id_Cart;
END */;;
DELIMITER ;
/*!50003 SET sql_mode              = @saved_sql_mode */ ;
/*!50003 SET character_set_client  = @saved_cs_client */ ;
/*!50003 SET character_set_results = @saved_cs_results */ ;
/*!50003 SET collation_connection  = @saved_col_connection */ ;
/*!50003 SET @saved_cs_client      = @@character_set_client */ ;
/*!50003 SET @saved_cs_results     = @@character_set_results */ ;
/*!50003 SET @saved_col_connection = @@collation_connection */ ;
/*!50003 SET character_set_client  = latin1 */ ;
/*!50003 SET character_set_results = latin1 */ ;
/*!50003 SET collation_connection  = latin1_swedish_ci */ ;
/*!50003 SET @saved_sql_mode       = @@sql_mode */ ;
/*!50003 SET sql_mode              = 'ONLY_FULL_GROUP_BY,STRICT_TRANS_TABLES,NO_ZERO_IN_DATE,NO_ZERO_DATE,ERROR_FOR_DIVISION_BY_ZERO,NO_ENGINE_SUBSTITUTION' */ ;
DELIMITER ;;
/*!50003 CREATE*/ /*!50017 DEFINER=`root`@`localhost`*/ /*!50003 TRIGGER `UpdateSubCostCartItemOnUpdate` BEFORE UPDATE ON `CartItem` FOR EACH ROW BEGIN
  SET @baseCost := (SELECT I.baseCost FROM Ingredient I WHERE I.id = NEW.id_Ingredient);
  SET NEW.subCost := @baseCost * NEW.multiplier;
END */;;
DELIMITER ;
/*!50003 SET sql_mode              = @saved_sql_mode */ ;
/*!50003 SET character_set_client  = @saved_cs_client */ ;
/*!50003 SET character_set_results = @saved_cs_results */ ;
/*!50003 SET collation_connection  = @saved_col_connection */ ;
/*!50003 SET @saved_cs_client      = @@character_set_client */ ;
/*!50003 SET @saved_cs_results     = @@character_set_results */ ;
/*!50003 SET @saved_col_connection = @@collation_connection */ ;
/*!50003 SET character_set_client  = latin1 */ ;
/*!50003 SET character_set_results = latin1 */ ;
/*!50003 SET collation_connection  = latin1_swedish_ci */ ;
/*!50003 SET @saved_sql_mode       = @@sql_mode */ ;
/*!50003 SET sql_mode              = 'ONLY_FULL_GROUP_BY,STRICT_TRANS_TABLES,NO_ZERO_IN_DATE,NO_ZERO_DATE,ERROR_FOR_DIVISION_BY_ZERO,NO_ENGINE_SUBSTITUTION' */ ;
DELIMITER ;;
/*!50003 CREATE*/ /*!50017 DEFINER=`root`@`localhost`*/ /*!50003 TRIGGER `PreventUpdateOfCartItemIfIsCommand` BEFORE UPDATE ON `CartItem` FOR EACH ROW BEGIN
  SET @commandCountWithCartId := (SELECT COUNT(*) FROM Command C WHERE C.id_Cart = NEW.id_Cart);
  IF @commandCountWithCartId > 0 THEN
    SIGNAL SQLSTATE '45000'
    SET MESSAGE_TEXT = "Le panier à déjà été commandé et n'est plus modifiable";
  END IF;
END */;;
DELIMITER ;
/*!50003 SET sql_mode              = @saved_sql_mode */ ;
/*!50003 SET character_set_client  = @saved_cs_client */ ;
/*!50003 SET character_set_results = @saved_cs_results */ ;
/*!50003 SET collation_connection  = @saved_col_connection */ ;
/*!50003 SET @saved_cs_client      = @@character_set_client */ ;
/*!50003 SET @saved_cs_results     = @@character_set_results */ ;
/*!50003 SET @saved_col_connection = @@collation_connection */ ;
/*!50003 SET character_set_client  = latin1 */ ;
/*!50003 SET character_set_results = latin1 */ ;
/*!50003 SET collation_connection  = latin1_swedish_ci */ ;
/*!50003 SET @saved_sql_mode       = @@sql_mode */ ;
/*!50003 SET sql_mode              = 'ONLY_FULL_GROUP_BY,STRICT_TRANS_TABLES,NO_ZERO_IN_DATE,NO_ZERO_DATE,ERROR_FOR_DIVISION_BY_ZERO,NO_ENGINE_SUBSTITUTION' */ ;
DELIMITER ;;
/*!50003 CREATE*/ /*!50017 DEFINER=`root`@`localhost`*/ /*!50003 TRIGGER `UpdateTotalCostCartOnCartItemUpdate` AFTER UPDATE ON `CartItem` FOR EACH ROW BEGIN
  SET @totalCost := (SELECT SUM(C.subCost) FROM CartItem C WHERE C.id_Cart = NEW.id_Cart);
  UPDATE Cart C SET C.totalCost := @totalCost WHERE C.id = NEW.id_Cart;
END */;;
DELIMITER ;
/*!50003 SET sql_mode              = @saved_sql_mode */ ;
/*!50003 SET character_set_client  = @saved_cs_client */ ;
/*!50003 SET character_set_results = @saved_cs_results */ ;
/*!50003 SET collation_connection  = @saved_col_connection */ ;
/*!50003 SET @saved_cs_client      = @@character_set_client */ ;
/*!50003 SET @saved_cs_results     = @@character_set_results */ ;
/*!50003 SET @saved_col_connection = @@collation_connection */ ;
/*!50003 SET character_set_client  = latin1 */ ;
/*!50003 SET character_set_results = latin1 */ ;
/*!50003 SET collation_connection  = latin1_swedish_ci */ ;
/*!50003 SET @saved_sql_mode       = @@sql_mode */ ;
/*!50003 SET sql_mode              = 'ONLY_FULL_GROUP_BY,STRICT_TRANS_TABLES,NO_ZERO_IN_DATE,NO_ZERO_DATE,ERROR_FOR_DIVISION_BY_ZERO,NO_ENGINE_SUBSTITUTION' */ ;
DELIMITER ;;
/*!50003 CREATE*/ /*!50017 DEFINER=`root`@`localhost`*/ /*!50003 TRIGGER `UpdateTotalCostCartOnCartItemDelete` AFTER DELETE ON `CartItem` FOR EACH ROW BEGIN
  SET @totalCost := IFNULL((SELECT SUM(C.subCost) FROM CartItem C WHERE C.id_Cart = OLD.id_Cart), 0);
  UPDATE Cart C SET C.totalCost := @totalCost WHERE C.id = OLD.id_Cart;
END */;;
DELIMITER ;
/*!50003 SET sql_mode              = @saved_sql_mode */ ;
/*!50003 SET character_set_client  = @saved_cs_client */ ;
/*!50003 SET character_set_results = @saved_cs_results */ ;
/*!50003 SET collation_connection  = @saved_col_connection */ ;

--
-- Table structure for table `Command`
--

DROP TABLE IF EXISTS `Command`;
/*!40101 SET @saved_cs_client     = @@character_set_client */;
 SET character_set_client = utf8mb4 ;
CREATE TABLE `Command` (
  `id` int(11) NOT NULL AUTO_INCREMENT,
  `id_Cart` int(11) NOT NULL,
  `creationDate` datetime NOT NULL,
  `arrivalDate` datetime DEFAULT NULL,
  PRIMARY KEY (`id`),
  UNIQUE KEY `id_Cart` (`id_Cart`),
  CONSTRAINT `Command_ibfk_1` FOREIGN KEY (`id_Cart`) REFERENCES `Cart` (`id`)
) ENGINE=InnoDB AUTO_INCREMENT=101 DEFAULT CHARSET=utf8mb4 COLLATE=utf8mb4_0900_ai_ci;
/*!40101 SET character_set_client = @saved_cs_client */;

--
-- Dumping data for table `Command`
--

LOCK TABLES `Command` WRITE;
/*!40000 ALTER TABLE `Command` DISABLE KEYS */;
INSERT INTO `Command` VALUES (1,101,'2019-04-15 15:44:54','2019-04-15 15:44:54'),(2,103,'2019-04-15 15:44:54','2019-04-15 15:44:54'),(3,105,'2019-04-15 15:44:54','2019-04-15 15:44:54'),(4,107,'2019-04-15 15:44:55','2019-04-15 15:44:55'),(5,109,'2019-04-15 15:44:55','2019-04-15 15:44:55'),(6,111,'2019-04-15 15:44:55','2019-04-15 15:44:55'),(7,113,'2019-04-15 15:44:55','2019-04-15 15:44:55'),(8,115,'2019-04-15 15:44:55','2019-04-15 15:44:55'),(9,117,'2019-04-15 15:44:55','2019-04-15 15:44:55'),(10,119,'2019-04-15 15:44:55','2019-04-15 15:44:55'),(11,121,'2019-04-15 15:44:55','2019-04-15 15:44:55'),(12,123,'2019-04-15 15:44:55','2019-04-15 15:44:55'),(13,125,'2019-04-15 15:44:55','2019-04-15 15:44:55'),(14,127,'2019-04-15 15:44:55','2019-04-15 15:44:55'),(15,129,'2019-04-15 15:44:55','2019-04-15 15:44:55'),(16,131,'2019-04-15 15:44:55','2019-04-15 15:44:55'),(17,133,'2019-04-15 15:44:55','2019-04-15 15:44:55'),(18,135,'2019-04-15 15:44:55','2019-04-15 15:44:55'),(19,137,'2019-04-15 15:44:55','2019-04-15 15:44:55'),(20,139,'2019-04-15 15:44:55','2019-04-15 15:44:55'),(21,141,'2019-04-15 15:44:55','2019-04-15 15:44:55'),(22,143,'2019-04-15 15:44:55','2019-04-15 15:44:55'),(23,145,'2019-04-15 15:44:55','2019-04-15 15:44:55'),(24,147,'2019-04-15 15:44:55','2019-04-15 15:44:55'),(25,149,'2019-04-15 15:44:55','2019-04-15 15:44:55'),(26,151,'2019-04-15 15:44:55','2019-04-15 15:44:55'),(27,153,'2019-04-15 15:44:55','2019-04-15 15:44:55'),(28,155,'2019-04-15 15:44:55','2019-04-15 15:44:55'),(29,157,'2019-04-15 15:44:56','2019-04-15 15:44:56'),(30,159,'2019-04-15 15:44:56','2019-04-15 15:44:56'),(31,161,'2019-04-15 15:44:56','2019-04-15 15:44:56'),(32,163,'2019-04-15 15:44:56','2019-04-15 15:44:56'),(33,165,'2019-04-15 15:44:56','2019-04-15 15:44:56'),(34,167,'2019-04-15 15:44:56','2019-04-15 15:44:56'),(35,169,'2019-04-15 15:44:56','2019-04-15 15:44:56'),(36,171,'2019-04-15 15:44:56','2019-04-15 15:44:56'),(37,173,'2019-04-15 15:44:56','2019-04-15 15:44:56'),(38,175,'2019-04-15 15:44:56','2019-04-15 15:44:56'),(39,177,'2019-04-15 15:44:56','2019-04-15 15:44:56'),(40,179,'2019-04-15 15:44:56','2019-04-15 15:44:56'),(41,181,'2019-04-15 15:44:56','2019-04-15 15:44:56'),(42,183,'2019-04-15 15:44:56','2019-04-15 15:44:56'),(43,185,'2019-04-15 15:44:56','2019-04-15 15:44:56'),(44,187,'2019-04-15 15:44:56','2019-04-15 15:44:56'),(45,189,'2019-04-15 15:44:56','2019-04-15 15:44:56'),(46,191,'2019-04-15 15:44:56','2019-04-15 15:44:56'),(47,193,'2019-04-15 15:44:56','2019-04-15 15:44:56'),(48,195,'2019-04-15 15:44:56','2019-04-15 15:44:56'),(49,197,'2019-04-15 15:44:56','2019-04-15 15:44:56'),(50,199,'2019-04-15 15:44:56','2019-04-15 15:44:56'),(51,201,'2019-04-15 15:44:56','2019-04-15 15:44:56'),(52,203,'2019-04-15 15:44:56','2019-04-15 15:44:56'),(53,205,'2019-04-15 15:44:56','2019-04-15 15:44:56'),(54,207,'2019-04-15 15:44:57','2019-04-15 15:44:57'),(55,209,'2019-04-15 15:44:57','2019-04-15 15:44:57'),(56,211,'2019-04-15 15:44:57','2019-04-15 15:44:57'),(57,213,'2019-04-15 15:44:57','2019-04-15 15:44:57'),(58,215,'2019-04-15 15:44:57','2019-04-15 15:44:57'),(59,217,'2019-04-15 15:44:57','2019-04-15 15:44:57'),(60,219,'2019-04-15 15:44:57','2019-04-15 15:44:57'),(61,221,'2019-04-15 15:44:57','2019-04-15 15:44:57'),(62,223,'2019-04-15 15:44:57','2019-04-15 15:44:57'),(63,225,'2019-04-15 15:44:57','2019-04-15 15:44:57'),(64,227,'2019-04-15 15:44:57','2019-04-15 15:44:57'),(65,229,'2019-04-15 15:44:57','2019-04-15 15:44:57'),(66,231,'2019-04-15 15:44:57','2019-04-15 15:44:57'),(67,233,'2019-04-15 15:44:57','2019-04-15 15:44:57'),(68,235,'2019-04-15 15:44:57','2019-04-15 15:44:57'),(69,237,'2019-04-15 15:44:57','2019-04-15 15:44:57'),(70,239,'2019-04-15 15:44:57','2019-04-15 15:44:57'),(71,241,'2019-04-15 15:44:57','2019-04-15 15:44:57'),(72,243,'2019-04-15 15:44:57','2019-04-15 15:44:57'),(73,245,'2019-04-15 15:44:57','2019-04-15 15:44:57'),(74,247,'2019-04-15 15:44:57','2019-04-15 15:44:57'),(75,249,'2019-04-15 15:44:57','2019-04-15 15:44:57'),(76,251,'2019-04-15 15:44:57','2019-04-15 15:44:57'),(77,253,'2019-04-15 15:44:57','2019-04-15 15:44:57'),(78,255,'2019-04-15 15:44:58','2019-04-15 15:44:58'),(79,257,'2019-04-15 15:44:58','2019-04-15 15:44:58'),(80,259,'2019-04-15 15:44:58','2019-04-15 15:44:58'),(81,261,'2019-04-15 15:44:58','2019-04-15 15:44:58'),(82,263,'2019-04-15 15:44:58','2019-04-15 15:44:58'),(83,265,'2019-04-15 15:44:58','2019-04-15 15:44:58'),(84,267,'2019-04-15 15:44:58','2019-04-15 15:44:58'),(85,269,'2019-04-15 15:44:58','2019-04-15 15:44:58'),(86,271,'2019-04-15 15:44:58','2019-04-15 15:44:58'),(87,273,'2019-04-15 15:44:58','2019-04-15 15:44:58'),(88,275,'2019-04-15 15:44:58','2019-04-15 15:44:58'),(89,277,'2019-04-15 15:44:58','2019-04-15 15:44:58'),(90,279,'2019-04-15 15:44:58','2019-04-15 15:44:58'),(91,281,'2019-04-15 15:44:58','2019-04-15 15:44:58'),(92,283,'2019-04-15 15:44:58','2019-04-15 15:44:58'),(93,285,'2019-04-15 15:44:58','2019-04-15 15:44:58'),(94,287,'2019-04-15 15:44:58','2019-04-15 15:44:58'),(95,289,'2019-04-15 15:44:58','2019-04-15 15:44:58'),(96,291,'2019-04-15 15:44:58','2019-04-15 15:44:58'),(97,293,'2019-04-15 15:44:58','2019-04-15 15:44:58'),(98,295,'2019-04-15 15:44:58','2019-04-15 15:44:58'),(99,297,'2019-04-15 15:44:58','2019-04-15 15:44:58'),(100,299,'2019-04-15 15:44:58','2019-04-15 15:44:58');
/*!40000 ALTER TABLE `Command` ENABLE KEYS */;
UNLOCK TABLES;
/*!50003 SET @saved_cs_client      = @@character_set_client */ ;
/*!50003 SET @saved_cs_results     = @@character_set_results */ ;
/*!50003 SET @saved_col_connection = @@collation_connection */ ;
/*!50003 SET character_set_client  = latin1 */ ;
/*!50003 SET character_set_results = latin1 */ ;
/*!50003 SET collation_connection  = latin1_swedish_ci */ ;
/*!50003 SET @saved_sql_mode       = @@sql_mode */ ;
/*!50003 SET sql_mode              = 'ONLY_FULL_GROUP_BY,STRICT_TRANS_TABLES,NO_ZERO_IN_DATE,NO_ZERO_DATE,ERROR_FOR_DIVISION_BY_ZERO,NO_ENGINE_SUBSTITUTION' */ ;
DELIMITER ;;
/*!50003 CREATE*/ /*!50017 DEFINER=`root`@`localhost`*/ /*!50003 TRIGGER `NewCartAfterCommand` AFTER INSERT ON `Command` FOR EACH ROW BEGIN
  SET @userId := (SELECT Cart.id_User FROM Cart WHERE Cart.id = NEW.id_Cart);
  INSERT INTO `Cart` (`id`, `id_User`, `totalCost`)
  VALUES (NULL, @userId, 0);
END */;;
DELIMITER ;
/*!50003 SET sql_mode              = @saved_sql_mode */ ;
/*!50003 SET character_set_client  = @saved_cs_client */ ;
/*!50003 SET character_set_results = @saved_cs_results */ ;
/*!50003 SET collation_connection  = @saved_col_connection */ ;

--
-- Table structure for table `Comment`
--

DROP TABLE IF EXISTS `Comment`;
/*!40101 SET @saved_cs_client     = @@character_set_client */;
 SET character_set_client = utf8mb4 ;
CREATE TABLE `Comment` (
  `id` int(11) NOT NULL AUTO_INCREMENT,
  `id_Recipe` int(11) NOT NULL,
  `id_User` int(11) DEFAULT NULL,
  `text` mediumtext,
  PRIMARY KEY (`id`),
  KEY `id_Recipe` (`id_Recipe`),
  KEY `id_User` (`id_User`),
  CONSTRAINT `Comment_ibfk_1` FOREIGN KEY (`id_Recipe`) REFERENCES `Recipe` (`id`),
  CONSTRAINT `Comment_ibfk_2` FOREIGN KEY (`id_User`) REFERENCES `User` (`id`)
) ENGINE=InnoDB AUTO_INCREMENT=101 DEFAULT CHARSET=utf8mb4 COLLATE=utf8mb4_0900_ai_ci;
/*!40101 SET character_set_client = @saved_cs_client */;

--
-- Dumping data for table `Comment`
--

LOCK TABLES `Comment` WRITE;
/*!40000 ALTER TABLE `Comment` DISABLE KEYS */;
INSERT INTO `Comment` VALUES (1,44,75,'Lorem ipsum dolor sit amet, consectetur adipiscing elit. Morbi pulvinar pharetra bibendum. Ut eget risus nec risus finibus hendrerit in non tortor. Pellentesque maximus ligula et turpis faucibus cursus. Donec vel nunc metus. Quisque sagittis mattis dui vel varius. Aliquam iaculis interdum lacinia. Nam euismod lectus id maximus sodales. Nam id magna dictum, semper nisl vel, ornare ligula. Sed condimentum metus quis leo pharetra, quis semper urna aliquam. Fusce consectetur accumsan augue sit amet iaculis. Suspendisse volutpat urna vitae fermentum eleifend. Maecenas sapien leo, gravida vitae pellentesque quis, efficitur in erat. Maecenas elementum euismod hendrerit. Mauris sagittis massa a orci.'),(2,98,18,'Lorem ipsum dolor sit amet, consectetur adipiscing elit. Morbi pulvinar pharetra bibendum. Ut eget risus nec risus finibus hendrerit in non tortor. Pellentesque maximus ligula et turpis faucibus cursus. Donec vel nunc metus. Quisque sagittis mattis dui vel varius. Aliquam iaculis interdum lacinia. Nam euismod lectus id maximus sodales. Nam id magna dictum, semper nisl vel, ornare ligula. Sed condimentum metus quis leo pharetra, quis semper urna aliquam. Fusce consectetur accumsan augue sit amet iaculis. Suspendisse volutpat urna vitae fermentum eleifend. Maecenas sapien leo, gravida vitae pellentesque quis, efficitur in erat. Maecenas elementum euismod hendrerit. Mauris sagittis massa a orci.'),(3,34,78,'Lorem ipsum dolor sit amet, consectetur adipiscing elit. Morbi pulvinar pharetra bibendum. Ut eget risus nec risus finibus hendrerit in non tortor. Pellentesque maximus ligula et turpis faucibus cursus. Donec vel nunc metus. Quisque sagittis mattis dui vel varius. Aliquam iaculis interdum lacinia. Nam euismod lectus id maximus sodales. Nam id magna dictum, semper nisl vel, ornare ligula. Sed condimentum metus quis leo pharetra, quis semper urna aliquam. Fusce consectetur accumsan augue sit amet iaculis. Suspendisse volutpat urna vitae fermentum eleifend. Maecenas sapien leo, gravida vitae pellentesque quis, efficitur in erat. Maecenas elementum euismod hendrerit. Mauris sagittis massa a orci.'),(4,56,74,'Lorem ipsum dolor sit amet, consectetur adipiscing elit. Morbi pulvinar pharetra bibendum. Ut eget risus nec risus finibus hendrerit in non tortor. Pellentesque maximus ligula et turpis faucibus cursus. Donec vel nunc metus. Quisque sagittis mattis dui vel varius. Aliquam iaculis interdum lacinia. Nam euismod lectus id maximus sodales. Nam id magna dictum, semper nisl vel, ornare ligula. Sed condimentum metus quis leo pharetra, quis semper urna aliquam. Fusce consectetur accumsan augue sit amet iaculis. Suspendisse volutpat urna vitae fermentum eleifend. Maecenas sapien leo, gravida vitae pellentesque quis, efficitur in erat. Maecenas elementum euismod hendrerit. Mauris sagittis massa a orci.'),(5,91,60,'Lorem ipsum dolor sit amet, consectetur adipiscing elit. Morbi pulvinar pharetra bibendum. Ut eget risus nec risus finibus hendrerit in non tortor. Pellentesque maximus ligula et turpis faucibus cursus. Donec vel nunc metus. Quisque sagittis mattis dui vel varius. Aliquam iaculis interdum lacinia. Nam euismod lectus id maximus sodales. Nam id magna dictum, semper nisl vel, ornare ligula. Sed condimentum metus quis leo pharetra, quis semper urna aliquam. Fusce consectetur accumsan augue sit amet iaculis. Suspendisse volutpat urna vitae fermentum eleifend. Maecenas sapien leo, gravida vitae pellentesque quis, efficitur in erat. Maecenas elementum euismod hendrerit. Mauris sagittis massa a orci.'),(6,53,13,'Lorem ipsum dolor sit amet, consectetur adipiscing elit. Morbi pulvinar pharetra bibendum. Ut eget risus nec risus finibus hendrerit in non tortor. Pellentesque maximus ligula et turpis faucibus cursus. Donec vel nunc metus. Quisque sagittis mattis dui vel varius. Aliquam iaculis interdum lacinia. Nam euismod lectus id maximus sodales. Nam id magna dictum, semper nisl vel, ornare ligula. Sed condimentum metus quis leo pharetra, quis semper urna aliquam. Fusce consectetur accumsan augue sit amet iaculis. Suspendisse volutpat urna vitae fermentum eleifend. Maecenas sapien leo, gravida vitae pellentesque quis, efficitur in erat. Maecenas elementum euismod hendrerit. Mauris sagittis massa a orci.'),(7,85,47,'Lorem ipsum dolor sit amet, consectetur adipiscing elit. Morbi pulvinar pharetra bibendum. Ut eget risus nec risus finibus hendrerit in non tortor. Pellentesque maximus ligula et turpis faucibus cursus. Donec vel nunc metus. Quisque sagittis mattis dui vel varius. Aliquam iaculis interdum lacinia. Nam euismod lectus id maximus sodales. Nam id magna dictum, semper nisl vel, ornare ligula. Sed condimentum metus quis leo pharetra, quis semper urna aliquam. Fusce consectetur accumsan augue sit amet iaculis. Suspendisse volutpat urna vitae fermentum eleifend. Maecenas sapien leo, gravida vitae pellentesque quis, efficitur in erat. Maecenas elementum euismod hendrerit. Mauris sagittis massa a orci.'),(8,72,54,'Lorem ipsum dolor sit amet, consectetur adipiscing elit. Morbi pulvinar pharetra bibendum. Ut eget risus nec risus finibus hendrerit in non tortor. Pellentesque maximus ligula et turpis faucibus cursus. Donec vel nunc metus. Quisque sagittis mattis dui vel varius. Aliquam iaculis interdum lacinia. Nam euismod lectus id maximus sodales. Nam id magna dictum, semper nisl vel, ornare ligula. Sed condimentum metus quis leo pharetra, quis semper urna aliquam. Fusce consectetur accumsan augue sit amet iaculis. Suspendisse volutpat urna vitae fermentum eleifend. Maecenas sapien leo, gravida vitae pellentesque quis, efficitur in erat. Maecenas elementum euismod hendrerit. Mauris sagittis massa a orci.'),(9,9,95,'Lorem ipsum dolor sit amet, consectetur adipiscing elit. Morbi pulvinar pharetra bibendum. Ut eget risus nec risus finibus hendrerit in non tortor. Pellentesque maximus ligula et turpis faucibus cursus. Donec vel nunc metus. Quisque sagittis mattis dui vel varius. Aliquam iaculis interdum lacinia. Nam euismod lectus id maximus sodales. Nam id magna dictum, semper nisl vel, ornare ligula. Sed condimentum metus quis leo pharetra, quis semper urna aliquam. Fusce consectetur accumsan augue sit amet iaculis. Suspendisse volutpat urna vitae fermentum eleifend. Maecenas sapien leo, gravida vitae pellentesque quis, efficitur in erat. Maecenas elementum euismod hendrerit. Mauris sagittis massa a orci.'),(10,1,76,'Lorem ipsum dolor sit amet, consectetur adipiscing elit. Morbi pulvinar pharetra bibendum. Ut eget risus nec risus finibus hendrerit in non tortor. Pellentesque maximus ligula et turpis faucibus cursus. Donec vel nunc metus. Quisque sagittis mattis dui vel varius. Aliquam iaculis interdum lacinia. Nam euismod lectus id maximus sodales. Nam id magna dictum, semper nisl vel, ornare ligula. Sed condimentum metus quis leo pharetra, quis semper urna aliquam. Fusce consectetur accumsan augue sit amet iaculis. Suspendisse volutpat urna vitae fermentum eleifend. Maecenas sapien leo, gravida vitae pellentesque quis, efficitur in erat. Maecenas elementum euismod hendrerit. Mauris sagittis massa a orci.'),(11,13,72,'Lorem ipsum dolor sit amet, consectetur adipiscing elit. Morbi pulvinar pharetra bibendum. Ut eget risus nec risus finibus hendrerit in non tortor. Pellentesque maximus ligula et turpis faucibus cursus. Donec vel nunc metus. Quisque sagittis mattis dui vel varius. Aliquam iaculis interdum lacinia. Nam euismod lectus id maximus sodales. Nam id magna dictum, semper nisl vel, ornare ligula. Sed condimentum metus quis leo pharetra, quis semper urna aliquam. Fusce consectetur accumsan augue sit amet iaculis. Suspendisse volutpat urna vitae fermentum eleifend. Maecenas sapien leo, gravida vitae pellentesque quis, efficitur in erat. Maecenas elementum euismod hendrerit. Mauris sagittis massa a orci.'),(12,61,75,'Lorem ipsum dolor sit amet, consectetur adipiscing elit. Morbi pulvinar pharetra bibendum. Ut eget risus nec risus finibus hendrerit in non tortor. Pellentesque maximus ligula et turpis faucibus cursus. Donec vel nunc metus. Quisque sagittis mattis dui vel varius. Aliquam iaculis interdum lacinia. Nam euismod lectus id maximus sodales. Nam id magna dictum, semper nisl vel, ornare ligula. Sed condimentum metus quis leo pharetra, quis semper urna aliquam. Fusce consectetur accumsan augue sit amet iaculis. Suspendisse volutpat urna vitae fermentum eleifend. Maecenas sapien leo, gravida vitae pellentesque quis, efficitur in erat. Maecenas elementum euismod hendrerit. Mauris sagittis massa a orci.'),(13,49,49,'Lorem ipsum dolor sit amet, consectetur adipiscing elit. Morbi pulvinar pharetra bibendum. Ut eget risus nec risus finibus hendrerit in non tortor. Pellentesque maximus ligula et turpis faucibus cursus. Donec vel nunc metus. Quisque sagittis mattis dui vel varius. Aliquam iaculis interdum lacinia. Nam euismod lectus id maximus sodales. Nam id magna dictum, semper nisl vel, ornare ligula. Sed condimentum metus quis leo pharetra, quis semper urna aliquam. Fusce consectetur accumsan augue sit amet iaculis. Suspendisse volutpat urna vitae fermentum eleifend. Maecenas sapien leo, gravida vitae pellentesque quis, efficitur in erat. Maecenas elementum euismod hendrerit. Mauris sagittis massa a orci.'),(14,82,46,'Lorem ipsum dolor sit amet, consectetur adipiscing elit. Morbi pulvinar pharetra bibendum. Ut eget risus nec risus finibus hendrerit in non tortor. Pellentesque maximus ligula et turpis faucibus cursus. Donec vel nunc metus. Quisque sagittis mattis dui vel varius. Aliquam iaculis interdum lacinia. Nam euismod lectus id maximus sodales. Nam id magna dictum, semper nisl vel, ornare ligula. Sed condimentum metus quis leo pharetra, quis semper urna aliquam. Fusce consectetur accumsan augue sit amet iaculis. Suspendisse volutpat urna vitae fermentum eleifend. Maecenas sapien leo, gravida vitae pellentesque quis, efficitur in erat. Maecenas elementum euismod hendrerit. Mauris sagittis massa a orci.'),(15,90,38,'Lorem ipsum dolor sit amet, consectetur adipiscing elit. Morbi pulvinar pharetra bibendum. Ut eget risus nec risus finibus hendrerit in non tortor. Pellentesque maximus ligula et turpis faucibus cursus. Donec vel nunc metus. Quisque sagittis mattis dui vel varius. Aliquam iaculis interdum lacinia. Nam euismod lectus id maximus sodales. Nam id magna dictum, semper nisl vel, ornare ligula. Sed condimentum metus quis leo pharetra, quis semper urna aliquam. Fusce consectetur accumsan augue sit amet iaculis. Suspendisse volutpat urna vitae fermentum eleifend. Maecenas sapien leo, gravida vitae pellentesque quis, efficitur in erat. Maecenas elementum euismod hendrerit. Mauris sagittis massa a orci.'),(16,81,21,'Lorem ipsum dolor sit amet, consectetur adipiscing elit. Morbi pulvinar pharetra bibendum. Ut eget risus nec risus finibus hendrerit in non tortor. Pellentesque maximus ligula et turpis faucibus cursus. Donec vel nunc metus. Quisque sagittis mattis dui vel varius. Aliquam iaculis interdum lacinia. Nam euismod lectus id maximus sodales. Nam id magna dictum, semper nisl vel, ornare ligula. Sed condimentum metus quis leo pharetra, quis semper urna aliquam. Fusce consectetur accumsan augue sit amet iaculis. Suspendisse volutpat urna vitae fermentum eleifend. Maecenas sapien leo, gravida vitae pellentesque quis, efficitur in erat. Maecenas elementum euismod hendrerit. Mauris sagittis massa a orci.'),(17,18,63,'Lorem ipsum dolor sit amet, consectetur adipiscing elit. Morbi pulvinar pharetra bibendum. Ut eget risus nec risus finibus hendrerit in non tortor. Pellentesque maximus ligula et turpis faucibus cursus. Donec vel nunc metus. Quisque sagittis mattis dui vel varius. Aliquam iaculis interdum lacinia. Nam euismod lectus id maximus sodales. Nam id magna dictum, semper nisl vel, ornare ligula. Sed condimentum metus quis leo pharetra, quis semper urna aliquam. Fusce consectetur accumsan augue sit amet iaculis. Suspendisse volutpat urna vitae fermentum eleifend. Maecenas sapien leo, gravida vitae pellentesque quis, efficitur in erat. Maecenas elementum euismod hendrerit. Mauris sagittis massa a orci.'),(18,74,19,'Lorem ipsum dolor sit amet, consectetur adipiscing elit. Morbi pulvinar pharetra bibendum. Ut eget risus nec risus finibus hendrerit in non tortor. Pellentesque maximus ligula et turpis faucibus cursus. Donec vel nunc metus. Quisque sagittis mattis dui vel varius. Aliquam iaculis interdum lacinia. Nam euismod lectus id maximus sodales. Nam id magna dictum, semper nisl vel, ornare ligula. Sed condimentum metus quis leo pharetra, quis semper urna aliquam. Fusce consectetur accumsan augue sit amet iaculis. Suspendisse volutpat urna vitae fermentum eleifend. Maecenas sapien leo, gravida vitae pellentesque quis, efficitur in erat. Maecenas elementum euismod hendrerit. Mauris sagittis massa a orci.'),(19,61,19,'Lorem ipsum dolor sit amet, consectetur adipiscing elit. Morbi pulvinar pharetra bibendum. Ut eget risus nec risus finibus hendrerit in non tortor. Pellentesque maximus ligula et turpis faucibus cursus. Donec vel nunc metus. Quisque sagittis mattis dui vel varius. Aliquam iaculis interdum lacinia. Nam euismod lectus id maximus sodales. Nam id magna dictum, semper nisl vel, ornare ligula. Sed condimentum metus quis leo pharetra, quis semper urna aliquam. Fusce consectetur accumsan augue sit amet iaculis. Suspendisse volutpat urna vitae fermentum eleifend. Maecenas sapien leo, gravida vitae pellentesque quis, efficitur in erat. Maecenas elementum euismod hendrerit. Mauris sagittis massa a orci.'),(20,27,99,'Lorem ipsum dolor sit amet, consectetur adipiscing elit. Morbi pulvinar pharetra bibendum. Ut eget risus nec risus finibus hendrerit in non tortor. Pellentesque maximus ligula et turpis faucibus cursus. Donec vel nunc metus. Quisque sagittis mattis dui vel varius. Aliquam iaculis interdum lacinia. Nam euismod lectus id maximus sodales. Nam id magna dictum, semper nisl vel, ornare ligula. Sed condimentum metus quis leo pharetra, quis semper urna aliquam. Fusce consectetur accumsan augue sit amet iaculis. Suspendisse volutpat urna vitae fermentum eleifend. Maecenas sapien leo, gravida vitae pellentesque quis, efficitur in erat. Maecenas elementum euismod hendrerit. Mauris sagittis massa a orci.'),(21,57,51,'Lorem ipsum dolor sit amet, consectetur adipiscing elit. Morbi pulvinar pharetra bibendum. Ut eget risus nec risus finibus hendrerit in non tortor. Pellentesque maximus ligula et turpis faucibus cursus. Donec vel nunc metus. Quisque sagittis mattis dui vel varius. Aliquam iaculis interdum lacinia. Nam euismod lectus id maximus sodales. Nam id magna dictum, semper nisl vel, ornare ligula. Sed condimentum metus quis leo pharetra, quis semper urna aliquam. Fusce consectetur accumsan augue sit amet iaculis. Suspendisse volutpat urna vitae fermentum eleifend. Maecenas sapien leo, gravida vitae pellentesque quis, efficitur in erat. Maecenas elementum euismod hendrerit. Mauris sagittis massa a orci.'),(22,51,61,'Lorem ipsum dolor sit amet, consectetur adipiscing elit. Morbi pulvinar pharetra bibendum. Ut eget risus nec risus finibus hendrerit in non tortor. Pellentesque maximus ligula et turpis faucibus cursus. Donec vel nunc metus. Quisque sagittis mattis dui vel varius. Aliquam iaculis interdum lacinia. Nam euismod lectus id maximus sodales. Nam id magna dictum, semper nisl vel, ornare ligula. Sed condimentum metus quis leo pharetra, quis semper urna aliquam. Fusce consectetur accumsan augue sit amet iaculis. Suspendisse volutpat urna vitae fermentum eleifend. Maecenas sapien leo, gravida vitae pellentesque quis, efficitur in erat. Maecenas elementum euismod hendrerit. Mauris sagittis massa a orci.'),(23,28,78,'Lorem ipsum dolor sit amet, consectetur adipiscing elit. Morbi pulvinar pharetra bibendum. Ut eget risus nec risus finibus hendrerit in non tortor. Pellentesque maximus ligula et turpis faucibus cursus. Donec vel nunc metus. Quisque sagittis mattis dui vel varius. Aliquam iaculis interdum lacinia. Nam euismod lectus id maximus sodales. Nam id magna dictum, semper nisl vel, ornare ligula. Sed condimentum metus quis leo pharetra, quis semper urna aliquam. Fusce consectetur accumsan augue sit amet iaculis. Suspendisse volutpat urna vitae fermentum eleifend. Maecenas sapien leo, gravida vitae pellentesque quis, efficitur in erat. Maecenas elementum euismod hendrerit. Mauris sagittis massa a orci.'),(24,85,25,'Lorem ipsum dolor sit amet, consectetur adipiscing elit. Morbi pulvinar pharetra bibendum. Ut eget risus nec risus finibus hendrerit in non tortor. Pellentesque maximus ligula et turpis faucibus cursus. Donec vel nunc metus. Quisque sagittis mattis dui vel varius. Aliquam iaculis interdum lacinia. Nam euismod lectus id maximus sodales. Nam id magna dictum, semper nisl vel, ornare ligula. Sed condimentum metus quis leo pharetra, quis semper urna aliquam. Fusce consectetur accumsan augue sit amet iaculis. Suspendisse volutpat urna vitae fermentum eleifend. Maecenas sapien leo, gravida vitae pellentesque quis, efficitur in erat. Maecenas elementum euismod hendrerit. Mauris sagittis massa a orci.'),(25,66,87,'Lorem ipsum dolor sit amet, consectetur adipiscing elit. Morbi pulvinar pharetra bibendum. Ut eget risus nec risus finibus hendrerit in non tortor. Pellentesque maximus ligula et turpis faucibus cursus. Donec vel nunc metus. Quisque sagittis mattis dui vel varius. Aliquam iaculis interdum lacinia. Nam euismod lectus id maximus sodales. Nam id magna dictum, semper nisl vel, ornare ligula. Sed condimentum metus quis leo pharetra, quis semper urna aliquam. Fusce consectetur accumsan augue sit amet iaculis. Suspendisse volutpat urna vitae fermentum eleifend. Maecenas sapien leo, gravida vitae pellentesque quis, efficitur in erat. Maecenas elementum euismod hendrerit. Mauris sagittis massa a orci.'),(26,11,67,'Lorem ipsum dolor sit amet, consectetur adipiscing elit. Morbi pulvinar pharetra bibendum. Ut eget risus nec risus finibus hendrerit in non tortor. Pellentesque maximus ligula et turpis faucibus cursus. Donec vel nunc metus. Quisque sagittis mattis dui vel varius. Aliquam iaculis interdum lacinia. Nam euismod lectus id maximus sodales. Nam id magna dictum, semper nisl vel, ornare ligula. Sed condimentum metus quis leo pharetra, quis semper urna aliquam. Fusce consectetur accumsan augue sit amet iaculis. Suspendisse volutpat urna vitae fermentum eleifend. Maecenas sapien leo, gravida vitae pellentesque quis, efficitur in erat. Maecenas elementum euismod hendrerit. Mauris sagittis massa a orci.'),(27,45,60,'Lorem ipsum dolor sit amet, consectetur adipiscing elit. Morbi pulvinar pharetra bibendum. Ut eget risus nec risus finibus hendrerit in non tortor. Pellentesque maximus ligula et turpis faucibus cursus. Donec vel nunc metus. Quisque sagittis mattis dui vel varius. Aliquam iaculis interdum lacinia. Nam euismod lectus id maximus sodales. Nam id magna dictum, semper nisl vel, ornare ligula. Sed condimentum metus quis leo pharetra, quis semper urna aliquam. Fusce consectetur accumsan augue sit amet iaculis. Suspendisse volutpat urna vitae fermentum eleifend. Maecenas sapien leo, gravida vitae pellentesque quis, efficitur in erat. Maecenas elementum euismod hendrerit. Mauris sagittis massa a orci.'),(28,36,7,'Lorem ipsum dolor sit amet, consectetur adipiscing elit. Morbi pulvinar pharetra bibendum. Ut eget risus nec risus finibus hendrerit in non tortor. Pellentesque maximus ligula et turpis faucibus cursus. Donec vel nunc metus. Quisque sagittis mattis dui vel varius. Aliquam iaculis interdum lacinia. Nam euismod lectus id maximus sodales. Nam id magna dictum, semper nisl vel, ornare ligula. Sed condimentum metus quis leo pharetra, quis semper urna aliquam. Fusce consectetur accumsan augue sit amet iaculis. Suspendisse volutpat urna vitae fermentum eleifend. Maecenas sapien leo, gravida vitae pellentesque quis, efficitur in erat. Maecenas elementum euismod hendrerit. Mauris sagittis massa a orci.'),(29,55,19,'Lorem ipsum dolor sit amet, consectetur adipiscing elit. Morbi pulvinar pharetra bibendum. Ut eget risus nec risus finibus hendrerit in non tortor. Pellentesque maximus ligula et turpis faucibus cursus. Donec vel nunc metus. Quisque sagittis mattis dui vel varius. Aliquam iaculis interdum lacinia. Nam euismod lectus id maximus sodales. Nam id magna dictum, semper nisl vel, ornare ligula. Sed condimentum metus quis leo pharetra, quis semper urna aliquam. Fusce consectetur accumsan augue sit amet iaculis. Suspendisse volutpat urna vitae fermentum eleifend. Maecenas sapien leo, gravida vitae pellentesque quis, efficitur in erat. Maecenas elementum euismod hendrerit. Mauris sagittis massa a orci.'),(30,55,77,'Lorem ipsum dolor sit amet, consectetur adipiscing elit. Morbi pulvinar pharetra bibendum. Ut eget risus nec risus finibus hendrerit in non tortor. Pellentesque maximus ligula et turpis faucibus cursus. Donec vel nunc metus. Quisque sagittis mattis dui vel varius. Aliquam iaculis interdum lacinia. Nam euismod lectus id maximus sodales. Nam id magna dictum, semper nisl vel, ornare ligula. Sed condimentum metus quis leo pharetra, quis semper urna aliquam. Fusce consectetur accumsan augue sit amet iaculis. Suspendisse volutpat urna vitae fermentum eleifend. Maecenas sapien leo, gravida vitae pellentesque quis, efficitur in erat. Maecenas elementum euismod hendrerit. Mauris sagittis massa a orci.'),(31,77,9,'Lorem ipsum dolor sit amet, consectetur adipiscing elit. Morbi pulvinar pharetra bibendum. Ut eget risus nec risus finibus hendrerit in non tortor. Pellentesque maximus ligula et turpis faucibus cursus. Donec vel nunc metus. Quisque sagittis mattis dui vel varius. Aliquam iaculis interdum lacinia. Nam euismod lectus id maximus sodales. Nam id magna dictum, semper nisl vel, ornare ligula. Sed condimentum metus quis leo pharetra, quis semper urna aliquam. Fusce consectetur accumsan augue sit amet iaculis. Suspendisse volutpat urna vitae fermentum eleifend. Maecenas sapien leo, gravida vitae pellentesque quis, efficitur in erat. Maecenas elementum euismod hendrerit. Mauris sagittis massa a orci.'),(32,11,68,'Lorem ipsum dolor sit amet, consectetur adipiscing elit. Morbi pulvinar pharetra bibendum. Ut eget risus nec risus finibus hendrerit in non tortor. Pellentesque maximus ligula et turpis faucibus cursus. Donec vel nunc metus. Quisque sagittis mattis dui vel varius. Aliquam iaculis interdum lacinia. Nam euismod lectus id maximus sodales. Nam id magna dictum, semper nisl vel, ornare ligula. Sed condimentum metus quis leo pharetra, quis semper urna aliquam. Fusce consectetur accumsan augue sit amet iaculis. Suspendisse volutpat urna vitae fermentum eleifend. Maecenas sapien leo, gravida vitae pellentesque quis, efficitur in erat. Maecenas elementum euismod hendrerit. Mauris sagittis massa a orci.'),(33,80,92,'Lorem ipsum dolor sit amet, consectetur adipiscing elit. Morbi pulvinar pharetra bibendum. Ut eget risus nec risus finibus hendrerit in non tortor. Pellentesque maximus ligula et turpis faucibus cursus. Donec vel nunc metus. Quisque sagittis mattis dui vel varius. Aliquam iaculis interdum lacinia. Nam euismod lectus id maximus sodales. Nam id magna dictum, semper nisl vel, ornare ligula. Sed condimentum metus quis leo pharetra, quis semper urna aliquam. Fusce consectetur accumsan augue sit amet iaculis. Suspendisse volutpat urna vitae fermentum eleifend. Maecenas sapien leo, gravida vitae pellentesque quis, efficitur in erat. Maecenas elementum euismod hendrerit. Mauris sagittis massa a orci.'),(34,33,5,'Lorem ipsum dolor sit amet, consectetur adipiscing elit. Morbi pulvinar pharetra bibendum. Ut eget risus nec risus finibus hendrerit in non tortor. Pellentesque maximus ligula et turpis faucibus cursus. Donec vel nunc metus. Quisque sagittis mattis dui vel varius. Aliquam iaculis interdum lacinia. Nam euismod lectus id maximus sodales. Nam id magna dictum, semper nisl vel, ornare ligula. Sed condimentum metus quis leo pharetra, quis semper urna aliquam. Fusce consectetur accumsan augue sit amet iaculis. Suspendisse volutpat urna vitae fermentum eleifend. Maecenas sapien leo, gravida vitae pellentesque quis, efficitur in erat. Maecenas elementum euismod hendrerit. Mauris sagittis massa a orci.'),(35,39,30,'Lorem ipsum dolor sit amet, consectetur adipiscing elit. Morbi pulvinar pharetra bibendum. Ut eget risus nec risus finibus hendrerit in non tortor. Pellentesque maximus ligula et turpis faucibus cursus. Donec vel nunc metus. Quisque sagittis mattis dui vel varius. Aliquam iaculis interdum lacinia. Nam euismod lectus id maximus sodales. Nam id magna dictum, semper nisl vel, ornare ligula. Sed condimentum metus quis leo pharetra, quis semper urna aliquam. Fusce consectetur accumsan augue sit amet iaculis. Suspendisse volutpat urna vitae fermentum eleifend. Maecenas sapien leo, gravida vitae pellentesque quis, efficitur in erat. Maecenas elementum euismod hendrerit. Mauris sagittis massa a orci.'),(36,44,39,'Lorem ipsum dolor sit amet, consectetur adipiscing elit. Morbi pulvinar pharetra bibendum. Ut eget risus nec risus finibus hendrerit in non tortor. Pellentesque maximus ligula et turpis faucibus cursus. Donec vel nunc metus. Quisque sagittis mattis dui vel varius. Aliquam iaculis interdum lacinia. Nam euismod lectus id maximus sodales. Nam id magna dictum, semper nisl vel, ornare ligula. Sed condimentum metus quis leo pharetra, quis semper urna aliquam. Fusce consectetur accumsan augue sit amet iaculis. Suspendisse volutpat urna vitae fermentum eleifend. Maecenas sapien leo, gravida vitae pellentesque quis, efficitur in erat. Maecenas elementum euismod hendrerit. Mauris sagittis massa a orci.'),(37,94,19,'Lorem ipsum dolor sit amet, consectetur adipiscing elit. Morbi pulvinar pharetra bibendum. Ut eget risus nec risus finibus hendrerit in non tortor. Pellentesque maximus ligula et turpis faucibus cursus. Donec vel nunc metus. Quisque sagittis mattis dui vel varius. Aliquam iaculis interdum lacinia. Nam euismod lectus id maximus sodales. Nam id magna dictum, semper nisl vel, ornare ligula. Sed condimentum metus quis leo pharetra, quis semper urna aliquam. Fusce consectetur accumsan augue sit amet iaculis. Suspendisse volutpat urna vitae fermentum eleifend. Maecenas sapien leo, gravida vitae pellentesque quis, efficitur in erat. Maecenas elementum euismod hendrerit. Mauris sagittis massa a orci.'),(38,85,13,'Lorem ipsum dolor sit amet, consectetur adipiscing elit. Morbi pulvinar pharetra bibendum. Ut eget risus nec risus finibus hendrerit in non tortor. Pellentesque maximus ligula et turpis faucibus cursus. Donec vel nunc metus. Quisque sagittis mattis dui vel varius. Aliquam iaculis interdum lacinia. Nam euismod lectus id maximus sodales. Nam id magna dictum, semper nisl vel, ornare ligula. Sed condimentum metus quis leo pharetra, quis semper urna aliquam. Fusce consectetur accumsan augue sit amet iaculis. Suspendisse volutpat urna vitae fermentum eleifend. Maecenas sapien leo, gravida vitae pellentesque quis, efficitur in erat. Maecenas elementum euismod hendrerit. Mauris sagittis massa a orci.'),(39,83,44,'Lorem ipsum dolor sit amet, consectetur adipiscing elit. Morbi pulvinar pharetra bibendum. Ut eget risus nec risus finibus hendrerit in non tortor. Pellentesque maximus ligula et turpis faucibus cursus. Donec vel nunc metus. Quisque sagittis mattis dui vel varius. Aliquam iaculis interdum lacinia. Nam euismod lectus id maximus sodales. Nam id magna dictum, semper nisl vel, ornare ligula. Sed condimentum metus quis leo pharetra, quis semper urna aliquam. Fusce consectetur accumsan augue sit amet iaculis. Suspendisse volutpat urna vitae fermentum eleifend. Maecenas sapien leo, gravida vitae pellentesque quis, efficitur in erat. Maecenas elementum euismod hendrerit. Mauris sagittis massa a orci.'),(40,24,76,'Lorem ipsum dolor sit amet, consectetur adipiscing elit. Morbi pulvinar pharetra bibendum. Ut eget risus nec risus finibus hendrerit in non tortor. Pellentesque maximus ligula et turpis faucibus cursus. Donec vel nunc metus. Quisque sagittis mattis dui vel varius. Aliquam iaculis interdum lacinia. Nam euismod lectus id maximus sodales. Nam id magna dictum, semper nisl vel, ornare ligula. Sed condimentum metus quis leo pharetra, quis semper urna aliquam. Fusce consectetur accumsan augue sit amet iaculis. Suspendisse volutpat urna vitae fermentum eleifend. Maecenas sapien leo, gravida vitae pellentesque quis, efficitur in erat. Maecenas elementum euismod hendrerit. Mauris sagittis massa a orci.'),(41,17,27,'Lorem ipsum dolor sit amet, consectetur adipiscing elit. Morbi pulvinar pharetra bibendum. Ut eget risus nec risus finibus hendrerit in non tortor. Pellentesque maximus ligula et turpis faucibus cursus. Donec vel nunc metus. Quisque sagittis mattis dui vel varius. Aliquam iaculis interdum lacinia. Nam euismod lectus id maximus sodales. Nam id magna dictum, semper nisl vel, ornare ligula. Sed condimentum metus quis leo pharetra, quis semper urna aliquam. Fusce consectetur accumsan augue sit amet iaculis. Suspendisse volutpat urna vitae fermentum eleifend. Maecenas sapien leo, gravida vitae pellentesque quis, efficitur in erat. Maecenas elementum euismod hendrerit. Mauris sagittis massa a orci.'),(42,3,32,'Lorem ipsum dolor sit amet, consectetur adipiscing elit. Morbi pulvinar pharetra bibendum. Ut eget risus nec risus finibus hendrerit in non tortor. Pellentesque maximus ligula et turpis faucibus cursus. Donec vel nunc metus. Quisque sagittis mattis dui vel varius. Aliquam iaculis interdum lacinia. Nam euismod lectus id maximus sodales. Nam id magna dictum, semper nisl vel, ornare ligula. Sed condimentum metus quis leo pharetra, quis semper urna aliquam. Fusce consectetur accumsan augue sit amet iaculis. Suspendisse volutpat urna vitae fermentum eleifend. Maecenas sapien leo, gravida vitae pellentesque quis, efficitur in erat. Maecenas elementum euismod hendrerit. Mauris sagittis massa a orci.'),(43,67,82,'Lorem ipsum dolor sit amet, consectetur adipiscing elit. Morbi pulvinar pharetra bibendum. Ut eget risus nec risus finibus hendrerit in non tortor. Pellentesque maximus ligula et turpis faucibus cursus. Donec vel nunc metus. Quisque sagittis mattis dui vel varius. Aliquam iaculis interdum lacinia. Nam euismod lectus id maximus sodales. Nam id magna dictum, semper nisl vel, ornare ligula. Sed condimentum metus quis leo pharetra, quis semper urna aliquam. Fusce consectetur accumsan augue sit amet iaculis. Suspendisse volutpat urna vitae fermentum eleifend. Maecenas sapien leo, gravida vitae pellentesque quis, efficitur in erat. Maecenas elementum euismod hendrerit. Mauris sagittis massa a orci.'),(44,82,18,'Lorem ipsum dolor sit amet, consectetur adipiscing elit. Morbi pulvinar pharetra bibendum. Ut eget risus nec risus finibus hendrerit in non tortor. Pellentesque maximus ligula et turpis faucibus cursus. Donec vel nunc metus. Quisque sagittis mattis dui vel varius. Aliquam iaculis interdum lacinia. Nam euismod lectus id maximus sodales. Nam id magna dictum, semper nisl vel, ornare ligula. Sed condimentum metus quis leo pharetra, quis semper urna aliquam. Fusce consectetur accumsan augue sit amet iaculis. Suspendisse volutpat urna vitae fermentum eleifend. Maecenas sapien leo, gravida vitae pellentesque quis, efficitur in erat. Maecenas elementum euismod hendrerit. Mauris sagittis massa a orci.'),(45,64,24,'Lorem ipsum dolor sit amet, consectetur adipiscing elit. Morbi pulvinar pharetra bibendum. Ut eget risus nec risus finibus hendrerit in non tortor. Pellentesque maximus ligula et turpis faucibus cursus. Donec vel nunc metus. Quisque sagittis mattis dui vel varius. Aliquam iaculis interdum lacinia. Nam euismod lectus id maximus sodales. Nam id magna dictum, semper nisl vel, ornare ligula. Sed condimentum metus quis leo pharetra, quis semper urna aliquam. Fusce consectetur accumsan augue sit amet iaculis. Suspendisse volutpat urna vitae fermentum eleifend. Maecenas sapien leo, gravida vitae pellentesque quis, efficitur in erat. Maecenas elementum euismod hendrerit. Mauris sagittis massa a orci.'),(46,35,62,'Lorem ipsum dolor sit amet, consectetur adipiscing elit. Morbi pulvinar pharetra bibendum. Ut eget risus nec risus finibus hendrerit in non tortor. Pellentesque maximus ligula et turpis faucibus cursus. Donec vel nunc metus. Quisque sagittis mattis dui vel varius. Aliquam iaculis interdum lacinia. Nam euismod lectus id maximus sodales. Nam id magna dictum, semper nisl vel, ornare ligula. Sed condimentum metus quis leo pharetra, quis semper urna aliquam. Fusce consectetur accumsan augue sit amet iaculis. Suspendisse volutpat urna vitae fermentum eleifend. Maecenas sapien leo, gravida vitae pellentesque quis, efficitur in erat. Maecenas elementum euismod hendrerit. Mauris sagittis massa a orci.'),(47,19,10,'Lorem ipsum dolor sit amet, consectetur adipiscing elit. Morbi pulvinar pharetra bibendum. Ut eget risus nec risus finibus hendrerit in non tortor. Pellentesque maximus ligula et turpis faucibus cursus. Donec vel nunc metus. Quisque sagittis mattis dui vel varius. Aliquam iaculis interdum lacinia. Nam euismod lectus id maximus sodales. Nam id magna dictum, semper nisl vel, ornare ligula. Sed condimentum metus quis leo pharetra, quis semper urna aliquam. Fusce consectetur accumsan augue sit amet iaculis. Suspendisse volutpat urna vitae fermentum eleifend. Maecenas sapien leo, gravida vitae pellentesque quis, efficitur in erat. Maecenas elementum euismod hendrerit. Mauris sagittis massa a orci.'),(48,68,8,'Lorem ipsum dolor sit amet, consectetur adipiscing elit. Morbi pulvinar pharetra bibendum. Ut eget risus nec risus finibus hendrerit in non tortor. Pellentesque maximus ligula et turpis faucibus cursus. Donec vel nunc metus. Quisque sagittis mattis dui vel varius. Aliquam iaculis interdum lacinia. Nam euismod lectus id maximus sodales. Nam id magna dictum, semper nisl vel, ornare ligula. Sed condimentum metus quis leo pharetra, quis semper urna aliquam. Fusce consectetur accumsan augue sit amet iaculis. Suspendisse volutpat urna vitae fermentum eleifend. Maecenas sapien leo, gravida vitae pellentesque quis, efficitur in erat. Maecenas elementum euismod hendrerit. Mauris sagittis massa a orci.'),(49,52,93,'Lorem ipsum dolor sit amet, consectetur adipiscing elit. Morbi pulvinar pharetra bibendum. Ut eget risus nec risus finibus hendrerit in non tortor. Pellentesque maximus ligula et turpis faucibus cursus. Donec vel nunc metus. Quisque sagittis mattis dui vel varius. Aliquam iaculis interdum lacinia. Nam euismod lectus id maximus sodales. Nam id magna dictum, semper nisl vel, ornare ligula. Sed condimentum metus quis leo pharetra, quis semper urna aliquam. Fusce consectetur accumsan augue sit amet iaculis. Suspendisse volutpat urna vitae fermentum eleifend. Maecenas sapien leo, gravida vitae pellentesque quis, efficitur in erat. Maecenas elementum euismod hendrerit. Mauris sagittis massa a orci.'),(50,35,57,'Lorem ipsum dolor sit amet, consectetur adipiscing elit. Morbi pulvinar pharetra bibendum. Ut eget risus nec risus finibus hendrerit in non tortor. Pellentesque maximus ligula et turpis faucibus cursus. Donec vel nunc metus. Quisque sagittis mattis dui vel varius. Aliquam iaculis interdum lacinia. Nam euismod lectus id maximus sodales. Nam id magna dictum, semper nisl vel, ornare ligula. Sed condimentum metus quis leo pharetra, quis semper urna aliquam. Fusce consectetur accumsan augue sit amet iaculis. Suspendisse volutpat urna vitae fermentum eleifend. Maecenas sapien leo, gravida vitae pellentesque quis, efficitur in erat. Maecenas elementum euismod hendrerit. Mauris sagittis massa a orci.'),(51,32,16,'Lorem ipsum dolor sit amet, consectetur adipiscing elit. Morbi pulvinar pharetra bibendum. Ut eget risus nec risus finibus hendrerit in non tortor. Pellentesque maximus ligula et turpis faucibus cursus. Donec vel nunc metus. Quisque sagittis mattis dui vel varius. Aliquam iaculis interdum lacinia. Nam euismod lectus id maximus sodales. Nam id magna dictum, semper nisl vel, ornare ligula. Sed condimentum metus quis leo pharetra, quis semper urna aliquam. Fusce consectetur accumsan augue sit amet iaculis. Suspendisse volutpat urna vitae fermentum eleifend. Maecenas sapien leo, gravida vitae pellentesque quis, efficitur in erat. Maecenas elementum euismod hendrerit. Mauris sagittis massa a orci.'),(52,13,23,'Lorem ipsum dolor sit amet, consectetur adipiscing elit. Morbi pulvinar pharetra bibendum. Ut eget risus nec risus finibus hendrerit in non tortor. Pellentesque maximus ligula et turpis faucibus cursus. Donec vel nunc metus. Quisque sagittis mattis dui vel varius. Aliquam iaculis interdum lacinia. Nam euismod lectus id maximus sodales. Nam id magna dictum, semper nisl vel, ornare ligula. Sed condimentum metus quis leo pharetra, quis semper urna aliquam. Fusce consectetur accumsan augue sit amet iaculis. Suspendisse volutpat urna vitae fermentum eleifend. Maecenas sapien leo, gravida vitae pellentesque quis, efficitur in erat. Maecenas elementum euismod hendrerit. Mauris sagittis massa a orci.'),(53,39,30,'Lorem ipsum dolor sit amet, consectetur adipiscing elit. Morbi pulvinar pharetra bibendum. Ut eget risus nec risus finibus hendrerit in non tortor. Pellentesque maximus ligula et turpis faucibus cursus. Donec vel nunc metus. Quisque sagittis mattis dui vel varius. Aliquam iaculis interdum lacinia. Nam euismod lectus id maximus sodales. Nam id magna dictum, semper nisl vel, ornare ligula. Sed condimentum metus quis leo pharetra, quis semper urna aliquam. Fusce consectetur accumsan augue sit amet iaculis. Suspendisse volutpat urna vitae fermentum eleifend. Maecenas sapien leo, gravida vitae pellentesque quis, efficitur in erat. Maecenas elementum euismod hendrerit. Mauris sagittis massa a orci.'),(54,78,35,'Lorem ipsum dolor sit amet, consectetur adipiscing elit. Morbi pulvinar pharetra bibendum. Ut eget risus nec risus finibus hendrerit in non tortor. Pellentesque maximus ligula et turpis faucibus cursus. Donec vel nunc metus. Quisque sagittis mattis dui vel varius. Aliquam iaculis interdum lacinia. Nam euismod lectus id maximus sodales. Nam id magna dictum, semper nisl vel, ornare ligula. Sed condimentum metus quis leo pharetra, quis semper urna aliquam. Fusce consectetur accumsan augue sit amet iaculis. Suspendisse volutpat urna vitae fermentum eleifend. Maecenas sapien leo, gravida vitae pellentesque quis, efficitur in erat. Maecenas elementum euismod hendrerit. Mauris sagittis massa a orci.'),(55,48,9,'Lorem ipsum dolor sit amet, consectetur adipiscing elit. Morbi pulvinar pharetra bibendum. Ut eget risus nec risus finibus hendrerit in non tortor. Pellentesque maximus ligula et turpis faucibus cursus. Donec vel nunc metus. Quisque sagittis mattis dui vel varius. Aliquam iaculis interdum lacinia. Nam euismod lectus id maximus sodales. Nam id magna dictum, semper nisl vel, ornare ligula. Sed condimentum metus quis leo pharetra, quis semper urna aliquam. Fusce consectetur accumsan augue sit amet iaculis. Suspendisse volutpat urna vitae fermentum eleifend. Maecenas sapien leo, gravida vitae pellentesque quis, efficitur in erat. Maecenas elementum euismod hendrerit. Mauris sagittis massa a orci.'),(56,19,83,'Lorem ipsum dolor sit amet, consectetur adipiscing elit. Morbi pulvinar pharetra bibendum. Ut eget risus nec risus finibus hendrerit in non tortor. Pellentesque maximus ligula et turpis faucibus cursus. Donec vel nunc metus. Quisque sagittis mattis dui vel varius. Aliquam iaculis interdum lacinia. Nam euismod lectus id maximus sodales. Nam id magna dictum, semper nisl vel, ornare ligula. Sed condimentum metus quis leo pharetra, quis semper urna aliquam. Fusce consectetur accumsan augue sit amet iaculis. Suspendisse volutpat urna vitae fermentum eleifend. Maecenas sapien leo, gravida vitae pellentesque quis, efficitur in erat. Maecenas elementum euismod hendrerit. Mauris sagittis massa a orci.'),(57,38,58,'Lorem ipsum dolor sit amet, consectetur adipiscing elit. Morbi pulvinar pharetra bibendum. Ut eget risus nec risus finibus hendrerit in non tortor. Pellentesque maximus ligula et turpis faucibus cursus. Donec vel nunc metus. Quisque sagittis mattis dui vel varius. Aliquam iaculis interdum lacinia. Nam euismod lectus id maximus sodales. Nam id magna dictum, semper nisl vel, ornare ligula. Sed condimentum metus quis leo pharetra, quis semper urna aliquam. Fusce consectetur accumsan augue sit amet iaculis. Suspendisse volutpat urna vitae fermentum eleifend. Maecenas sapien leo, gravida vitae pellentesque quis, efficitur in erat. Maecenas elementum euismod hendrerit. Mauris sagittis massa a orci.'),(58,55,9,'Lorem ipsum dolor sit amet, consectetur adipiscing elit. Morbi pulvinar pharetra bibendum. Ut eget risus nec risus finibus hendrerit in non tortor. Pellentesque maximus ligula et turpis faucibus cursus. Donec vel nunc metus. Quisque sagittis mattis dui vel varius. Aliquam iaculis interdum lacinia. Nam euismod lectus id maximus sodales. Nam id magna dictum, semper nisl vel, ornare ligula. Sed condimentum metus quis leo pharetra, quis semper urna aliquam. Fusce consectetur accumsan augue sit amet iaculis. Suspendisse volutpat urna vitae fermentum eleifend. Maecenas sapien leo, gravida vitae pellentesque quis, efficitur in erat. Maecenas elementum euismod hendrerit. Mauris sagittis massa a orci.'),(59,28,74,'Lorem ipsum dolor sit amet, consectetur adipiscing elit. Morbi pulvinar pharetra bibendum. Ut eget risus nec risus finibus hendrerit in non tortor. Pellentesque maximus ligula et turpis faucibus cursus. Donec vel nunc metus. Quisque sagittis mattis dui vel varius. Aliquam iaculis interdum lacinia. Nam euismod lectus id maximus sodales. Nam id magna dictum, semper nisl vel, ornare ligula. Sed condimentum metus quis leo pharetra, quis semper urna aliquam. Fusce consectetur accumsan augue sit amet iaculis. Suspendisse volutpat urna vitae fermentum eleifend. Maecenas sapien leo, gravida vitae pellentesque quis, efficitur in erat. Maecenas elementum euismod hendrerit. Mauris sagittis massa a orci.'),(60,70,97,'Lorem ipsum dolor sit amet, consectetur adipiscing elit. Morbi pulvinar pharetra bibendum. Ut eget risus nec risus finibus hendrerit in non tortor. Pellentesque maximus ligula et turpis faucibus cursus. Donec vel nunc metus. Quisque sagittis mattis dui vel varius. Aliquam iaculis interdum lacinia. Nam euismod lectus id maximus sodales. Nam id magna dictum, semper nisl vel, ornare ligula. Sed condimentum metus quis leo pharetra, quis semper urna aliquam. Fusce consectetur accumsan augue sit amet iaculis. Suspendisse volutpat urna vitae fermentum eleifend. Maecenas sapien leo, gravida vitae pellentesque quis, efficitur in erat. Maecenas elementum euismod hendrerit. Mauris sagittis massa a orci.'),(61,38,25,'Lorem ipsum dolor sit amet, consectetur adipiscing elit. Morbi pulvinar pharetra bibendum. Ut eget risus nec risus finibus hendrerit in non tortor. Pellentesque maximus ligula et turpis faucibus cursus. Donec vel nunc metus. Quisque sagittis mattis dui vel varius. Aliquam iaculis interdum lacinia. Nam euismod lectus id maximus sodales. Nam id magna dictum, semper nisl vel, ornare ligula. Sed condimentum metus quis leo pharetra, quis semper urna aliquam. Fusce consectetur accumsan augue sit amet iaculis. Suspendisse volutpat urna vitae fermentum eleifend. Maecenas sapien leo, gravida vitae pellentesque quis, efficitur in erat. Maecenas elementum euismod hendrerit. Mauris sagittis massa a orci.'),(62,50,27,'Lorem ipsum dolor sit amet, consectetur adipiscing elit. Morbi pulvinar pharetra bibendum. Ut eget risus nec risus finibus hendrerit in non tortor. Pellentesque maximus ligula et turpis faucibus cursus. Donec vel nunc metus. Quisque sagittis mattis dui vel varius. Aliquam iaculis interdum lacinia. Nam euismod lectus id maximus sodales. Nam id magna dictum, semper nisl vel, ornare ligula. Sed condimentum metus quis leo pharetra, quis semper urna aliquam. Fusce consectetur accumsan augue sit amet iaculis. Suspendisse volutpat urna vitae fermentum eleifend. Maecenas sapien leo, gravida vitae pellentesque quis, efficitur in erat. Maecenas elementum euismod hendrerit. Mauris sagittis massa a orci.'),(63,13,98,'Lorem ipsum dolor sit amet, consectetur adipiscing elit. Morbi pulvinar pharetra bibendum. Ut eget risus nec risus finibus hendrerit in non tortor. Pellentesque maximus ligula et turpis faucibus cursus. Donec vel nunc metus. Quisque sagittis mattis dui vel varius. Aliquam iaculis interdum lacinia. Nam euismod lectus id maximus sodales. Nam id magna dictum, semper nisl vel, ornare ligula. Sed condimentum metus quis leo pharetra, quis semper urna aliquam. Fusce consectetur accumsan augue sit amet iaculis. Suspendisse volutpat urna vitae fermentum eleifend. Maecenas sapien leo, gravida vitae pellentesque quis, efficitur in erat. Maecenas elementum euismod hendrerit. Mauris sagittis massa a orci.'),(64,95,76,'Lorem ipsum dolor sit amet, consectetur adipiscing elit. Morbi pulvinar pharetra bibendum. Ut eget risus nec risus finibus hendrerit in non tortor. Pellentesque maximus ligula et turpis faucibus cursus. Donec vel nunc metus. Quisque sagittis mattis dui vel varius. Aliquam iaculis interdum lacinia. Nam euismod lectus id maximus sodales. Nam id magna dictum, semper nisl vel, ornare ligula. Sed condimentum metus quis leo pharetra, quis semper urna aliquam. Fusce consectetur accumsan augue sit amet iaculis. Suspendisse volutpat urna vitae fermentum eleifend. Maecenas sapien leo, gravida vitae pellentesque quis, efficitur in erat. Maecenas elementum euismod hendrerit. Mauris sagittis massa a orci.'),(65,97,44,'Lorem ipsum dolor sit amet, consectetur adipiscing elit. Morbi pulvinar pharetra bibendum. Ut eget risus nec risus finibus hendrerit in non tortor. Pellentesque maximus ligula et turpis faucibus cursus. Donec vel nunc metus. Quisque sagittis mattis dui vel varius. Aliquam iaculis interdum lacinia. Nam euismod lectus id maximus sodales. Nam id magna dictum, semper nisl vel, ornare ligula. Sed condimentum metus quis leo pharetra, quis semper urna aliquam. Fusce consectetur accumsan augue sit amet iaculis. Suspendisse volutpat urna vitae fermentum eleifend. Maecenas sapien leo, gravida vitae pellentesque quis, efficitur in erat. Maecenas elementum euismod hendrerit. Mauris sagittis massa a orci.'),(66,43,25,'Lorem ipsum dolor sit amet, consectetur adipiscing elit. Morbi pulvinar pharetra bibendum. Ut eget risus nec risus finibus hendrerit in non tortor. Pellentesque maximus ligula et turpis faucibus cursus. Donec vel nunc metus. Quisque sagittis mattis dui vel varius. Aliquam iaculis interdum lacinia. Nam euismod lectus id maximus sodales. Nam id magna dictum, semper nisl vel, ornare ligula. Sed condimentum metus quis leo pharetra, quis semper urna aliquam. Fusce consectetur accumsan augue sit amet iaculis. Suspendisse volutpat urna vitae fermentum eleifend. Maecenas sapien leo, gravida vitae pellentesque quis, efficitur in erat. Maecenas elementum euismod hendrerit. Mauris sagittis massa a orci.'),(67,66,74,'Lorem ipsum dolor sit amet, consectetur adipiscing elit. Morbi pulvinar pharetra bibendum. Ut eget risus nec risus finibus hendrerit in non tortor. Pellentesque maximus ligula et turpis faucibus cursus. Donec vel nunc metus. Quisque sagittis mattis dui vel varius. Aliquam iaculis interdum lacinia. Nam euismod lectus id maximus sodales. Nam id magna dictum, semper nisl vel, ornare ligula. Sed condimentum metus quis leo pharetra, quis semper urna aliquam. Fusce consectetur accumsan augue sit amet iaculis. Suspendisse volutpat urna vitae fermentum eleifend. Maecenas sapien leo, gravida vitae pellentesque quis, efficitur in erat. Maecenas elementum euismod hendrerit. Mauris sagittis massa a orci.'),(68,68,14,'Lorem ipsum dolor sit amet, consectetur adipiscing elit. Morbi pulvinar pharetra bibendum. Ut eget risus nec risus finibus hendrerit in non tortor. Pellentesque maximus ligula et turpis faucibus cursus. Donec vel nunc metus. Quisque sagittis mattis dui vel varius. Aliquam iaculis interdum lacinia. Nam euismod lectus id maximus sodales. Nam id magna dictum, semper nisl vel, ornare ligula. Sed condimentum metus quis leo pharetra, quis semper urna aliquam. Fusce consectetur accumsan augue sit amet iaculis. Suspendisse volutpat urna vitae fermentum eleifend. Maecenas sapien leo, gravida vitae pellentesque quis, efficitur in erat. Maecenas elementum euismod hendrerit. Mauris sagittis massa a orci.'),(69,8,4,'Lorem ipsum dolor sit amet, consectetur adipiscing elit. Morbi pulvinar pharetra bibendum. Ut eget risus nec risus finibus hendrerit in non tortor. Pellentesque maximus ligula et turpis faucibus cursus. Donec vel nunc metus. Quisque sagittis mattis dui vel varius. Aliquam iaculis interdum lacinia. Nam euismod lectus id maximus sodales. Nam id magna dictum, semper nisl vel, ornare ligula. Sed condimentum metus quis leo pharetra, quis semper urna aliquam. Fusce consectetur accumsan augue sit amet iaculis. Suspendisse volutpat urna vitae fermentum eleifend. Maecenas sapien leo, gravida vitae pellentesque quis, efficitur in erat. Maecenas elementum euismod hendrerit. Mauris sagittis massa a orci.'),(70,99,24,'Lorem ipsum dolor sit amet, consectetur adipiscing elit. Morbi pulvinar pharetra bibendum. Ut eget risus nec risus finibus hendrerit in non tortor. Pellentesque maximus ligula et turpis faucibus cursus. Donec vel nunc metus. Quisque sagittis mattis dui vel varius. Aliquam iaculis interdum lacinia. Nam euismod lectus id maximus sodales. Nam id magna dictum, semper nisl vel, ornare ligula. Sed condimentum metus quis leo pharetra, quis semper urna aliquam. Fusce consectetur accumsan augue sit amet iaculis. Suspendisse volutpat urna vitae fermentum eleifend. Maecenas sapien leo, gravida vitae pellentesque quis, efficitur in erat. Maecenas elementum euismod hendrerit. Mauris sagittis massa a orci.'),(71,74,92,'Lorem ipsum dolor sit amet, consectetur adipiscing elit. Morbi pulvinar pharetra bibendum. Ut eget risus nec risus finibus hendrerit in non tortor. Pellentesque maximus ligula et turpis faucibus cursus. Donec vel nunc metus. Quisque sagittis mattis dui vel varius. Aliquam iaculis interdum lacinia. Nam euismod lectus id maximus sodales. Nam id magna dictum, semper nisl vel, ornare ligula. Sed condimentum metus quis leo pharetra, quis semper urna aliquam. Fusce consectetur accumsan augue sit amet iaculis. Suspendisse volutpat urna vitae fermentum eleifend. Maecenas sapien leo, gravida vitae pellentesque quis, efficitur in erat. Maecenas elementum euismod hendrerit. Mauris sagittis massa a orci.'),(72,11,55,'Lorem ipsum dolor sit amet, consectetur adipiscing elit. Morbi pulvinar pharetra bibendum. Ut eget risus nec risus finibus hendrerit in non tortor. Pellentesque maximus ligula et turpis faucibus cursus. Donec vel nunc metus. Quisque sagittis mattis dui vel varius. Aliquam iaculis interdum lacinia. Nam euismod lectus id maximus sodales. Nam id magna dictum, semper nisl vel, ornare ligula. Sed condimentum metus quis leo pharetra, quis semper urna aliquam. Fusce consectetur accumsan augue sit amet iaculis. Suspendisse volutpat urna vitae fermentum eleifend. Maecenas sapien leo, gravida vitae pellentesque quis, efficitur in erat. Maecenas elementum euismod hendrerit. Mauris sagittis massa a orci.'),(73,93,74,'Lorem ipsum dolor sit amet, consectetur adipiscing elit. Morbi pulvinar pharetra bibendum. Ut eget risus nec risus finibus hendrerit in non tortor. Pellentesque maximus ligula et turpis faucibus cursus. Donec vel nunc metus. Quisque sagittis mattis dui vel varius. Aliquam iaculis interdum lacinia. Nam euismod lectus id maximus sodales. Nam id magna dictum, semper nisl vel, ornare ligula. Sed condimentum metus quis leo pharetra, quis semper urna aliquam. Fusce consectetur accumsan augue sit amet iaculis. Suspendisse volutpat urna vitae fermentum eleifend. Maecenas sapien leo, gravida vitae pellentesque quis, efficitur in erat. Maecenas elementum euismod hendrerit. Mauris sagittis massa a orci.'),(74,67,98,'Lorem ipsum dolor sit amet, consectetur adipiscing elit. Morbi pulvinar pharetra bibendum. Ut eget risus nec risus finibus hendrerit in non tortor. Pellentesque maximus ligula et turpis faucibus cursus. Donec vel nunc metus. Quisque sagittis mattis dui vel varius. Aliquam iaculis interdum lacinia. Nam euismod lectus id maximus sodales. Nam id magna dictum, semper nisl vel, ornare ligula. Sed condimentum metus quis leo pharetra, quis semper urna aliquam. Fusce consectetur accumsan augue sit amet iaculis. Suspendisse volutpat urna vitae fermentum eleifend. Maecenas sapien leo, gravida vitae pellentesque quis, efficitur in erat. Maecenas elementum euismod hendrerit. Mauris sagittis massa a orci.'),(75,55,49,'Lorem ipsum dolor sit amet, consectetur adipiscing elit. Morbi pulvinar pharetra bibendum. Ut eget risus nec risus finibus hendrerit in non tortor. Pellentesque maximus ligula et turpis faucibus cursus. Donec vel nunc metus. Quisque sagittis mattis dui vel varius. Aliquam iaculis interdum lacinia. Nam euismod lectus id maximus sodales. Nam id magna dictum, semper nisl vel, ornare ligula. Sed condimentum metus quis leo pharetra, quis semper urna aliquam. Fusce consectetur accumsan augue sit amet iaculis. Suspendisse volutpat urna vitae fermentum eleifend. Maecenas sapien leo, gravida vitae pellentesque quis, efficitur in erat. Maecenas elementum euismod hendrerit. Mauris sagittis massa a orci.'),(76,82,28,'Lorem ipsum dolor sit amet, consectetur adipiscing elit. Morbi pulvinar pharetra bibendum. Ut eget risus nec risus finibus hendrerit in non tortor. Pellentesque maximus ligula et turpis faucibus cursus. Donec vel nunc metus. Quisque sagittis mattis dui vel varius. Aliquam iaculis interdum lacinia. Nam euismod lectus id maximus sodales. Nam id magna dictum, semper nisl vel, ornare ligula. Sed condimentum metus quis leo pharetra, quis semper urna aliquam. Fusce consectetur accumsan augue sit amet iaculis. Suspendisse volutpat urna vitae fermentum eleifend. Maecenas sapien leo, gravida vitae pellentesque quis, efficitur in erat. Maecenas elementum euismod hendrerit. Mauris sagittis massa a orci.'),(77,32,8,'Lorem ipsum dolor sit amet, consectetur adipiscing elit. Morbi pulvinar pharetra bibendum. Ut eget risus nec risus finibus hendrerit in non tortor. Pellentesque maximus ligula et turpis faucibus cursus. Donec vel nunc metus. Quisque sagittis mattis dui vel varius. Aliquam iaculis interdum lacinia. Nam euismod lectus id maximus sodales. Nam id magna dictum, semper nisl vel, ornare ligula. Sed condimentum metus quis leo pharetra, quis semper urna aliquam. Fusce consectetur accumsan augue sit amet iaculis. Suspendisse volutpat urna vitae fermentum eleifend. Maecenas sapien leo, gravida vitae pellentesque quis, efficitur in erat. Maecenas elementum euismod hendrerit. Mauris sagittis massa a orci.'),(78,25,86,'Lorem ipsum dolor sit amet, consectetur adipiscing elit. Morbi pulvinar pharetra bibendum. Ut eget risus nec risus finibus hendrerit in non tortor. Pellentesque maximus ligula et turpis faucibus cursus. Donec vel nunc metus. Quisque sagittis mattis dui vel varius. Aliquam iaculis interdum lacinia. Nam euismod lectus id maximus sodales. Nam id magna dictum, semper nisl vel, ornare ligula. Sed condimentum metus quis leo pharetra, quis semper urna aliquam. Fusce consectetur accumsan augue sit amet iaculis. Suspendisse volutpat urna vitae fermentum eleifend. Maecenas sapien leo, gravida vitae pellentesque quis, efficitur in erat. Maecenas elementum euismod hendrerit. Mauris sagittis massa a orci.'),(79,86,2,'Lorem ipsum dolor sit amet, consectetur adipiscing elit. Morbi pulvinar pharetra bibendum. Ut eget risus nec risus finibus hendrerit in non tortor. Pellentesque maximus ligula et turpis faucibus cursus. Donec vel nunc metus. Quisque sagittis mattis dui vel varius. Aliquam iaculis interdum lacinia. Nam euismod lectus id maximus sodales. Nam id magna dictum, semper nisl vel, ornare ligula. Sed condimentum metus quis leo pharetra, quis semper urna aliquam. Fusce consectetur accumsan augue sit amet iaculis. Suspendisse volutpat urna vitae fermentum eleifend. Maecenas sapien leo, gravida vitae pellentesque quis, efficitur in erat. Maecenas elementum euismod hendrerit. Mauris sagittis massa a orci.'),(80,43,50,'Lorem ipsum dolor sit amet, consectetur adipiscing elit. Morbi pulvinar pharetra bibendum. Ut eget risus nec risus finibus hendrerit in non tortor. Pellentesque maximus ligula et turpis faucibus cursus. Donec vel nunc metus. Quisque sagittis mattis dui vel varius. Aliquam iaculis interdum lacinia. Nam euismod lectus id maximus sodales. Nam id magna dictum, semper nisl vel, ornare ligula. Sed condimentum metus quis leo pharetra, quis semper urna aliquam. Fusce consectetur accumsan augue sit amet iaculis. Suspendisse volutpat urna vitae fermentum eleifend. Maecenas sapien leo, gravida vitae pellentesque quis, efficitur in erat. Maecenas elementum euismod hendrerit. Mauris sagittis massa a orci.'),(81,33,2,'Lorem ipsum dolor sit amet, consectetur adipiscing elit. Morbi pulvinar pharetra bibendum. Ut eget risus nec risus finibus hendrerit in non tortor. Pellentesque maximus ligula et turpis faucibus cursus. Donec vel nunc metus. Quisque sagittis mattis dui vel varius. Aliquam iaculis interdum lacinia. Nam euismod lectus id maximus sodales. Nam id magna dictum, semper nisl vel, ornare ligula. Sed condimentum metus quis leo pharetra, quis semper urna aliquam. Fusce consectetur accumsan augue sit amet iaculis. Suspendisse volutpat urna vitae fermentum eleifend. Maecenas sapien leo, gravida vitae pellentesque quis, efficitur in erat. Maecenas elementum euismod hendrerit. Mauris sagittis massa a orci.'),(82,63,7,'Lorem ipsum dolor sit amet, consectetur adipiscing elit. Morbi pulvinar pharetra bibendum. Ut eget risus nec risus finibus hendrerit in non tortor. Pellentesque maximus ligula et turpis faucibus cursus. Donec vel nunc metus. Quisque sagittis mattis dui vel varius. Aliquam iaculis interdum lacinia. Nam euismod lectus id maximus sodales. Nam id magna dictum, semper nisl vel, ornare ligula. Sed condimentum metus quis leo pharetra, quis semper urna aliquam. Fusce consectetur accumsan augue sit amet iaculis. Suspendisse volutpat urna vitae fermentum eleifend. Maecenas sapien leo, gravida vitae pellentesque quis, efficitur in erat. Maecenas elementum euismod hendrerit. Mauris sagittis massa a orci.'),(83,90,29,'Lorem ipsum dolor sit amet, consectetur adipiscing elit. Morbi pulvinar pharetra bibendum. Ut eget risus nec risus finibus hendrerit in non tortor. Pellentesque maximus ligula et turpis faucibus cursus. Donec vel nunc metus. Quisque sagittis mattis dui vel varius. Aliquam iaculis interdum lacinia. Nam euismod lectus id maximus sodales. Nam id magna dictum, semper nisl vel, ornare ligula. Sed condimentum metus quis leo pharetra, quis semper urna aliquam. Fusce consectetur accumsan augue sit amet iaculis. Suspendisse volutpat urna vitae fermentum eleifend. Maecenas sapien leo, gravida vitae pellentesque quis, efficitur in erat. Maecenas elementum euismod hendrerit. Mauris sagittis massa a orci.'),(84,11,19,'Lorem ipsum dolor sit amet, consectetur adipiscing elit. Morbi pulvinar pharetra bibendum. Ut eget risus nec risus finibus hendrerit in non tortor. Pellentesque maximus ligula et turpis faucibus cursus. Donec vel nunc metus. Quisque sagittis mattis dui vel varius. Aliquam iaculis interdum lacinia. Nam euismod lectus id maximus sodales. Nam id magna dictum, semper nisl vel, ornare ligula. Sed condimentum metus quis leo pharetra, quis semper urna aliquam. Fusce consectetur accumsan augue sit amet iaculis. Suspendisse volutpat urna vitae fermentum eleifend. Maecenas sapien leo, gravida vitae pellentesque quis, efficitur in erat. Maecenas elementum euismod hendrerit. Mauris sagittis massa a orci.'),(85,84,88,'Lorem ipsum dolor sit amet, consectetur adipiscing elit. Morbi pulvinar pharetra bibendum. Ut eget risus nec risus finibus hendrerit in non tortor. Pellentesque maximus ligula et turpis faucibus cursus. Donec vel nunc metus. Quisque sagittis mattis dui vel varius. Aliquam iaculis interdum lacinia. Nam euismod lectus id maximus sodales. Nam id magna dictum, semper nisl vel, ornare ligula. Sed condimentum metus quis leo pharetra, quis semper urna aliquam. Fusce consectetur accumsan augue sit amet iaculis. Suspendisse volutpat urna vitae fermentum eleifend. Maecenas sapien leo, gravida vitae pellentesque quis, efficitur in erat. Maecenas elementum euismod hendrerit. Mauris sagittis massa a orci.'),(86,57,88,'Lorem ipsum dolor sit amet, consectetur adipiscing elit. Morbi pulvinar pharetra bibendum. Ut eget risus nec risus finibus hendrerit in non tortor. Pellentesque maximus ligula et turpis faucibus cursus. Donec vel nunc metus. Quisque sagittis mattis dui vel varius. Aliquam iaculis interdum lacinia. Nam euismod lectus id maximus sodales. Nam id magna dictum, semper nisl vel, ornare ligula. Sed condimentum metus quis leo pharetra, quis semper urna aliquam. Fusce consectetur accumsan augue sit amet iaculis. Suspendisse volutpat urna vitae fermentum eleifend. Maecenas sapien leo, gravida vitae pellentesque quis, efficitur in erat. Maecenas elementum euismod hendrerit. Mauris sagittis massa a orci.'),(87,39,39,'Lorem ipsum dolor sit amet, consectetur adipiscing elit. Morbi pulvinar pharetra bibendum. Ut eget risus nec risus finibus hendrerit in non tortor. Pellentesque maximus ligula et turpis faucibus cursus. Donec vel nunc metus. Quisque sagittis mattis dui vel varius. Aliquam iaculis interdum lacinia. Nam euismod lectus id maximus sodales. Nam id magna dictum, semper nisl vel, ornare ligula. Sed condimentum metus quis leo pharetra, quis semper urna aliquam. Fusce consectetur accumsan augue sit amet iaculis. Suspendisse volutpat urna vitae fermentum eleifend. Maecenas sapien leo, gravida vitae pellentesque quis, efficitur in erat. Maecenas elementum euismod hendrerit. Mauris sagittis massa a orci.'),(88,16,36,'Lorem ipsum dolor sit amet, consectetur adipiscing elit. Morbi pulvinar pharetra bibendum. Ut eget risus nec risus finibus hendrerit in non tortor. Pellentesque maximus ligula et turpis faucibus cursus. Donec vel nunc metus. Quisque sagittis mattis dui vel varius. Aliquam iaculis interdum lacinia. Nam euismod lectus id maximus sodales. Nam id magna dictum, semper nisl vel, ornare ligula. Sed condimentum metus quis leo pharetra, quis semper urna aliquam. Fusce consectetur accumsan augue sit amet iaculis. Suspendisse volutpat urna vitae fermentum eleifend. Maecenas sapien leo, gravida vitae pellentesque quis, efficitur in erat. Maecenas elementum euismod hendrerit. Mauris sagittis massa a orci.'),(89,37,76,'Lorem ipsum dolor sit amet, consectetur adipiscing elit. Morbi pulvinar pharetra bibendum. Ut eget risus nec risus finibus hendrerit in non tortor. Pellentesque maximus ligula et turpis faucibus cursus. Donec vel nunc metus. Quisque sagittis mattis dui vel varius. Aliquam iaculis interdum lacinia. Nam euismod lectus id maximus sodales. Nam id magna dictum, semper nisl vel, ornare ligula. Sed condimentum metus quis leo pharetra, quis semper urna aliquam. Fusce consectetur accumsan augue sit amet iaculis. Suspendisse volutpat urna vitae fermentum eleifend. Maecenas sapien leo, gravida vitae pellentesque quis, efficitur in erat. Maecenas elementum euismod hendrerit. Mauris sagittis massa a orci.'),(90,45,81,'Lorem ipsum dolor sit amet, consectetur adipiscing elit. Morbi pulvinar pharetra bibendum. Ut eget risus nec risus finibus hendrerit in non tortor. Pellentesque maximus ligula et turpis faucibus cursus. Donec vel nunc metus. Quisque sagittis mattis dui vel varius. Aliquam iaculis interdum lacinia. Nam euismod lectus id maximus sodales. Nam id magna dictum, semper nisl vel, ornare ligula. Sed condimentum metus quis leo pharetra, quis semper urna aliquam. Fusce consectetur accumsan augue sit amet iaculis. Suspendisse volutpat urna vitae fermentum eleifend. Maecenas sapien leo, gravida vitae pellentesque quis, efficitur in erat. Maecenas elementum euismod hendrerit. Mauris sagittis massa a orci.'),(91,92,14,'Lorem ipsum dolor sit amet, consectetur adipiscing elit. Morbi pulvinar pharetra bibendum. Ut eget risus nec risus finibus hendrerit in non tortor. Pellentesque maximus ligula et turpis faucibus cursus. Donec vel nunc metus. Quisque sagittis mattis dui vel varius. Aliquam iaculis interdum lacinia. Nam euismod lectus id maximus sodales. Nam id magna dictum, semper nisl vel, ornare ligula. Sed condimentum metus quis leo pharetra, quis semper urna aliquam. Fusce consectetur accumsan augue sit amet iaculis. Suspendisse volutpat urna vitae fermentum eleifend. Maecenas sapien leo, gravida vitae pellentesque quis, efficitur in erat. Maecenas elementum euismod hendrerit. Mauris sagittis massa a orci.'),(92,56,29,'Lorem ipsum dolor sit amet, consectetur adipiscing elit. Morbi pulvinar pharetra bibendum. Ut eget risus nec risus finibus hendrerit in non tortor. Pellentesque maximus ligula et turpis faucibus cursus. Donec vel nunc metus. Quisque sagittis mattis dui vel varius. Aliquam iaculis interdum lacinia. Nam euismod lectus id maximus sodales. Nam id magna dictum, semper nisl vel, ornare ligula. Sed condimentum metus quis leo pharetra, quis semper urna aliquam. Fusce consectetur accumsan augue sit amet iaculis. Suspendisse volutpat urna vitae fermentum eleifend. Maecenas sapien leo, gravida vitae pellentesque quis, efficitur in erat. Maecenas elementum euismod hendrerit. Mauris sagittis massa a orci.'),(93,89,21,'Lorem ipsum dolor sit amet, consectetur adipiscing elit. Morbi pulvinar pharetra bibendum. Ut eget risus nec risus finibus hendrerit in non tortor. Pellentesque maximus ligula et turpis faucibus cursus. Donec vel nunc metus. Quisque sagittis mattis dui vel varius. Aliquam iaculis interdum lacinia. Nam euismod lectus id maximus sodales. Nam id magna dictum, semper nisl vel, ornare ligula. Sed condimentum metus quis leo pharetra, quis semper urna aliquam. Fusce consectetur accumsan augue sit amet iaculis. Suspendisse volutpat urna vitae fermentum eleifend. Maecenas sapien leo, gravida vitae pellentesque quis, efficitur in erat. Maecenas elementum euismod hendrerit. Mauris sagittis massa a orci.'),(94,95,62,'Lorem ipsum dolor sit amet, consectetur adipiscing elit. Morbi pulvinar pharetra bibendum. Ut eget risus nec risus finibus hendrerit in non tortor. Pellentesque maximus ligula et turpis faucibus cursus. Donec vel nunc metus. Quisque sagittis mattis dui vel varius. Aliquam iaculis interdum lacinia. Nam euismod lectus id maximus sodales. Nam id magna dictum, semper nisl vel, ornare ligula. Sed condimentum metus quis leo pharetra, quis semper urna aliquam. Fusce consectetur accumsan augue sit amet iaculis. Suspendisse volutpat urna vitae fermentum eleifend. Maecenas sapien leo, gravida vitae pellentesque quis, efficitur in erat. Maecenas elementum euismod hendrerit. Mauris sagittis massa a orci.'),(95,32,50,'Lorem ipsum dolor sit amet, consectetur adipiscing elit. Morbi pulvinar pharetra bibendum. Ut eget risus nec risus finibus hendrerit in non tortor. Pellentesque maximus ligula et turpis faucibus cursus. Donec vel nunc metus. Quisque sagittis mattis dui vel varius. Aliquam iaculis interdum lacinia. Nam euismod lectus id maximus sodales. Nam id magna dictum, semper nisl vel, ornare ligula. Sed condimentum metus quis leo pharetra, quis semper urna aliquam. Fusce consectetur accumsan augue sit amet iaculis. Suspendisse volutpat urna vitae fermentum eleifend. Maecenas sapien leo, gravida vitae pellentesque quis, efficitur in erat. Maecenas elementum euismod hendrerit. Mauris sagittis massa a orci.'),(96,92,17,'Lorem ipsum dolor sit amet, consectetur adipiscing elit. Morbi pulvinar pharetra bibendum. Ut eget risus nec risus finibus hendrerit in non tortor. Pellentesque maximus ligula et turpis faucibus cursus. Donec vel nunc metus. Quisque sagittis mattis dui vel varius. Aliquam iaculis interdum lacinia. Nam euismod lectus id maximus sodales. Nam id magna dictum, semper nisl vel, ornare ligula. Sed condimentum metus quis leo pharetra, quis semper urna aliquam. Fusce consectetur accumsan augue sit amet iaculis. Suspendisse volutpat urna vitae fermentum eleifend. Maecenas sapien leo, gravida vitae pellentesque quis, efficitur in erat. Maecenas elementum euismod hendrerit. Mauris sagittis massa a orci.'),(97,16,10,'Lorem ipsum dolor sit amet, consectetur adipiscing elit. Morbi pulvinar pharetra bibendum. Ut eget risus nec risus finibus hendrerit in non tortor. Pellentesque maximus ligula et turpis faucibus cursus. Donec vel nunc metus. Quisque sagittis mattis dui vel varius. Aliquam iaculis interdum lacinia. Nam euismod lectus id maximus sodales. Nam id magna dictum, semper nisl vel, ornare ligula. Sed condimentum metus quis leo pharetra, quis semper urna aliquam. Fusce consectetur accumsan augue sit amet iaculis. Suspendisse volutpat urna vitae fermentum eleifend. Maecenas sapien leo, gravida vitae pellentesque quis, efficitur in erat. Maecenas elementum euismod hendrerit. Mauris sagittis massa a orci.'),(98,28,97,'Lorem ipsum dolor sit amet, consectetur adipiscing elit. Morbi pulvinar pharetra bibendum. Ut eget risus nec risus finibus hendrerit in non tortor. Pellentesque maximus ligula et turpis faucibus cursus. Donec vel nunc metus. Quisque sagittis mattis dui vel varius. Aliquam iaculis interdum lacinia. Nam euismod lectus id maximus sodales. Nam id magna dictum, semper nisl vel, ornare ligula. Sed condimentum metus quis leo pharetra, quis semper urna aliquam. Fusce consectetur accumsan augue sit amet iaculis. Suspendisse volutpat urna vitae fermentum eleifend. Maecenas sapien leo, gravida vitae pellentesque quis, efficitur in erat. Maecenas elementum euismod hendrerit. Mauris sagittis massa a orci.'),(99,7,77,'Lorem ipsum dolor sit amet, consectetur adipiscing elit. Morbi pulvinar pharetra bibendum. Ut eget risus nec risus finibus hendrerit in non tortor. Pellentesque maximus ligula et turpis faucibus cursus. Donec vel nunc metus. Quisque sagittis mattis dui vel varius. Aliquam iaculis interdum lacinia. Nam euismod lectus id maximus sodales. Nam id magna dictum, semper nisl vel, ornare ligula. Sed condimentum metus quis leo pharetra, quis semper urna aliquam. Fusce consectetur accumsan augue sit amet iaculis. Suspendisse volutpat urna vitae fermentum eleifend. Maecenas sapien leo, gravida vitae pellentesque quis, efficitur in erat. Maecenas elementum euismod hendrerit. Mauris sagittis massa a orci.'),(100,28,92,'Lorem ipsum dolor sit amet, consectetur adipiscing elit. Morbi pulvinar pharetra bibendum. Ut eget risus nec risus finibus hendrerit in non tortor. Pellentesque maximus ligula et turpis faucibus cursus. Donec vel nunc metus. Quisque sagittis mattis dui vel varius. Aliquam iaculis interdum lacinia. Nam euismod lectus id maximus sodales. Nam id magna dictum, semper nisl vel, ornare ligula. Sed condimentum metus quis leo pharetra, quis semper urna aliquam. Fusce consectetur accumsan augue sit amet iaculis. Suspendisse volutpat urna vitae fermentum eleifend. Maecenas sapien leo, gravida vitae pellentesque quis, efficitur in erat. Maecenas elementum euismod hendrerit. Mauris sagittis massa a orci.');
/*!40000 ALTER TABLE `Comment` ENABLE KEYS */;
UNLOCK TABLES;

--
-- Table structure for table `Ingredient`
--

DROP TABLE IF EXISTS `Ingredient`;
/*!40101 SET @saved_cs_client     = @@character_set_client */;
 SET character_set_client = utf8mb4 ;
CREATE TABLE `Ingredient` (
  `id` int(11) NOT NULL AUTO_INCREMENT,
  `id_IngredientType` int(11) NOT NULL,
  `id_QuantityUnit` int(11) NOT NULL,
  `name` varchar(30) NOT NULL,
  `baseCost` float(16,2) NOT NULL,
  `baseQuantity` int(11) NOT NULL DEFAULT '1',
  PRIMARY KEY (`id`),
  UNIQUE KEY `name` (`name`),
  KEY `id_IngredientType` (`id_IngredientType`),
  KEY `id_QuantityUnit` (`id_QuantityUnit`),
  CONSTRAINT `Ingredient_ibfk_1` FOREIGN KEY (`id_IngredientType`) REFERENCES `IngredientType` (`id`),
  CONSTRAINT `Ingredient_ibfk_2` FOREIGN KEY (`id_QuantityUnit`) REFERENCES `QuantityUnit` (`id`)
) ENGINE=InnoDB AUTO_INCREMENT=101 DEFAULT CHARSET=utf8mb4 COLLATE=utf8mb4_0900_ai_ci;
/*!40101 SET character_set_client = @saved_cs_client */;

--
-- Dumping data for table `Ingredient`
--

LOCK TABLES `Ingredient` WRITE;
/*!40000 ALTER TABLE `Ingredient` DISABLE KEYS */;
INSERT INTO `Ingredient` VALUES (1,3,12,'Hogym',14.28,6),(2,1,13,'Celloggimbur',4.14,1),(3,2,4,'Laglesgim',6.68,3),(4,1,6,'Sylcyllis',1.77,12),(5,8,2,'Morbir',12.41,10),(6,6,10,'Limgem',3.35,3),(7,2,13,'Silgimculnir',2.16,3),(8,5,8,'Narmar',8.55,4),(9,8,4,'Solgamberthi',14.72,3),(10,11,9,'Cyllig',3.96,2),(11,10,9,'Thalomorn',6.83,6),(12,6,4,'Rluggum',13.30,1),(13,10,2,'Ornbar',14.53,12),(14,5,11,'Merhosyl',12.18,7),(15,2,3,'Callisthunir',10.89,6),(16,2,7,'Thaligber',11.10,8),(17,12,8,'Limbarmar',10.17,2),(18,11,12,'Lishalllumcal',6.34,1),(19,3,10,'Berthe',10.50,1),(20,13,11,'Hathulemhe',12.56,8),(21,8,8,'Colmorhi',9.75,4),(22,12,4,'Salthalegorn',8.38,1),(23,5,2,'Birmircyl',2.12,3),(24,8,3,'Bermor',7.02,8),(25,4,1,'Morlag',12.72,2),(26,11,2,'Barbirorn',3.23,8),(27,5,8,'Burmir',8.23,6),(28,5,4,'Humarhamur',5.14,4),(29,1,5,'Leglam',3.40,11),(30,5,7,'Hugimirn',11.37,7),(31,4,2,'Berburthamur',10.11,9),(32,10,7,'Lasloglum',12.61,7),(33,10,9,'Gomlamthi',1.28,9),(34,8,8,'Narmarborern',1.63,5),(35,10,7,'Lomlos',2.70,5),(36,7,11,'Urnlasho',11.36,5),(37,10,7,'Hical',11.08,8),(38,13,13,'Hisol',1.08,9),(39,6,4,'Leshe',0.35,8),(40,5,8,'Gumsalculsil',5.67,5),(41,2,3,'Morcalsul',7.04,2),(42,12,8,'Barlugha',0.94,4),(43,2,10,'Salhu',13.13,8),(44,2,1,'Celmorgember',9.84,10),(45,8,5,'Byrhebyr',5.38,7),(46,12,10,'Birhogim',11.69,6),(47,2,5,'Helisloshi',12.83,9),(48,9,9,'Syllas',4.88,2),(49,8,1,'Gymcalhober',0.44,3),(50,13,4,'Gimcullegirn',9.01,9),(51,10,4,'Borlessil',9.60,10),(52,6,3,'Thitha',6.08,8),(53,11,2,'Cylcelnor',7.88,3),(54,13,8,'Borbyrhulys',8.85,5),(55,13,8,'Loglistha',6.72,7),(56,2,5,'Silbartha',2.61,10),(57,9,4,'Orncilbirgom',6.49,3),(58,4,13,'Lasnormer',7.88,9),(59,7,10,'Lumsolthalig',5.13,5),(60,7,2,'Burlyscul',11.58,3),(61,5,13,'Murgomhellhi',2.82,5),(62,4,10,'Thatheluslag',8.03,1),(63,8,11,'Lyshallluslam',4.54,3),(64,12,6,'Mirborcil',12.97,3),(65,10,1,'Nircalbur',11.04,4),(66,5,13,'Barlugarn',3.64,11),(67,6,13,'Gimcul',7.29,5),(68,7,1,'Thulam',10.53,2),(69,2,9,'Hecolha',1.82,7),(70,9,11,'Ornmur',4.59,7),(71,1,1,'Lamber',3.24,10),(72,2,13,'Sulleshe',13.25,9),(73,5,12,'Lomlember',13.82,8),(74,4,1,'Loscal',4.44,1),(75,13,6,'Calornthilog',14.96,7),(76,13,9,'Limlesgam',13.54,8),(77,9,4,'Thigomcul',9.90,6),(78,8,13,'Laglyslomlis',8.51,9),(79,8,10,'Erngomlig',3.62,11),(80,12,6,'Gamlusmorcol',5.06,6),(81,8,6,'Syllag',11.75,11),(82,2,12,'Hothoirnlug',12.48,10),(83,2,13,'Hesolmar',14.63,12),(84,11,4,'Lugcul',9.96,7),(85,4,8,'Thicolthu',4.07,10),(86,11,10,'Narlescul',14.22,6),(87,13,6,'Nirmersolurn',1.71,10),(88,3,2,'Logcel',8.16,3),(89,3,3,'Lasloglag',12.05,10),(90,6,4,'Lessellamyrn',11.94,11),(91,13,7,'Gymlys',2.98,9),(92,1,10,'Thasal',1.48,3),(93,8,2,'Silurnsellag',9.32,2),(94,13,11,'Hallloslysbur',3.65,9),(95,12,5,'Ligbir',2.13,9),(96,8,6,'Burcylcel',11.55,11),(97,9,10,'Narlisho',8.59,12),(98,2,4,'Hosal',7.73,1),(99,3,11,'Liscal',6.15,10),(100,3,13,'Sulbarmornar',13.04,5);
/*!40000 ALTER TABLE `Ingredient` ENABLE KEYS */;
UNLOCK TABLES;

--
-- Table structure for table `IngredientType`
--

DROP TABLE IF EXISTS `IngredientType`;
/*!40101 SET @saved_cs_client     = @@character_set_client */;
 SET character_set_client = utf8mb4 ;
CREATE TABLE `IngredientType` (
  `id` int(11) NOT NULL AUTO_INCREMENT,
  `name` varchar(30) NOT NULL,
  PRIMARY KEY (`id`),
  UNIQUE KEY `name` (`name`)
) ENGINE=InnoDB AUTO_INCREMENT=14 DEFAULT CHARSET=utf8mb4 COLLATE=utf8mb4_0900_ai_ci;
/*!40101 SET character_set_client = @saved_cs_client */;

--
-- Dumping data for table `IngredientType`
--

LOCK TABLES `IngredientType` WRITE;
/*!40000 ALTER TABLE `IngredientType` DISABLE KEYS */;
INSERT INTO `IngredientType` VALUES (10,'Beverages'),(5,'Cereal products'),(4,'Confectionery'),(1,'Dairy products'),(8,'Egg products'),(7,'Fish products'),(3,'Fruits and vegetables'),(6,'Meat products'),(2,'Oils'),(13,'Others'),(12,'Prepared foods'),(11,'Salads'),(9,'Spices');
/*!40000 ALTER TABLE `IngredientType` ENABLE KEYS */;
UNLOCK TABLES;

--
-- Table structure for table `LikeRecipe`
--

DROP TABLE IF EXISTS `LikeRecipe`;
/*!40101 SET @saved_cs_client     = @@character_set_client */;
 SET character_set_client = utf8mb4 ;
CREATE TABLE `LikeRecipe` (
  `id` int(11) NOT NULL AUTO_INCREMENT,
  `id_Recipe` int(11) NOT NULL,
  `id_User` int(11) NOT NULL,
  PRIMARY KEY (`id`),
  UNIQUE KEY `UC_LikeRecipe` (`id_Recipe`,`id_User`),
  KEY `id_User` (`id_User`),
  CONSTRAINT `LikeRecipe_ibfk_1` FOREIGN KEY (`id_Recipe`) REFERENCES `Recipe` (`id`),
  CONSTRAINT `LikeRecipe_ibfk_2` FOREIGN KEY (`id_User`) REFERENCES `User` (`id`)
) ENGINE=InnoDB AUTO_INCREMENT=486 DEFAULT CHARSET=utf8mb4 COLLATE=utf8mb4_0900_ai_ci;
/*!40101 SET character_set_client = @saved_cs_client */;

--
-- Dumping data for table `LikeRecipe`
--

LOCK TABLES `LikeRecipe` WRITE;
/*!40000 ALTER TABLE `LikeRecipe` DISABLE KEYS */;
INSERT INTO `LikeRecipe` VALUES (88,1,21),(292,1,57),(10,2,4),(16,2,5),(335,2,66),(358,2,70),(13,3,4),(58,3,15),(131,3,31),(323,3,64),(390,3,76),(444,3,91),(31,4,8),(47,4,11),(275,4,54),(332,4,66),(71,5,17),(179,5,38),(224,5,46),(240,5,48),(314,5,61),(5,6,3),(340,6,67),(381,6,75),(466,6,95),(480,6,97),(66,7,16),(133,7,31),(482,7,97),(70,8,16),(153,8,33),(303,8,58),(34,9,8),(76,9,18),(95,9,24),(128,9,31),(207,9,43),(264,9,52),(341,9,67),(416,9,86),(40,10,9),(141,10,32),(318,10,61),(342,10,67),(401,10,81),(437,10,90),(463,10,93),(227,11,46),(377,11,74),(26,12,7),(52,12,14),(142,12,32),(178,12,38),(285,12,56),(139,13,32),(282,13,56),(428,13,89),(99,14,25),(62,15,15),(119,15,28),(151,15,33),(158,15,34),(265,15,52),(366,15,73),(421,15,87),(441,15,90),(108,16,26),(213,16,44),(243,16,49),(479,16,97),(174,17,37),(203,17,43),(219,17,45),(245,17,49),(322,17,64),(375,17,74),(432,17,89),(123,18,29),(182,18,38),(232,18,47),(443,18,91),(44,19,11),(168,19,36),(410,19,84),(478,19,97),(84,20,20),(127,20,30),(200,20,43),(229,20,46),(231,20,47),(284,20,56),(295,20,57),(396,20,77),(483,20,97),(154,21,33),(316,21,61),(333,21,66),(436,21,90),(106,22,26),(234,22,48),(297,22,57),(302,22,58),(364,22,71),(449,22,91),(144,23,32),(252,23,50),(267,23,52),(319,23,61),(349,23,69),(374,23,74),(85,24,21),(218,24,45),(246,24,49),(259,24,51),(472,24,96),(9,25,4),(23,25,7),(135,25,31),(254,25,50),(398,25,78),(474,25,96),(39,26,8),(91,26,21),(138,26,32),(189,26,40),(290,26,57),(181,27,38),(190,27,40),(202,27,43),(249,27,50),(457,27,92),(247,28,49),(293,28,57),(337,28,67),(345,28,68),(61,29,15),(152,29,33),(413,29,84),(450,29,91),(481,29,97),(14,30,4),(17,30,5),(86,30,21),(134,30,31),(137,30,32),(260,30,51),(283,30,56),(368,30,73),(404,30,82),(115,31,28),(124,31,29),(166,31,35),(188,31,40),(192,31,41),(270,31,53),(433,31,89),(451,31,91),(32,32,8),(102,32,26),(315,32,61),(386,32,76),(312,33,59),(422,33,87),(45,34,11),(113,34,27),(353,34,69),(214,35,44),(339,35,67),(363,35,71),(11,36,4),(161,36,35),(187,36,40),(359,36,70),(67,37,16),(96,37,24),(217,37,45),(309,37,59),(343,37,67),(210,38,44),(237,38,48),(320,38,62),(408,38,83),(30,39,7),(193,39,41),(325,39,64),(411,39,84),(273,40,54),(27,41,7),(93,41,22),(107,41,26),(132,41,31),(186,41,40),(272,41,54),(2,42,1),(104,42,26),(277,42,54),(447,42,91),(459,42,93),(28,43,7),(230,43,47),(239,43,48),(278,43,55),(304,43,58),(409,43,83),(429,43,89),(54,44,14),(357,44,70),(400,44,79),(43,45,10),(100,45,25),(206,45,43),(216,45,45),(271,45,54),(392,45,77),(6,46,3),(112,46,27),(147,46,33),(269,46,52),(354,46,69),(65,47,16),(423,47,88),(454,47,92),(33,48,8),(172,48,36),(184,48,39),(196,49,42),(434,49,90),(460,49,93),(473,49,96),(140,50,32),(177,50,38),(204,50,43),(241,50,49),(97,51,24),(195,51,42),(279,51,55),(415,51,85),(20,52,6),(101,52,25),(248,52,50),(300,52,58),(373,52,74),(426,52,89),(445,52,91),(258,53,51),(382,53,75),(8,54,4),(64,54,15),(110,54,26),(150,54,33),(164,54,35),(183,54,39),(438,54,90),(37,55,8),(60,55,15),(77,55,18),(114,55,28),(199,55,43),(253,55,50),(324,55,64),(470,55,96),(452,56,91),(155,57,34),(287,57,56),(329,57,65),(484,57,97),(117,58,28),(294,58,57),(25,59,7),(48,59,12),(74,59,18),(103,59,26),(310,59,59),(317,59,61),(336,59,67),(376,59,74),(397,59,77),(435,59,90),(456,59,92),(29,60,7),(57,60,15),(255,60,50),(276,60,54),(286,60,56),(296,60,57),(367,60,73),(403,61,82),(465,61,94),(1,62,1),(82,62,19),(167,62,35),(205,62,43),(212,62,44),(327,62,64),(346,62,69),(369,62,74),(424,62,89),(440,62,90),(94,63,24),(163,63,35),(169,63,36),(313,63,59),(385,63,76),(431,63,89),(477,63,96),(35,64,8),(75,64,18),(257,64,51),(266,64,52),(305,64,58),(157,65,34),(208,65,44),(306,65,58),(417,65,86),(49,66,13),(53,66,14),(98,66,24),(156,66,34),(165,66,35),(395,66,77),(3,67,1),(19,67,6),(42,67,10),(125,67,30),(173,67,37),(226,67,46),(236,67,48),(334,67,66),(372,67,74),(485,67,98),(36,68,8),(129,68,31),(393,68,77),(407,68,82),(92,69,21),(238,69,48),(299,69,58),(419,69,87),(56,70,15),(111,70,26),(222,70,46),(250,70,50),(288,70,56),(348,70,69),(464,70,94),(235,71,48),(321,71,63),(379,71,75),(442,71,90),(448,71,91),(22,72,6),(55,72,14),(148,72,33),(211,72,44),(223,72,46),(242,72,49),(384,72,76),(24,73,7),(121,73,28),(251,73,50),(274,73,54),(328,73,65),(394,73,77),(233,74,48),(256,74,50),(362,74,70),(461,74,93),(38,75,8),(59,75,15),(162,75,35),(455,75,92),(468,75,95),(50,76,13),(170,76,36),(194,76,41),(356,76,70),(467,76,95),(78,77,19),(244,77,49),(360,77,70),(160,78,35),(228,78,46),(365,78,72),(72,79,17),(87,79,21),(391,79,76),(63,80,15),(83,80,20),(109,80,26),(198,80,43),(311,80,59),(378,80,75),(405,80,82),(268,81,52),(326,81,64),(136,82,32),(145,82,33),(201,82,43),(215,82,45),(289,82,56),(430,82,89),(81,83,19),(351,83,69),(475,83,96),(402,84,81),(439,84,90),(453,84,92),(462,84,93),(291,85,57),(371,85,74),(388,85,76),(159,86,35),(209,86,44),(262,86,52),(344,86,68),(355,86,69),(383,86,76),(418,86,86),(458,86,93),(469,86,95),(352,87,69),(18,88,6),(79,88,19),(143,88,32),(298,88,57),(308,88,59),(330,88,65),(122,89,29),(471,89,96),(69,90,16),(146,90,33),(220,90,46),(263,90,52),(301,90,58),(425,90,89),(7,91,3),(15,91,5),(80,91,19),(116,91,28),(197,91,42),(221,91,46),(261,91,52),(307,91,59),(414,91,84),(427,91,89),(46,92,11),(120,92,28),(387,92,76),(446,92,91),(180,93,38),(185,93,39),(281,93,55),(347,93,69),(380,93,75),(389,93,76),(12,94,4),(68,94,16),(89,94,21),(105,94,26),(149,94,33),(331,94,65),(350,94,69),(51,95,14),(171,95,36),(225,95,46),(338,95,67),(126,96,30),(130,96,31),(191,97,40),(280,97,55),(406,97,82),(412,97,84),(420,97,87),(41,98,9),(73,98,18),(90,99,21),(175,99,38),(370,99,74),(399,99,79),(4,100,1),(21,100,6),(118,100,28),(176,100,38),(361,100,70),(476,100,96);
/*!40000 ALTER TABLE `LikeRecipe` ENABLE KEYS */;
UNLOCK TABLES;

--
-- Table structure for table `QuantityType`
--

DROP TABLE IF EXISTS `QuantityType`;
/*!40101 SET @saved_cs_client     = @@character_set_client */;
 SET character_set_client = utf8mb4 ;
CREATE TABLE `QuantityType` (
  `id` int(11) NOT NULL AUTO_INCREMENT,
  `name` varchar(20) NOT NULL,
  PRIMARY KEY (`id`),
  UNIQUE KEY `name` (`name`)
) ENGINE=InnoDB AUTO_INCREMENT=4 DEFAULT CHARSET=utf8mb4 COLLATE=utf8mb4_0900_ai_ci COMMENT='Contains the type of mesure (weight, volume, units, etc.)';
/*!40101 SET character_set_client = @saved_cs_client */;

--
-- Dumping data for table `QuantityType`
--

LOCK TABLES `QuantityType` WRITE;
/*!40000 ALTER TABLE `QuantityType` DISABLE KEYS */;
INSERT INTO `QuantityType` VALUES (3,'Unit'),(1,'Volume'),(2,'Weight');
/*!40000 ALTER TABLE `QuantityType` ENABLE KEYS */;
UNLOCK TABLES;

--
-- Table structure for table `QuantityUnit`
--

DROP TABLE IF EXISTS `QuantityUnit`;
/*!40101 SET @saved_cs_client     = @@character_set_client */;
 SET character_set_client = utf8mb4 ;
CREATE TABLE `QuantityUnit` (
  `id` int(11) NOT NULL AUTO_INCREMENT,
  `id_QuantityType` int(11) NOT NULL,
  `name` varchar(20) NOT NULL,
  `abbreviation` varchar(10) NOT NULL,
  PRIMARY KEY (`id`),
  UNIQUE KEY `name` (`name`,`abbreviation`),
  KEY `id_QuantityType` (`id_QuantityType`),
  CONSTRAINT `QuantityUnit_ibfk_1` FOREIGN KEY (`id_QuantityType`) REFERENCES `QuantityType` (`id`)
) ENGINE=InnoDB AUTO_INCREMENT=14 DEFAULT CHARSET=utf8mb4 COLLATE=utf8mb4_0900_ai_ci COMMENT='Register all mesure units (like mL, cups, g, table spoon, et';
/*!40101 SET character_set_client = @saved_cs_client */;

--
-- Dumping data for table `QuantityUnit`
--

LOCK TABLES `QuantityUnit` WRITE;
/*!40000 ALTER TABLE `QuantityUnit` DISABLE KEYS */;
INSERT INTO `QuantityUnit` VALUES (1,1,'teaspoon','tsp'),(2,1,'tablespoon','tbsp'),(3,1,'fluid ounce','fl oz'),(4,1,'cup','cup'),(5,1,'milliliter','mL'),(6,1,'liter','L'),(7,1,'deciliter','dL'),(8,2,'pound','lb'),(9,2,'ounce','oz'),(10,2,'miligram','mg'),(11,2,'gram','g'),(12,2,'kilogram','kg'),(13,3,'unit','unit');
/*!40000 ALTER TABLE `QuantityUnit` ENABLE KEYS */;
UNLOCK TABLES;

--
-- Table structure for table `Rating`
--

DROP TABLE IF EXISTS `Rating`;
/*!40101 SET @saved_cs_client     = @@character_set_client */;
 SET character_set_client = utf8mb4 ;
CREATE TABLE `Rating` (
  `id` int(11) NOT NULL AUTO_INCREMENT,
  `id_Recipe` int(11) NOT NULL,
  `id_User` int(11) NOT NULL,
  `value` int(11) NOT NULL,
  PRIMARY KEY (`id`),
  UNIQUE KEY `UC_Rating` (`id_Recipe`,`id_User`),
  KEY `id_User` (`id_User`),
  CONSTRAINT `Rating_ibfk_1` FOREIGN KEY (`id_Recipe`) REFERENCES `Recipe` (`id`),
  CONSTRAINT `Rating_ibfk_2` FOREIGN KEY (`id_User`) REFERENCES `User` (`id`)
) ENGINE=InnoDB AUTO_INCREMENT=484 DEFAULT CHARSET=utf8mb4 COLLATE=utf8mb4_0900_ai_ci;
/*!40101 SET character_set_client = @saved_cs_client */;

--
-- Dumping data for table `Rating`
--

LOCK TABLES `Rating` WRITE;
/*!40000 ALTER TABLE `Rating` DISABLE KEYS */;
INSERT INTO `Rating` VALUES (1,46,1,1),(2,38,1,3),(3,97,1,3),(4,23,1,2),(5,32,1,4),(6,85,1,2),(7,4,2,2),(8,30,2,2),(9,9,2,5),(10,51,3,1),(11,100,3,3),(12,86,3,4),(13,56,3,4),(14,4,3,2),(15,50,3,5),(16,47,3,1),(17,36,4,5),(18,87,4,1),(19,74,4,3),(20,71,4,2),(21,24,4,4),(22,32,4,3),(23,10,4,2),(24,64,4,3),(25,63,4,4),(26,34,4,3),(27,76,6,4),(28,86,7,1),(29,58,8,3),(30,84,8,1),(31,25,8,2),(32,39,8,2),(33,99,8,4),(34,50,8,4),(35,76,8,3),(36,41,8,3),(37,63,9,1),(38,23,9,2),(39,9,9,1),(40,39,9,1),(41,82,9,1),(42,30,9,2),(43,50,9,3),(44,53,9,5),(45,8,9,3),(46,19,10,5),(47,1,10,1),(48,2,10,5),(49,93,10,2),(50,18,10,5),(51,95,11,3),(52,36,11,2),(53,58,12,2),(54,56,12,2),(55,32,12,5),(56,71,12,3),(57,42,12,4),(58,7,12,1),(59,63,12,4),(60,25,12,2),(61,12,12,1),(62,39,12,1),(63,2,13,1),(64,21,13,4),(65,49,14,1),(66,68,14,3),(67,21,14,1),(68,4,14,1),(69,67,15,2),(70,70,16,1),(71,99,16,5),(72,80,16,1),(73,68,16,5),(74,18,16,1),(75,96,16,1),(76,100,16,3),(77,71,17,3),(78,46,17,4),(79,62,17,3),(80,100,17,2),(81,18,17,2),(82,37,17,2),(83,93,17,1),(84,44,17,4),(85,40,17,1),(86,6,18,5),(87,94,18,2),(88,69,18,4),(89,14,18,5),(90,71,18,5),(91,59,18,3),(92,21,18,4),(93,87,18,4),(94,19,18,3),(95,96,19,3),(96,84,19,5),(97,1,20,1),(98,13,20,1),(99,27,20,3),(100,12,20,4),(101,73,20,4),(102,39,21,2),(103,54,21,3),(104,92,21,2),(105,86,21,3),(106,3,21,5),(107,37,21,3),(108,95,22,1),(109,35,22,4),(110,14,23,1),(111,37,24,2),(112,4,24,2),(113,32,24,4),(114,76,24,3),(115,23,24,3),(116,20,24,2),(117,26,24,2),(118,51,25,1),(119,61,25,2),(120,37,27,4),(121,96,27,1),(122,25,27,2),(123,16,27,3),(124,8,28,5),(125,6,29,1),(126,60,29,1),(127,75,29,2),(128,2,29,1),(129,73,29,4),(130,55,30,2),(131,12,30,3),(132,14,30,3),(133,38,30,5),(134,83,30,1),(135,42,30,1),(136,83,31,5),(137,28,31,4),(138,96,31,4),(139,30,32,2),(140,18,32,1),(141,55,32,2),(142,50,32,4),(143,42,32,3),(144,2,32,2),(145,44,33,1),(146,9,33,3),(147,8,33,3),(148,38,33,3),(149,42,33,4),(150,49,33,2),(151,94,33,5),(152,83,33,2),(153,54,33,2),(154,23,33,3),(155,6,35,1),(156,74,35,5),(157,27,35,1),(158,70,35,4),(159,91,35,4),(160,57,36,4),(161,60,36,3),(162,4,37,5),(163,70,37,4),(164,61,37,4),(165,85,37,3),(166,11,37,3),(167,93,37,2),(168,24,38,5),(169,13,38,3),(170,87,38,2),(171,79,38,2),(172,63,38,5),(173,32,38,4),(174,4,39,1),(175,8,39,2),(176,21,39,5),(177,12,39,4),(178,2,39,4),(179,91,39,1),(180,24,39,1),(181,23,39,2),(182,14,39,2),(183,14,40,5),(184,91,40,4),(185,31,41,3),(186,30,41,2),(187,13,41,5),(188,86,41,4),(189,38,41,5),(190,4,41,1),(191,52,41,2),(192,40,41,3),(193,59,41,3),(194,39,41,1),(195,86,42,3),(196,30,42,5),(197,12,42,5),(198,60,42,2),(199,25,42,1),(200,7,42,5),(201,39,42,2),(202,27,42,4),(203,44,42,5),(204,22,42,2),(205,55,44,1),(206,37,44,4),(207,59,44,4),(208,97,44,5),(209,17,44,3),(210,61,44,3),(211,32,45,4),(212,64,45,3),(213,88,45,1),(214,11,45,4),(215,7,45,2),(216,41,45,5),(217,18,45,4),(218,98,45,5),(219,49,46,3),(220,18,46,3),(221,67,46,4),(222,26,46,4),(223,44,46,5),(224,30,46,3),(225,54,46,2),(226,70,47,1),(227,96,47,5),(228,35,47,1),(229,94,47,5),(230,26,47,2),(231,29,47,3),(232,45,47,4),(233,13,47,1),(234,10,47,3),(235,94,50,3),(236,60,50,2),(237,57,50,5),(238,51,50,5),(239,67,50,1),(240,13,50,1),(241,45,50,1),(242,100,50,4),(243,64,51,1),(244,26,51,5),(245,34,51,4),(246,60,51,1),(247,76,51,1),(248,57,51,5),(249,40,51,5),(250,3,51,1),(251,41,51,4),(252,84,52,5),(253,97,52,4),(254,12,52,5),(255,38,52,4),(256,66,52,2),(257,28,53,2),(258,88,53,5),(259,7,53,2),(260,39,53,2),(261,14,54,4),(262,1,54,2),(263,29,55,2),(264,4,55,1),(265,73,55,1),(266,95,55,4),(267,91,55,3),(268,74,55,4),(269,41,55,3),(270,42,55,2),(271,68,55,4),(272,19,55,2),(273,63,56,3),(274,83,56,5),(275,4,56,4),(276,7,56,4),(277,73,56,4),(278,40,57,5),(279,28,57,5),(280,22,57,3),(281,38,57,1),(282,15,57,3),(283,10,57,1),(284,62,57,5),(285,97,57,2),(286,65,58,2),(287,22,58,4),(288,48,59,4),(289,77,59,5),(290,38,59,1),(291,49,59,4),(292,27,59,1),(293,13,59,2),(294,69,59,1),(295,50,60,1),(296,53,60,1),(297,8,60,4),(298,58,60,2),(299,3,60,5),(300,26,60,1),(301,51,60,1),(302,27,60,5),(303,23,60,5),(304,69,61,4),(305,53,61,4),(306,65,61,2),(307,42,61,1),(308,55,61,1),(309,30,62,2),(310,78,62,1),(311,94,62,4),(312,80,62,4),(313,54,62,3),(314,63,62,1),(315,33,62,2),(316,4,62,5),(317,70,62,4),(318,60,63,1),(319,6,63,4),(320,74,63,2),(321,71,63,3),(322,9,63,4),(323,26,63,2),(324,27,63,1),(325,97,63,5),(326,99,63,5),(327,76,63,1),(328,74,65,1),(329,38,66,5),(330,42,67,1),(331,47,67,2),(332,56,67,2),(333,73,67,3),(334,19,67,1),(335,6,67,3),(336,3,67,2),(337,36,68,1),(338,11,68,3),(339,21,69,2),(340,26,70,4),(341,39,70,1),(342,58,70,3),(343,32,70,2),(344,99,70,1),(345,98,70,1),(346,34,70,1),(347,38,70,3),(348,70,70,2),(349,51,70,1),(350,25,71,3),(351,73,71,4),(352,100,71,3),(353,77,71,3),(354,5,71,5),(355,15,71,1),(356,16,71,1),(357,67,71,5),(358,58,71,3),(359,88,72,4),(360,32,72,5),(361,41,73,5),(362,91,73,3),(363,1,74,3),(364,49,75,4),(365,53,76,5),(366,71,76,1),(367,74,76,2),(368,96,76,5),(369,91,76,4),(370,45,77,1),(371,57,77,2),(372,49,78,5),(373,77,78,1),(374,5,78,2),(375,88,78,3),(376,36,78,1),(377,34,78,5),(378,91,78,3),(379,96,79,3),(380,92,79,5),(381,60,80,1),(382,71,80,2),(383,43,80,5),(384,90,80,2),(385,17,80,5),(386,21,80,1),(387,74,80,1),(388,33,80,1),(389,77,81,2),(390,8,81,5),(391,2,81,5),(392,71,82,3),(393,2,82,3),(394,69,82,5),(395,70,82,4),(396,48,82,3),(397,4,83,3),(398,18,83,5),(399,35,83,2),(400,10,84,1),(401,65,84,5),(402,11,84,3),(403,13,84,4),(404,90,84,4),(405,66,84,2),(406,75,84,1),(407,88,84,4),(408,12,85,2),(409,49,85,4),(410,89,86,3),(411,90,86,5),(412,37,86,1),(413,10,86,5),(414,5,86,3),(415,42,86,2),(416,18,86,5),(417,94,86,3),(418,38,87,1),(419,99,87,3),(420,97,88,1),(421,51,89,1),(422,5,89,5),(423,50,89,4),(424,91,89,5),(425,44,89,2),(426,41,89,4),(427,78,89,1),(428,61,90,3),(429,34,90,4),(430,41,90,3),(431,89,90,1),(432,86,90,5),(433,74,90,3),(434,45,90,3),(435,1,90,5),(436,8,90,5),(437,32,91,4),(438,95,91,5),(439,82,91,4),(440,68,91,3),(441,39,91,1),(442,74,91,1),(443,38,91,1),(444,30,91,2),(445,41,91,1),(446,23,92,4),(447,6,93,4),(448,79,93,1),(449,42,93,2),(450,99,93,1),(451,94,93,3),(452,73,94,2),(453,51,94,2),(454,81,94,1),(455,55,94,1),(456,92,94,5),(457,6,94,4),(458,80,94,5),(459,86,94,3),(460,39,95,4),(461,73,95,3),(462,89,96,5),(463,11,96,4),(464,86,96,5),(465,90,96,4),(466,47,97,3),(467,45,97,3),(468,82,97,4),(469,68,97,4),(470,30,97,5),(471,78,98,2),(472,19,98,3),(473,69,99,5),(474,39,99,4),(475,41,99,2),(476,30,99,5),(477,46,99,3),(478,83,99,4),(479,98,100,4),(480,92,100,2),(481,46,100,4),(482,72,100,1),(483,96,100,5);
/*!40000 ALTER TABLE `Rating` ENABLE KEYS */;
UNLOCK TABLES;
/*!50003 SET @saved_cs_client      = @@character_set_client */ ;
/*!50003 SET @saved_cs_results     = @@character_set_results */ ;
/*!50003 SET @saved_col_connection = @@collation_connection */ ;
/*!50003 SET character_set_client  = latin1 */ ;
/*!50003 SET character_set_results = latin1 */ ;
/*!50003 SET collation_connection  = latin1_swedish_ci */ ;
/*!50003 SET @saved_sql_mode       = @@sql_mode */ ;
/*!50003 SET sql_mode              = 'ONLY_FULL_GROUP_BY,STRICT_TRANS_TABLES,NO_ZERO_IN_DATE,NO_ZERO_DATE,ERROR_FOR_DIVISION_BY_ZERO,NO_ENGINE_SUBSTITUTION' */ ;
DELIMITER ;;
/*!50003 CREATE*/ /*!50017 DEFINER=`root`@`localhost`*/ /*!50003 TRIGGER `UpdateRecipeRatingOnRatingInsert` AFTER INSERT ON `Rating` FOR EACH ROW BEGIN
  SET @rating := (SELECT AVG(R.value) FROM Rating R WHERE R.id_Recipe = NEW.id_Recipe);
  UPDATE Recipe R SET R.rating := @rating WHERE R.id = NEW.id_Recipe;
END */;;
DELIMITER ;
/*!50003 SET sql_mode              = @saved_sql_mode */ ;
/*!50003 SET character_set_client  = @saved_cs_client */ ;
/*!50003 SET character_set_results = @saved_cs_results */ ;
/*!50003 SET collation_connection  = @saved_col_connection */ ;
/*!50003 SET @saved_cs_client      = @@character_set_client */ ;
/*!50003 SET @saved_cs_results     = @@character_set_results */ ;
/*!50003 SET @saved_col_connection = @@collation_connection */ ;
/*!50003 SET character_set_client  = latin1 */ ;
/*!50003 SET character_set_results = latin1 */ ;
/*!50003 SET collation_connection  = latin1_swedish_ci */ ;
/*!50003 SET @saved_sql_mode       = @@sql_mode */ ;
/*!50003 SET sql_mode              = 'ONLY_FULL_GROUP_BY,STRICT_TRANS_TABLES,NO_ZERO_IN_DATE,NO_ZERO_DATE,ERROR_FOR_DIVISION_BY_ZERO,NO_ENGINE_SUBSTITUTION' */ ;
DELIMITER ;;
/*!50003 CREATE*/ /*!50017 DEFINER=`root`@`localhost`*/ /*!50003 TRIGGER `UpdateRecipeRatingOnRatingUpdate` AFTER UPDATE ON `Rating` FOR EACH ROW BEGIN
  SET @rating := (SELECT AVG(R.value) FROM Rating R WHERE R.id_Recipe = NEW.id_Recipe);
  UPDATE Recipe R SET R.rating := @rating WHERE R.id = NEW.id_Recipe;
END */;;
DELIMITER ;
/*!50003 SET sql_mode              = @saved_sql_mode */ ;
/*!50003 SET character_set_client  = @saved_cs_client */ ;
/*!50003 SET character_set_results = @saved_cs_results */ ;
/*!50003 SET collation_connection  = @saved_col_connection */ ;
/*!50003 SET @saved_cs_client      = @@character_set_client */ ;
/*!50003 SET @saved_cs_results     = @@character_set_results */ ;
/*!50003 SET @saved_col_connection = @@collation_connection */ ;
/*!50003 SET character_set_client  = latin1 */ ;
/*!50003 SET character_set_results = latin1 */ ;
/*!50003 SET collation_connection  = latin1_swedish_ci */ ;
/*!50003 SET @saved_sql_mode       = @@sql_mode */ ;
/*!50003 SET sql_mode              = 'ONLY_FULL_GROUP_BY,STRICT_TRANS_TABLES,NO_ZERO_IN_DATE,NO_ZERO_DATE,ERROR_FOR_DIVISION_BY_ZERO,NO_ENGINE_SUBSTITUTION' */ ;
DELIMITER ;;
/*!50003 CREATE*/ /*!50017 DEFINER=`root`@`localhost`*/ /*!50003 TRIGGER `UpdateRecipeRatingOnRatingDelete` AFTER DELETE ON `Rating` FOR EACH ROW BEGIN
  SET @rating := IFNULL((SELECT AVG(R.value) FROM Rating R WHERE R.id_Recipe = OLD.id_Recipe), 0);
  UPDATE Recipe R SET R.rating := @rating WHERE R.id = OLD.id_Recipe;
END */;;
DELIMITER ;
/*!50003 SET sql_mode              = @saved_sql_mode */ ;
/*!50003 SET character_set_client  = @saved_cs_client */ ;
/*!50003 SET character_set_results = @saved_cs_results */ ;
/*!50003 SET collation_connection  = @saved_col_connection */ ;

--
-- Table structure for table `Recipe`
--

DROP TABLE IF EXISTS `Recipe`;
/*!40101 SET @saved_cs_client     = @@character_set_client */;
 SET character_set_client = utf8mb4 ;
CREATE TABLE `Recipe` (
  `id` int(11) NOT NULL AUTO_INCREMENT,
  `id_User` int(11) NOT NULL,
  `name` varchar(50) NOT NULL,
  `description` mediumtext,
  `directives` mediumtext NOT NULL,
  `rating` float(8,2) NOT NULL DEFAULT '0.00',
  PRIMARY KEY (`id`),
  UNIQUE KEY `name` (`name`),
  KEY `id_User` (`id_User`),
  CONSTRAINT `Recipe_ibfk_1` FOREIGN KEY (`id_User`) REFERENCES `User` (`id`)
) ENGINE=InnoDB AUTO_INCREMENT=101 DEFAULT CHARSET=utf8mb4 COLLATE=utf8mb4_0900_ai_ci;
/*!40101 SET character_set_client = @saved_cs_client */;

--
-- Dumping data for table `Recipe`
--

LOCK TABLES `Recipe` WRITE;
/*!40000 ALTER TABLE `Recipe` DISABLE KEYS */;
INSERT INTO `Recipe` VALUES (1,33,'Hogym','Lorem ipsum dolor sit amet, consectetur adipiscing elit. Morbi pulvinar pharetra bibendum. Ut eget risus nec risus finibus hendrerit in non tortor. Pellentesque maximus ligula et turpis faucibus cursus. Donec vel nunc metus. Quisque sagittis mattis dui vel varius. Aliquam iaculis interdum lacinia. Nam euismod lectus id maximus sodales. Nam id magna dictum, semper nisl vel, ornare ligula. Sed condimentum metus quis leo pharetra, quis semper urna aliquam. Fusce consectetur accumsan augue sit amet iaculis. Suspendisse volutpat urna vitae fermentum eleifend. Maecenas sapien leo, gravida vitae pellentesque quis, efficitur in erat. Maecenas elementum euismod hendrerit. Mauris sagittis massa a orci.','Lorem ipsum dolor sit amet, consectetur adipiscing elit. Morbi pulvinar pharetra bibendum. Ut eget risus nec risus finibus hendrerit in non tortor. Pellentesque maximus ligula et turpis faucibus cursus. Donec vel nunc metus. Quisque sagittis mattis dui vel varius. Aliquam iaculis interdum lacinia. Nam euismod lectus id maximus sodales. Nam id magna dictum, semper nisl vel, ornare ligula. Sed condimentum metus quis leo pharetra, quis semper urna aliquam. Fusce consectetur accumsan augue sit amet iaculis. Suspendisse volutpat urna vitae fermentum eleifend. Maecenas sapien leo, gravida vitae pellentesque quis, efficitur in erat. Maecenas elementum euismod hendrerit. Mauris sagittis massa a orci.',2.40),(2,51,'Celloggimbur','Lorem ipsum dolor sit amet, consectetur adipiscing elit. Morbi pulvinar pharetra bibendum. Ut eget risus nec risus finibus hendrerit in non tortor. Pellentesque maximus ligula et turpis faucibus cursus. Donec vel nunc metus. Quisque sagittis mattis dui vel varius. Aliquam iaculis interdum lacinia. Nam euismod lectus id maximus sodales. Nam id magna dictum, semper nisl vel, ornare ligula. Sed condimentum metus quis leo pharetra, quis semper urna aliquam. Fusce consectetur accumsan augue sit amet iaculis. Suspendisse volutpat urna vitae fermentum eleifend. Maecenas sapien leo, gravida vitae pellentesque quis, efficitur in erat. Maecenas elementum euismod hendrerit. Mauris sagittis massa a orci.','Lorem ipsum dolor sit amet, consectetur adipiscing elit. Morbi pulvinar pharetra bibendum. Ut eget risus nec risus finibus hendrerit in non tortor. Pellentesque maximus ligula et turpis faucibus cursus. Donec vel nunc metus. Quisque sagittis mattis dui vel varius. Aliquam iaculis interdum lacinia. Nam euismod lectus id maximus sodales. Nam id magna dictum, semper nisl vel, ornare ligula. Sed condimentum metus quis leo pharetra, quis semper urna aliquam. Fusce consectetur accumsan augue sit amet iaculis. Suspendisse volutpat urna vitae fermentum eleifend. Maecenas sapien leo, gravida vitae pellentesque quis, efficitur in erat. Maecenas elementum euismod hendrerit. Mauris sagittis massa a orci.',3.00),(3,18,'Laglesgim','Lorem ipsum dolor sit amet, consectetur adipiscing elit. Morbi pulvinar pharetra bibendum. Ut eget risus nec risus finibus hendrerit in non tortor. Pellentesque maximus ligula et turpis faucibus cursus. Donec vel nunc metus. Quisque sagittis mattis dui vel varius. Aliquam iaculis interdum lacinia. Nam euismod lectus id maximus sodales. Nam id magna dictum, semper nisl vel, ornare ligula. Sed condimentum metus quis leo pharetra, quis semper urna aliquam. Fusce consectetur accumsan augue sit amet iaculis. Suspendisse volutpat urna vitae fermentum eleifend. Maecenas sapien leo, gravida vitae pellentesque quis, efficitur in erat. Maecenas elementum euismod hendrerit. Mauris sagittis massa a orci.','Lorem ipsum dolor sit amet, consectetur adipiscing elit. Morbi pulvinar pharetra bibendum. Ut eget risus nec risus finibus hendrerit in non tortor. Pellentesque maximus ligula et turpis faucibus cursus. Donec vel nunc metus. Quisque sagittis mattis dui vel varius. Aliquam iaculis interdum lacinia. Nam euismod lectus id maximus sodales. Nam id magna dictum, semper nisl vel, ornare ligula. Sed condimentum metus quis leo pharetra, quis semper urna aliquam. Fusce consectetur accumsan augue sit amet iaculis. Suspendisse volutpat urna vitae fermentum eleifend. Maecenas sapien leo, gravida vitae pellentesque quis, efficitur in erat. Maecenas elementum euismod hendrerit. Mauris sagittis massa a orci.',3.25),(4,71,'Sylcyllis','Lorem ipsum dolor sit amet, consectetur adipiscing elit. Morbi pulvinar pharetra bibendum. Ut eget risus nec risus finibus hendrerit in non tortor. Pellentesque maximus ligula et turpis faucibus cursus. Donec vel nunc metus. Quisque sagittis mattis dui vel varius. Aliquam iaculis interdum lacinia. Nam euismod lectus id maximus sodales. Nam id magna dictum, semper nisl vel, ornare ligula. Sed condimentum metus quis leo pharetra, quis semper urna aliquam. Fusce consectetur accumsan augue sit amet iaculis. Suspendisse volutpat urna vitae fermentum eleifend. Maecenas sapien leo, gravida vitae pellentesque quis, efficitur in erat. Maecenas elementum euismod hendrerit. Mauris sagittis massa a orci.','Lorem ipsum dolor sit amet, consectetur adipiscing elit. Morbi pulvinar pharetra bibendum. Ut eget risus nec risus finibus hendrerit in non tortor. Pellentesque maximus ligula et turpis faucibus cursus. Donec vel nunc metus. Quisque sagittis mattis dui vel varius. Aliquam iaculis interdum lacinia. Nam euismod lectus id maximus sodales. Nam id magna dictum, semper nisl vel, ornare ligula. Sed condimentum metus quis leo pharetra, quis semper urna aliquam. Fusce consectetur accumsan augue sit amet iaculis. Suspendisse volutpat urna vitae fermentum eleifend. Maecenas sapien leo, gravida vitae pellentesque quis, efficitur in erat. Maecenas elementum euismod hendrerit. Mauris sagittis massa a orci.',2.45),(5,56,'Morbir','Lorem ipsum dolor sit amet, consectetur adipiscing elit. Morbi pulvinar pharetra bibendum. Ut eget risus nec risus finibus hendrerit in non tortor. Pellentesque maximus ligula et turpis faucibus cursus. Donec vel nunc metus. Quisque sagittis mattis dui vel varius. Aliquam iaculis interdum lacinia. Nam euismod lectus id maximus sodales. Nam id magna dictum, semper nisl vel, ornare ligula. Sed condimentum metus quis leo pharetra, quis semper urna aliquam. Fusce consectetur accumsan augue sit amet iaculis. Suspendisse volutpat urna vitae fermentum eleifend. Maecenas sapien leo, gravida vitae pellentesque quis, efficitur in erat. Maecenas elementum euismod hendrerit. Mauris sagittis massa a orci.','Lorem ipsum dolor sit amet, consectetur adipiscing elit. Morbi pulvinar pharetra bibendum. Ut eget risus nec risus finibus hendrerit in non tortor. Pellentesque maximus ligula et turpis faucibus cursus. Donec vel nunc metus. Quisque sagittis mattis dui vel varius. Aliquam iaculis interdum lacinia. Nam euismod lectus id maximus sodales. Nam id magna dictum, semper nisl vel, ornare ligula. Sed condimentum metus quis leo pharetra, quis semper urna aliquam. Fusce consectetur accumsan augue sit amet iaculis. Suspendisse volutpat urna vitae fermentum eleifend. Maecenas sapien leo, gravida vitae pellentesque quis, efficitur in erat. Maecenas elementum euismod hendrerit. Mauris sagittis massa a orci.',3.75),(6,42,'Limgem','Lorem ipsum dolor sit amet, consectetur adipiscing elit. Morbi pulvinar pharetra bibendum. Ut eget risus nec risus finibus hendrerit in non tortor. Pellentesque maximus ligula et turpis faucibus cursus. Donec vel nunc metus. Quisque sagittis mattis dui vel varius. Aliquam iaculis interdum lacinia. Nam euismod lectus id maximus sodales. Nam id magna dictum, semper nisl vel, ornare ligula. Sed condimentum metus quis leo pharetra, quis semper urna aliquam. Fusce consectetur accumsan augue sit amet iaculis. Suspendisse volutpat urna vitae fermentum eleifend. Maecenas sapien leo, gravida vitae pellentesque quis, efficitur in erat. Maecenas elementum euismod hendrerit. Mauris sagittis massa a orci.','Lorem ipsum dolor sit amet, consectetur adipiscing elit. Morbi pulvinar pharetra bibendum. Ut eget risus nec risus finibus hendrerit in non tortor. Pellentesque maximus ligula et turpis faucibus cursus. Donec vel nunc metus. Quisque sagittis mattis dui vel varius. Aliquam iaculis interdum lacinia. Nam euismod lectus id maximus sodales. Nam id magna dictum, semper nisl vel, ornare ligula. Sed condimentum metus quis leo pharetra, quis semper urna aliquam. Fusce consectetur accumsan augue sit amet iaculis. Suspendisse volutpat urna vitae fermentum eleifend. Maecenas sapien leo, gravida vitae pellentesque quis, efficitur in erat. Maecenas elementum euismod hendrerit. Mauris sagittis massa a orci.',3.14),(7,23,'Silgimculnir','Lorem ipsum dolor sit amet, consectetur adipiscing elit. Morbi pulvinar pharetra bibendum. Ut eget risus nec risus finibus hendrerit in non tortor. Pellentesque maximus ligula et turpis faucibus cursus. Donec vel nunc metus. Quisque sagittis mattis dui vel varius. Aliquam iaculis interdum lacinia. Nam euismod lectus id maximus sodales. Nam id magna dictum, semper nisl vel, ornare ligula. Sed condimentum metus quis leo pharetra, quis semper urna aliquam. Fusce consectetur accumsan augue sit amet iaculis. Suspendisse volutpat urna vitae fermentum eleifend. Maecenas sapien leo, gravida vitae pellentesque quis, efficitur in erat. Maecenas elementum euismod hendrerit. Mauris sagittis massa a orci.','Lorem ipsum dolor sit amet, consectetur adipiscing elit. Morbi pulvinar pharetra bibendum. Ut eget risus nec risus finibus hendrerit in non tortor. Pellentesque maximus ligula et turpis faucibus cursus. Donec vel nunc metus. Quisque sagittis mattis dui vel varius. Aliquam iaculis interdum lacinia. Nam euismod lectus id maximus sodales. Nam id magna dictum, semper nisl vel, ornare ligula. Sed condimentum metus quis leo pharetra, quis semper urna aliquam. Fusce consectetur accumsan augue sit amet iaculis. Suspendisse volutpat urna vitae fermentum eleifend. Maecenas sapien leo, gravida vitae pellentesque quis, efficitur in erat. Maecenas elementum euismod hendrerit. Mauris sagittis massa a orci.',2.80),(8,16,'Narmar','Lorem ipsum dolor sit amet, consectetur adipiscing elit. Morbi pulvinar pharetra bibendum. Ut eget risus nec risus finibus hendrerit in non tortor. Pellentesque maximus ligula et turpis faucibus cursus. Donec vel nunc metus. Quisque sagittis mattis dui vel varius. Aliquam iaculis interdum lacinia. Nam euismod lectus id maximus sodales. Nam id magna dictum, semper nisl vel, ornare ligula. Sed condimentum metus quis leo pharetra, quis semper urna aliquam. Fusce consectetur accumsan augue sit amet iaculis. Suspendisse volutpat urna vitae fermentum eleifend. Maecenas sapien leo, gravida vitae pellentesque quis, efficitur in erat. Maecenas elementum euismod hendrerit. Mauris sagittis massa a orci.','Lorem ipsum dolor sit amet, consectetur adipiscing elit. Morbi pulvinar pharetra bibendum. Ut eget risus nec risus finibus hendrerit in non tortor. Pellentesque maximus ligula et turpis faucibus cursus. Donec vel nunc metus. Quisque sagittis mattis dui vel varius. Aliquam iaculis interdum lacinia. Nam euismod lectus id maximus sodales. Nam id magna dictum, semper nisl vel, ornare ligula. Sed condimentum metus quis leo pharetra, quis semper urna aliquam. Fusce consectetur accumsan augue sit amet iaculis. Suspendisse volutpat urna vitae fermentum eleifend. Maecenas sapien leo, gravida vitae pellentesque quis, efficitur in erat. Maecenas elementum euismod hendrerit. Mauris sagittis massa a orci.',3.86),(9,61,'Solgamberthi','Lorem ipsum dolor sit amet, consectetur adipiscing elit. Morbi pulvinar pharetra bibendum. Ut eget risus nec risus finibus hendrerit in non tortor. Pellentesque maximus ligula et turpis faucibus cursus. Donec vel nunc metus. Quisque sagittis mattis dui vel varius. Aliquam iaculis interdum lacinia. Nam euismod lectus id maximus sodales. Nam id magna dictum, semper nisl vel, ornare ligula. Sed condimentum metus quis leo pharetra, quis semper urna aliquam. Fusce consectetur accumsan augue sit amet iaculis. Suspendisse volutpat urna vitae fermentum eleifend. Maecenas sapien leo, gravida vitae pellentesque quis, efficitur in erat. Maecenas elementum euismod hendrerit. Mauris sagittis massa a orci.','Lorem ipsum dolor sit amet, consectetur adipiscing elit. Morbi pulvinar pharetra bibendum. Ut eget risus nec risus finibus hendrerit in non tortor. Pellentesque maximus ligula et turpis faucibus cursus. Donec vel nunc metus. Quisque sagittis mattis dui vel varius. Aliquam iaculis interdum lacinia. Nam euismod lectus id maximus sodales. Nam id magna dictum, semper nisl vel, ornare ligula. Sed condimentum metus quis leo pharetra, quis semper urna aliquam. Fusce consectetur accumsan augue sit amet iaculis. Suspendisse volutpat urna vitae fermentum eleifend. Maecenas sapien leo, gravida vitae pellentesque quis, efficitur in erat. Maecenas elementum euismod hendrerit. Mauris sagittis massa a orci.',3.25),(10,77,'Cyllig','Lorem ipsum dolor sit amet, consectetur adipiscing elit. Morbi pulvinar pharetra bibendum. Ut eget risus nec risus finibus hendrerit in non tortor. Pellentesque maximus ligula et turpis faucibus cursus. Donec vel nunc metus. Quisque sagittis mattis dui vel varius. Aliquam iaculis interdum lacinia. Nam euismod lectus id maximus sodales. Nam id magna dictum, semper nisl vel, ornare ligula. Sed condimentum metus quis leo pharetra, quis semper urna aliquam. Fusce consectetur accumsan augue sit amet iaculis. Suspendisse volutpat urna vitae fermentum eleifend. Maecenas sapien leo, gravida vitae pellentesque quis, efficitur in erat. Maecenas elementum euismod hendrerit. Mauris sagittis massa a orci.','Lorem ipsum dolor sit amet, consectetur adipiscing elit. Morbi pulvinar pharetra bibendum. Ut eget risus nec risus finibus hendrerit in non tortor. Pellentesque maximus ligula et turpis faucibus cursus. Donec vel nunc metus. Quisque sagittis mattis dui vel varius. Aliquam iaculis interdum lacinia. Nam euismod lectus id maximus sodales. Nam id magna dictum, semper nisl vel, ornare ligula. Sed condimentum metus quis leo pharetra, quis semper urna aliquam. Fusce consectetur accumsan augue sit amet iaculis. Suspendisse volutpat urna vitae fermentum eleifend. Maecenas sapien leo, gravida vitae pellentesque quis, efficitur in erat. Maecenas elementum euismod hendrerit. Mauris sagittis massa a orci.',2.40),(11,87,'Thalomorn','Lorem ipsum dolor sit amet, consectetur adipiscing elit. Morbi pulvinar pharetra bibendum. Ut eget risus nec risus finibus hendrerit in non tortor. Pellentesque maximus ligula et turpis faucibus cursus. Donec vel nunc metus. Quisque sagittis mattis dui vel varius. Aliquam iaculis interdum lacinia. Nam euismod lectus id maximus sodales. Nam id magna dictum, semper nisl vel, ornare ligula. Sed condimentum metus quis leo pharetra, quis semper urna aliquam. Fusce consectetur accumsan augue sit amet iaculis. Suspendisse volutpat urna vitae fermentum eleifend. Maecenas sapien leo, gravida vitae pellentesque quis, efficitur in erat. Maecenas elementum euismod hendrerit. Mauris sagittis massa a orci.','Lorem ipsum dolor sit amet, consectetur adipiscing elit. Morbi pulvinar pharetra bibendum. Ut eget risus nec risus finibus hendrerit in non tortor. Pellentesque maximus ligula et turpis faucibus cursus. Donec vel nunc metus. Quisque sagittis mattis dui vel varius. Aliquam iaculis interdum lacinia. Nam euismod lectus id maximus sodales. Nam id magna dictum, semper nisl vel, ornare ligula. Sed condimentum metus quis leo pharetra, quis semper urna aliquam. Fusce consectetur accumsan augue sit amet iaculis. Suspendisse volutpat urna vitae fermentum eleifend. Maecenas sapien leo, gravida vitae pellentesque quis, efficitur in erat. Maecenas elementum euismod hendrerit. Mauris sagittis massa a orci.',3.40),(12,90,'Rluggum','Lorem ipsum dolor sit amet, consectetur adipiscing elit. Morbi pulvinar pharetra bibendum. Ut eget risus nec risus finibus hendrerit in non tortor. Pellentesque maximus ligula et turpis faucibus cursus. Donec vel nunc metus. Quisque sagittis mattis dui vel varius. Aliquam iaculis interdum lacinia. Nam euismod lectus id maximus sodales. Nam id magna dictum, semper nisl vel, ornare ligula. Sed condimentum metus quis leo pharetra, quis semper urna aliquam. Fusce consectetur accumsan augue sit amet iaculis. Suspendisse volutpat urna vitae fermentum eleifend. Maecenas sapien leo, gravida vitae pellentesque quis, efficitur in erat. Maecenas elementum euismod hendrerit. Mauris sagittis massa a orci.','Lorem ipsum dolor sit amet, consectetur adipiscing elit. Morbi pulvinar pharetra bibendum. Ut eget risus nec risus finibus hendrerit in non tortor. Pellentesque maximus ligula et turpis faucibus cursus. Donec vel nunc metus. Quisque sagittis mattis dui vel varius. Aliquam iaculis interdum lacinia. Nam euismod lectus id maximus sodales. Nam id magna dictum, semper nisl vel, ornare ligula. Sed condimentum metus quis leo pharetra, quis semper urna aliquam. Fusce consectetur accumsan augue sit amet iaculis. Suspendisse volutpat urna vitae fermentum eleifend. Maecenas sapien leo, gravida vitae pellentesque quis, efficitur in erat. Maecenas elementum euismod hendrerit. Mauris sagittis massa a orci.',3.43),(13,41,'Ornbar','Lorem ipsum dolor sit amet, consectetur adipiscing elit. Morbi pulvinar pharetra bibendum. Ut eget risus nec risus finibus hendrerit in non tortor. Pellentesque maximus ligula et turpis faucibus cursus. Donec vel nunc metus. Quisque sagittis mattis dui vel varius. Aliquam iaculis interdum lacinia. Nam euismod lectus id maximus sodales. Nam id magna dictum, semper nisl vel, ornare ligula. Sed condimentum metus quis leo pharetra, quis semper urna aliquam. Fusce consectetur accumsan augue sit amet iaculis. Suspendisse volutpat urna vitae fermentum eleifend. Maecenas sapien leo, gravida vitae pellentesque quis, efficitur in erat. Maecenas elementum euismod hendrerit. Mauris sagittis massa a orci.','Lorem ipsum dolor sit amet, consectetur adipiscing elit. Morbi pulvinar pharetra bibendum. Ut eget risus nec risus finibus hendrerit in non tortor. Pellentesque maximus ligula et turpis faucibus cursus. Donec vel nunc metus. Quisque sagittis mattis dui vel varius. Aliquam iaculis interdum lacinia. Nam euismod lectus id maximus sodales. Nam id magna dictum, semper nisl vel, ornare ligula. Sed condimentum metus quis leo pharetra, quis semper urna aliquam. Fusce consectetur accumsan augue sit amet iaculis. Suspendisse volutpat urna vitae fermentum eleifend. Maecenas sapien leo, gravida vitae pellentesque quis, efficitur in erat. Maecenas elementum euismod hendrerit. Mauris sagittis massa a orci.',2.43),(14,87,'Merhosyl','Lorem ipsum dolor sit amet, consectetur adipiscing elit. Morbi pulvinar pharetra bibendum. Ut eget risus nec risus finibus hendrerit in non tortor. Pellentesque maximus ligula et turpis faucibus cursus. Donec vel nunc metus. Quisque sagittis mattis dui vel varius. Aliquam iaculis interdum lacinia. Nam euismod lectus id maximus sodales. Nam id magna dictum, semper nisl vel, ornare ligula. Sed condimentum metus quis leo pharetra, quis semper urna aliquam. Fusce consectetur accumsan augue sit amet iaculis. Suspendisse volutpat urna vitae fermentum eleifend. Maecenas sapien leo, gravida vitae pellentesque quis, efficitur in erat. Maecenas elementum euismod hendrerit. Mauris sagittis massa a orci.','Lorem ipsum dolor sit amet, consectetur adipiscing elit. Morbi pulvinar pharetra bibendum. Ut eget risus nec risus finibus hendrerit in non tortor. Pellentesque maximus ligula et turpis faucibus cursus. Donec vel nunc metus. Quisque sagittis mattis dui vel varius. Aliquam iaculis interdum lacinia. Nam euismod lectus id maximus sodales. Nam id magna dictum, semper nisl vel, ornare ligula. Sed condimentum metus quis leo pharetra, quis semper urna aliquam. Fusce consectetur accumsan augue sit amet iaculis. Suspendisse volutpat urna vitae fermentum eleifend. Maecenas sapien leo, gravida vitae pellentesque quis, efficitur in erat. Maecenas elementum euismod hendrerit. Mauris sagittis massa a orci.',3.33),(15,54,'Callisthunir','Lorem ipsum dolor sit amet, consectetur adipiscing elit. Morbi pulvinar pharetra bibendum. Ut eget risus nec risus finibus hendrerit in non tortor. Pellentesque maximus ligula et turpis faucibus cursus. Donec vel nunc metus. Quisque sagittis mattis dui vel varius. Aliquam iaculis interdum lacinia. Nam euismod lectus id maximus sodales. Nam id magna dictum, semper nisl vel, ornare ligula. Sed condimentum metus quis leo pharetra, quis semper urna aliquam. Fusce consectetur accumsan augue sit amet iaculis. Suspendisse volutpat urna vitae fermentum eleifend. Maecenas sapien leo, gravida vitae pellentesque quis, efficitur in erat. Maecenas elementum euismod hendrerit. Mauris sagittis massa a orci.','Lorem ipsum dolor sit amet, consectetur adipiscing elit. Morbi pulvinar pharetra bibendum. Ut eget risus nec risus finibus hendrerit in non tortor. Pellentesque maximus ligula et turpis faucibus cursus. Donec vel nunc metus. Quisque sagittis mattis dui vel varius. Aliquam iaculis interdum lacinia. Nam euismod lectus id maximus sodales. Nam id magna dictum, semper nisl vel, ornare ligula. Sed condimentum metus quis leo pharetra, quis semper urna aliquam. Fusce consectetur accumsan augue sit amet iaculis. Suspendisse volutpat urna vitae fermentum eleifend. Maecenas sapien leo, gravida vitae pellentesque quis, efficitur in erat. Maecenas elementum euismod hendrerit. Mauris sagittis massa a orci.',2.00),(16,25,'Thaligber','Lorem ipsum dolor sit amet, consectetur adipiscing elit. Morbi pulvinar pharetra bibendum. Ut eget risus nec risus finibus hendrerit in non tortor. Pellentesque maximus ligula et turpis faucibus cursus. Donec vel nunc metus. Quisque sagittis mattis dui vel varius. Aliquam iaculis interdum lacinia. Nam euismod lectus id maximus sodales. Nam id magna dictum, semper nisl vel, ornare ligula. Sed condimentum metus quis leo pharetra, quis semper urna aliquam. Fusce consectetur accumsan augue sit amet iaculis. Suspendisse volutpat urna vitae fermentum eleifend. Maecenas sapien leo, gravida vitae pellentesque quis, efficitur in erat. Maecenas elementum euismod hendrerit. Mauris sagittis massa a orci.','Lorem ipsum dolor sit amet, consectetur adipiscing elit. Morbi pulvinar pharetra bibendum. Ut eget risus nec risus finibus hendrerit in non tortor. Pellentesque maximus ligula et turpis faucibus cursus. Donec vel nunc metus. Quisque sagittis mattis dui vel varius. Aliquam iaculis interdum lacinia. Nam euismod lectus id maximus sodales. Nam id magna dictum, semper nisl vel, ornare ligula. Sed condimentum metus quis leo pharetra, quis semper urna aliquam. Fusce consectetur accumsan augue sit amet iaculis. Suspendisse volutpat urna vitae fermentum eleifend. Maecenas sapien leo, gravida vitae pellentesque quis, efficitur in erat. Maecenas elementum euismod hendrerit. Mauris sagittis massa a orci.',2.00),(17,49,'Limbarmar','Lorem ipsum dolor sit amet, consectetur adipiscing elit. Morbi pulvinar pharetra bibendum. Ut eget risus nec risus finibus hendrerit in non tortor. Pellentesque maximus ligula et turpis faucibus cursus. Donec vel nunc metus. Quisque sagittis mattis dui vel varius. Aliquam iaculis interdum lacinia. Nam euismod lectus id maximus sodales. Nam id magna dictum, semper nisl vel, ornare ligula. Sed condimentum metus quis leo pharetra, quis semper urna aliquam. Fusce consectetur accumsan augue sit amet iaculis. Suspendisse volutpat urna vitae fermentum eleifend. Maecenas sapien leo, gravida vitae pellentesque quis, efficitur in erat. Maecenas elementum euismod hendrerit. Mauris sagittis massa a orci.','Lorem ipsum dolor sit amet, consectetur adipiscing elit. Morbi pulvinar pharetra bibendum. Ut eget risus nec risus finibus hendrerit in non tortor. Pellentesque maximus ligula et turpis faucibus cursus. Donec vel nunc metus. Quisque sagittis mattis dui vel varius. Aliquam iaculis interdum lacinia. Nam euismod lectus id maximus sodales. Nam id magna dictum, semper nisl vel, ornare ligula. Sed condimentum metus quis leo pharetra, quis semper urna aliquam. Fusce consectetur accumsan augue sit amet iaculis. Suspendisse volutpat urna vitae fermentum eleifend. Maecenas sapien leo, gravida vitae pellentesque quis, efficitur in erat. Maecenas elementum euismod hendrerit. Mauris sagittis massa a orci.',4.00),(18,52,'Lishalllumcal','Lorem ipsum dolor sit amet, consectetur adipiscing elit. Morbi pulvinar pharetra bibendum. Ut eget risus nec risus finibus hendrerit in non tortor. Pellentesque maximus ligula et turpis faucibus cursus. Donec vel nunc metus. Quisque sagittis mattis dui vel varius. Aliquam iaculis interdum lacinia. Nam euismod lectus id maximus sodales. Nam id magna dictum, semper nisl vel, ornare ligula. Sed condimentum metus quis leo pharetra, quis semper urna aliquam. Fusce consectetur accumsan augue sit amet iaculis. Suspendisse volutpat urna vitae fermentum eleifend. Maecenas sapien leo, gravida vitae pellentesque quis, efficitur in erat. Maecenas elementum euismod hendrerit. Mauris sagittis massa a orci.','Lorem ipsum dolor sit amet, consectetur adipiscing elit. Morbi pulvinar pharetra bibendum. Ut eget risus nec risus finibus hendrerit in non tortor. Pellentesque maximus ligula et turpis faucibus cursus. Donec vel nunc metus. Quisque sagittis mattis dui vel varius. Aliquam iaculis interdum lacinia. Nam euismod lectus id maximus sodales. Nam id magna dictum, semper nisl vel, ornare ligula. Sed condimentum metus quis leo pharetra, quis semper urna aliquam. Fusce consectetur accumsan augue sit amet iaculis. Suspendisse volutpat urna vitae fermentum eleifend. Maecenas sapien leo, gravida vitae pellentesque quis, efficitur in erat. Maecenas elementum euismod hendrerit. Mauris sagittis massa a orci.',3.25),(19,55,'Berthe','Lorem ipsum dolor sit amet, consectetur adipiscing elit. Morbi pulvinar pharetra bibendum. Ut eget risus nec risus finibus hendrerit in non tortor. Pellentesque maximus ligula et turpis faucibus cursus. Donec vel nunc metus. Quisque sagittis mattis dui vel varius. Aliquam iaculis interdum lacinia. Nam euismod lectus id maximus sodales. Nam id magna dictum, semper nisl vel, ornare ligula. Sed condimentum metus quis leo pharetra, quis semper urna aliquam. Fusce consectetur accumsan augue sit amet iaculis. Suspendisse volutpat urna vitae fermentum eleifend. Maecenas sapien leo, gravida vitae pellentesque quis, efficitur in erat. Maecenas elementum euismod hendrerit. Mauris sagittis massa a orci.','Lorem ipsum dolor sit amet, consectetur adipiscing elit. Morbi pulvinar pharetra bibendum. Ut eget risus nec risus finibus hendrerit in non tortor. Pellentesque maximus ligula et turpis faucibus cursus. Donec vel nunc metus. Quisque sagittis mattis dui vel varius. Aliquam iaculis interdum lacinia. Nam euismod lectus id maximus sodales. Nam id magna dictum, semper nisl vel, ornare ligula. Sed condimentum metus quis leo pharetra, quis semper urna aliquam. Fusce consectetur accumsan augue sit amet iaculis. Suspendisse volutpat urna vitae fermentum eleifend. Maecenas sapien leo, gravida vitae pellentesque quis, efficitur in erat. Maecenas elementum euismod hendrerit. Mauris sagittis massa a orci.',2.80),(20,52,'Hathulemhe','Lorem ipsum dolor sit amet, consectetur adipiscing elit. Morbi pulvinar pharetra bibendum. Ut eget risus nec risus finibus hendrerit in non tortor. Pellentesque maximus ligula et turpis faucibus cursus. Donec vel nunc metus. Quisque sagittis mattis dui vel varius. Aliquam iaculis interdum lacinia. Nam euismod lectus id maximus sodales. Nam id magna dictum, semper nisl vel, ornare ligula. Sed condimentum metus quis leo pharetra, quis semper urna aliquam. Fusce consectetur accumsan augue sit amet iaculis. Suspendisse volutpat urna vitae fermentum eleifend. Maecenas sapien leo, gravida vitae pellentesque quis, efficitur in erat. Maecenas elementum euismod hendrerit. Mauris sagittis massa a orci.','Lorem ipsum dolor sit amet, consectetur adipiscing elit. Morbi pulvinar pharetra bibendum. Ut eget risus nec risus finibus hendrerit in non tortor. Pellentesque maximus ligula et turpis faucibus cursus. Donec vel nunc metus. Quisque sagittis mattis dui vel varius. Aliquam iaculis interdum lacinia. Nam euismod lectus id maximus sodales. Nam id magna dictum, semper nisl vel, ornare ligula. Sed condimentum metus quis leo pharetra, quis semper urna aliquam. Fusce consectetur accumsan augue sit amet iaculis. Suspendisse volutpat urna vitae fermentum eleifend. Maecenas sapien leo, gravida vitae pellentesque quis, efficitur in erat. Maecenas elementum euismod hendrerit. Mauris sagittis massa a orci.',2.00),(21,97,'Colmorhi','Lorem ipsum dolor sit amet, consectetur adipiscing elit. Morbi pulvinar pharetra bibendum. Ut eget risus nec risus finibus hendrerit in non tortor. Pellentesque maximus ligula et turpis faucibus cursus. Donec vel nunc metus. Quisque sagittis mattis dui vel varius. Aliquam iaculis interdum lacinia. Nam euismod lectus id maximus sodales. Nam id magna dictum, semper nisl vel, ornare ligula. Sed condimentum metus quis leo pharetra, quis semper urna aliquam. Fusce consectetur accumsan augue sit amet iaculis. Suspendisse volutpat urna vitae fermentum eleifend. Maecenas sapien leo, gravida vitae pellentesque quis, efficitur in erat. Maecenas elementum euismod hendrerit. Mauris sagittis massa a orci.','Lorem ipsum dolor sit amet, consectetur adipiscing elit. Morbi pulvinar pharetra bibendum. Ut eget risus nec risus finibus hendrerit in non tortor. Pellentesque maximus ligula et turpis faucibus cursus. Donec vel nunc metus. Quisque sagittis mattis dui vel varius. Aliquam iaculis interdum lacinia. Nam euismod lectus id maximus sodales. Nam id magna dictum, semper nisl vel, ornare ligula. Sed condimentum metus quis leo pharetra, quis semper urna aliquam. Fusce consectetur accumsan augue sit amet iaculis. Suspendisse volutpat urna vitae fermentum eleifend. Maecenas sapien leo, gravida vitae pellentesque quis, efficitur in erat. Maecenas elementum euismod hendrerit. Mauris sagittis massa a orci.',2.83),(22,6,'Salthalegorn','Lorem ipsum dolor sit amet, consectetur adipiscing elit. Morbi pulvinar pharetra bibendum. Ut eget risus nec risus finibus hendrerit in non tortor. Pellentesque maximus ligula et turpis faucibus cursus. Donec vel nunc metus. Quisque sagittis mattis dui vel varius. Aliquam iaculis interdum lacinia. Nam euismod lectus id maximus sodales. Nam id magna dictum, semper nisl vel, ornare ligula. Sed condimentum metus quis leo pharetra, quis semper urna aliquam. Fusce consectetur accumsan augue sit amet iaculis. Suspendisse volutpat urna vitae fermentum eleifend. Maecenas sapien leo, gravida vitae pellentesque quis, efficitur in erat. Maecenas elementum euismod hendrerit. Mauris sagittis massa a orci.','Lorem ipsum dolor sit amet, consectetur adipiscing elit. Morbi pulvinar pharetra bibendum. Ut eget risus nec risus finibus hendrerit in non tortor. Pellentesque maximus ligula et turpis faucibus cursus. Donec vel nunc metus. Quisque sagittis mattis dui vel varius. Aliquam iaculis interdum lacinia. Nam euismod lectus id maximus sodales. Nam id magna dictum, semper nisl vel, ornare ligula. Sed condimentum metus quis leo pharetra, quis semper urna aliquam. Fusce consectetur accumsan augue sit amet iaculis. Suspendisse volutpat urna vitae fermentum eleifend. Maecenas sapien leo, gravida vitae pellentesque quis, efficitur in erat. Maecenas elementum euismod hendrerit. Mauris sagittis massa a orci.',3.00),(23,14,'Birmircyl','Lorem ipsum dolor sit amet, consectetur adipiscing elit. Morbi pulvinar pharetra bibendum. Ut eget risus nec risus finibus hendrerit in non tortor. Pellentesque maximus ligula et turpis faucibus cursus. Donec vel nunc metus. Quisque sagittis mattis dui vel varius. Aliquam iaculis interdum lacinia. Nam euismod lectus id maximus sodales. Nam id magna dictum, semper nisl vel, ornare ligula. Sed condimentum metus quis leo pharetra, quis semper urna aliquam. Fusce consectetur accumsan augue sit amet iaculis. Suspendisse volutpat urna vitae fermentum eleifend. Maecenas sapien leo, gravida vitae pellentesque quis, efficitur in erat. Maecenas elementum euismod hendrerit. Mauris sagittis massa a orci.','Lorem ipsum dolor sit amet, consectetur adipiscing elit. Morbi pulvinar pharetra bibendum. Ut eget risus nec risus finibus hendrerit in non tortor. Pellentesque maximus ligula et turpis faucibus cursus. Donec vel nunc metus. Quisque sagittis mattis dui vel varius. Aliquam iaculis interdum lacinia. Nam euismod lectus id maximus sodales. Nam id magna dictum, semper nisl vel, ornare ligula. Sed condimentum metus quis leo pharetra, quis semper urna aliquam. Fusce consectetur accumsan augue sit amet iaculis. Suspendisse volutpat urna vitae fermentum eleifend. Maecenas sapien leo, gravida vitae pellentesque quis, efficitur in erat. Maecenas elementum euismod hendrerit. Mauris sagittis massa a orci.',3.00),(24,68,'Bermor','Lorem ipsum dolor sit amet, consectetur adipiscing elit. Morbi pulvinar pharetra bibendum. Ut eget risus nec risus finibus hendrerit in non tortor. Pellentesque maximus ligula et turpis faucibus cursus. Donec vel nunc metus. Quisque sagittis mattis dui vel varius. Aliquam iaculis interdum lacinia. Nam euismod lectus id maximus sodales. Nam id magna dictum, semper nisl vel, ornare ligula. Sed condimentum metus quis leo pharetra, quis semper urna aliquam. Fusce consectetur accumsan augue sit amet iaculis. Suspendisse volutpat urna vitae fermentum eleifend. Maecenas sapien leo, gravida vitae pellentesque quis, efficitur in erat. Maecenas elementum euismod hendrerit. Mauris sagittis massa a orci.','Lorem ipsum dolor sit amet, consectetur adipiscing elit. Morbi pulvinar pharetra bibendum. Ut eget risus nec risus finibus hendrerit in non tortor. Pellentesque maximus ligula et turpis faucibus cursus. Donec vel nunc metus. Quisque sagittis mattis dui vel varius. Aliquam iaculis interdum lacinia. Nam euismod lectus id maximus sodales. Nam id magna dictum, semper nisl vel, ornare ligula. Sed condimentum metus quis leo pharetra, quis semper urna aliquam. Fusce consectetur accumsan augue sit amet iaculis. Suspendisse volutpat urna vitae fermentum eleifend. Maecenas sapien leo, gravida vitae pellentesque quis, efficitur in erat. Maecenas elementum euismod hendrerit. Mauris sagittis massa a orci.',3.33),(25,49,'Morlag','Lorem ipsum dolor sit amet, consectetur adipiscing elit. Morbi pulvinar pharetra bibendum. Ut eget risus nec risus finibus hendrerit in non tortor. Pellentesque maximus ligula et turpis faucibus cursus. Donec vel nunc metus. Quisque sagittis mattis dui vel varius. Aliquam iaculis interdum lacinia. Nam euismod lectus id maximus sodales. Nam id magna dictum, semper nisl vel, ornare ligula. Sed condimentum metus quis leo pharetra, quis semper urna aliquam. Fusce consectetur accumsan augue sit amet iaculis. Suspendisse volutpat urna vitae fermentum eleifend. Maecenas sapien leo, gravida vitae pellentesque quis, efficitur in erat. Maecenas elementum euismod hendrerit. Mauris sagittis massa a orci.','Lorem ipsum dolor sit amet, consectetur adipiscing elit. Morbi pulvinar pharetra bibendum. Ut eget risus nec risus finibus hendrerit in non tortor. Pellentesque maximus ligula et turpis faucibus cursus. Donec vel nunc metus. Quisque sagittis mattis dui vel varius. Aliquam iaculis interdum lacinia. Nam euismod lectus id maximus sodales. Nam id magna dictum, semper nisl vel, ornare ligula. Sed condimentum metus quis leo pharetra, quis semper urna aliquam. Fusce consectetur accumsan augue sit amet iaculis. Suspendisse volutpat urna vitae fermentum eleifend. Maecenas sapien leo, gravida vitae pellentesque quis, efficitur in erat. Maecenas elementum euismod hendrerit. Mauris sagittis massa a orci.',2.00),(26,4,'Barbirorn','Lorem ipsum dolor sit amet, consectetur adipiscing elit. Morbi pulvinar pharetra bibendum. Ut eget risus nec risus finibus hendrerit in non tortor. Pellentesque maximus ligula et turpis faucibus cursus. Donec vel nunc metus. Quisque sagittis mattis dui vel varius. Aliquam iaculis interdum lacinia. Nam euismod lectus id maximus sodales. Nam id magna dictum, semper nisl vel, ornare ligula. Sed condimentum metus quis leo pharetra, quis semper urna aliquam. Fusce consectetur accumsan augue sit amet iaculis. Suspendisse volutpat urna vitae fermentum eleifend. Maecenas sapien leo, gravida vitae pellentesque quis, efficitur in erat. Maecenas elementum euismod hendrerit. Mauris sagittis massa a orci.','Lorem ipsum dolor sit amet, consectetur adipiscing elit. Morbi pulvinar pharetra bibendum. Ut eget risus nec risus finibus hendrerit in non tortor. Pellentesque maximus ligula et turpis faucibus cursus. Donec vel nunc metus. Quisque sagittis mattis dui vel varius. Aliquam iaculis interdum lacinia. Nam euismod lectus id maximus sodales. Nam id magna dictum, semper nisl vel, ornare ligula. Sed condimentum metus quis leo pharetra, quis semper urna aliquam. Fusce consectetur accumsan augue sit amet iaculis. Suspendisse volutpat urna vitae fermentum eleifend. Maecenas sapien leo, gravida vitae pellentesque quis, efficitur in erat. Maecenas elementum euismod hendrerit. Mauris sagittis massa a orci.',2.86),(27,69,'Burmir','Lorem ipsum dolor sit amet, consectetur adipiscing elit. Morbi pulvinar pharetra bibendum. Ut eget risus nec risus finibus hendrerit in non tortor. Pellentesque maximus ligula et turpis faucibus cursus. Donec vel nunc metus. Quisque sagittis mattis dui vel varius. Aliquam iaculis interdum lacinia. Nam euismod lectus id maximus sodales. Nam id magna dictum, semper nisl vel, ornare ligula. Sed condimentum metus quis leo pharetra, quis semper urna aliquam. Fusce consectetur accumsan augue sit amet iaculis. Suspendisse volutpat urna vitae fermentum eleifend. Maecenas sapien leo, gravida vitae pellentesque quis, efficitur in erat. Maecenas elementum euismod hendrerit. Mauris sagittis massa a orci.','Lorem ipsum dolor sit amet, consectetur adipiscing elit. Morbi pulvinar pharetra bibendum. Ut eget risus nec risus finibus hendrerit in non tortor. Pellentesque maximus ligula et turpis faucibus cursus. Donec vel nunc metus. Quisque sagittis mattis dui vel varius. Aliquam iaculis interdum lacinia. Nam euismod lectus id maximus sodales. Nam id magna dictum, semper nisl vel, ornare ligula. Sed condimentum metus quis leo pharetra, quis semper urna aliquam. Fusce consectetur accumsan augue sit amet iaculis. Suspendisse volutpat urna vitae fermentum eleifend. Maecenas sapien leo, gravida vitae pellentesque quis, efficitur in erat. Maecenas elementum euismod hendrerit. Mauris sagittis massa a orci.',2.50),(28,40,'Humarhamur','Lorem ipsum dolor sit amet, consectetur adipiscing elit. Morbi pulvinar pharetra bibendum. Ut eget risus nec risus finibus hendrerit in non tortor. Pellentesque maximus ligula et turpis faucibus cursus. Donec vel nunc metus. Quisque sagittis mattis dui vel varius. Aliquam iaculis interdum lacinia. Nam euismod lectus id maximus sodales. Nam id magna dictum, semper nisl vel, ornare ligula. Sed condimentum metus quis leo pharetra, quis semper urna aliquam. Fusce consectetur accumsan augue sit amet iaculis. Suspendisse volutpat urna vitae fermentum eleifend. Maecenas sapien leo, gravida vitae pellentesque quis, efficitur in erat. Maecenas elementum euismod hendrerit. Mauris sagittis massa a orci.','Lorem ipsum dolor sit amet, consectetur adipiscing elit. Morbi pulvinar pharetra bibendum. Ut eget risus nec risus finibus hendrerit in non tortor. Pellentesque maximus ligula et turpis faucibus cursus. Donec vel nunc metus. Quisque sagittis mattis dui vel varius. Aliquam iaculis interdum lacinia. Nam euismod lectus id maximus sodales. Nam id magna dictum, semper nisl vel, ornare ligula. Sed condimentum metus quis leo pharetra, quis semper urna aliquam. Fusce consectetur accumsan augue sit amet iaculis. Suspendisse volutpat urna vitae fermentum eleifend. Maecenas sapien leo, gravida vitae pellentesque quis, efficitur in erat. Maecenas elementum euismod hendrerit. Mauris sagittis massa a orci.',3.67),(29,87,'Leglam','Lorem ipsum dolor sit amet, consectetur adipiscing elit. Morbi pulvinar pharetra bibendum. Ut eget risus nec risus finibus hendrerit in non tortor. Pellentesque maximus ligula et turpis faucibus cursus. Donec vel nunc metus. Quisque sagittis mattis dui vel varius. Aliquam iaculis interdum lacinia. Nam euismod lectus id maximus sodales. Nam id magna dictum, semper nisl vel, ornare ligula. Sed condimentum metus quis leo pharetra, quis semper urna aliquam. Fusce consectetur accumsan augue sit amet iaculis. Suspendisse volutpat urna vitae fermentum eleifend. Maecenas sapien leo, gravida vitae pellentesque quis, efficitur in erat. Maecenas elementum euismod hendrerit. Mauris sagittis massa a orci.','Lorem ipsum dolor sit amet, consectetur adipiscing elit. Morbi pulvinar pharetra bibendum. Ut eget risus nec risus finibus hendrerit in non tortor. Pellentesque maximus ligula et turpis faucibus cursus. Donec vel nunc metus. Quisque sagittis mattis dui vel varius. Aliquam iaculis interdum lacinia. Nam euismod lectus id maximus sodales. Nam id magna dictum, semper nisl vel, ornare ligula. Sed condimentum metus quis leo pharetra, quis semper urna aliquam. Fusce consectetur accumsan augue sit amet iaculis. Suspendisse volutpat urna vitae fermentum eleifend. Maecenas sapien leo, gravida vitae pellentesque quis, efficitur in erat. Maecenas elementum euismod hendrerit. Mauris sagittis massa a orci.',2.50),(30,60,'Hugimirn','Lorem ipsum dolor sit amet, consectetur adipiscing elit. Morbi pulvinar pharetra bibendum. Ut eget risus nec risus finibus hendrerit in non tortor. Pellentesque maximus ligula et turpis faucibus cursus. Donec vel nunc metus. Quisque sagittis mattis dui vel varius. Aliquam iaculis interdum lacinia. Nam euismod lectus id maximus sodales. Nam id magna dictum, semper nisl vel, ornare ligula. Sed condimentum metus quis leo pharetra, quis semper urna aliquam. Fusce consectetur accumsan augue sit amet iaculis. Suspendisse volutpat urna vitae fermentum eleifend. Maecenas sapien leo, gravida vitae pellentesque quis, efficitur in erat. Maecenas elementum euismod hendrerit. Mauris sagittis massa a orci.','Lorem ipsum dolor sit amet, consectetur adipiscing elit. Morbi pulvinar pharetra bibendum. Ut eget risus nec risus finibus hendrerit in non tortor. Pellentesque maximus ligula et turpis faucibus cursus. Donec vel nunc metus. Quisque sagittis mattis dui vel varius. Aliquam iaculis interdum lacinia. Nam euismod lectus id maximus sodales. Nam id magna dictum, semper nisl vel, ornare ligula. Sed condimentum metus quis leo pharetra, quis semper urna aliquam. Fusce consectetur accumsan augue sit amet iaculis. Suspendisse volutpat urna vitae fermentum eleifend. Maecenas sapien leo, gravida vitae pellentesque quis, efficitur in erat. Maecenas elementum euismod hendrerit. Mauris sagittis massa a orci.',3.00),(31,91,'Berburthamur','Lorem ipsum dolor sit amet, consectetur adipiscing elit. Morbi pulvinar pharetra bibendum. Ut eget risus nec risus finibus hendrerit in non tortor. Pellentesque maximus ligula et turpis faucibus cursus. Donec vel nunc metus. Quisque sagittis mattis dui vel varius. Aliquam iaculis interdum lacinia. Nam euismod lectus id maximus sodales. Nam id magna dictum, semper nisl vel, ornare ligula. Sed condimentum metus quis leo pharetra, quis semper urna aliquam. Fusce consectetur accumsan augue sit amet iaculis. Suspendisse volutpat urna vitae fermentum eleifend. Maecenas sapien leo, gravida vitae pellentesque quis, efficitur in erat. Maecenas elementum euismod hendrerit. Mauris sagittis massa a orci.','Lorem ipsum dolor sit amet, consectetur adipiscing elit. Morbi pulvinar pharetra bibendum. Ut eget risus nec risus finibus hendrerit in non tortor. Pellentesque maximus ligula et turpis faucibus cursus. Donec vel nunc metus. Quisque sagittis mattis dui vel varius. Aliquam iaculis interdum lacinia. Nam euismod lectus id maximus sodales. Nam id magna dictum, semper nisl vel, ornare ligula. Sed condimentum metus quis leo pharetra, quis semper urna aliquam. Fusce consectetur accumsan augue sit amet iaculis. Suspendisse volutpat urna vitae fermentum eleifend. Maecenas sapien leo, gravida vitae pellentesque quis, efficitur in erat. Maecenas elementum euismod hendrerit. Mauris sagittis massa a orci.',3.00),(32,12,'Lasloglum','Lorem ipsum dolor sit amet, consectetur adipiscing elit. Morbi pulvinar pharetra bibendum. Ut eget risus nec risus finibus hendrerit in non tortor. Pellentesque maximus ligula et turpis faucibus cursus. Donec vel nunc metus. Quisque sagittis mattis dui vel varius. Aliquam iaculis interdum lacinia. Nam euismod lectus id maximus sodales. Nam id magna dictum, semper nisl vel, ornare ligula. Sed condimentum metus quis leo pharetra, quis semper urna aliquam. Fusce consectetur accumsan augue sit amet iaculis. Suspendisse volutpat urna vitae fermentum eleifend. Maecenas sapien leo, gravida vitae pellentesque quis, efficitur in erat. Maecenas elementum euismod hendrerit. Mauris sagittis massa a orci.','Lorem ipsum dolor sit amet, consectetur adipiscing elit. Morbi pulvinar pharetra bibendum. Ut eget risus nec risus finibus hendrerit in non tortor. Pellentesque maximus ligula et turpis faucibus cursus. Donec vel nunc metus. Quisque sagittis mattis dui vel varius. Aliquam iaculis interdum lacinia. Nam euismod lectus id maximus sodales. Nam id magna dictum, semper nisl vel, ornare ligula. Sed condimentum metus quis leo pharetra, quis semper urna aliquam. Fusce consectetur accumsan augue sit amet iaculis. Suspendisse volutpat urna vitae fermentum eleifend. Maecenas sapien leo, gravida vitae pellentesque quis, efficitur in erat. Maecenas elementum euismod hendrerit. Mauris sagittis massa a orci.',3.89),(33,97,'Gomlamthi','Lorem ipsum dolor sit amet, consectetur adipiscing elit. Morbi pulvinar pharetra bibendum. Ut eget risus nec risus finibus hendrerit in non tortor. Pellentesque maximus ligula et turpis faucibus cursus. Donec vel nunc metus. Quisque sagittis mattis dui vel varius. Aliquam iaculis interdum lacinia. Nam euismod lectus id maximus sodales. Nam id magna dictum, semper nisl vel, ornare ligula. Sed condimentum metus quis leo pharetra, quis semper urna aliquam. Fusce consectetur accumsan augue sit amet iaculis. Suspendisse volutpat urna vitae fermentum eleifend. Maecenas sapien leo, gravida vitae pellentesque quis, efficitur in erat. Maecenas elementum euismod hendrerit. Mauris sagittis massa a orci.','Lorem ipsum dolor sit amet, consectetur adipiscing elit. Morbi pulvinar pharetra bibendum. Ut eget risus nec risus finibus hendrerit in non tortor. Pellentesque maximus ligula et turpis faucibus cursus. Donec vel nunc metus. Quisque sagittis mattis dui vel varius. Aliquam iaculis interdum lacinia. Nam euismod lectus id maximus sodales. Nam id magna dictum, semper nisl vel, ornare ligula. Sed condimentum metus quis leo pharetra, quis semper urna aliquam. Fusce consectetur accumsan augue sit amet iaculis. Suspendisse volutpat urna vitae fermentum eleifend. Maecenas sapien leo, gravida vitae pellentesque quis, efficitur in erat. Maecenas elementum euismod hendrerit. Mauris sagittis massa a orci.',1.50),(34,100,'Narmarborern','Lorem ipsum dolor sit amet, consectetur adipiscing elit. Morbi pulvinar pharetra bibendum. Ut eget risus nec risus finibus hendrerit in non tortor. Pellentesque maximus ligula et turpis faucibus cursus. Donec vel nunc metus. Quisque sagittis mattis dui vel varius. Aliquam iaculis interdum lacinia. Nam euismod lectus id maximus sodales. Nam id magna dictum, semper nisl vel, ornare ligula. Sed condimentum metus quis leo pharetra, quis semper urna aliquam. Fusce consectetur accumsan augue sit amet iaculis. Suspendisse volutpat urna vitae fermentum eleifend. Maecenas sapien leo, gravida vitae pellentesque quis, efficitur in erat. Maecenas elementum euismod hendrerit. Mauris sagittis massa a orci.','Lorem ipsum dolor sit amet, consectetur adipiscing elit. Morbi pulvinar pharetra bibendum. Ut eget risus nec risus finibus hendrerit in non tortor. Pellentesque maximus ligula et turpis faucibus cursus. Donec vel nunc metus. Quisque sagittis mattis dui vel varius. Aliquam iaculis interdum lacinia. Nam euismod lectus id maximus sodales. Nam id magna dictum, semper nisl vel, ornare ligula. Sed condimentum metus quis leo pharetra, quis semper urna aliquam. Fusce consectetur accumsan augue sit amet iaculis. Suspendisse volutpat urna vitae fermentum eleifend. Maecenas sapien leo, gravida vitae pellentesque quis, efficitur in erat. Maecenas elementum euismod hendrerit. Mauris sagittis massa a orci.',3.40),(35,46,'Lomlos','Lorem ipsum dolor sit amet, consectetur adipiscing elit. Morbi pulvinar pharetra bibendum. Ut eget risus nec risus finibus hendrerit in non tortor. Pellentesque maximus ligula et turpis faucibus cursus. Donec vel nunc metus. Quisque sagittis mattis dui vel varius. Aliquam iaculis interdum lacinia. Nam euismod lectus id maximus sodales. Nam id magna dictum, semper nisl vel, ornare ligula. Sed condimentum metus quis leo pharetra, quis semper urna aliquam. Fusce consectetur accumsan augue sit amet iaculis. Suspendisse volutpat urna vitae fermentum eleifend. Maecenas sapien leo, gravida vitae pellentesque quis, efficitur in erat. Maecenas elementum euismod hendrerit. Mauris sagittis massa a orci.','Lorem ipsum dolor sit amet, consectetur adipiscing elit. Morbi pulvinar pharetra bibendum. Ut eget risus nec risus finibus hendrerit in non tortor. Pellentesque maximus ligula et turpis faucibus cursus. Donec vel nunc metus. Quisque sagittis mattis dui vel varius. Aliquam iaculis interdum lacinia. Nam euismod lectus id maximus sodales. Nam id magna dictum, semper nisl vel, ornare ligula. Sed condimentum metus quis leo pharetra, quis semper urna aliquam. Fusce consectetur accumsan augue sit amet iaculis. Suspendisse volutpat urna vitae fermentum eleifend. Maecenas sapien leo, gravida vitae pellentesque quis, efficitur in erat. Maecenas elementum euismod hendrerit. Mauris sagittis massa a orci.',2.33),(36,68,'Urnlasho','Lorem ipsum dolor sit amet, consectetur adipiscing elit. Morbi pulvinar pharetra bibendum. Ut eget risus nec risus finibus hendrerit in non tortor. Pellentesque maximus ligula et turpis faucibus cursus. Donec vel nunc metus. Quisque sagittis mattis dui vel varius. Aliquam iaculis interdum lacinia. Nam euismod lectus id maximus sodales. Nam id magna dictum, semper nisl vel, ornare ligula. Sed condimentum metus quis leo pharetra, quis semper urna aliquam. Fusce consectetur accumsan augue sit amet iaculis. Suspendisse volutpat urna vitae fermentum eleifend. Maecenas sapien leo, gravida vitae pellentesque quis, efficitur in erat. Maecenas elementum euismod hendrerit. Mauris sagittis massa a orci.','Lorem ipsum dolor sit amet, consectetur adipiscing elit. Morbi pulvinar pharetra bibendum. Ut eget risus nec risus finibus hendrerit in non tortor. Pellentesque maximus ligula et turpis faucibus cursus. Donec vel nunc metus. Quisque sagittis mattis dui vel varius. Aliquam iaculis interdum lacinia. Nam euismod lectus id maximus sodales. Nam id magna dictum, semper nisl vel, ornare ligula. Sed condimentum metus quis leo pharetra, quis semper urna aliquam. Fusce consectetur accumsan augue sit amet iaculis. Suspendisse volutpat urna vitae fermentum eleifend. Maecenas sapien leo, gravida vitae pellentesque quis, efficitur in erat. Maecenas elementum euismod hendrerit. Mauris sagittis massa a orci.',2.25),(37,69,'Hical','Lorem ipsum dolor sit amet, consectetur adipiscing elit. Morbi pulvinar pharetra bibendum. Ut eget risus nec risus finibus hendrerit in non tortor. Pellentesque maximus ligula et turpis faucibus cursus. Donec vel nunc metus. Quisque sagittis mattis dui vel varius. Aliquam iaculis interdum lacinia. Nam euismod lectus id maximus sodales. Nam id magna dictum, semper nisl vel, ornare ligula. Sed condimentum metus quis leo pharetra, quis semper urna aliquam. Fusce consectetur accumsan augue sit amet iaculis. Suspendisse volutpat urna vitae fermentum eleifend. Maecenas sapien leo, gravida vitae pellentesque quis, efficitur in erat. Maecenas elementum euismod hendrerit. Mauris sagittis massa a orci.','Lorem ipsum dolor sit amet, consectetur adipiscing elit. Morbi pulvinar pharetra bibendum. Ut eget risus nec risus finibus hendrerit in non tortor. Pellentesque maximus ligula et turpis faucibus cursus. Donec vel nunc metus. Quisque sagittis mattis dui vel varius. Aliquam iaculis interdum lacinia. Nam euismod lectus id maximus sodales. Nam id magna dictum, semper nisl vel, ornare ligula. Sed condimentum metus quis leo pharetra, quis semper urna aliquam. Fusce consectetur accumsan augue sit amet iaculis. Suspendisse volutpat urna vitae fermentum eleifend. Maecenas sapien leo, gravida vitae pellentesque quis, efficitur in erat. Maecenas elementum euismod hendrerit. Mauris sagittis massa a orci.',2.67),(38,58,'Hisol','Lorem ipsum dolor sit amet, consectetur adipiscing elit. Morbi pulvinar pharetra bibendum. Ut eget risus nec risus finibus hendrerit in non tortor. Pellentesque maximus ligula et turpis faucibus cursus. Donec vel nunc metus. Quisque sagittis mattis dui vel varius. Aliquam iaculis interdum lacinia. Nam euismod lectus id maximus sodales. Nam id magna dictum, semper nisl vel, ornare ligula. Sed condimentum metus quis leo pharetra, quis semper urna aliquam. Fusce consectetur accumsan augue sit amet iaculis. Suspendisse volutpat urna vitae fermentum eleifend. Maecenas sapien leo, gravida vitae pellentesque quis, efficitur in erat. Maecenas elementum euismod hendrerit. Mauris sagittis massa a orci.','Lorem ipsum dolor sit amet, consectetur adipiscing elit. Morbi pulvinar pharetra bibendum. Ut eget risus nec risus finibus hendrerit in non tortor. Pellentesque maximus ligula et turpis faucibus cursus. Donec vel nunc metus. Quisque sagittis mattis dui vel varius. Aliquam iaculis interdum lacinia. Nam euismod lectus id maximus sodales. Nam id magna dictum, semper nisl vel, ornare ligula. Sed condimentum metus quis leo pharetra, quis semper urna aliquam. Fusce consectetur accumsan augue sit amet iaculis. Suspendisse volutpat urna vitae fermentum eleifend. Maecenas sapien leo, gravida vitae pellentesque quis, efficitur in erat. Maecenas elementum euismod hendrerit. Mauris sagittis massa a orci.',2.91),(39,47,'Leshe','Lorem ipsum dolor sit amet, consectetur adipiscing elit. Morbi pulvinar pharetra bibendum. Ut eget risus nec risus finibus hendrerit in non tortor. Pellentesque maximus ligula et turpis faucibus cursus. Donec vel nunc metus. Quisque sagittis mattis dui vel varius. Aliquam iaculis interdum lacinia. Nam euismod lectus id maximus sodales. Nam id magna dictum, semper nisl vel, ornare ligula. Sed condimentum metus quis leo pharetra, quis semper urna aliquam. Fusce consectetur accumsan augue sit amet iaculis. Suspendisse volutpat urna vitae fermentum eleifend. Maecenas sapien leo, gravida vitae pellentesque quis, efficitur in erat. Maecenas elementum euismod hendrerit. Mauris sagittis massa a orci.','Lorem ipsum dolor sit amet, consectetur adipiscing elit. Morbi pulvinar pharetra bibendum. Ut eget risus nec risus finibus hendrerit in non tortor. Pellentesque maximus ligula et turpis faucibus cursus. Donec vel nunc metus. Quisque sagittis mattis dui vel varius. Aliquam iaculis interdum lacinia. Nam euismod lectus id maximus sodales. Nam id magna dictum, semper nisl vel, ornare ligula. Sed condimentum metus quis leo pharetra, quis semper urna aliquam. Fusce consectetur accumsan augue sit amet iaculis. Suspendisse volutpat urna vitae fermentum eleifend. Maecenas sapien leo, gravida vitae pellentesque quis, efficitur in erat. Maecenas elementum euismod hendrerit. Mauris sagittis massa a orci.',1.91),(40,70,'Gumsalculsil','Lorem ipsum dolor sit amet, consectetur adipiscing elit. Morbi pulvinar pharetra bibendum. Ut eget risus nec risus finibus hendrerit in non tortor. Pellentesque maximus ligula et turpis faucibus cursus. Donec vel nunc metus. Quisque sagittis mattis dui vel varius. Aliquam iaculis interdum lacinia. Nam euismod lectus id maximus sodales. Nam id magna dictum, semper nisl vel, ornare ligula. Sed condimentum metus quis leo pharetra, quis semper urna aliquam. Fusce consectetur accumsan augue sit amet iaculis. Suspendisse volutpat urna vitae fermentum eleifend. Maecenas sapien leo, gravida vitae pellentesque quis, efficitur in erat. Maecenas elementum euismod hendrerit. Mauris sagittis massa a orci.','Lorem ipsum dolor sit amet, consectetur adipiscing elit. Morbi pulvinar pharetra bibendum. Ut eget risus nec risus finibus hendrerit in non tortor. Pellentesque maximus ligula et turpis faucibus cursus. Donec vel nunc metus. Quisque sagittis mattis dui vel varius. Aliquam iaculis interdum lacinia. Nam euismod lectus id maximus sodales. Nam id magna dictum, semper nisl vel, ornare ligula. Sed condimentum metus quis leo pharetra, quis semper urna aliquam. Fusce consectetur accumsan augue sit amet iaculis. Suspendisse volutpat urna vitae fermentum eleifend. Maecenas sapien leo, gravida vitae pellentesque quis, efficitur in erat. Maecenas elementum euismod hendrerit. Mauris sagittis massa a orci.',3.50),(41,71,'Morcalsul','Lorem ipsum dolor sit amet, consectetur adipiscing elit. Morbi pulvinar pharetra bibendum. Ut eget risus nec risus finibus hendrerit in non tortor. Pellentesque maximus ligula et turpis faucibus cursus. Donec vel nunc metus. Quisque sagittis mattis dui vel varius. Aliquam iaculis interdum lacinia. Nam euismod lectus id maximus sodales. Nam id magna dictum, semper nisl vel, ornare ligula. Sed condimentum metus quis leo pharetra, quis semper urna aliquam. Fusce consectetur accumsan augue sit amet iaculis. Suspendisse volutpat urna vitae fermentum eleifend. Maecenas sapien leo, gravida vitae pellentesque quis, efficitur in erat. Maecenas elementum euismod hendrerit. Mauris sagittis massa a orci.','Lorem ipsum dolor sit amet, consectetur adipiscing elit. Morbi pulvinar pharetra bibendum. Ut eget risus nec risus finibus hendrerit in non tortor. Pellentesque maximus ligula et turpis faucibus cursus. Donec vel nunc metus. Quisque sagittis mattis dui vel varius. Aliquam iaculis interdum lacinia. Nam euismod lectus id maximus sodales. Nam id magna dictum, semper nisl vel, ornare ligula. Sed condimentum metus quis leo pharetra, quis semper urna aliquam. Fusce consectetur accumsan augue sit amet iaculis. Suspendisse volutpat urna vitae fermentum eleifend. Maecenas sapien leo, gravida vitae pellentesque quis, efficitur in erat. Maecenas elementum euismod hendrerit. Mauris sagittis massa a orci.',3.33),(42,78,'Barlugha','Lorem ipsum dolor sit amet, consectetur adipiscing elit. Morbi pulvinar pharetra bibendum. Ut eget risus nec risus finibus hendrerit in non tortor. Pellentesque maximus ligula et turpis faucibus cursus. Donec vel nunc metus. Quisque sagittis mattis dui vel varius. Aliquam iaculis interdum lacinia. Nam euismod lectus id maximus sodales. Nam id magna dictum, semper nisl vel, ornare ligula. Sed condimentum metus quis leo pharetra, quis semper urna aliquam. Fusce consectetur accumsan augue sit amet iaculis. Suspendisse volutpat urna vitae fermentum eleifend. Maecenas sapien leo, gravida vitae pellentesque quis, efficitur in erat. Maecenas elementum euismod hendrerit. Mauris sagittis massa a orci.','Lorem ipsum dolor sit amet, consectetur adipiscing elit. Morbi pulvinar pharetra bibendum. Ut eget risus nec risus finibus hendrerit in non tortor. Pellentesque maximus ligula et turpis faucibus cursus. Donec vel nunc metus. Quisque sagittis mattis dui vel varius. Aliquam iaculis interdum lacinia. Nam euismod lectus id maximus sodales. Nam id magna dictum, semper nisl vel, ornare ligula. Sed condimentum metus quis leo pharetra, quis semper urna aliquam. Fusce consectetur accumsan augue sit amet iaculis. Suspendisse volutpat urna vitae fermentum eleifend. Maecenas sapien leo, gravida vitae pellentesque quis, efficitur in erat. Maecenas elementum euismod hendrerit. Mauris sagittis massa a orci.',2.22),(43,70,'Salhu','Lorem ipsum dolor sit amet, consectetur adipiscing elit. Morbi pulvinar pharetra bibendum. Ut eget risus nec risus finibus hendrerit in non tortor. Pellentesque maximus ligula et turpis faucibus cursus. Donec vel nunc metus. Quisque sagittis mattis dui vel varius. Aliquam iaculis interdum lacinia. Nam euismod lectus id maximus sodales. Nam id magna dictum, semper nisl vel, ornare ligula. Sed condimentum metus quis leo pharetra, quis semper urna aliquam. Fusce consectetur accumsan augue sit amet iaculis. Suspendisse volutpat urna vitae fermentum eleifend. Maecenas sapien leo, gravida vitae pellentesque quis, efficitur in erat. Maecenas elementum euismod hendrerit. Mauris sagittis massa a orci.','Lorem ipsum dolor sit amet, consectetur adipiscing elit. Morbi pulvinar pharetra bibendum. Ut eget risus nec risus finibus hendrerit in non tortor. Pellentesque maximus ligula et turpis faucibus cursus. Donec vel nunc metus. Quisque sagittis mattis dui vel varius. Aliquam iaculis interdum lacinia. Nam euismod lectus id maximus sodales. Nam id magna dictum, semper nisl vel, ornare ligula. Sed condimentum metus quis leo pharetra, quis semper urna aliquam. Fusce consectetur accumsan augue sit amet iaculis. Suspendisse volutpat urna vitae fermentum eleifend. Maecenas sapien leo, gravida vitae pellentesque quis, efficitur in erat. Maecenas elementum euismod hendrerit. Mauris sagittis massa a orci.',5.00),(44,65,'Celmorgember','Lorem ipsum dolor sit amet, consectetur adipiscing elit. Morbi pulvinar pharetra bibendum. Ut eget risus nec risus finibus hendrerit in non tortor. Pellentesque maximus ligula et turpis faucibus cursus. Donec vel nunc metus. Quisque sagittis mattis dui vel varius. Aliquam iaculis interdum lacinia. Nam euismod lectus id maximus sodales. Nam id magna dictum, semper nisl vel, ornare ligula. Sed condimentum metus quis leo pharetra, quis semper urna aliquam. Fusce consectetur accumsan augue sit amet iaculis. Suspendisse volutpat urna vitae fermentum eleifend. Maecenas sapien leo, gravida vitae pellentesque quis, efficitur in erat. Maecenas elementum euismod hendrerit. Mauris sagittis massa a orci.','Lorem ipsum dolor sit amet, consectetur adipiscing elit. Morbi pulvinar pharetra bibendum. Ut eget risus nec risus finibus hendrerit in non tortor. Pellentesque maximus ligula et turpis faucibus cursus. Donec vel nunc metus. Quisque sagittis mattis dui vel varius. Aliquam iaculis interdum lacinia. Nam euismod lectus id maximus sodales. Nam id magna dictum, semper nisl vel, ornare ligula. Sed condimentum metus quis leo pharetra, quis semper urna aliquam. Fusce consectetur accumsan augue sit amet iaculis. Suspendisse volutpat urna vitae fermentum eleifend. Maecenas sapien leo, gravida vitae pellentesque quis, efficitur in erat. Maecenas elementum euismod hendrerit. Mauris sagittis massa a orci.',3.40),(45,77,'Byrhebyr','Lorem ipsum dolor sit amet, consectetur adipiscing elit. Morbi pulvinar pharetra bibendum. Ut eget risus nec risus finibus hendrerit in non tortor. Pellentesque maximus ligula et turpis faucibus cursus. Donec vel nunc metus. Quisque sagittis mattis dui vel varius. Aliquam iaculis interdum lacinia. Nam euismod lectus id maximus sodales. Nam id magna dictum, semper nisl vel, ornare ligula. Sed condimentum metus quis leo pharetra, quis semper urna aliquam. Fusce consectetur accumsan augue sit amet iaculis. Suspendisse volutpat urna vitae fermentum eleifend. Maecenas sapien leo, gravida vitae pellentesque quis, efficitur in erat. Maecenas elementum euismod hendrerit. Mauris sagittis massa a orci.','Lorem ipsum dolor sit amet, consectetur adipiscing elit. Morbi pulvinar pharetra bibendum. Ut eget risus nec risus finibus hendrerit in non tortor. Pellentesque maximus ligula et turpis faucibus cursus. Donec vel nunc metus. Quisque sagittis mattis dui vel varius. Aliquam iaculis interdum lacinia. Nam euismod lectus id maximus sodales. Nam id magna dictum, semper nisl vel, ornare ligula. Sed condimentum metus quis leo pharetra, quis semper urna aliquam. Fusce consectetur accumsan augue sit amet iaculis. Suspendisse volutpat urna vitae fermentum eleifend. Maecenas sapien leo, gravida vitae pellentesque quis, efficitur in erat. Maecenas elementum euismod hendrerit. Mauris sagittis massa a orci.',2.40),(46,58,'Birhogim','Lorem ipsum dolor sit amet, consectetur adipiscing elit. Morbi pulvinar pharetra bibendum. Ut eget risus nec risus finibus hendrerit in non tortor. Pellentesque maximus ligula et turpis faucibus cursus. Donec vel nunc metus. Quisque sagittis mattis dui vel varius. Aliquam iaculis interdum lacinia. Nam euismod lectus id maximus sodales. Nam id magna dictum, semper nisl vel, ornare ligula. Sed condimentum metus quis leo pharetra, quis semper urna aliquam. Fusce consectetur accumsan augue sit amet iaculis. Suspendisse volutpat urna vitae fermentum eleifend. Maecenas sapien leo, gravida vitae pellentesque quis, efficitur in erat. Maecenas elementum euismod hendrerit. Mauris sagittis massa a orci.','Lorem ipsum dolor sit amet, consectetur adipiscing elit. Morbi pulvinar pharetra bibendum. Ut eget risus nec risus finibus hendrerit in non tortor. Pellentesque maximus ligula et turpis faucibus cursus. Donec vel nunc metus. Quisque sagittis mattis dui vel varius. Aliquam iaculis interdum lacinia. Nam euismod lectus id maximus sodales. Nam id magna dictum, semper nisl vel, ornare ligula. Sed condimentum metus quis leo pharetra, quis semper urna aliquam. Fusce consectetur accumsan augue sit amet iaculis. Suspendisse volutpat urna vitae fermentum eleifend. Maecenas sapien leo, gravida vitae pellentesque quis, efficitur in erat. Maecenas elementum euismod hendrerit. Mauris sagittis massa a orci.',3.00),(47,84,'Helisloshi','Lorem ipsum dolor sit amet, consectetur adipiscing elit. Morbi pulvinar pharetra bibendum. Ut eget risus nec risus finibus hendrerit in non tortor. Pellentesque maximus ligula et turpis faucibus cursus. Donec vel nunc metus. Quisque sagittis mattis dui vel varius. Aliquam iaculis interdum lacinia. Nam euismod lectus id maximus sodales. Nam id magna dictum, semper nisl vel, ornare ligula. Sed condimentum metus quis leo pharetra, quis semper urna aliquam. Fusce consectetur accumsan augue sit amet iaculis. Suspendisse volutpat urna vitae fermentum eleifend. Maecenas sapien leo, gravida vitae pellentesque quis, efficitur in erat. Maecenas elementum euismod hendrerit. Mauris sagittis massa a orci.','Lorem ipsum dolor sit amet, consectetur adipiscing elit. Morbi pulvinar pharetra bibendum. Ut eget risus nec risus finibus hendrerit in non tortor. Pellentesque maximus ligula et turpis faucibus cursus. Donec vel nunc metus. Quisque sagittis mattis dui vel varius. Aliquam iaculis interdum lacinia. Nam euismod lectus id maximus sodales. Nam id magna dictum, semper nisl vel, ornare ligula. Sed condimentum metus quis leo pharetra, quis semper urna aliquam. Fusce consectetur accumsan augue sit amet iaculis. Suspendisse volutpat urna vitae fermentum eleifend. Maecenas sapien leo, gravida vitae pellentesque quis, efficitur in erat. Maecenas elementum euismod hendrerit. Mauris sagittis massa a orci.',2.00),(48,5,'Syllas','Lorem ipsum dolor sit amet, consectetur adipiscing elit. Morbi pulvinar pharetra bibendum. Ut eget risus nec risus finibus hendrerit in non tortor. Pellentesque maximus ligula et turpis faucibus cursus. Donec vel nunc metus. Quisque sagittis mattis dui vel varius. Aliquam iaculis interdum lacinia. Nam euismod lectus id maximus sodales. Nam id magna dictum, semper nisl vel, ornare ligula. Sed condimentum metus quis leo pharetra, quis semper urna aliquam. Fusce consectetur accumsan augue sit amet iaculis. Suspendisse volutpat urna vitae fermentum eleifend. Maecenas sapien leo, gravida vitae pellentesque quis, efficitur in erat. Maecenas elementum euismod hendrerit. Mauris sagittis massa a orci.','Lorem ipsum dolor sit amet, consectetur adipiscing elit. Morbi pulvinar pharetra bibendum. Ut eget risus nec risus finibus hendrerit in non tortor. Pellentesque maximus ligula et turpis faucibus cursus. Donec vel nunc metus. Quisque sagittis mattis dui vel varius. Aliquam iaculis interdum lacinia. Nam euismod lectus id maximus sodales. Nam id magna dictum, semper nisl vel, ornare ligula. Sed condimentum metus quis leo pharetra, quis semper urna aliquam. Fusce consectetur accumsan augue sit amet iaculis. Suspendisse volutpat urna vitae fermentum eleifend. Maecenas sapien leo, gravida vitae pellentesque quis, efficitur in erat. Maecenas elementum euismod hendrerit. Mauris sagittis massa a orci.',3.50),(49,86,'Gymcalhober','Lorem ipsum dolor sit amet, consectetur adipiscing elit. Morbi pulvinar pharetra bibendum. Ut eget risus nec risus finibus hendrerit in non tortor. Pellentesque maximus ligula et turpis faucibus cursus. Donec vel nunc metus. Quisque sagittis mattis dui vel varius. Aliquam iaculis interdum lacinia. Nam euismod lectus id maximus sodales. Nam id magna dictum, semper nisl vel, ornare ligula. Sed condimentum metus quis leo pharetra, quis semper urna aliquam. Fusce consectetur accumsan augue sit amet iaculis. Suspendisse volutpat urna vitae fermentum eleifend. Maecenas sapien leo, gravida vitae pellentesque quis, efficitur in erat. Maecenas elementum euismod hendrerit. Mauris sagittis massa a orci.','Lorem ipsum dolor sit amet, consectetur adipiscing elit. Morbi pulvinar pharetra bibendum. Ut eget risus nec risus finibus hendrerit in non tortor. Pellentesque maximus ligula et turpis faucibus cursus. Donec vel nunc metus. Quisque sagittis mattis dui vel varius. Aliquam iaculis interdum lacinia. Nam euismod lectus id maximus sodales. Nam id magna dictum, semper nisl vel, ornare ligula. Sed condimentum metus quis leo pharetra, quis semper urna aliquam. Fusce consectetur accumsan augue sit amet iaculis. Suspendisse volutpat urna vitae fermentum eleifend. Maecenas sapien leo, gravida vitae pellentesque quis, efficitur in erat. Maecenas elementum euismod hendrerit. Mauris sagittis massa a orci.',3.29),(50,35,'Gimcullegirn','Lorem ipsum dolor sit amet, consectetur adipiscing elit. Morbi pulvinar pharetra bibendum. Ut eget risus nec risus finibus hendrerit in non tortor. Pellentesque maximus ligula et turpis faucibus cursus. Donec vel nunc metus. Quisque sagittis mattis dui vel varius. Aliquam iaculis interdum lacinia. Nam euismod lectus id maximus sodales. Nam id magna dictum, semper nisl vel, ornare ligula. Sed condimentum metus quis leo pharetra, quis semper urna aliquam. Fusce consectetur accumsan augue sit amet iaculis. Suspendisse volutpat urna vitae fermentum eleifend. Maecenas sapien leo, gravida vitae pellentesque quis, efficitur in erat. Maecenas elementum euismod hendrerit. Mauris sagittis massa a orci.','Lorem ipsum dolor sit amet, consectetur adipiscing elit. Morbi pulvinar pharetra bibendum. Ut eget risus nec risus finibus hendrerit in non tortor. Pellentesque maximus ligula et turpis faucibus cursus. Donec vel nunc metus. Quisque sagittis mattis dui vel varius. Aliquam iaculis interdum lacinia. Nam euismod lectus id maximus sodales. Nam id magna dictum, semper nisl vel, ornare ligula. Sed condimentum metus quis leo pharetra, quis semper urna aliquam. Fusce consectetur accumsan augue sit amet iaculis. Suspendisse volutpat urna vitae fermentum eleifend. Maecenas sapien leo, gravida vitae pellentesque quis, efficitur in erat. Maecenas elementum euismod hendrerit. Mauris sagittis massa a orci.',3.50),(51,38,'Borlessil','Lorem ipsum dolor sit amet, consectetur adipiscing elit. Morbi pulvinar pharetra bibendum. Ut eget risus nec risus finibus hendrerit in non tortor. Pellentesque maximus ligula et turpis faucibus cursus. Donec vel nunc metus. Quisque sagittis mattis dui vel varius. Aliquam iaculis interdum lacinia. Nam euismod lectus id maximus sodales. Nam id magna dictum, semper nisl vel, ornare ligula. Sed condimentum metus quis leo pharetra, quis semper urna aliquam. Fusce consectetur accumsan augue sit amet iaculis. Suspendisse volutpat urna vitae fermentum eleifend. Maecenas sapien leo, gravida vitae pellentesque quis, efficitur in erat. Maecenas elementum euismod hendrerit. Mauris sagittis massa a orci.','Lorem ipsum dolor sit amet, consectetur adipiscing elit. Morbi pulvinar pharetra bibendum. Ut eget risus nec risus finibus hendrerit in non tortor. Pellentesque maximus ligula et turpis faucibus cursus. Donec vel nunc metus. Quisque sagittis mattis dui vel varius. Aliquam iaculis interdum lacinia. Nam euismod lectus id maximus sodales. Nam id magna dictum, semper nisl vel, ornare ligula. Sed condimentum metus quis leo pharetra, quis semper urna aliquam. Fusce consectetur accumsan augue sit amet iaculis. Suspendisse volutpat urna vitae fermentum eleifend. Maecenas sapien leo, gravida vitae pellentesque quis, efficitur in erat. Maecenas elementum euismod hendrerit. Mauris sagittis massa a orci.',1.71),(52,95,'Thitha','Lorem ipsum dolor sit amet, consectetur adipiscing elit. Morbi pulvinar pharetra bibendum. Ut eget risus nec risus finibus hendrerit in non tortor. Pellentesque maximus ligula et turpis faucibus cursus. Donec vel nunc metus. Quisque sagittis mattis dui vel varius. Aliquam iaculis interdum lacinia. Nam euismod lectus id maximus sodales. Nam id magna dictum, semper nisl vel, ornare ligula. Sed condimentum metus quis leo pharetra, quis semper urna aliquam. Fusce consectetur accumsan augue sit amet iaculis. Suspendisse volutpat urna vitae fermentum eleifend. Maecenas sapien leo, gravida vitae pellentesque quis, efficitur in erat. Maecenas elementum euismod hendrerit. Mauris sagittis massa a orci.','Lorem ipsum dolor sit amet, consectetur adipiscing elit. Morbi pulvinar pharetra bibendum. Ut eget risus nec risus finibus hendrerit in non tortor. Pellentesque maximus ligula et turpis faucibus cursus. Donec vel nunc metus. Quisque sagittis mattis dui vel varius. Aliquam iaculis interdum lacinia. Nam euismod lectus id maximus sodales. Nam id magna dictum, semper nisl vel, ornare ligula. Sed condimentum metus quis leo pharetra, quis semper urna aliquam. Fusce consectetur accumsan augue sit amet iaculis. Suspendisse volutpat urna vitae fermentum eleifend. Maecenas sapien leo, gravida vitae pellentesque quis, efficitur in erat. Maecenas elementum euismod hendrerit. Mauris sagittis massa a orci.',2.00),(53,33,'Cylcelnor','Lorem ipsum dolor sit amet, consectetur adipiscing elit. Morbi pulvinar pharetra bibendum. Ut eget risus nec risus finibus hendrerit in non tortor. Pellentesque maximus ligula et turpis faucibus cursus. Donec vel nunc metus. Quisque sagittis mattis dui vel varius. Aliquam iaculis interdum lacinia. Nam euismod lectus id maximus sodales. Nam id magna dictum, semper nisl vel, ornare ligula. Sed condimentum metus quis leo pharetra, quis semper urna aliquam. Fusce consectetur accumsan augue sit amet iaculis. Suspendisse volutpat urna vitae fermentum eleifend. Maecenas sapien leo, gravida vitae pellentesque quis, efficitur in erat. Maecenas elementum euismod hendrerit. Mauris sagittis massa a orci.','Lorem ipsum dolor sit amet, consectetur adipiscing elit. Morbi pulvinar pharetra bibendum. Ut eget risus nec risus finibus hendrerit in non tortor. Pellentesque maximus ligula et turpis faucibus cursus. Donec vel nunc metus. Quisque sagittis mattis dui vel varius. Aliquam iaculis interdum lacinia. Nam euismod lectus id maximus sodales. Nam id magna dictum, semper nisl vel, ornare ligula. Sed condimentum metus quis leo pharetra, quis semper urna aliquam. Fusce consectetur accumsan augue sit amet iaculis. Suspendisse volutpat urna vitae fermentum eleifend. Maecenas sapien leo, gravida vitae pellentesque quis, efficitur in erat. Maecenas elementum euismod hendrerit. Mauris sagittis massa a orci.',3.75),(54,19,'Borbyrhulys','Lorem ipsum dolor sit amet, consectetur adipiscing elit. Morbi pulvinar pharetra bibendum. Ut eget risus nec risus finibus hendrerit in non tortor. Pellentesque maximus ligula et turpis faucibus cursus. Donec vel nunc metus. Quisque sagittis mattis dui vel varius. Aliquam iaculis interdum lacinia. Nam euismod lectus id maximus sodales. Nam id magna dictum, semper nisl vel, ornare ligula. Sed condimentum metus quis leo pharetra, quis semper urna aliquam. Fusce consectetur accumsan augue sit amet iaculis. Suspendisse volutpat urna vitae fermentum eleifend. Maecenas sapien leo, gravida vitae pellentesque quis, efficitur in erat. Maecenas elementum euismod hendrerit. Mauris sagittis massa a orci.','Lorem ipsum dolor sit amet, consectetur adipiscing elit. Morbi pulvinar pharetra bibendum. Ut eget risus nec risus finibus hendrerit in non tortor. Pellentesque maximus ligula et turpis faucibus cursus. Donec vel nunc metus. Quisque sagittis mattis dui vel varius. Aliquam iaculis interdum lacinia. Nam euismod lectus id maximus sodales. Nam id magna dictum, semper nisl vel, ornare ligula. Sed condimentum metus quis leo pharetra, quis semper urna aliquam. Fusce consectetur accumsan augue sit amet iaculis. Suspendisse volutpat urna vitae fermentum eleifend. Maecenas sapien leo, gravida vitae pellentesque quis, efficitur in erat. Maecenas elementum euismod hendrerit. Mauris sagittis massa a orci.',2.50),(55,68,'Loglistha','Lorem ipsum dolor sit amet, consectetur adipiscing elit. Morbi pulvinar pharetra bibendum. Ut eget risus nec risus finibus hendrerit in non tortor. Pellentesque maximus ligula et turpis faucibus cursus. Donec vel nunc metus. Quisque sagittis mattis dui vel varius. Aliquam iaculis interdum lacinia. Nam euismod lectus id maximus sodales. Nam id magna dictum, semper nisl vel, ornare ligula. Sed condimentum metus quis leo pharetra, quis semper urna aliquam. Fusce consectetur accumsan augue sit amet iaculis. Suspendisse volutpat urna vitae fermentum eleifend. Maecenas sapien leo, gravida vitae pellentesque quis, efficitur in erat. Maecenas elementum euismod hendrerit. Mauris sagittis massa a orci.','Lorem ipsum dolor sit amet, consectetur adipiscing elit. Morbi pulvinar pharetra bibendum. Ut eget risus nec risus finibus hendrerit in non tortor. Pellentesque maximus ligula et turpis faucibus cursus. Donec vel nunc metus. Quisque sagittis mattis dui vel varius. Aliquam iaculis interdum lacinia. Nam euismod lectus id maximus sodales. Nam id magna dictum, semper nisl vel, ornare ligula. Sed condimentum metus quis leo pharetra, quis semper urna aliquam. Fusce consectetur accumsan augue sit amet iaculis. Suspendisse volutpat urna vitae fermentum eleifend. Maecenas sapien leo, gravida vitae pellentesque quis, efficitur in erat. Maecenas elementum euismod hendrerit. Mauris sagittis massa a orci.',1.40),(56,54,'Silbartha','Lorem ipsum dolor sit amet, consectetur adipiscing elit. Morbi pulvinar pharetra bibendum. Ut eget risus nec risus finibus hendrerit in non tortor. Pellentesque maximus ligula et turpis faucibus cursus. Donec vel nunc metus. Quisque sagittis mattis dui vel varius. Aliquam iaculis interdum lacinia. Nam euismod lectus id maximus sodales. Nam id magna dictum, semper nisl vel, ornare ligula. Sed condimentum metus quis leo pharetra, quis semper urna aliquam. Fusce consectetur accumsan augue sit amet iaculis. Suspendisse volutpat urna vitae fermentum eleifend. Maecenas sapien leo, gravida vitae pellentesque quis, efficitur in erat. Maecenas elementum euismod hendrerit. Mauris sagittis massa a orci.','Lorem ipsum dolor sit amet, consectetur adipiscing elit. Morbi pulvinar pharetra bibendum. Ut eget risus nec risus finibus hendrerit in non tortor. Pellentesque maximus ligula et turpis faucibus cursus. Donec vel nunc metus. Quisque sagittis mattis dui vel varius. Aliquam iaculis interdum lacinia. Nam euismod lectus id maximus sodales. Nam id magna dictum, semper nisl vel, ornare ligula. Sed condimentum metus quis leo pharetra, quis semper urna aliquam. Fusce consectetur accumsan augue sit amet iaculis. Suspendisse volutpat urna vitae fermentum eleifend. Maecenas sapien leo, gravida vitae pellentesque quis, efficitur in erat. Maecenas elementum euismod hendrerit. Mauris sagittis massa a orci.',2.67),(57,93,'Orncilbirgom','Lorem ipsum dolor sit amet, consectetur adipiscing elit. Morbi pulvinar pharetra bibendum. Ut eget risus nec risus finibus hendrerit in non tortor. Pellentesque maximus ligula et turpis faucibus cursus. Donec vel nunc metus. Quisque sagittis mattis dui vel varius. Aliquam iaculis interdum lacinia. Nam euismod lectus id maximus sodales. Nam id magna dictum, semper nisl vel, ornare ligula. Sed condimentum metus quis leo pharetra, quis semper urna aliquam. Fusce consectetur accumsan augue sit amet iaculis. Suspendisse volutpat urna vitae fermentum eleifend. Maecenas sapien leo, gravida vitae pellentesque quis, efficitur in erat. Maecenas elementum euismod hendrerit. Mauris sagittis massa a orci.','Lorem ipsum dolor sit amet, consectetur adipiscing elit. Morbi pulvinar pharetra bibendum. Ut eget risus nec risus finibus hendrerit in non tortor. Pellentesque maximus ligula et turpis faucibus cursus. Donec vel nunc metus. Quisque sagittis mattis dui vel varius. Aliquam iaculis interdum lacinia. Nam euismod lectus id maximus sodales. Nam id magna dictum, semper nisl vel, ornare ligula. Sed condimentum metus quis leo pharetra, quis semper urna aliquam. Fusce consectetur accumsan augue sit amet iaculis. Suspendisse volutpat urna vitae fermentum eleifend. Maecenas sapien leo, gravida vitae pellentesque quis, efficitur in erat. Maecenas elementum euismod hendrerit. Mauris sagittis massa a orci.',4.00),(58,69,'Lasnormer','Lorem ipsum dolor sit amet, consectetur adipiscing elit. Morbi pulvinar pharetra bibendum. Ut eget risus nec risus finibus hendrerit in non tortor. Pellentesque maximus ligula et turpis faucibus cursus. Donec vel nunc metus. Quisque sagittis mattis dui vel varius. Aliquam iaculis interdum lacinia. Nam euismod lectus id maximus sodales. Nam id magna dictum, semper nisl vel, ornare ligula. Sed condimentum metus quis leo pharetra, quis semper urna aliquam. Fusce consectetur accumsan augue sit amet iaculis. Suspendisse volutpat urna vitae fermentum eleifend. Maecenas sapien leo, gravida vitae pellentesque quis, efficitur in erat. Maecenas elementum euismod hendrerit. Mauris sagittis massa a orci.','Lorem ipsum dolor sit amet, consectetur adipiscing elit. Morbi pulvinar pharetra bibendum. Ut eget risus nec risus finibus hendrerit in non tortor. Pellentesque maximus ligula et turpis faucibus cursus. Donec vel nunc metus. Quisque sagittis mattis dui vel varius. Aliquam iaculis interdum lacinia. Nam euismod lectus id maximus sodales. Nam id magna dictum, semper nisl vel, ornare ligula. Sed condimentum metus quis leo pharetra, quis semper urna aliquam. Fusce consectetur accumsan augue sit amet iaculis. Suspendisse volutpat urna vitae fermentum eleifend. Maecenas sapien leo, gravida vitae pellentesque quis, efficitur in erat. Maecenas elementum euismod hendrerit. Mauris sagittis massa a orci.',2.60),(59,50,'Lumsolthalig','Lorem ipsum dolor sit amet, consectetur adipiscing elit. Morbi pulvinar pharetra bibendum. Ut eget risus nec risus finibus hendrerit in non tortor. Pellentesque maximus ligula et turpis faucibus cursus. Donec vel nunc metus. Quisque sagittis mattis dui vel varius. Aliquam iaculis interdum lacinia. Nam euismod lectus id maximus sodales. Nam id magna dictum, semper nisl vel, ornare ligula. Sed condimentum metus quis leo pharetra, quis semper urna aliquam. Fusce consectetur accumsan augue sit amet iaculis. Suspendisse volutpat urna vitae fermentum eleifend. Maecenas sapien leo, gravida vitae pellentesque quis, efficitur in erat. Maecenas elementum euismod hendrerit. Mauris sagittis massa a orci.','Lorem ipsum dolor sit amet, consectetur adipiscing elit. Morbi pulvinar pharetra bibendum. Ut eget risus nec risus finibus hendrerit in non tortor. Pellentesque maximus ligula et turpis faucibus cursus. Donec vel nunc metus. Quisque sagittis mattis dui vel varius. Aliquam iaculis interdum lacinia. Nam euismod lectus id maximus sodales. Nam id magna dictum, semper nisl vel, ornare ligula. Sed condimentum metus quis leo pharetra, quis semper urna aliquam. Fusce consectetur accumsan augue sit amet iaculis. Suspendisse volutpat urna vitae fermentum eleifend. Maecenas sapien leo, gravida vitae pellentesque quis, efficitur in erat. Maecenas elementum euismod hendrerit. Mauris sagittis massa a orci.',3.33),(60,76,'Burlyscul','Lorem ipsum dolor sit amet, consectetur adipiscing elit. Morbi pulvinar pharetra bibendum. Ut eget risus nec risus finibus hendrerit in non tortor. Pellentesque maximus ligula et turpis faucibus cursus. Donec vel nunc metus. Quisque sagittis mattis dui vel varius. Aliquam iaculis interdum lacinia. Nam euismod lectus id maximus sodales. Nam id magna dictum, semper nisl vel, ornare ligula. Sed condimentum metus quis leo pharetra, quis semper urna aliquam. Fusce consectetur accumsan augue sit amet iaculis. Suspendisse volutpat urna vitae fermentum eleifend. Maecenas sapien leo, gravida vitae pellentesque quis, efficitur in erat. Maecenas elementum euismod hendrerit. Mauris sagittis massa a orci.','Lorem ipsum dolor sit amet, consectetur adipiscing elit. Morbi pulvinar pharetra bibendum. Ut eget risus nec risus finibus hendrerit in non tortor. Pellentesque maximus ligula et turpis faucibus cursus. Donec vel nunc metus. Quisque sagittis mattis dui vel varius. Aliquam iaculis interdum lacinia. Nam euismod lectus id maximus sodales. Nam id magna dictum, semper nisl vel, ornare ligula. Sed condimentum metus quis leo pharetra, quis semper urna aliquam. Fusce consectetur accumsan augue sit amet iaculis. Suspendisse volutpat urna vitae fermentum eleifend. Maecenas sapien leo, gravida vitae pellentesque quis, efficitur in erat. Maecenas elementum euismod hendrerit. Mauris sagittis massa a orci.',1.57),(61,75,'Murgomhellhi','Lorem ipsum dolor sit amet, consectetur adipiscing elit. Morbi pulvinar pharetra bibendum. Ut eget risus nec risus finibus hendrerit in non tortor. Pellentesque maximus ligula et turpis faucibus cursus. Donec vel nunc metus. Quisque sagittis mattis dui vel varius. Aliquam iaculis interdum lacinia. Nam euismod lectus id maximus sodales. Nam id magna dictum, semper nisl vel, ornare ligula. Sed condimentum metus quis leo pharetra, quis semper urna aliquam. Fusce consectetur accumsan augue sit amet iaculis. Suspendisse volutpat urna vitae fermentum eleifend. Maecenas sapien leo, gravida vitae pellentesque quis, efficitur in erat. Maecenas elementum euismod hendrerit. Mauris sagittis massa a orci.','Lorem ipsum dolor sit amet, consectetur adipiscing elit. Morbi pulvinar pharetra bibendum. Ut eget risus nec risus finibus hendrerit in non tortor. Pellentesque maximus ligula et turpis faucibus cursus. Donec vel nunc metus. Quisque sagittis mattis dui vel varius. Aliquam iaculis interdum lacinia. Nam euismod lectus id maximus sodales. Nam id magna dictum, semper nisl vel, ornare ligula. Sed condimentum metus quis leo pharetra, quis semper urna aliquam. Fusce consectetur accumsan augue sit amet iaculis. Suspendisse volutpat urna vitae fermentum eleifend. Maecenas sapien leo, gravida vitae pellentesque quis, efficitur in erat. Maecenas elementum euismod hendrerit. Mauris sagittis massa a orci.',3.00),(62,3,'Thatheluslag','Lorem ipsum dolor sit amet, consectetur adipiscing elit. Morbi pulvinar pharetra bibendum. Ut eget risus nec risus finibus hendrerit in non tortor. Pellentesque maximus ligula et turpis faucibus cursus. Donec vel nunc metus. Quisque sagittis mattis dui vel varius. Aliquam iaculis interdum lacinia. Nam euismod lectus id maximus sodales. Nam id magna dictum, semper nisl vel, ornare ligula. Sed condimentum metus quis leo pharetra, quis semper urna aliquam. Fusce consectetur accumsan augue sit amet iaculis. Suspendisse volutpat urna vitae fermentum eleifend. Maecenas sapien leo, gravida vitae pellentesque quis, efficitur in erat. Maecenas elementum euismod hendrerit. Mauris sagittis massa a orci.','Lorem ipsum dolor sit amet, consectetur adipiscing elit. Morbi pulvinar pharetra bibendum. Ut eget risus nec risus finibus hendrerit in non tortor. Pellentesque maximus ligula et turpis faucibus cursus. Donec vel nunc metus. Quisque sagittis mattis dui vel varius. Aliquam iaculis interdum lacinia. Nam euismod lectus id maximus sodales. Nam id magna dictum, semper nisl vel, ornare ligula. Sed condimentum metus quis leo pharetra, quis semper urna aliquam. Fusce consectetur accumsan augue sit amet iaculis. Suspendisse volutpat urna vitae fermentum eleifend. Maecenas sapien leo, gravida vitae pellentesque quis, efficitur in erat. Maecenas elementum euismod hendrerit. Mauris sagittis massa a orci.',4.00),(63,53,'Lyshallluslam','Lorem ipsum dolor sit amet, consectetur adipiscing elit. Morbi pulvinar pharetra bibendum. Ut eget risus nec risus finibus hendrerit in non tortor. Pellentesque maximus ligula et turpis faucibus cursus. Donec vel nunc metus. Quisque sagittis mattis dui vel varius. Aliquam iaculis interdum lacinia. Nam euismod lectus id maximus sodales. Nam id magna dictum, semper nisl vel, ornare ligula. Sed condimentum metus quis leo pharetra, quis semper urna aliquam. Fusce consectetur accumsan augue sit amet iaculis. Suspendisse volutpat urna vitae fermentum eleifend. Maecenas sapien leo, gravida vitae pellentesque quis, efficitur in erat. Maecenas elementum euismod hendrerit. Mauris sagittis massa a orci.','Lorem ipsum dolor sit amet, consectetur adipiscing elit. Morbi pulvinar pharetra bibendum. Ut eget risus nec risus finibus hendrerit in non tortor. Pellentesque maximus ligula et turpis faucibus cursus. Donec vel nunc metus. Quisque sagittis mattis dui vel varius. Aliquam iaculis interdum lacinia. Nam euismod lectus id maximus sodales. Nam id magna dictum, semper nisl vel, ornare ligula. Sed condimentum metus quis leo pharetra, quis semper urna aliquam. Fusce consectetur accumsan augue sit amet iaculis. Suspendisse volutpat urna vitae fermentum eleifend. Maecenas sapien leo, gravida vitae pellentesque quis, efficitur in erat. Maecenas elementum euismod hendrerit. Mauris sagittis massa a orci.',3.00),(64,67,'Mirborcil','Lorem ipsum dolor sit amet, consectetur adipiscing elit. Morbi pulvinar pharetra bibendum. Ut eget risus nec risus finibus hendrerit in non tortor. Pellentesque maximus ligula et turpis faucibus cursus. Donec vel nunc metus. Quisque sagittis mattis dui vel varius. Aliquam iaculis interdum lacinia. Nam euismod lectus id maximus sodales. Nam id magna dictum, semper nisl vel, ornare ligula. Sed condimentum metus quis leo pharetra, quis semper urna aliquam. Fusce consectetur accumsan augue sit amet iaculis. Suspendisse volutpat urna vitae fermentum eleifend. Maecenas sapien leo, gravida vitae pellentesque quis, efficitur in erat. Maecenas elementum euismod hendrerit. Mauris sagittis massa a orci.','Lorem ipsum dolor sit amet, consectetur adipiscing elit. Morbi pulvinar pharetra bibendum. Ut eget risus nec risus finibus hendrerit in non tortor. Pellentesque maximus ligula et turpis faucibus cursus. Donec vel nunc metus. Quisque sagittis mattis dui vel varius. Aliquam iaculis interdum lacinia. Nam euismod lectus id maximus sodales. Nam id magna dictum, semper nisl vel, ornare ligula. Sed condimentum metus quis leo pharetra, quis semper urna aliquam. Fusce consectetur accumsan augue sit amet iaculis. Suspendisse volutpat urna vitae fermentum eleifend. Maecenas sapien leo, gravida vitae pellentesque quis, efficitur in erat. Maecenas elementum euismod hendrerit. Mauris sagittis massa a orci.',2.33),(65,20,'Nircalbur','Lorem ipsum dolor sit amet, consectetur adipiscing elit. Morbi pulvinar pharetra bibendum. Ut eget risus nec risus finibus hendrerit in non tortor. Pellentesque maximus ligula et turpis faucibus cursus. Donec vel nunc metus. Quisque sagittis mattis dui vel varius. Aliquam iaculis interdum lacinia. Nam euismod lectus id maximus sodales. Nam id magna dictum, semper nisl vel, ornare ligula. Sed condimentum metus quis leo pharetra, quis semper urna aliquam. Fusce consectetur accumsan augue sit amet iaculis. Suspendisse volutpat urna vitae fermentum eleifend. Maecenas sapien leo, gravida vitae pellentesque quis, efficitur in erat. Maecenas elementum euismod hendrerit. Mauris sagittis massa a orci.','Lorem ipsum dolor sit amet, consectetur adipiscing elit. Morbi pulvinar pharetra bibendum. Ut eget risus nec risus finibus hendrerit in non tortor. Pellentesque maximus ligula et turpis faucibus cursus. Donec vel nunc metus. Quisque sagittis mattis dui vel varius. Aliquam iaculis interdum lacinia. Nam euismod lectus id maximus sodales. Nam id magna dictum, semper nisl vel, ornare ligula. Sed condimentum metus quis leo pharetra, quis semper urna aliquam. Fusce consectetur accumsan augue sit amet iaculis. Suspendisse volutpat urna vitae fermentum eleifend. Maecenas sapien leo, gravida vitae pellentesque quis, efficitur in erat. Maecenas elementum euismod hendrerit. Mauris sagittis massa a orci.',3.00),(66,68,'Barlugarn','Lorem ipsum dolor sit amet, consectetur adipiscing elit. Morbi pulvinar pharetra bibendum. Ut eget risus nec risus finibus hendrerit in non tortor. Pellentesque maximus ligula et turpis faucibus cursus. Donec vel nunc metus. Quisque sagittis mattis dui vel varius. Aliquam iaculis interdum lacinia. Nam euismod lectus id maximus sodales. Nam id magna dictum, semper nisl vel, ornare ligula. Sed condimentum metus quis leo pharetra, quis semper urna aliquam. Fusce consectetur accumsan augue sit amet iaculis. Suspendisse volutpat urna vitae fermentum eleifend. Maecenas sapien leo, gravida vitae pellentesque quis, efficitur in erat. Maecenas elementum euismod hendrerit. Mauris sagittis massa a orci.','Lorem ipsum dolor sit amet, consectetur adipiscing elit. Morbi pulvinar pharetra bibendum. Ut eget risus nec risus finibus hendrerit in non tortor. Pellentesque maximus ligula et turpis faucibus cursus. Donec vel nunc metus. Quisque sagittis mattis dui vel varius. Aliquam iaculis interdum lacinia. Nam euismod lectus id maximus sodales. Nam id magna dictum, semper nisl vel, ornare ligula. Sed condimentum metus quis leo pharetra, quis semper urna aliquam. Fusce consectetur accumsan augue sit amet iaculis. Suspendisse volutpat urna vitae fermentum eleifend. Maecenas sapien leo, gravida vitae pellentesque quis, efficitur in erat. Maecenas elementum euismod hendrerit. Mauris sagittis massa a orci.',2.00),(67,40,'Gimcul','Lorem ipsum dolor sit amet, consectetur adipiscing elit. Morbi pulvinar pharetra bibendum. Ut eget risus nec risus finibus hendrerit in non tortor. Pellentesque maximus ligula et turpis faucibus cursus. Donec vel nunc metus. Quisque sagittis mattis dui vel varius. Aliquam iaculis interdum lacinia. Nam euismod lectus id maximus sodales. Nam id magna dictum, semper nisl vel, ornare ligula. Sed condimentum metus quis leo pharetra, quis semper urna aliquam. Fusce consectetur accumsan augue sit amet iaculis. Suspendisse volutpat urna vitae fermentum eleifend. Maecenas sapien leo, gravida vitae pellentesque quis, efficitur in erat. Maecenas elementum euismod hendrerit. Mauris sagittis massa a orci.','Lorem ipsum dolor sit amet, consectetur adipiscing elit. Morbi pulvinar pharetra bibendum. Ut eget risus nec risus finibus hendrerit in non tortor. Pellentesque maximus ligula et turpis faucibus cursus. Donec vel nunc metus. Quisque sagittis mattis dui vel varius. Aliquam iaculis interdum lacinia. Nam euismod lectus id maximus sodales. Nam id magna dictum, semper nisl vel, ornare ligula. Sed condimentum metus quis leo pharetra, quis semper urna aliquam. Fusce consectetur accumsan augue sit amet iaculis. Suspendisse volutpat urna vitae fermentum eleifend. Maecenas sapien leo, gravida vitae pellentesque quis, efficitur in erat. Maecenas elementum euismod hendrerit. Mauris sagittis massa a orci.',3.00),(68,8,'Thulam','Lorem ipsum dolor sit amet, consectetur adipiscing elit. Morbi pulvinar pharetra bibendum. Ut eget risus nec risus finibus hendrerit in non tortor. Pellentesque maximus ligula et turpis faucibus cursus. Donec vel nunc metus. Quisque sagittis mattis dui vel varius. Aliquam iaculis interdum lacinia. Nam euismod lectus id maximus sodales. Nam id magna dictum, semper nisl vel, ornare ligula. Sed condimentum metus quis leo pharetra, quis semper urna aliquam. Fusce consectetur accumsan augue sit amet iaculis. Suspendisse volutpat urna vitae fermentum eleifend. Maecenas sapien leo, gravida vitae pellentesque quis, efficitur in erat. Maecenas elementum euismod hendrerit. Mauris sagittis massa a orci.','Lorem ipsum dolor sit amet, consectetur adipiscing elit. Morbi pulvinar pharetra bibendum. Ut eget risus nec risus finibus hendrerit in non tortor. Pellentesque maximus ligula et turpis faucibus cursus. Donec vel nunc metus. Quisque sagittis mattis dui vel varius. Aliquam iaculis interdum lacinia. Nam euismod lectus id maximus sodales. Nam id magna dictum, semper nisl vel, ornare ligula. Sed condimentum metus quis leo pharetra, quis semper urna aliquam. Fusce consectetur accumsan augue sit amet iaculis. Suspendisse volutpat urna vitae fermentum eleifend. Maecenas sapien leo, gravida vitae pellentesque quis, efficitur in erat. Maecenas elementum euismod hendrerit. Mauris sagittis massa a orci.',3.80),(69,7,'Hecolha','Lorem ipsum dolor sit amet, consectetur adipiscing elit. Morbi pulvinar pharetra bibendum. Ut eget risus nec risus finibus hendrerit in non tortor. Pellentesque maximus ligula et turpis faucibus cursus. Donec vel nunc metus. Quisque sagittis mattis dui vel varius. Aliquam iaculis interdum lacinia. Nam euismod lectus id maximus sodales. Nam id magna dictum, semper nisl vel, ornare ligula. Sed condimentum metus quis leo pharetra, quis semper urna aliquam. Fusce consectetur accumsan augue sit amet iaculis. Suspendisse volutpat urna vitae fermentum eleifend. Maecenas sapien leo, gravida vitae pellentesque quis, efficitur in erat. Maecenas elementum euismod hendrerit. Mauris sagittis massa a orci.','Lorem ipsum dolor sit amet, consectetur adipiscing elit. Morbi pulvinar pharetra bibendum. Ut eget risus nec risus finibus hendrerit in non tortor. Pellentesque maximus ligula et turpis faucibus cursus. Donec vel nunc metus. Quisque sagittis mattis dui vel varius. Aliquam iaculis interdum lacinia. Nam euismod lectus id maximus sodales. Nam id magna dictum, semper nisl vel, ornare ligula. Sed condimentum metus quis leo pharetra, quis semper urna aliquam. Fusce consectetur accumsan augue sit amet iaculis. Suspendisse volutpat urna vitae fermentum eleifend. Maecenas sapien leo, gravida vitae pellentesque quis, efficitur in erat. Maecenas elementum euismod hendrerit. Mauris sagittis massa a orci.',3.80),(70,42,'Ornmur','Lorem ipsum dolor sit amet, consectetur adipiscing elit. Morbi pulvinar pharetra bibendum. Ut eget risus nec risus finibus hendrerit in non tortor. Pellentesque maximus ligula et turpis faucibus cursus. Donec vel nunc metus. Quisque sagittis mattis dui vel varius. Aliquam iaculis interdum lacinia. Nam euismod lectus id maximus sodales. Nam id magna dictum, semper nisl vel, ornare ligula. Sed condimentum metus quis leo pharetra, quis semper urna aliquam. Fusce consectetur accumsan augue sit amet iaculis. Suspendisse volutpat urna vitae fermentum eleifend. Maecenas sapien leo, gravida vitae pellentesque quis, efficitur in erat. Maecenas elementum euismod hendrerit. Mauris sagittis massa a orci.','Lorem ipsum dolor sit amet, consectetur adipiscing elit. Morbi pulvinar pharetra bibendum. Ut eget risus nec risus finibus hendrerit in non tortor. Pellentesque maximus ligula et turpis faucibus cursus. Donec vel nunc metus. Quisque sagittis mattis dui vel varius. Aliquam iaculis interdum lacinia. Nam euismod lectus id maximus sodales. Nam id magna dictum, semper nisl vel, ornare ligula. Sed condimentum metus quis leo pharetra, quis semper urna aliquam. Fusce consectetur accumsan augue sit amet iaculis. Suspendisse volutpat urna vitae fermentum eleifend. Maecenas sapien leo, gravida vitae pellentesque quis, efficitur in erat. Maecenas elementum euismod hendrerit. Mauris sagittis massa a orci.',2.86),(71,73,'Lamber','Lorem ipsum dolor sit amet, consectetur adipiscing elit. Morbi pulvinar pharetra bibendum. Ut eget risus nec risus finibus hendrerit in non tortor. Pellentesque maximus ligula et turpis faucibus cursus. Donec vel nunc metus. Quisque sagittis mattis dui vel varius. Aliquam iaculis interdum lacinia. Nam euismod lectus id maximus sodales. Nam id magna dictum, semper nisl vel, ornare ligula. Sed condimentum metus quis leo pharetra, quis semper urna aliquam. Fusce consectetur accumsan augue sit amet iaculis. Suspendisse volutpat urna vitae fermentum eleifend. Maecenas sapien leo, gravida vitae pellentesque quis, efficitur in erat. Maecenas elementum euismod hendrerit. Mauris sagittis massa a orci.','Lorem ipsum dolor sit amet, consectetur adipiscing elit. Morbi pulvinar pharetra bibendum. Ut eget risus nec risus finibus hendrerit in non tortor. Pellentesque maximus ligula et turpis faucibus cursus. Donec vel nunc metus. Quisque sagittis mattis dui vel varius. Aliquam iaculis interdum lacinia. Nam euismod lectus id maximus sodales. Nam id magna dictum, semper nisl vel, ornare ligula. Sed condimentum metus quis leo pharetra, quis semper urna aliquam. Fusce consectetur accumsan augue sit amet iaculis. Suspendisse volutpat urna vitae fermentum eleifend. Maecenas sapien leo, gravida vitae pellentesque quis, efficitur in erat. Maecenas elementum euismod hendrerit. Mauris sagittis massa a orci.',2.75),(72,89,'Sulleshe','Lorem ipsum dolor sit amet, consectetur adipiscing elit. Morbi pulvinar pharetra bibendum. Ut eget risus nec risus finibus hendrerit in non tortor. Pellentesque maximus ligula et turpis faucibus cursus. Donec vel nunc metus. Quisque sagittis mattis dui vel varius. Aliquam iaculis interdum lacinia. Nam euismod lectus id maximus sodales. Nam id magna dictum, semper nisl vel, ornare ligula. Sed condimentum metus quis leo pharetra, quis semper urna aliquam. Fusce consectetur accumsan augue sit amet iaculis. Suspendisse volutpat urna vitae fermentum eleifend. Maecenas sapien leo, gravida vitae pellentesque quis, efficitur in erat. Maecenas elementum euismod hendrerit. Mauris sagittis massa a orci.','Lorem ipsum dolor sit amet, consectetur adipiscing elit. Morbi pulvinar pharetra bibendum. Ut eget risus nec risus finibus hendrerit in non tortor. Pellentesque maximus ligula et turpis faucibus cursus. Donec vel nunc metus. Quisque sagittis mattis dui vel varius. Aliquam iaculis interdum lacinia. Nam euismod lectus id maximus sodales. Nam id magna dictum, semper nisl vel, ornare ligula. Sed condimentum metus quis leo pharetra, quis semper urna aliquam. Fusce consectetur accumsan augue sit amet iaculis. Suspendisse volutpat urna vitae fermentum eleifend. Maecenas sapien leo, gravida vitae pellentesque quis, efficitur in erat. Maecenas elementum euismod hendrerit. Mauris sagittis massa a orci.',1.00),(73,12,'Lomlember','Lorem ipsum dolor sit amet, consectetur adipiscing elit. Morbi pulvinar pharetra bibendum. Ut eget risus nec risus finibus hendrerit in non tortor. Pellentesque maximus ligula et turpis faucibus cursus. Donec vel nunc metus. Quisque sagittis mattis dui vel varius. Aliquam iaculis interdum lacinia. Nam euismod lectus id maximus sodales. Nam id magna dictum, semper nisl vel, ornare ligula. Sed condimentum metus quis leo pharetra, quis semper urna aliquam. Fusce consectetur accumsan augue sit amet iaculis. Suspendisse volutpat urna vitae fermentum eleifend. Maecenas sapien leo, gravida vitae pellentesque quis, efficitur in erat. Maecenas elementum euismod hendrerit. Mauris sagittis massa a orci.','Lorem ipsum dolor sit amet, consectetur adipiscing elit. Morbi pulvinar pharetra bibendum. Ut eget risus nec risus finibus hendrerit in non tortor. Pellentesque maximus ligula et turpis faucibus cursus. Donec vel nunc metus. Quisque sagittis mattis dui vel varius. Aliquam iaculis interdum lacinia. Nam euismod lectus id maximus sodales. Nam id magna dictum, semper nisl vel, ornare ligula. Sed condimentum metus quis leo pharetra, quis semper urna aliquam. Fusce consectetur accumsan augue sit amet iaculis. Suspendisse volutpat urna vitae fermentum eleifend. Maecenas sapien leo, gravida vitae pellentesque quis, efficitur in erat. Maecenas elementum euismod hendrerit. Mauris sagittis massa a orci.',3.12),(74,57,'Loscal','Lorem ipsum dolor sit amet, consectetur adipiscing elit. Morbi pulvinar pharetra bibendum. Ut eget risus nec risus finibus hendrerit in non tortor. Pellentesque maximus ligula et turpis faucibus cursus. Donec vel nunc metus. Quisque sagittis mattis dui vel varius. Aliquam iaculis interdum lacinia. Nam euismod lectus id maximus sodales. Nam id magna dictum, semper nisl vel, ornare ligula. Sed condimentum metus quis leo pharetra, quis semper urna aliquam. Fusce consectetur accumsan augue sit amet iaculis. Suspendisse volutpat urna vitae fermentum eleifend. Maecenas sapien leo, gravida vitae pellentesque quis, efficitur in erat. Maecenas elementum euismod hendrerit. Mauris sagittis massa a orci.','Lorem ipsum dolor sit amet, consectetur adipiscing elit. Morbi pulvinar pharetra bibendum. Ut eget risus nec risus finibus hendrerit in non tortor. Pellentesque maximus ligula et turpis faucibus cursus. Donec vel nunc metus. Quisque sagittis mattis dui vel varius. Aliquam iaculis interdum lacinia. Nam euismod lectus id maximus sodales. Nam id magna dictum, semper nisl vel, ornare ligula. Sed condimentum metus quis leo pharetra, quis semper urna aliquam. Fusce consectetur accumsan augue sit amet iaculis. Suspendisse volutpat urna vitae fermentum eleifend. Maecenas sapien leo, gravida vitae pellentesque quis, efficitur in erat. Maecenas elementum euismod hendrerit. Mauris sagittis massa a orci.',2.44),(75,55,'Calornthilog','Lorem ipsum dolor sit amet, consectetur adipiscing elit. Morbi pulvinar pharetra bibendum. Ut eget risus nec risus finibus hendrerit in non tortor. Pellentesque maximus ligula et turpis faucibus cursus. Donec vel nunc metus. Quisque sagittis mattis dui vel varius. Aliquam iaculis interdum lacinia. Nam euismod lectus id maximus sodales. Nam id magna dictum, semper nisl vel, ornare ligula. Sed condimentum metus quis leo pharetra, quis semper urna aliquam. Fusce consectetur accumsan augue sit amet iaculis. Suspendisse volutpat urna vitae fermentum eleifend. Maecenas sapien leo, gravida vitae pellentesque quis, efficitur in erat. Maecenas elementum euismod hendrerit. Mauris sagittis massa a orci.','Lorem ipsum dolor sit amet, consectetur adipiscing elit. Morbi pulvinar pharetra bibendum. Ut eget risus nec risus finibus hendrerit in non tortor. Pellentesque maximus ligula et turpis faucibus cursus. Donec vel nunc metus. Quisque sagittis mattis dui vel varius. Aliquam iaculis interdum lacinia. Nam euismod lectus id maximus sodales. Nam id magna dictum, semper nisl vel, ornare ligula. Sed condimentum metus quis leo pharetra, quis semper urna aliquam. Fusce consectetur accumsan augue sit amet iaculis. Suspendisse volutpat urna vitae fermentum eleifend. Maecenas sapien leo, gravida vitae pellentesque quis, efficitur in erat. Maecenas elementum euismod hendrerit. Mauris sagittis massa a orci.',1.50),(76,46,'Limlesgam','Lorem ipsum dolor sit amet, consectetur adipiscing elit. Morbi pulvinar pharetra bibendum. Ut eget risus nec risus finibus hendrerit in non tortor. Pellentesque maximus ligula et turpis faucibus cursus. Donec vel nunc metus. Quisque sagittis mattis dui vel varius. Aliquam iaculis interdum lacinia. Nam euismod lectus id maximus sodales. Nam id magna dictum, semper nisl vel, ornare ligula. Sed condimentum metus quis leo pharetra, quis semper urna aliquam. Fusce consectetur accumsan augue sit amet iaculis. Suspendisse volutpat urna vitae fermentum eleifend. Maecenas sapien leo, gravida vitae pellentesque quis, efficitur in erat. Maecenas elementum euismod hendrerit. Mauris sagittis massa a orci.','Lorem ipsum dolor sit amet, consectetur adipiscing elit. Morbi pulvinar pharetra bibendum. Ut eget risus nec risus finibus hendrerit in non tortor. Pellentesque maximus ligula et turpis faucibus cursus. Donec vel nunc metus. Quisque sagittis mattis dui vel varius. Aliquam iaculis interdum lacinia. Nam euismod lectus id maximus sodales. Nam id magna dictum, semper nisl vel, ornare ligula. Sed condimentum metus quis leo pharetra, quis semper urna aliquam. Fusce consectetur accumsan augue sit amet iaculis. Suspendisse volutpat urna vitae fermentum eleifend. Maecenas sapien leo, gravida vitae pellentesque quis, efficitur in erat. Maecenas elementum euismod hendrerit. Mauris sagittis massa a orci.',2.40),(77,96,'Thigomcul','Lorem ipsum dolor sit amet, consectetur adipiscing elit. Morbi pulvinar pharetra bibendum. Ut eget risus nec risus finibus hendrerit in non tortor. Pellentesque maximus ligula et turpis faucibus cursus. Donec vel nunc metus. Quisque sagittis mattis dui vel varius. Aliquam iaculis interdum lacinia. Nam euismod lectus id maximus sodales. Nam id magna dictum, semper nisl vel, ornare ligula. Sed condimentum metus quis leo pharetra, quis semper urna aliquam. Fusce consectetur accumsan augue sit amet iaculis. Suspendisse volutpat urna vitae fermentum eleifend. Maecenas sapien leo, gravida vitae pellentesque quis, efficitur in erat. Maecenas elementum euismod hendrerit. Mauris sagittis massa a orci.','Lorem ipsum dolor sit amet, consectetur adipiscing elit. Morbi pulvinar pharetra bibendum. Ut eget risus nec risus finibus hendrerit in non tortor. Pellentesque maximus ligula et turpis faucibus cursus. Donec vel nunc metus. Quisque sagittis mattis dui vel varius. Aliquam iaculis interdum lacinia. Nam euismod lectus id maximus sodales. Nam id magna dictum, semper nisl vel, ornare ligula. Sed condimentum metus quis leo pharetra, quis semper urna aliquam. Fusce consectetur accumsan augue sit amet iaculis. Suspendisse volutpat urna vitae fermentum eleifend. Maecenas sapien leo, gravida vitae pellentesque quis, efficitur in erat. Maecenas elementum euismod hendrerit. Mauris sagittis massa a orci.',2.75),(78,42,'Laglyslomlis','Lorem ipsum dolor sit amet, consectetur adipiscing elit. Morbi pulvinar pharetra bibendum. Ut eget risus nec risus finibus hendrerit in non tortor. Pellentesque maximus ligula et turpis faucibus cursus. Donec vel nunc metus. Quisque sagittis mattis dui vel varius. Aliquam iaculis interdum lacinia. Nam euismod lectus id maximus sodales. Nam id magna dictum, semper nisl vel, ornare ligula. Sed condimentum metus quis leo pharetra, quis semper urna aliquam. Fusce consectetur accumsan augue sit amet iaculis. Suspendisse volutpat urna vitae fermentum eleifend. Maecenas sapien leo, gravida vitae pellentesque quis, efficitur in erat. Maecenas elementum euismod hendrerit. Mauris sagittis massa a orci.','Lorem ipsum dolor sit amet, consectetur adipiscing elit. Morbi pulvinar pharetra bibendum. Ut eget risus nec risus finibus hendrerit in non tortor. Pellentesque maximus ligula et turpis faucibus cursus. Donec vel nunc metus. Quisque sagittis mattis dui vel varius. Aliquam iaculis interdum lacinia. Nam euismod lectus id maximus sodales. Nam id magna dictum, semper nisl vel, ornare ligula. Sed condimentum metus quis leo pharetra, quis semper urna aliquam. Fusce consectetur accumsan augue sit amet iaculis. Suspendisse volutpat urna vitae fermentum eleifend. Maecenas sapien leo, gravida vitae pellentesque quis, efficitur in erat. Maecenas elementum euismod hendrerit. Mauris sagittis massa a orci.',1.33),(79,83,'Erngomlig','Lorem ipsum dolor sit amet, consectetur adipiscing elit. Morbi pulvinar pharetra bibendum. Ut eget risus nec risus finibus hendrerit in non tortor. Pellentesque maximus ligula et turpis faucibus cursus. Donec vel nunc metus. Quisque sagittis mattis dui vel varius. Aliquam iaculis interdum lacinia. Nam euismod lectus id maximus sodales. Nam id magna dictum, semper nisl vel, ornare ligula. Sed condimentum metus quis leo pharetra, quis semper urna aliquam. Fusce consectetur accumsan augue sit amet iaculis. Suspendisse volutpat urna vitae fermentum eleifend. Maecenas sapien leo, gravida vitae pellentesque quis, efficitur in erat. Maecenas elementum euismod hendrerit. Mauris sagittis massa a orci.','Lorem ipsum dolor sit amet, consectetur adipiscing elit. Morbi pulvinar pharetra bibendum. Ut eget risus nec risus finibus hendrerit in non tortor. Pellentesque maximus ligula et turpis faucibus cursus. Donec vel nunc metus. Quisque sagittis mattis dui vel varius. Aliquam iaculis interdum lacinia. Nam euismod lectus id maximus sodales. Nam id magna dictum, semper nisl vel, ornare ligula. Sed condimentum metus quis leo pharetra, quis semper urna aliquam. Fusce consectetur accumsan augue sit amet iaculis. Suspendisse volutpat urna vitae fermentum eleifend. Maecenas sapien leo, gravida vitae pellentesque quis, efficitur in erat. Maecenas elementum euismod hendrerit. Mauris sagittis massa a orci.',1.50),(80,71,'Gamlusmorcol','Lorem ipsum dolor sit amet, consectetur adipiscing elit. Morbi pulvinar pharetra bibendum. Ut eget risus nec risus finibus hendrerit in non tortor. Pellentesque maximus ligula et turpis faucibus cursus. Donec vel nunc metus. Quisque sagittis mattis dui vel varius. Aliquam iaculis interdum lacinia. Nam euismod lectus id maximus sodales. Nam id magna dictum, semper nisl vel, ornare ligula. Sed condimentum metus quis leo pharetra, quis semper urna aliquam. Fusce consectetur accumsan augue sit amet iaculis. Suspendisse volutpat urna vitae fermentum eleifend. Maecenas sapien leo, gravida vitae pellentesque quis, efficitur in erat. Maecenas elementum euismod hendrerit. Mauris sagittis massa a orci.','Lorem ipsum dolor sit amet, consectetur adipiscing elit. Morbi pulvinar pharetra bibendum. Ut eget risus nec risus finibus hendrerit in non tortor. Pellentesque maximus ligula et turpis faucibus cursus. Donec vel nunc metus. Quisque sagittis mattis dui vel varius. Aliquam iaculis interdum lacinia. Nam euismod lectus id maximus sodales. Nam id magna dictum, semper nisl vel, ornare ligula. Sed condimentum metus quis leo pharetra, quis semper urna aliquam. Fusce consectetur accumsan augue sit amet iaculis. Suspendisse volutpat urna vitae fermentum eleifend. Maecenas sapien leo, gravida vitae pellentesque quis, efficitur in erat. Maecenas elementum euismod hendrerit. Mauris sagittis massa a orci.',3.33),(81,94,'Syllag','Lorem ipsum dolor sit amet, consectetur adipiscing elit. Morbi pulvinar pharetra bibendum. Ut eget risus nec risus finibus hendrerit in non tortor. Pellentesque maximus ligula et turpis faucibus cursus. Donec vel nunc metus. Quisque sagittis mattis dui vel varius. Aliquam iaculis interdum lacinia. Nam euismod lectus id maximus sodales. Nam id magna dictum, semper nisl vel, ornare ligula. Sed condimentum metus quis leo pharetra, quis semper urna aliquam. Fusce consectetur accumsan augue sit amet iaculis. Suspendisse volutpat urna vitae fermentum eleifend. Maecenas sapien leo, gravida vitae pellentesque quis, efficitur in erat. Maecenas elementum euismod hendrerit. Mauris sagittis massa a orci.','Lorem ipsum dolor sit amet, consectetur adipiscing elit. Morbi pulvinar pharetra bibendum. Ut eget risus nec risus finibus hendrerit in non tortor. Pellentesque maximus ligula et turpis faucibus cursus. Donec vel nunc metus. Quisque sagittis mattis dui vel varius. Aliquam iaculis interdum lacinia. Nam euismod lectus id maximus sodales. Nam id magna dictum, semper nisl vel, ornare ligula. Sed condimentum metus quis leo pharetra, quis semper urna aliquam. Fusce consectetur accumsan augue sit amet iaculis. Suspendisse volutpat urna vitae fermentum eleifend. Maecenas sapien leo, gravida vitae pellentesque quis, efficitur in erat. Maecenas elementum euismod hendrerit. Mauris sagittis massa a orci.',1.00),(82,84,'Hothoirnlug','Lorem ipsum dolor sit amet, consectetur adipiscing elit. Morbi pulvinar pharetra bibendum. Ut eget risus nec risus finibus hendrerit in non tortor. Pellentesque maximus ligula et turpis faucibus cursus. Donec vel nunc metus. Quisque sagittis mattis dui vel varius. Aliquam iaculis interdum lacinia. Nam euismod lectus id maximus sodales. Nam id magna dictum, semper nisl vel, ornare ligula. Sed condimentum metus quis leo pharetra, quis semper urna aliquam. Fusce consectetur accumsan augue sit amet iaculis. Suspendisse volutpat urna vitae fermentum eleifend. Maecenas sapien leo, gravida vitae pellentesque quis, efficitur in erat. Maecenas elementum euismod hendrerit. Mauris sagittis massa a orci.','Lorem ipsum dolor sit amet, consectetur adipiscing elit. Morbi pulvinar pharetra bibendum. Ut eget risus nec risus finibus hendrerit in non tortor. Pellentesque maximus ligula et turpis faucibus cursus. Donec vel nunc metus. Quisque sagittis mattis dui vel varius. Aliquam iaculis interdum lacinia. Nam euismod lectus id maximus sodales. Nam id magna dictum, semper nisl vel, ornare ligula. Sed condimentum metus quis leo pharetra, quis semper urna aliquam. Fusce consectetur accumsan augue sit amet iaculis. Suspendisse volutpat urna vitae fermentum eleifend. Maecenas sapien leo, gravida vitae pellentesque quis, efficitur in erat. Maecenas elementum euismod hendrerit. Mauris sagittis massa a orci.',3.00),(83,72,'Hesolmar','Lorem ipsum dolor sit amet, consectetur adipiscing elit. Morbi pulvinar pharetra bibendum. Ut eget risus nec risus finibus hendrerit in non tortor. Pellentesque maximus ligula et turpis faucibus cursus. Donec vel nunc metus. Quisque sagittis mattis dui vel varius. Aliquam iaculis interdum lacinia. Nam euismod lectus id maximus sodales. Nam id magna dictum, semper nisl vel, ornare ligula. Sed condimentum metus quis leo pharetra, quis semper urna aliquam. Fusce consectetur accumsan augue sit amet iaculis. Suspendisse volutpat urna vitae fermentum eleifend. Maecenas sapien leo, gravida vitae pellentesque quis, efficitur in erat. Maecenas elementum euismod hendrerit. Mauris sagittis massa a orci.','Lorem ipsum dolor sit amet, consectetur adipiscing elit. Morbi pulvinar pharetra bibendum. Ut eget risus nec risus finibus hendrerit in non tortor. Pellentesque maximus ligula et turpis faucibus cursus. Donec vel nunc metus. Quisque sagittis mattis dui vel varius. Aliquam iaculis interdum lacinia. Nam euismod lectus id maximus sodales. Nam id magna dictum, semper nisl vel, ornare ligula. Sed condimentum metus quis leo pharetra, quis semper urna aliquam. Fusce consectetur accumsan augue sit amet iaculis. Suspendisse volutpat urna vitae fermentum eleifend. Maecenas sapien leo, gravida vitae pellentesque quis, efficitur in erat. Maecenas elementum euismod hendrerit. Mauris sagittis massa a orci.',3.40),(84,84,'Lugcul','Lorem ipsum dolor sit amet, consectetur adipiscing elit. Morbi pulvinar pharetra bibendum. Ut eget risus nec risus finibus hendrerit in non tortor. Pellentesque maximus ligula et turpis faucibus cursus. Donec vel nunc metus. Quisque sagittis mattis dui vel varius. Aliquam iaculis interdum lacinia. Nam euismod lectus id maximus sodales. Nam id magna dictum, semper nisl vel, ornare ligula. Sed condimentum metus quis leo pharetra, quis semper urna aliquam. Fusce consectetur accumsan augue sit amet iaculis. Suspendisse volutpat urna vitae fermentum eleifend. Maecenas sapien leo, gravida vitae pellentesque quis, efficitur in erat. Maecenas elementum euismod hendrerit. Mauris sagittis massa a orci.','Lorem ipsum dolor sit amet, consectetur adipiscing elit. Morbi pulvinar pharetra bibendum. Ut eget risus nec risus finibus hendrerit in non tortor. Pellentesque maximus ligula et turpis faucibus cursus. Donec vel nunc metus. Quisque sagittis mattis dui vel varius. Aliquam iaculis interdum lacinia. Nam euismod lectus id maximus sodales. Nam id magna dictum, semper nisl vel, ornare ligula. Sed condimentum metus quis leo pharetra, quis semper urna aliquam. Fusce consectetur accumsan augue sit amet iaculis. Suspendisse volutpat urna vitae fermentum eleifend. Maecenas sapien leo, gravida vitae pellentesque quis, efficitur in erat. Maecenas elementum euismod hendrerit. Mauris sagittis massa a orci.',3.67),(85,2,'Thicolthu','Lorem ipsum dolor sit amet, consectetur adipiscing elit. Morbi pulvinar pharetra bibendum. Ut eget risus nec risus finibus hendrerit in non tortor. Pellentesque maximus ligula et turpis faucibus cursus. Donec vel nunc metus. Quisque sagittis mattis dui vel varius. Aliquam iaculis interdum lacinia. Nam euismod lectus id maximus sodales. Nam id magna dictum, semper nisl vel, ornare ligula. Sed condimentum metus quis leo pharetra, quis semper urna aliquam. Fusce consectetur accumsan augue sit amet iaculis. Suspendisse volutpat urna vitae fermentum eleifend. Maecenas sapien leo, gravida vitae pellentesque quis, efficitur in erat. Maecenas elementum euismod hendrerit. Mauris sagittis massa a orci.','Lorem ipsum dolor sit amet, consectetur adipiscing elit. Morbi pulvinar pharetra bibendum. Ut eget risus nec risus finibus hendrerit in non tortor. Pellentesque maximus ligula et turpis faucibus cursus. Donec vel nunc metus. Quisque sagittis mattis dui vel varius. Aliquam iaculis interdum lacinia. Nam euismod lectus id maximus sodales. Nam id magna dictum, semper nisl vel, ornare ligula. Sed condimentum metus quis leo pharetra, quis semper urna aliquam. Fusce consectetur accumsan augue sit amet iaculis. Suspendisse volutpat urna vitae fermentum eleifend. Maecenas sapien leo, gravida vitae pellentesque quis, efficitur in erat. Maecenas elementum euismod hendrerit. Mauris sagittis massa a orci.',2.50),(86,40,'Narlescul','Lorem ipsum dolor sit amet, consectetur adipiscing elit. Morbi pulvinar pharetra bibendum. Ut eget risus nec risus finibus hendrerit in non tortor. Pellentesque maximus ligula et turpis faucibus cursus. Donec vel nunc metus. Quisque sagittis mattis dui vel varius. Aliquam iaculis interdum lacinia. Nam euismod lectus id maximus sodales. Nam id magna dictum, semper nisl vel, ornare ligula. Sed condimentum metus quis leo pharetra, quis semper urna aliquam. Fusce consectetur accumsan augue sit amet iaculis. Suspendisse volutpat urna vitae fermentum eleifend. Maecenas sapien leo, gravida vitae pellentesque quis, efficitur in erat. Maecenas elementum euismod hendrerit. Mauris sagittis massa a orci.','Lorem ipsum dolor sit amet, consectetur adipiscing elit. Morbi pulvinar pharetra bibendum. Ut eget risus nec risus finibus hendrerit in non tortor. Pellentesque maximus ligula et turpis faucibus cursus. Donec vel nunc metus. Quisque sagittis mattis dui vel varius. Aliquam iaculis interdum lacinia. Nam euismod lectus id maximus sodales. Nam id magna dictum, semper nisl vel, ornare ligula. Sed condimentum metus quis leo pharetra, quis semper urna aliquam. Fusce consectetur accumsan augue sit amet iaculis. Suspendisse volutpat urna vitae fermentum eleifend. Maecenas sapien leo, gravida vitae pellentesque quis, efficitur in erat. Maecenas elementum euismod hendrerit. Mauris sagittis massa a orci.',3.50),(87,66,'Nirmersolurn','Lorem ipsum dolor sit amet, consectetur adipiscing elit. Morbi pulvinar pharetra bibendum. Ut eget risus nec risus finibus hendrerit in non tortor. Pellentesque maximus ligula et turpis faucibus cursus. Donec vel nunc metus. Quisque sagittis mattis dui vel varius. Aliquam iaculis interdum lacinia. Nam euismod lectus id maximus sodales. Nam id magna dictum, semper nisl vel, ornare ligula. Sed condimentum metus quis leo pharetra, quis semper urna aliquam. Fusce consectetur accumsan augue sit amet iaculis. Suspendisse volutpat urna vitae fermentum eleifend. Maecenas sapien leo, gravida vitae pellentesque quis, efficitur in erat. Maecenas elementum euismod hendrerit. Mauris sagittis massa a orci.','Lorem ipsum dolor sit amet, consectetur adipiscing elit. Morbi pulvinar pharetra bibendum. Ut eget risus nec risus finibus hendrerit in non tortor. Pellentesque maximus ligula et turpis faucibus cursus. Donec vel nunc metus. Quisque sagittis mattis dui vel varius. Aliquam iaculis interdum lacinia. Nam euismod lectus id maximus sodales. Nam id magna dictum, semper nisl vel, ornare ligula. Sed condimentum metus quis leo pharetra, quis semper urna aliquam. Fusce consectetur accumsan augue sit amet iaculis. Suspendisse volutpat urna vitae fermentum eleifend. Maecenas sapien leo, gravida vitae pellentesque quis, efficitur in erat. Maecenas elementum euismod hendrerit. Mauris sagittis massa a orci.',2.33),(88,94,'Logcel','Lorem ipsum dolor sit amet, consectetur adipiscing elit. Morbi pulvinar pharetra bibendum. Ut eget risus nec risus finibus hendrerit in non tortor. Pellentesque maximus ligula et turpis faucibus cursus. Donec vel nunc metus. Quisque sagittis mattis dui vel varius. Aliquam iaculis interdum lacinia. Nam euismod lectus id maximus sodales. Nam id magna dictum, semper nisl vel, ornare ligula. Sed condimentum metus quis leo pharetra, quis semper urna aliquam. Fusce consectetur accumsan augue sit amet iaculis. Suspendisse volutpat urna vitae fermentum eleifend. Maecenas sapien leo, gravida vitae pellentesque quis, efficitur in erat. Maecenas elementum euismod hendrerit. Mauris sagittis massa a orci.','Lorem ipsum dolor sit amet, consectetur adipiscing elit. Morbi pulvinar pharetra bibendum. Ut eget risus nec risus finibus hendrerit in non tortor. Pellentesque maximus ligula et turpis faucibus cursus. Donec vel nunc metus. Quisque sagittis mattis dui vel varius. Aliquam iaculis interdum lacinia. Nam euismod lectus id maximus sodales. Nam id magna dictum, semper nisl vel, ornare ligula. Sed condimentum metus quis leo pharetra, quis semper urna aliquam. Fusce consectetur accumsan augue sit amet iaculis. Suspendisse volutpat urna vitae fermentum eleifend. Maecenas sapien leo, gravida vitae pellentesque quis, efficitur in erat. Maecenas elementum euismod hendrerit. Mauris sagittis massa a orci.',3.40),(89,93,'Lasloglag','Lorem ipsum dolor sit amet, consectetur adipiscing elit. Morbi pulvinar pharetra bibendum. Ut eget risus nec risus finibus hendrerit in non tortor. Pellentesque maximus ligula et turpis faucibus cursus. Donec vel nunc metus. Quisque sagittis mattis dui vel varius. Aliquam iaculis interdum lacinia. Nam euismod lectus id maximus sodales. Nam id magna dictum, semper nisl vel, ornare ligula. Sed condimentum metus quis leo pharetra, quis semper urna aliquam. Fusce consectetur accumsan augue sit amet iaculis. Suspendisse volutpat urna vitae fermentum eleifend. Maecenas sapien leo, gravida vitae pellentesque quis, efficitur in erat. Maecenas elementum euismod hendrerit. Mauris sagittis massa a orci.','Lorem ipsum dolor sit amet, consectetur adipiscing elit. Morbi pulvinar pharetra bibendum. Ut eget risus nec risus finibus hendrerit in non tortor. Pellentesque maximus ligula et turpis faucibus cursus. Donec vel nunc metus. Quisque sagittis mattis dui vel varius. Aliquam iaculis interdum lacinia. Nam euismod lectus id maximus sodales. Nam id magna dictum, semper nisl vel, ornare ligula. Sed condimentum metus quis leo pharetra, quis semper urna aliquam. Fusce consectetur accumsan augue sit amet iaculis. Suspendisse volutpat urna vitae fermentum eleifend. Maecenas sapien leo, gravida vitae pellentesque quis, efficitur in erat. Maecenas elementum euismod hendrerit. Mauris sagittis massa a orci.',3.00),(90,94,'Lessellamyrn','Lorem ipsum dolor sit amet, consectetur adipiscing elit. Morbi pulvinar pharetra bibendum. Ut eget risus nec risus finibus hendrerit in non tortor. Pellentesque maximus ligula et turpis faucibus cursus. Donec vel nunc metus. Quisque sagittis mattis dui vel varius. Aliquam iaculis interdum lacinia. Nam euismod lectus id maximus sodales. Nam id magna dictum, semper nisl vel, ornare ligula. Sed condimentum metus quis leo pharetra, quis semper urna aliquam. Fusce consectetur accumsan augue sit amet iaculis. Suspendisse volutpat urna vitae fermentum eleifend. Maecenas sapien leo, gravida vitae pellentesque quis, efficitur in erat. Maecenas elementum euismod hendrerit. Mauris sagittis massa a orci.','Lorem ipsum dolor sit amet, consectetur adipiscing elit. Morbi pulvinar pharetra bibendum. Ut eget risus nec risus finibus hendrerit in non tortor. Pellentesque maximus ligula et turpis faucibus cursus. Donec vel nunc metus. Quisque sagittis mattis dui vel varius. Aliquam iaculis interdum lacinia. Nam euismod lectus id maximus sodales. Nam id magna dictum, semper nisl vel, ornare ligula. Sed condimentum metus quis leo pharetra, quis semper urna aliquam. Fusce consectetur accumsan augue sit amet iaculis. Suspendisse volutpat urna vitae fermentum eleifend. Maecenas sapien leo, gravida vitae pellentesque quis, efficitur in erat. Maecenas elementum euismod hendrerit. Mauris sagittis massa a orci.',3.75),(91,20,'Gymlys','Lorem ipsum dolor sit amet, consectetur adipiscing elit. Morbi pulvinar pharetra bibendum. Ut eget risus nec risus finibus hendrerit in non tortor. Pellentesque maximus ligula et turpis faucibus cursus. Donec vel nunc metus. Quisque sagittis mattis dui vel varius. Aliquam iaculis interdum lacinia. Nam euismod lectus id maximus sodales. Nam id magna dictum, semper nisl vel, ornare ligula. Sed condimentum metus quis leo pharetra, quis semper urna aliquam. Fusce consectetur accumsan augue sit amet iaculis. Suspendisse volutpat urna vitae fermentum eleifend. Maecenas sapien leo, gravida vitae pellentesque quis, efficitur in erat. Maecenas elementum euismod hendrerit. Mauris sagittis massa a orci.','Lorem ipsum dolor sit amet, consectetur adipiscing elit. Morbi pulvinar pharetra bibendum. Ut eget risus nec risus finibus hendrerit in non tortor. Pellentesque maximus ligula et turpis faucibus cursus. Donec vel nunc metus. Quisque sagittis mattis dui vel varius. Aliquam iaculis interdum lacinia. Nam euismod lectus id maximus sodales. Nam id magna dictum, semper nisl vel, ornare ligula. Sed condimentum metus quis leo pharetra, quis semper urna aliquam. Fusce consectetur accumsan augue sit amet iaculis. Suspendisse volutpat urna vitae fermentum eleifend. Maecenas sapien leo, gravida vitae pellentesque quis, efficitur in erat. Maecenas elementum euismod hendrerit. Mauris sagittis massa a orci.',3.38),(92,33,'Thasal','Lorem ipsum dolor sit amet, consectetur adipiscing elit. Morbi pulvinar pharetra bibendum. Ut eget risus nec risus finibus hendrerit in non tortor. Pellentesque maximus ligula et turpis faucibus cursus. Donec vel nunc metus. Quisque sagittis mattis dui vel varius. Aliquam iaculis interdum lacinia. Nam euismod lectus id maximus sodales. Nam id magna dictum, semper nisl vel, ornare ligula. Sed condimentum metus quis leo pharetra, quis semper urna aliquam. Fusce consectetur accumsan augue sit amet iaculis. Suspendisse volutpat urna vitae fermentum eleifend. Maecenas sapien leo, gravida vitae pellentesque quis, efficitur in erat. Maecenas elementum euismod hendrerit. Mauris sagittis massa a orci.','Lorem ipsum dolor sit amet, consectetur adipiscing elit. Morbi pulvinar pharetra bibendum. Ut eget risus nec risus finibus hendrerit in non tortor. Pellentesque maximus ligula et turpis faucibus cursus. Donec vel nunc metus. Quisque sagittis mattis dui vel varius. Aliquam iaculis interdum lacinia. Nam euismod lectus id maximus sodales. Nam id magna dictum, semper nisl vel, ornare ligula. Sed condimentum metus quis leo pharetra, quis semper urna aliquam. Fusce consectetur accumsan augue sit amet iaculis. Suspendisse volutpat urna vitae fermentum eleifend. Maecenas sapien leo, gravida vitae pellentesque quis, efficitur in erat. Maecenas elementum euismod hendrerit. Mauris sagittis massa a orci.',3.50),(93,9,'Silurnsellag','Lorem ipsum dolor sit amet, consectetur adipiscing elit. Morbi pulvinar pharetra bibendum. Ut eget risus nec risus finibus hendrerit in non tortor. Pellentesque maximus ligula et turpis faucibus cursus. Donec vel nunc metus. Quisque sagittis mattis dui vel varius. Aliquam iaculis interdum lacinia. Nam euismod lectus id maximus sodales. Nam id magna dictum, semper nisl vel, ornare ligula. Sed condimentum metus quis leo pharetra, quis semper urna aliquam. Fusce consectetur accumsan augue sit amet iaculis. Suspendisse volutpat urna vitae fermentum eleifend. Maecenas sapien leo, gravida vitae pellentesque quis, efficitur in erat. Maecenas elementum euismod hendrerit. Mauris sagittis massa a orci.','Lorem ipsum dolor sit amet, consectetur adipiscing elit. Morbi pulvinar pharetra bibendum. Ut eget risus nec risus finibus hendrerit in non tortor. Pellentesque maximus ligula et turpis faucibus cursus. Donec vel nunc metus. Quisque sagittis mattis dui vel varius. Aliquam iaculis interdum lacinia. Nam euismod lectus id maximus sodales. Nam id magna dictum, semper nisl vel, ornare ligula. Sed condimentum metus quis leo pharetra, quis semper urna aliquam. Fusce consectetur accumsan augue sit amet iaculis. Suspendisse volutpat urna vitae fermentum eleifend. Maecenas sapien leo, gravida vitae pellentesque quis, efficitur in erat. Maecenas elementum euismod hendrerit. Mauris sagittis massa a orci.',1.67),(94,70,'Hallloslysbur','Lorem ipsum dolor sit amet, consectetur adipiscing elit. Morbi pulvinar pharetra bibendum. Ut eget risus nec risus finibus hendrerit in non tortor. Pellentesque maximus ligula et turpis faucibus cursus. Donec vel nunc metus. Quisque sagittis mattis dui vel varius. Aliquam iaculis interdum lacinia. Nam euismod lectus id maximus sodales. Nam id magna dictum, semper nisl vel, ornare ligula. Sed condimentum metus quis leo pharetra, quis semper urna aliquam. Fusce consectetur accumsan augue sit amet iaculis. Suspendisse volutpat urna vitae fermentum eleifend. Maecenas sapien leo, gravida vitae pellentesque quis, efficitur in erat. Maecenas elementum euismod hendrerit. Mauris sagittis massa a orci.','Lorem ipsum dolor sit amet, consectetur adipiscing elit. Morbi pulvinar pharetra bibendum. Ut eget risus nec risus finibus hendrerit in non tortor. Pellentesque maximus ligula et turpis faucibus cursus. Donec vel nunc metus. Quisque sagittis mattis dui vel varius. Aliquam iaculis interdum lacinia. Nam euismod lectus id maximus sodales. Nam id magna dictum, semper nisl vel, ornare ligula. Sed condimentum metus quis leo pharetra, quis semper urna aliquam. Fusce consectetur accumsan augue sit amet iaculis. Suspendisse volutpat urna vitae fermentum eleifend. Maecenas sapien leo, gravida vitae pellentesque quis, efficitur in erat. Maecenas elementum euismod hendrerit. Mauris sagittis massa a orci.',3.57),(95,63,'Ligbir','Lorem ipsum dolor sit amet, consectetur adipiscing elit. Morbi pulvinar pharetra bibendum. Ut eget risus nec risus finibus hendrerit in non tortor. Pellentesque maximus ligula et turpis faucibus cursus. Donec vel nunc metus. Quisque sagittis mattis dui vel varius. Aliquam iaculis interdum lacinia. Nam euismod lectus id maximus sodales. Nam id magna dictum, semper nisl vel, ornare ligula. Sed condimentum metus quis leo pharetra, quis semper urna aliquam. Fusce consectetur accumsan augue sit amet iaculis. Suspendisse volutpat urna vitae fermentum eleifend. Maecenas sapien leo, gravida vitae pellentesque quis, efficitur in erat. Maecenas elementum euismod hendrerit. Mauris sagittis massa a orci.','Lorem ipsum dolor sit amet, consectetur adipiscing elit. Morbi pulvinar pharetra bibendum. Ut eget risus nec risus finibus hendrerit in non tortor. Pellentesque maximus ligula et turpis faucibus cursus. Donec vel nunc metus. Quisque sagittis mattis dui vel varius. Aliquam iaculis interdum lacinia. Nam euismod lectus id maximus sodales. Nam id magna dictum, semper nisl vel, ornare ligula. Sed condimentum metus quis leo pharetra, quis semper urna aliquam. Fusce consectetur accumsan augue sit amet iaculis. Suspendisse volutpat urna vitae fermentum eleifend. Maecenas sapien leo, gravida vitae pellentesque quis, efficitur in erat. Maecenas elementum euismod hendrerit. Mauris sagittis massa a orci.',3.25),(96,61,'Burcylcel','Lorem ipsum dolor sit amet, consectetur adipiscing elit. Morbi pulvinar pharetra bibendum. Ut eget risus nec risus finibus hendrerit in non tortor. Pellentesque maximus ligula et turpis faucibus cursus. Donec vel nunc metus. Quisque sagittis mattis dui vel varius. Aliquam iaculis interdum lacinia. Nam euismod lectus id maximus sodales. Nam id magna dictum, semper nisl vel, ornare ligula. Sed condimentum metus quis leo pharetra, quis semper urna aliquam. Fusce consectetur accumsan augue sit amet iaculis. Suspendisse volutpat urna vitae fermentum eleifend. Maecenas sapien leo, gravida vitae pellentesque quis, efficitur in erat. Maecenas elementum euismod hendrerit. Mauris sagittis massa a orci.','Lorem ipsum dolor sit amet, consectetur adipiscing elit. Morbi pulvinar pharetra bibendum. Ut eget risus nec risus finibus hendrerit in non tortor. Pellentesque maximus ligula et turpis faucibus cursus. Donec vel nunc metus. Quisque sagittis mattis dui vel varius. Aliquam iaculis interdum lacinia. Nam euismod lectus id maximus sodales. Nam id magna dictum, semper nisl vel, ornare ligula. Sed condimentum metus quis leo pharetra, quis semper urna aliquam. Fusce consectetur accumsan augue sit amet iaculis. Suspendisse volutpat urna vitae fermentum eleifend. Maecenas sapien leo, gravida vitae pellentesque quis, efficitur in erat. Maecenas elementum euismod hendrerit. Mauris sagittis massa a orci.',3.38),(97,98,'Narlisho','Lorem ipsum dolor sit amet, consectetur adipiscing elit. Morbi pulvinar pharetra bibendum. Ut eget risus nec risus finibus hendrerit in non tortor. Pellentesque maximus ligula et turpis faucibus cursus. Donec vel nunc metus. Quisque sagittis mattis dui vel varius. Aliquam iaculis interdum lacinia. Nam euismod lectus id maximus sodales. Nam id magna dictum, semper nisl vel, ornare ligula. Sed condimentum metus quis leo pharetra, quis semper urna aliquam. Fusce consectetur accumsan augue sit amet iaculis. Suspendisse volutpat urna vitae fermentum eleifend. Maecenas sapien leo, gravida vitae pellentesque quis, efficitur in erat. Maecenas elementum euismod hendrerit. Mauris sagittis massa a orci.','Lorem ipsum dolor sit amet, consectetur adipiscing elit. Morbi pulvinar pharetra bibendum. Ut eget risus nec risus finibus hendrerit in non tortor. Pellentesque maximus ligula et turpis faucibus cursus. Donec vel nunc metus. Quisque sagittis mattis dui vel varius. Aliquam iaculis interdum lacinia. Nam euismod lectus id maximus sodales. Nam id magna dictum, semper nisl vel, ornare ligula. Sed condimentum metus quis leo pharetra, quis semper urna aliquam. Fusce consectetur accumsan augue sit amet iaculis. Suspendisse volutpat urna vitae fermentum eleifend. Maecenas sapien leo, gravida vitae pellentesque quis, efficitur in erat. Maecenas elementum euismod hendrerit. Mauris sagittis massa a orci.',3.33),(98,48,'Hosal','Lorem ipsum dolor sit amet, consectetur adipiscing elit. Morbi pulvinar pharetra bibendum. Ut eget risus nec risus finibus hendrerit in non tortor. Pellentesque maximus ligula et turpis faucibus cursus. Donec vel nunc metus. Quisque sagittis mattis dui vel varius. Aliquam iaculis interdum lacinia. Nam euismod lectus id maximus sodales. Nam id magna dictum, semper nisl vel, ornare ligula. Sed condimentum metus quis leo pharetra, quis semper urna aliquam. Fusce consectetur accumsan augue sit amet iaculis. Suspendisse volutpat urna vitae fermentum eleifend. Maecenas sapien leo, gravida vitae pellentesque quis, efficitur in erat. Maecenas elementum euismod hendrerit. Mauris sagittis massa a orci.','Lorem ipsum dolor sit amet, consectetur adipiscing elit. Morbi pulvinar pharetra bibendum. Ut eget risus nec risus finibus hendrerit in non tortor. Pellentesque maximus ligula et turpis faucibus cursus. Donec vel nunc metus. Quisque sagittis mattis dui vel varius. Aliquam iaculis interdum lacinia. Nam euismod lectus id maximus sodales. Nam id magna dictum, semper nisl vel, ornare ligula. Sed condimentum metus quis leo pharetra, quis semper urna aliquam. Fusce consectetur accumsan augue sit amet iaculis. Suspendisse volutpat urna vitae fermentum eleifend. Maecenas sapien leo, gravida vitae pellentesque quis, efficitur in erat. Maecenas elementum euismod hendrerit. Mauris sagittis massa a orci.',3.33),(99,92,'Liscal','Lorem ipsum dolor sit amet, consectetur adipiscing elit. Morbi pulvinar pharetra bibendum. Ut eget risus nec risus finibus hendrerit in non tortor. Pellentesque maximus ligula et turpis faucibus cursus. Donec vel nunc metus. Quisque sagittis mattis dui vel varius. Aliquam iaculis interdum lacinia. Nam euismod lectus id maximus sodales. Nam id magna dictum, semper nisl vel, ornare ligula. Sed condimentum metus quis leo pharetra, quis semper urna aliquam. Fusce consectetur accumsan augue sit amet iaculis. Suspendisse volutpat urna vitae fermentum eleifend. Maecenas sapien leo, gravida vitae pellentesque quis, efficitur in erat. Maecenas elementum euismod hendrerit. Mauris sagittis massa a orci.','Lorem ipsum dolor sit amet, consectetur adipiscing elit. Morbi pulvinar pharetra bibendum. Ut eget risus nec risus finibus hendrerit in non tortor. Pellentesque maximus ligula et turpis faucibus cursus. Donec vel nunc metus. Quisque sagittis mattis dui vel varius. Aliquam iaculis interdum lacinia. Nam euismod lectus id maximus sodales. Nam id magna dictum, semper nisl vel, ornare ligula. Sed condimentum metus quis leo pharetra, quis semper urna aliquam. Fusce consectetur accumsan augue sit amet iaculis. Suspendisse volutpat urna vitae fermentum eleifend. Maecenas sapien leo, gravida vitae pellentesque quis, efficitur in erat. Maecenas elementum euismod hendrerit. Mauris sagittis massa a orci.',3.17),(100,92,'Sulbarmornar','Lorem ipsum dolor sit amet, consectetur adipiscing elit. Morbi pulvinar pharetra bibendum. Ut eget risus nec risus finibus hendrerit in non tortor. Pellentesque maximus ligula et turpis faucibus cursus. Donec vel nunc metus. Quisque sagittis mattis dui vel varius. Aliquam iaculis interdum lacinia. Nam euismod lectus id maximus sodales. Nam id magna dictum, semper nisl vel, ornare ligula. Sed condimentum metus quis leo pharetra, quis semper urna aliquam. Fusce consectetur accumsan augue sit amet iaculis. Suspendisse volutpat urna vitae fermentum eleifend. Maecenas sapien leo, gravida vitae pellentesque quis, efficitur in erat. Maecenas elementum euismod hendrerit. Mauris sagittis massa a orci.','Lorem ipsum dolor sit amet, consectetur adipiscing elit. Morbi pulvinar pharetra bibendum. Ut eget risus nec risus finibus hendrerit in non tortor. Pellentesque maximus ligula et turpis faucibus cursus. Donec vel nunc metus. Quisque sagittis mattis dui vel varius. Aliquam iaculis interdum lacinia. Nam euismod lectus id maximus sodales. Nam id magna dictum, semper nisl vel, ornare ligula. Sed condimentum metus quis leo pharetra, quis semper urna aliquam. Fusce consectetur accumsan augue sit amet iaculis. Suspendisse volutpat urna vitae fermentum eleifend. Maecenas sapien leo, gravida vitae pellentesque quis, efficitur in erat. Maecenas elementum euismod hendrerit. Mauris sagittis massa a orci.',3.00);
/*!40000 ALTER TABLE `Recipe` ENABLE KEYS */;
UNLOCK TABLES;

--
-- Table structure for table `RecipeIngredient`
--

DROP TABLE IF EXISTS `RecipeIngredient`;
/*!40101 SET @saved_cs_client     = @@character_set_client */;
 SET character_set_client = utf8mb4 ;
CREATE TABLE `RecipeIngredient` (
  `id` int(11) NOT NULL AUTO_INCREMENT,
  `id_Recipe` int(11) NOT NULL,
  `id_Ingredient` int(11) NOT NULL,
  `id_QuantityUnit` int(11) NOT NULL,
  `totalQuantity` int(11) NOT NULL DEFAULT '1',
  PRIMARY KEY (`id`),
  UNIQUE KEY `UC_RecipeIngredient` (`id_Recipe`,`id_Ingredient`),
  KEY `id_Ingredient` (`id_Ingredient`),
  KEY `id_QuantityUnit` (`id_QuantityUnit`),
  CONSTRAINT `RecipeIngredient_ibfk_1` FOREIGN KEY (`id_Recipe`) REFERENCES `Recipe` (`id`),
  CONSTRAINT `RecipeIngredient_ibfk_2` FOREIGN KEY (`id_Ingredient`) REFERENCES `Ingredient` (`id`),
  CONSTRAINT `RecipeIngredient_ibfk_3` FOREIGN KEY (`id_QuantityUnit`) REFERENCES `QuantityUnit` (`id`)
) ENGINE=InnoDB AUTO_INCREMENT=714 DEFAULT CHARSET=utf8mb4 COLLATE=utf8mb4_0900_ai_ci;
/*!40101 SET character_set_client = @saved_cs_client */;

--
-- Dumping data for table `RecipeIngredient`
--

LOCK TABLES `RecipeIngredient` WRITE;
/*!40000 ALTER TABLE `RecipeIngredient` DISABLE KEYS */;
INSERT INTO `RecipeIngredient` VALUES (1,1,22,3,6),(2,1,50,4,3),(3,1,56,5,2),(4,1,73,10,8),(5,1,12,7,9),(6,1,69,8,5),(7,1,98,2,2),(8,2,83,13,10),(9,2,5,5,5),(10,2,68,2,1),(11,2,17,9,2),(12,2,30,2,8),(13,3,98,1,9),(14,3,87,5,7),(15,3,83,13,7),(16,3,53,1,5),(17,3,5,6,5),(18,4,91,2,10),(19,4,83,13,2),(20,4,72,13,10),(21,4,98,2,5),(22,4,12,3,1),(23,4,13,5,4),(24,4,10,8,8),(25,5,50,3,2),(26,5,1,11,7),(27,5,36,10,1),(28,5,82,10,6),(29,5,47,4,7),(30,5,12,5,2),(31,5,3,2,2),(32,6,70,9,5),(33,6,18,11,8),(34,6,81,1,7),(35,6,20,8,5),(36,6,14,11,1),(37,6,51,4,6),(38,6,42,9,6),(39,6,24,3,4),(40,7,21,11,2),(41,7,94,8,5),(42,7,51,6,6),(43,7,13,6,3),(44,7,68,4,7),(45,7,98,1,8),(46,8,49,3,2),(47,8,45,2,3),(48,8,59,11,7),(49,8,60,2,7),(50,8,7,13,4),(51,8,22,5,2),(52,9,85,11,9),(53,9,10,9,10),(54,9,87,6,7),(55,9,76,9,6),(56,9,56,2,7),(57,10,55,10,8),(58,10,35,5,6),(59,10,26,1,8),(60,10,69,12,3),(61,10,43,12,4),(62,11,62,10,8),(63,11,15,7,6),(64,11,55,9,10),(65,11,44,6,6),(66,11,4,4,6),(67,11,74,6,10),(68,11,59,8,2),(69,11,46,9,10),(70,12,52,3,7),(71,12,56,2,10),(72,12,51,6,3),(73,12,98,2,8),(74,12,34,12,5),(75,12,83,13,10),(76,12,47,7,7),(77,13,14,12,5),(78,13,30,6,6),(79,13,72,13,8),(80,13,37,5,9),(81,13,13,4,9),(82,13,62,8,10),(83,13,55,12,4),(84,14,1,9,6),(85,14,23,2,8),(86,14,2,13,10),(87,14,74,6,2),(88,14,84,5,5),(89,15,75,6,8),(90,15,19,9,8),(91,15,30,7,9),(92,15,67,13,9),(93,15,99,10,4),(94,15,91,2,8),(95,15,68,5,6),(96,16,13,5,6),(97,16,21,12,10),(98,16,6,11,10),(99,16,93,3,5),(100,16,31,5,7),(101,16,59,9,3),(102,16,44,2,3),(103,17,50,6,10),(104,17,71,7,5),(105,17,19,9,7),(106,17,99,11,9),(107,17,86,8,7),(108,18,81,2,6),(109,18,27,8,7),(110,18,12,3,5),(111,18,33,10,3),(112,18,42,12,10),(113,18,15,4,9),(114,19,45,5,10),(115,19,38,13,1),(116,19,26,7,6),(117,19,54,9,4),(118,19,29,2,6),(119,19,15,1,10),(120,19,19,11,5),(121,19,82,12,6),(122,19,84,7,10),(123,20,85,12,1),(124,20,61,13,2),(125,20,20,9,8),(126,20,100,13,8),(127,20,35,4,7),(128,21,63,11,5),(129,21,11,11,10),(130,21,94,12,5),(131,21,66,13,4),(132,21,71,1,6),(133,21,3,5,7),(134,22,100,13,4),(135,22,68,2,9),(136,22,37,1,2),(137,22,65,5,5),(138,22,76,10,8),(139,22,41,2,5),(140,22,74,1,9),(141,23,17,12,4),(142,23,3,7,8),(143,23,57,3,1),(144,23,22,5,6),(145,23,10,10,5),(146,23,89,6,8),(147,23,69,10,7),(148,24,17,11,8),(149,24,87,6,8),(150,24,7,13,1),(151,24,65,3,7),(152,24,94,12,9),(153,24,44,6,5),(154,24,79,12,10),(155,24,3,5,10),(156,25,36,9,7),(157,25,2,13,5),(158,25,43,9,9),(159,25,1,10,4),(160,25,88,2,4),(161,25,19,12,7),(162,26,65,7,8),(163,26,82,9,9),(164,26,61,13,4),(165,26,64,1,9),(166,26,10,10,3),(167,26,70,9,9),(168,27,20,9,3),(169,27,5,2,1),(170,27,79,11,10),(171,27,41,2,1),(172,27,74,7,4),(173,27,44,7,4),(174,27,57,3,1),(175,27,61,13,6),(176,27,33,10,10),(177,28,69,11,2),(178,28,26,5,2),(179,28,1,8,9),(180,28,95,5,1),(181,28,44,4,6),(182,28,98,6,3),(183,28,63,11,7),(184,28,55,12,6),(185,28,91,2,5),(186,28,41,3,9),(187,29,52,5,6),(188,29,96,2,1),(189,29,81,4,3),(190,29,99,10,1),(191,29,38,13,9),(192,29,62,8,8),(193,29,46,11,9),(194,29,37,2,3),(195,29,87,6,2),(196,30,1,8,1),(197,30,80,2,10),(198,30,7,13,1),(199,30,91,4,4),(200,30,15,2,8),(201,31,71,1,5),(202,31,15,2,2),(203,31,17,12,6),(204,31,63,9,5),(205,31,86,9,8),(206,31,87,3,1),(207,32,72,13,7),(208,32,30,2,5),(209,32,16,6,6),(210,32,68,2,5),(211,32,67,13,1),(212,32,22,5,10),(213,33,66,13,10),(214,33,9,7,5),(215,33,58,13,4),(216,33,59,9,4),(217,33,38,13,9),(218,33,64,7,1),(219,33,26,5,8),(220,33,16,1,5),(221,34,32,7,7),(222,34,64,7,3),(223,34,82,9,6),(224,34,86,10,2),(225,34,81,6,4),(226,34,68,2,10),(227,34,15,4,3),(228,34,55,11,3),(229,34,39,5,6),(230,35,57,4,10),(231,35,76,12,4),(232,35,18,10,4),(233,35,14,8,5),(234,35,29,5,1),(235,35,32,3,2),(236,35,27,10,4),(237,35,40,9,10),(238,35,24,4,8),(239,35,1,10,2),(240,36,97,8,5),(241,36,72,13,1),(242,36,65,3,5),(243,36,71,5,6),(244,36,86,9,8),(245,37,82,9,10),(246,37,30,7,6),(247,37,94,11,1),(248,37,21,12,7),(249,37,76,12,2),(250,37,56,4,8),(251,37,32,6,5),(252,37,77,5,6),(253,37,70,10,8),(254,37,78,13,3),(255,38,94,10,1),(256,38,63,12,4),(257,38,88,4,9),(258,38,24,6,10),(259,38,70,12,3),(260,38,59,10,9),(261,39,19,12,10),(262,39,26,6,3),(263,39,66,13,6),(264,39,5,2,5),(265,39,29,4,2),(266,39,72,13,6),(267,40,51,4,3),(268,40,93,4,9),(269,40,76,10,9),(270,40,68,5,3),(271,40,17,10,7),(272,40,40,12,2),(273,40,36,8,10),(274,40,83,13,3),(275,40,13,2,10),(276,40,41,6,7),(277,41,23,3,2),(278,41,53,5,6),(279,41,61,13,8),(280,41,22,5,6),(281,41,79,9,5),(282,41,4,5,6),(283,42,74,6,8),(284,42,96,6,7),(285,42,23,1,2),(286,42,27,9,3),(287,42,82,10,2),(288,42,75,1,6),(289,42,53,4,2),(290,43,92,12,5),(291,43,52,6,2),(292,43,47,4,7),(293,43,66,13,6),(294,43,61,13,5),(295,43,67,13,5),(296,44,81,5,2),(297,44,44,6,5),(298,44,20,12,1),(299,44,49,6,2),(300,44,78,13,8),(301,44,35,4,1),(302,45,67,13,9),(303,45,38,13,4),(304,45,2,13,4),(305,45,74,7,9),(306,45,15,2,8),(307,45,90,2,10),(308,45,9,7,9),(309,46,54,8,4),(310,46,67,13,3),(311,46,98,7,4),(312,46,10,11,3),(313,46,81,6,7),(314,46,8,11,2),(315,46,13,4,4),(316,47,57,2,5),(317,47,82,12,1),(318,47,85,8,4),(319,47,21,9,9),(320,47,32,2,5),(321,47,12,2,7),(322,47,73,12,9),(323,47,91,3,10),(324,47,92,11,5),(325,47,37,1,7),(326,48,24,2,2),(327,48,37,5,3),(328,48,54,8,8),(329,48,22,2,7),(330,48,99,9,9),(331,48,4,2,9),(332,48,62,8,9),(333,49,77,6,7),(334,49,46,9,7),(335,49,93,6,10),(336,49,90,6,5),(337,49,9,6,4),(338,49,24,6,1),(339,49,64,7,3),(340,49,25,7,7),(341,49,29,7,6),(342,49,18,11,7),(343,50,4,5,6),(344,50,21,9,9),(345,50,98,7,2),(346,50,47,7,3),(347,50,89,4,6),(348,51,55,9,6),(349,51,100,13,4),(350,51,5,6,6),(351,51,42,11,3),(352,51,71,4,4),(353,51,86,11,6),(354,51,65,7,1),(355,51,32,3,4),(356,51,39,3,7),(357,51,58,13,6),(358,52,23,2,10),(359,52,39,4,8),(360,52,48,8,2),(361,52,20,8,7),(362,52,30,1,2),(363,52,29,4,6),(364,52,61,13,4),(365,52,14,8,1),(366,53,64,6,6),(367,53,57,7,9),(368,53,77,7,9),(369,53,100,13,6),(370,53,52,5,7),(371,53,79,9,8),(372,53,90,4,7),(373,53,98,6,1),(374,53,55,10,9),(375,54,1,12,5),(376,54,3,4,1),(377,54,66,13,2),(378,54,76,8,4),(379,54,7,13,4),(380,54,16,2,4),(381,54,60,7,2),(382,54,91,5,7),(383,55,20,10,7),(384,55,70,11,6),(385,55,22,1,10),(386,55,83,13,6),(387,55,15,1,9),(388,56,5,5,3),(389,56,15,1,10),(390,56,70,9,10),(391,56,71,7,5),(392,56,56,3,5),(393,56,12,5,2),(394,56,59,8,5),(395,57,40,10,2),(396,57,12,3,3),(397,57,39,3,2),(398,57,69,12,5),(399,57,90,1,2),(400,57,75,4,8),(401,57,52,7,10),(402,58,10,11,5),(403,58,90,1,9),(404,58,20,10,1),(405,58,30,7,4),(406,58,15,2,8),(407,58,98,7,9),(408,59,41,5,9),(409,59,14,12,2),(410,59,85,12,2),(411,59,70,9,9),(412,59,97,8,7),(413,59,86,11,4),(414,59,9,3,8),(415,59,6,11,7),(416,59,2,13,4),(417,60,16,7,1),(418,60,26,4,5),(419,60,17,12,9),(420,60,31,1,9),(421,60,98,5,2),(422,61,3,4,3),(423,61,35,3,3),(424,61,64,3,6),(425,61,91,3,2),(426,61,67,13,2),(427,61,19,11,3),(428,61,57,4,5),(429,61,97,12,1),(430,62,90,3,2),(431,62,19,9,9),(432,62,36,10,9),(433,62,5,1,10),(434,62,41,4,6),(435,63,75,6,3),(436,63,26,1,9),(437,63,61,13,8),(438,63,14,11,5),(439,63,45,1,5),(440,63,94,10,6),(441,63,81,4,9),(442,63,64,4,6),(443,64,59,8,1),(444,64,67,13,5),(445,64,12,7,3),(446,64,1,11,8),(447,64,19,10,7),(448,64,65,3,5),(449,64,74,7,7),(450,64,61,13,10),(451,65,88,1,3),(452,65,23,5,1),(453,65,14,10,4),(454,65,83,13,5),(455,65,99,8,3),(456,66,64,4,2),(457,66,98,4,1),(458,66,59,10,8),(459,66,20,11,5),(460,66,22,5,9),(461,66,78,13,6),(462,66,71,5,8),(463,66,84,5,10),(464,66,30,6,9),(465,67,14,12,6),(466,67,23,2,9),(467,67,61,13,3),(468,67,78,13,2),(469,67,92,11,5),(470,67,67,13,9),(471,68,40,8,10),(472,68,79,12,6),(473,68,57,7,4),(474,68,61,13,3),(475,68,51,3,4),(476,68,10,8,9),(477,69,28,1,2),(478,69,98,3,10),(479,69,74,1,4),(480,69,62,11,3),(481,69,21,12,3),(482,69,35,1,1),(483,69,41,6,10),(484,69,9,7,10),(485,69,8,10,1),(486,69,87,6,2),(487,70,75,6,9),(488,70,96,4,8),(489,70,63,8,1),(490,70,81,4,4),(491,70,41,5,4),(492,71,19,8,5),(493,71,18,9,10),(494,71,7,13,6),(495,71,65,2,6),(496,71,46,11,6),(497,71,28,1,6),(498,71,57,2,10),(499,72,70,10,6),(500,72,8,10,6),(501,72,50,3,9),(502,72,64,3,2),(503,72,43,9,4),(504,72,36,8,3),(505,72,63,11,7),(506,72,15,1,2),(507,73,63,10,2),(508,73,25,2,4),(509,73,8,8,3),(510,73,42,10,2),(511,73,48,12,2),(512,73,66,13,3),(513,74,97,9,10),(514,74,52,2,5),(515,74,65,7,1),(516,74,64,6,9),(517,74,24,6,9),(518,75,47,1,8),(519,75,87,7,6),(520,75,84,5,8),(521,75,23,7,10),(522,75,74,5,10),(523,75,48,9,2),(524,75,28,4,2),(525,75,39,2,7),(526,75,43,12,9),(527,76,14,12,4),(528,76,54,10,3),(529,76,81,4,10),(530,76,71,1,9),(531,76,8,10,10),(532,77,4,3,2),(533,77,99,8,10),(534,77,3,6,7),(535,77,49,6,4),(536,77,7,13,2),(537,77,98,3,7),(538,77,76,12,10),(539,77,86,11,9),(540,77,39,7,8),(541,77,96,7,10),(542,78,39,6,9),(543,78,82,11,8),(544,78,79,10,3),(545,78,99,12,9),(546,78,20,8,10),(547,79,63,9,9),(548,79,82,9,8),(549,79,62,12,6),(550,79,30,5,4),(551,79,21,10,10),(552,79,68,7,3),(553,79,70,11,10),(554,80,48,8,4),(555,80,47,4,5),(556,80,20,8,4),(557,80,26,3,7),(558,80,7,13,10),(559,80,44,1,8),(560,81,4,2,10),(561,81,45,4,10),(562,81,47,6,8),(563,81,36,9,6),(564,81,93,2,1),(565,81,42,12,1),(566,81,20,11,6),(567,81,64,5,3),(568,81,87,1,8),(569,81,7,13,3),(570,82,57,1,7),(571,82,100,13,10),(572,82,67,13,5),(573,82,53,2,5),(574,82,23,7,5),(575,82,30,7,3),(576,82,10,11,7),(577,82,69,12,1),(578,82,36,10,8),(579,83,51,7,8),(580,83,99,10,2),(581,83,93,2,9),(582,83,83,13,8),(583,83,8,11,3),(584,84,11,9,5),(585,84,15,2,6),(586,84,90,1,9),(587,84,32,1,8),(588,84,27,11,4),(589,84,57,1,4),(590,85,22,4,4),(591,85,6,12,6),(592,85,46,11,4),(593,85,40,12,8),(594,85,87,2,9),(595,85,91,3,2),(596,85,33,8,5),(597,86,60,6,2),(598,86,87,3,3),(599,86,62,10,10),(600,86,17,11,7),(601,86,91,1,3),(602,86,61,13,9),(603,86,67,13,4),(604,86,80,2,4),(605,86,55,8,2),(606,86,14,10,4),(607,87,20,9,9),(608,87,86,12,7),(609,87,14,12,4),(610,87,55,12,1),(611,87,8,11,4),(612,88,51,5,1),(613,88,57,7,3),(614,88,47,7,10),(615,88,41,4,6),(616,88,58,13,7),(617,88,89,1,4),(618,88,3,2,3),(619,89,90,1,4),(620,89,46,11,6),(621,89,53,1,1),(622,89,9,3,8),(623,89,6,11,7),(624,89,18,10,7),(625,90,74,5,9),(626,90,53,5,2),(627,90,23,4,6),(628,90,89,2,5),(629,90,50,1,2),(630,90,19,10,7),(631,90,97,9,4),(632,90,35,2,9),(633,90,20,9,7),(634,90,67,13,2),(635,91,9,4,3),(636,91,99,10,5),(637,91,20,8,5),(638,91,37,2,6),(639,91,88,6,7),(640,92,89,4,6),(641,92,86,10,9),(642,92,43,11,5),(643,92,17,9,4),(644,92,72,13,4),(645,92,52,1,5),(646,92,71,3,4),(647,92,91,7,6),(648,92,40,9,9),(649,92,78,13,5),(650,93,9,6,5),(651,93,56,5,3),(652,93,6,9,5),(653,93,40,9,3),(654,93,39,2,6),(655,93,8,10,3),(656,93,15,3,7),(657,93,34,12,5),(658,93,23,1,9),(659,94,93,6,4),(660,94,39,3,10),(661,94,17,12,3),(662,94,28,4,2),(663,94,6,10,6),(664,94,56,4,2),(665,94,61,13,1),(666,94,36,12,10),(667,94,37,5,1),(668,94,10,8,6),(669,95,4,1,5),(670,95,36,10,2),(671,95,99,10,7),(672,95,89,5,3),(673,95,76,8,4),(674,95,37,6,3),(675,95,43,8,5),(676,95,80,5,7),(677,95,86,10,1),(678,95,21,12,6),(679,96,38,13,6),(680,96,77,1,10),(681,96,64,6,1),(682,96,35,5,9),(683,96,44,7,10),(684,96,45,3,5),(685,97,8,10,10),(686,97,4,7,5),(687,97,14,11,5),(688,97,35,1,4),(689,97,95,7,2),(690,98,88,2,8),(691,98,44,4,10),(692,98,68,3,5),(693,98,66,13,2),(694,98,26,5,7),(695,98,93,2,9),(696,98,70,8,6),(697,98,42,10,8),(698,98,45,7,4),(699,98,23,1,8),(700,99,38,13,1),(701,99,34,9,5),(702,99,92,10,1),(703,99,80,4,8),(704,99,11,10,7),(705,99,53,6,10),(706,99,49,1,4),(707,99,40,9,1),(708,99,19,8,2),(709,100,6,11,4),(710,100,93,2,7),(711,100,86,8,5),(712,100,53,1,4),(713,100,11,8,5);
/*!40000 ALTER TABLE `RecipeIngredient` ENABLE KEYS */;
UNLOCK TABLES;

--
-- Table structure for table `User`
--

DROP TABLE IF EXISTS `User`;
/*!40101 SET @saved_cs_client     = @@character_set_client */;
 SET character_set_client = utf8mb4 ;
CREATE TABLE `User` (
  `id` int(11) NOT NULL AUTO_INCREMENT,
  `username` varchar(20) NOT NULL,
  `bio` varchar(100) DEFAULT NULL,
  PRIMARY KEY (`id`),
  UNIQUE KEY `username` (`username`)
) ENGINE=InnoDB AUTO_INCREMENT=101 DEFAULT CHARSET=utf8mb4 COLLATE=utf8mb4_0900_ai_ci COMMENT='Quick user infos.';
/*!40101 SET character_set_client = @saved_cs_client */;

--
-- Dumping data for table `User`
--

LOCK TABLES `User` WRITE;
/*!40000 ALTER TABLE `User` DISABLE KEYS */;
INSERT INTO `User` VALUES (1,'Hogym','Lorem ipsum dolor sit amet, consectetur adipiscing elit. '),(2,'Celloggimbur','Lorem ipsum dolor sit amet, consectetur adipiscing elit. '),(3,'Laglesgim','Lorem ipsum dolor sit amet, consectetur adipiscing elit. '),(4,'Sylcyllis','Lorem ipsum dolor sit amet, consectetur adipiscing elit. '),(5,'Morbir','Lorem ipsum dolor sit amet, consectetur adipiscing elit. '),(6,'Limgem','Lorem ipsum dolor sit amet, consectetur adipiscing elit. '),(7,'Silgimculnir','Lorem ipsum dolor sit amet, consectetur adipiscing elit. '),(8,'Narmar','Lorem ipsum dolor sit amet, consectetur adipiscing elit. '),(9,'Solgamberthi','Lorem ipsum dolor sit amet, consectetur adipiscing elit. '),(10,'Cyllig','Lorem ipsum dolor sit amet, consectetur adipiscing elit. '),(11,'Thalomorn','Lorem ipsum dolor sit amet, consectetur adipiscing elit. '),(12,'Rluggum','Lorem ipsum dolor sit amet, consectetur adipiscing elit. '),(13,'Ornbar','Lorem ipsum dolor sit amet, consectetur adipiscing elit. '),(14,'Merhosyl','Lorem ipsum dolor sit amet, consectetur adipiscing elit. '),(15,'Callisthunir','Lorem ipsum dolor sit amet, consectetur adipiscing elit. '),(16,'Thaligber','Lorem ipsum dolor sit amet, consectetur adipiscing elit. '),(17,'Limbarmar','Lorem ipsum dolor sit amet, consectetur adipiscing elit. '),(18,'Lishalllumcal','Lorem ipsum dolor sit amet, consectetur adipiscing elit. '),(19,'Berthe','Lorem ipsum dolor sit amet, consectetur adipiscing elit. '),(20,'Hathulemhe','Lorem ipsum dolor sit amet, consectetur adipiscing elit. '),(21,'Colmorhi','Lorem ipsum dolor sit amet, consectetur adipiscing elit. '),(22,'Salthalegorn','Lorem ipsum dolor sit amet, consectetur adipiscing elit. '),(23,'Birmircyl','Lorem ipsum dolor sit amet, consectetur adipiscing elit. '),(24,'Bermor','Lorem ipsum dolor sit amet, consectetur adipiscing elit. '),(25,'Morlag','Lorem ipsum dolor sit amet, consectetur adipiscing elit. '),(26,'Barbirorn','Lorem ipsum dolor sit amet, consectetur adipiscing elit. '),(27,'Burmir','Lorem ipsum dolor sit amet, consectetur adipiscing elit. '),(28,'Humarhamur','Lorem ipsum dolor sit amet, consectetur adipiscing elit. '),(29,'Leglam','Lorem ipsum dolor sit amet, consectetur adipiscing elit. '),(30,'Hugimirn','Lorem ipsum dolor sit amet, consectetur adipiscing elit. '),(31,'Berburthamur','Lorem ipsum dolor sit amet, consectetur adipiscing elit. '),(32,'Lasloglum','Lorem ipsum dolor sit amet, consectetur adipiscing elit. '),(33,'Gomlamthi','Lorem ipsum dolor sit amet, consectetur adipiscing elit. '),(34,'Narmarborern','Lorem ipsum dolor sit amet, consectetur adipiscing elit. '),(35,'Lomlos','Lorem ipsum dolor sit amet, consectetur adipiscing elit. '),(36,'Urnlasho','Lorem ipsum dolor sit amet, consectetur adipiscing elit. '),(37,'Hical','Lorem ipsum dolor sit amet, consectetur adipiscing elit. '),(38,'Hisol','Lorem ipsum dolor sit amet, consectetur adipiscing elit. '),(39,'Leshe','Lorem ipsum dolor sit amet, consectetur adipiscing elit. '),(40,'Gumsalculsil','Lorem ipsum dolor sit amet, consectetur adipiscing elit. '),(41,'Morcalsul','Lorem ipsum dolor sit amet, consectetur adipiscing elit. '),(42,'Barlugha','Lorem ipsum dolor sit amet, consectetur adipiscing elit. '),(43,'Salhu','Lorem ipsum dolor sit amet, consectetur adipiscing elit. '),(44,'Celmorgember','Lorem ipsum dolor sit amet, consectetur adipiscing elit. '),(45,'Byrhebyr','Lorem ipsum dolor sit amet, consectetur adipiscing elit. '),(46,'Birhogim','Lorem ipsum dolor sit amet, consectetur adipiscing elit. '),(47,'Helisloshi','Lorem ipsum dolor sit amet, consectetur adipiscing elit. '),(48,'Syllas','Lorem ipsum dolor sit amet, consectetur adipiscing elit. '),(49,'Gymcalhober','Lorem ipsum dolor sit amet, consectetur adipiscing elit. '),(50,'Gimcullegirn','Lorem ipsum dolor sit amet, consectetur adipiscing elit. '),(51,'Borlessil','Lorem ipsum dolor sit amet, consectetur adipiscing elit. '),(52,'Thitha','Lorem ipsum dolor sit amet, consectetur adipiscing elit. '),(53,'Cylcelnor','Lorem ipsum dolor sit amet, consectetur adipiscing elit. '),(54,'Borbyrhulys','Lorem ipsum dolor sit amet, consectetur adipiscing elit. '),(55,'Loglistha','Lorem ipsum dolor sit amet, consectetur adipiscing elit. '),(56,'Silbartha','Lorem ipsum dolor sit amet, consectetur adipiscing elit. '),(57,'Orncilbirgom','Lorem ipsum dolor sit amet, consectetur adipiscing elit. '),(58,'Lasnormer','Lorem ipsum dolor sit amet, consectetur adipiscing elit. '),(59,'Lumsolthalig','Lorem ipsum dolor sit amet, consectetur adipiscing elit. '),(60,'Burlyscul','Lorem ipsum dolor sit amet, consectetur adipiscing elit. '),(61,'Murgomhellhi','Lorem ipsum dolor sit amet, consectetur adipiscing elit. '),(62,'Thatheluslag','Lorem ipsum dolor sit amet, consectetur adipiscing elit. '),(63,'Lyshallluslam','Lorem ipsum dolor sit amet, consectetur adipiscing elit. '),(64,'Mirborcil','Lorem ipsum dolor sit amet, consectetur adipiscing elit. '),(65,'Nircalbur','Lorem ipsum dolor sit amet, consectetur adipiscing elit. '),(66,'Barlugarn','Lorem ipsum dolor sit amet, consectetur adipiscing elit. '),(67,'Gimcul','Lorem ipsum dolor sit amet, consectetur adipiscing elit. '),(68,'Thulam','Lorem ipsum dolor sit amet, consectetur adipiscing elit. '),(69,'Hecolha','Lorem ipsum dolor sit amet, consectetur adipiscing elit. '),(70,'Ornmur','Lorem ipsum dolor sit amet, consectetur adipiscing elit. '),(71,'Lamber','Lorem ipsum dolor sit amet, consectetur adipiscing elit. '),(72,'Sulleshe','Lorem ipsum dolor sit amet, consectetur adipiscing elit. '),(73,'Lomlember','Lorem ipsum dolor sit amet, consectetur adipiscing elit. '),(74,'Loscal','Lorem ipsum dolor sit amet, consectetur adipiscing elit. '),(75,'Calornthilog','Lorem ipsum dolor sit amet, consectetur adipiscing elit. '),(76,'Limlesgam','Lorem ipsum dolor sit amet, consectetur adipiscing elit. '),(77,'Thigomcul','Lorem ipsum dolor sit amet, consectetur adipiscing elit. '),(78,'Laglyslomlis','Lorem ipsum dolor sit amet, consectetur adipiscing elit. '),(79,'Erngomlig','Lorem ipsum dolor sit amet, consectetur adipiscing elit. '),(80,'Gamlusmorcol','Lorem ipsum dolor sit amet, consectetur adipiscing elit. '),(81,'Syllag','Lorem ipsum dolor sit amet, consectetur adipiscing elit. '),(82,'Hothoirnlug','Lorem ipsum dolor sit amet, consectetur adipiscing elit. '),(83,'Hesolmar','Lorem ipsum dolor sit amet, consectetur adipiscing elit. '),(84,'Lugcul','Lorem ipsum dolor sit amet, consectetur adipiscing elit. '),(85,'Thicolthu','Lorem ipsum dolor sit amet, consectetur adipiscing elit. '),(86,'Narlescul','Lorem ipsum dolor sit amet, consectetur adipiscing elit. '),(87,'Nirmersolurn','Lorem ipsum dolor sit amet, consectetur adipiscing elit. '),(88,'Logcel','Lorem ipsum dolor sit amet, consectetur adipiscing elit. '),(89,'Lasloglag','Lorem ipsum dolor sit amet, consectetur adipiscing elit. '),(90,'Lessellamyrn','Lorem ipsum dolor sit amet, consectetur adipiscing elit. '),(91,'Gymlys','Lorem ipsum dolor sit amet, consectetur adipiscing elit. '),(92,'Thasal','Lorem ipsum dolor sit amet, consectetur adipiscing elit. '),(93,'Silurnsellag','Lorem ipsum dolor sit amet, consectetur adipiscing elit. '),(94,'Hallloslysbur','Lorem ipsum dolor sit amet, consectetur adipiscing elit. '),(95,'Ligbir','Lorem ipsum dolor sit amet, consectetur adipiscing elit. '),(96,'Burcylcel','Lorem ipsum dolor sit amet, consectetur adipiscing elit. '),(97,'Narlisho','Lorem ipsum dolor sit amet, consectetur adipiscing elit. '),(98,'Hosal','Lorem ipsum dolor sit amet, consectetur adipiscing elit. '),(99,'Liscal','Lorem ipsum dolor sit amet, consectetur adipiscing elit. '),(100,'Sulbarmornar','Lorem ipsum dolor sit amet, consectetur adipiscing elit. ');
/*!40000 ALTER TABLE `User` ENABLE KEYS */;
UNLOCK TABLES;
/*!50003 SET @saved_cs_client      = @@character_set_client */ ;
/*!50003 SET @saved_cs_results     = @@character_set_results */ ;
/*!50003 SET @saved_col_connection = @@collation_connection */ ;
/*!50003 SET character_set_client  = latin1 */ ;
/*!50003 SET character_set_results = latin1 */ ;
/*!50003 SET collation_connection  = latin1_swedish_ci */ ;
/*!50003 SET @saved_sql_mode       = @@sql_mode */ ;
/*!50003 SET sql_mode              = 'ONLY_FULL_GROUP_BY,STRICT_TRANS_TABLES,NO_ZERO_IN_DATE,NO_ZERO_DATE,ERROR_FOR_DIVISION_BY_ZERO,NO_ENGINE_SUBSTITUTION' */ ;
DELIMITER ;;
/*!50003 CREATE*/ /*!50017 DEFINER=`root`@`localhost`*/ /*!50003 TRIGGER `NewCartForNewUser` AFTER INSERT ON `User` FOR EACH ROW BEGIN
  INSERT INTO `Cart` (`id`, `id_User`, `totalCost`)
  VALUES (NULL, NEW.id, 0);
END */;;
DELIMITER ;
/*!50003 SET sql_mode              = @saved_sql_mode */ ;
/*!50003 SET character_set_client  = @saved_cs_client */ ;
/*!50003 SET character_set_results = @saved_cs_results */ ;
/*!50003 SET collation_connection  = @saved_col_connection */ ;
/*!40103 SET TIME_ZONE=@OLD_TIME_ZONE */;

/*!40101 SET SQL_MODE=@OLD_SQL_MODE */;
/*!40014 SET FOREIGN_KEY_CHECKS=@OLD_FOREIGN_KEY_CHECKS */;
/*!40014 SET UNIQUE_CHECKS=@OLD_UNIQUE_CHECKS */;
/*!40101 SET CHARACTER_SET_CLIENT=@OLD_CHARACTER_SET_CLIENT */;
/*!40101 SET CHARACTER_SET_RESULTS=@OLD_CHARACTER_SET_RESULTS */;
/*!40101 SET COLLATION_CONNECTION=@OLD_COLLATION_CONNECTION */;
/*!40111 SET SQL_NOTES=@OLD_SQL_NOTES */;

-- Dump completed on 2019-04-15 19:50:24
