-- MySQL dump 10.13  Distrib 8.0.15, for Linux (x86_64)
--
-- Host: localhost    Database: projet
-- ------------------------------------------------------
-- Server version	8.0.15

CREATE DATABASE projet;
use projet;

/*!40101 SET @OLD_CHARACTER_SET_CLIENT=@@CHARACTER_SET_CLIENT */;
/*!40101 SET @OLD_CHARACTER_SET_RESULTS=@@CHARACTER_SET_RESULTS */;
/*!40101 SET @OLD_COLLATION_CONNECTION=@@COLLATION_CONNECTION */;
 SET NAMES utf8mb4 ;
/*!40103 SET @OLD_TIME_ZONE=@@TIME_ZONE */;
/*!40103 SET TIME_ZONE='+00:00' */;
/*!40014 SET @OLD_UNIQUE_CHECKS=@@UNIQUE_CHECKS, UNIQUE_CHECKS=0 */;
/*!40014 SET @OLD_FOREIGN_KEY_CHECKS=@@FOREIGN_KEY_CHECKS, FOREIGN_KEY_CHECKS=0 */;
/*!40101 SET @OLD_SQL_MODE=@@SQL_MODE, SQL_MODE='NO_AUTO_VALUE_ON_ZERO' */;
/*!40111 SET @OLD_SQL_NOTES=@@SQL_NOTES, SQL_NOTES=0 */;

--
-- Table structure for table `Account`
--

DROP TABLE IF EXISTS `Account`;
/*!40101 SET @saved_cs_client     = @@character_set_client */;
 SET character_set_client = utf8mb4 ;
CREATE TABLE `Account` (
  `id` int(11) NOT NULL AUTO_INCREMENT,
  `id_User` int(11) NOT NULL,
  `id_Address` int(11) NOT NULL,
  `firstName` varchar(50) NOT NULL,
  `lastName` varchar(50) NOT NULL,
  `email` varchar(50) NOT NULL,
  `password` varbinary(100) NOT NULL,
  PRIMARY KEY (`id`),
  UNIQUE KEY `id_User` (`id_User`),
  KEY `id_Address` (`id_Address`),
  CONSTRAINT `Account_ibfk_1` FOREIGN KEY (`id_User`) REFERENCES `User` (`id`),
  CONSTRAINT `Account_ibfk_2` FOREIGN KEY (`id_Address`) REFERENCES `Address` (`id`)
) ENGINE=InnoDB AUTO_INCREMENT=102 DEFAULT CHARSET=utf8mb4 COLLATE=utf8mb4_0900_ai_ci COMMENT='Private user infos.';
/*!40101 SET character_set_client = @saved_cs_client */;

--
-- Dumping data for table `Account`
--

LOCK TABLES `Account` WRITE;
/*!40000 ALTER TABLE `Account` DISABLE KEYS */;
INSERT INTO `Account` VALUES (1,1,1,'Cehypy','Lyshallluslam','Cehypy.Lyshallluslam@gmail.com',_binary '$2b$12$h5I2up5TMaRYtkEUKlCmAeuC4JTdyVdJJ2miaZ/SQ7aKpYpniDmlS'),(2,2,2,'Thaserra','Muphaba','Thaserra.Muphaba@gmail.com',_binary '$2b$12$r3tBs.UIsOOjwOzfKqwrKupHf217stniRt1hx08UUv2YDjNpf2csu'),(3,3,3,'Zeto','Gichu','Zeto.Gichu@gmail.com',_binary '$2b$12$bcNoZmnlcax7Fwd4pJDtDu7xhprEtN.RALUuR1B4JJ7SdSKahnQxK'),(4,4,4,'Pakufa','Mirborcil','Pakufa.Mirborcil@gmail.com',_binary '$2b$12$SC/F9.TC0R0lxrE6EzVu3O00TDInNNb2kG8fm0UBrsBgwcqBvDoLS'),(5,5,5,'Gocahy','Polo','Gocahy.Polo@gmail.com',_binary '$2b$12$VFG9BTRRvpUN92HRfDH7P.h0ZNkqBU1OvhfXTgkT21cYZU4OQr.om'),(6,6,6,'Mowe','Cehypy','Mowe.Cehypy@gmail.com',_binary '$2b$12$SHmCJReb7yitAhka/ZHc9eT3NznL1oSTxqFadQTs.255HQjMp.9Dm'),(7,7,7,'Medy','Hyza','Medy.Hyza@gmail.com',_binary '$2b$12$jPgCXEnxvKsM7LShP1s4D.pKt9TK.y1cOCB.kIR5/AUKl3bLeXXZ.'),(8,8,8,'Burmir','Poje','Burmir.Poje@gmail.com',_binary '$2b$12$Q.mSm5pJbmAYHa95NE.di.IqkTaX/sHo7j1RWnnqejNRn9ATcE..q'),(9,9,9,'Gimcul','Kynugy','Gimcul.Kynugy@gmail.com',_binary '$2b$12$v2HypsQPL.DLZYtqCvlGpOwvlswAnKdWkToAJWEAg23NlCBFbVxsu'),(10,10,10,'Zurruca','Pakufa','Zurruca.Pakufa@gmail.com',_binary '$2b$12$F83IHjOJjz2WFk3M1Yzc9uIYDufwJME7vZixSHm8fNNOtnIoZRrSS'),(11,11,11,'Nowomi','Mexo','Nowomi.Mexo@gmail.com',_binary '$2b$12$A2iFpuL0Y6fuau1wn2kZa.oRO/zqN6O7LZXkcmELDKqgpeuOkz3kO'),(12,12,12,'Limlesgam','Cylcelnor','Limlesgam.Cylcelnor@gmail.com',_binary '$2b$12$jPCEVkd8t9BrtdJHuBN0I.I/AOrQon/7/gsTo.uiICptnQwhl9tj6'),(13,13,13,'Sychecha','Silgimculnir','Sychecha.Silgimculnir@gmail.com',_binary '$2b$12$wPIDCLA.RSsfX2guWQOWpuTxgcMoQEE4Gty493RyMHCcySsPy7wkS'),(14,14,14,'Hyse','Wetu','Hyse.Wetu@gmail.com',_binary '$2b$12$V2S52aaVouaDU7tvo9pqjeaWyoYqBx38Try46FvXd/4.kZDiD1YSW'),(15,15,15,'Vuci','Sala','Vuci.Sala@gmail.com',_binary '$2b$12$okSTzvqP4DSQibn2f1GW4ucT/C6PcdYxshtoAJoPKlHaa4CfgG.zu'),(16,16,16,'Medy','Mata','Medy.Mata@gmail.com',_binary '$2b$12$9yRhS16IdzYd1YcPkILAcOVJWxO5bBnkGNa3Vgaf8qb0bOob1Nn1S'),(17,17,17,'Sulleshe','Logcel','Sulleshe.Logcel@gmail.com',_binary '$2b$12$chhZYKZMCHmkuB7Obg44OeD94c8g45oUPwMbJu1RCf0ZWd388PgSu'),(18,18,18,'Chirra','Nophy','Chirra.Nophy@gmail.com',_binary '$2b$12$mBu3uBh.hmEiXa1.5beS2e9/RlT/aKjuMcUQfHVbM10y9ue0xY38q'),(19,19,19,'Gumsalculsil','Hagyga','Gumsalculsil.Hagyga@gmail.com',_binary '$2b$12$T3V8JQGCUi8zc3K5b4dYIOF6vb.P0c6dzvNs.3G2s.O/8.C9WkMqy'),(20,20,20,'Pakufa','Mechiwi','Pakufa.Mechiwi@gmail.com',_binary '$2b$12$oVVQtCtannFAe2.zA1u6HOBUDoaezlYWlx5SC8/P7QXva8loRuqxW'),(21,21,21,'Mmichera','Ligbir','Mmichera.Ligbir@gmail.com',_binary '$2b$12$/pq8.ap0Fak/inr7435sbuwMJTz91IZBE5XiRAmjNcCyYEEc2xrhK'),(22,22,22,'Pehide','Celmorgember','Pehide.Celmorgember@gmail.com',_binary '$2b$12$gaqGbohHHTqGGkqQN089OOoRk0T6tQ6J0PGOEFywlVfyJ5vjACXVK'),(23,23,23,'Viri','Chullene','Viri.Chullene@gmail.com',_binary '$2b$12$BE4iQmGfluex9G28kIhjR.GtFbSwGQh7MNAHwxxA0p6p1EV.PzL2a'),(24,24,24,'Rroky','Rruxigu','Rroky.Rruxigu@gmail.com',_binary '$2b$12$/xMUovAWNB6Jh3dtu9OZs.uOPS4Zhd1h4Hn87Y3WpfpOuRL94YxJG'),(25,25,25,'Lishalllumcal','Hapha','Lishalllumcal.Hapha@gmail.com',_binary '$2b$12$MqJFaviLlvdrtbNXif7xZ.sAzqLlRYjvT1cueXyBwVRcq7wuZv9fC'),(26,26,26,'Nopho','Jasu','Nopho.Jasu@gmail.com',_binary '$2b$12$JaFunOE17tyDHjPo/NfsSuroOwxuT84gAjDvgKTQ2/MR9k5QR9/xm'),(27,27,27,'Thitha','Mmanure','Thitha.Mmanure@gmail.com',_binary '$2b$12$g6Z0Arw787XvHe8lcCItF.ffZJ2prgEzz27gFJeR1eGI6cZyWEzt.'),(28,28,28,'Dodyra','Chullene','Dodyra.Chullene@gmail.com',_binary '$2b$12$lBTPgYwwv.Rno9hNGi7C.uknkUtB78l6RBoGbhiLaX9c6zVQMndkm'),(29,29,29,'Lishalllumcal','Lumsolthalig','Lishalllumcal.Lumsolthalig@gmail.com',_binary '$2b$12$hNrR8eRMIdR.fIYgBCZUxuskxcd6CPZDERmPbZzilPo6KRo2j5OG2'),(30,30,30,'Hothoirnlug','Xathe','Hothoirnlug.Xathe@gmail.com',_binary '$2b$12$z2q4Cx3iMzPG/pBlajIZW.mWLu6MQJMlAK6qpT4exFBZpiJkw7GNi'),(31,31,31,'Gyki','Gake','Gyki.Gake@gmail.com',_binary '$2b$12$Q9vfdNANl3wbauW0Jj5gBOVl2nWAoISnrFffVkSbGNZOLi4VmU0.u'),(32,32,32,'Phata','Bonephe','Phata.Bonephe@gmail.com',_binary '$2b$12$l6f0S5Y.CBpIHdxlz2/kzelioIeA5usmYyqOimU3YmWSHMaZmjlOS'),(33,33,33,'Lletyjo','Narlisho','Lletyjo.Narlisho@gmail.com',_binary '$2b$12$11TIBfk2whXMzk9HvF2QQObOH.vb4gk9p3XNX9heKNlgR223a9pyW'),(34,34,34,'Merhosyl','Mmeka','Merhosyl.Mmeka@gmail.com',_binary '$2b$12$XJNT0k6BkhAAUZdfexDQ1Ok7P7nacCsbNDcQbEWwYY/1OPtNCK546'),(35,35,35,'Kyjado','Morcalsul','Kyjado.Morcalsul@gmail.com',_binary '$2b$12$sge36VvI3Shab9qFYFdlBOruf1.HEbmNiDSAXIMjHRiXDlYtj1LkC'),(36,36,36,'Rroce','Sulleshe','Rroce.Sulleshe@gmail.com',_binary '$2b$12$Ij1rk7W/4XZf8rUOU8UHaODXJGfIVhu.Z6VDqUl.yw96T.a5cCaGq'),(37,37,37,'Senoze','Thigomcul','Senoze.Thigomcul@gmail.com',_binary '$2b$12$KJ5WTaPaKV4kJKqvyg5Hx.hJMuEkmJHXFndF.RTNKcbSIbMs7XMSi'),(38,38,38,'Poje','Hugimirn','Poje.Hugimirn@gmail.com',_binary '$2b$12$aUwvpT9XR/UZ0B9tvTABn.L4BSGzTy4tmkQ9FPjai4shTYKyTcTL.'),(39,39,39,'Thexe','Berthe','Thexe.Berthe@gmail.com',_binary '$2b$12$QjiGJWQBHMx9GXXNJuv0w.p1KaQgd5l2ItP5DAPmkiBsN1Fb2s8.G'),(40,40,40,'Phuxu','Nyjige','Phuxu.Nyjige@gmail.com',_binary '$2b$12$VnMJubTSzHi2k2uyYfoaguKSX3CQvD5aSKUN9tiEQXjKsgqOQqdHa'),(41,41,41,'Polo','Dypu','Polo.Dypu@gmail.com',_binary '$2b$12$y3FhT8gmBwN9vtKsNPESJuEu.aAsNpCOhaHzhFlXwKKFoXY/7d6eW'),(42,42,42,'Quovavu','Leglam','Quovavu.Leglam@gmail.com',_binary '$2b$12$UP2wpnsyx7AeVaO90jMUXeTahaOr/p.4xazhcq/rFBFNF6.Q8y1pe'),(43,43,43,'Hugimirn','Llommiga','Hugimirn.Llommiga@gmail.com',_binary '$2b$12$YRHIhcGysshzUMxyLVBcK.c2VV/JBd.l7ZLpSR6rawx6Jo4HdU8fa'),(44,44,44,'Chullene','Chullene','Chullene.Chullene@gmail.com',_binary '$2b$12$XHqMiydJCmzbGxGURj2LTef73la.PTUwc4Er9ra8HaKQ052h0zA2m'),(45,45,45,'Sixare','Syqua','Sixare.Syqua@gmail.com',_binary '$2b$12$EZDT6M0ASshPbMgdkplvz.gB5IBTIUi3WnJXLx/JPosiw2AWmzpiC'),(46,46,46,'Dypu','Lochu','Dypu.Lochu@gmail.com',_binary '$2b$12$n12PKQC8GH7A4mBT9K9xrOSnWneL2uOnDAhNOQM/v.UF0kFWZ73rq'),(47,47,47,'Zeto','Thine','Zeto.Thine@gmail.com',_binary '$2b$12$iQKTnTlUylHG.HyZRfCN0OgxTC1w90/N9XATvSLrTB5i63Hj7KPgm'),(48,48,48,'Gomlamthi','Solgamberthi','Gomlamthi.Solgamberthi@gmail.com',_binary '$2b$12$K0iwLkPGcf2GjcR5lkQpSu6uB3uy4/88qKOYfu97IeEqKw4aYX36q'),(49,49,49,'Quarrythy','Narmar','Quarrythy.Narmar@gmail.com',_binary '$2b$12$OTHTKYwNbV3GVZhs34v9se/dR9Xxs9Dvk1fuHXFaumoFniLZiHIR6'),(50,50,50,'Hagyga','Phata','Hagyga.Phata@gmail.com',_binary '$2b$12$b8osG0q5LGftdKtfaKHY6uD0WtM.SYm.2zGBciqdEFlmTcRcqmwee'),(51,51,51,'Thaligber','Helisloshi','Thaligber.Helisloshi@gmail.com',_binary '$2b$12$SQr0HY3ItbfgQqvh0c6dMeEbwt5IwFc0cT.N.n9X7H7dMZxOWwzIW'),(52,52,52,'Mexo','Hisol','Mexo.Hisol@gmail.com',_binary '$2b$12$58MPyiUoC019RTY6YZwskOW9NWcGkA3XyAb4z60vfq2244pHT370u'),(53,53,53,'Callisthunir','Liscal','Callisthunir.Liscal@gmail.com',_binary '$2b$12$SftecaRt1x5BWgdANzLXTeai4Qvv3U8FZjEsPmJwDh4kQF0qFobc2'),(54,54,54,'Mmoxuby','Girre','Mmoxuby.Girre@gmail.com',_binary '$2b$12$Lz3c5g413LunwwKqOuw4LeZBPwaTcQ4nfCko2fUUKiz0.n5blKVJq'),(55,55,55,'Bonephe','Fasopy','Bonephe.Fasopy@gmail.com',_binary '$2b$12$IKcfUEFM3aDDhnsk7DOoxecoEKsRTt86tV2Vz1hvvYtObM2ej0fEC'),(56,56,56,'Vesi','Orncilbirgom','Vesi.Orncilbirgom@gmail.com',_binary '$2b$12$hbyEs2vdMKg0hYuYDVfwzuLTdUesJmx8Z9ZidBLoZO.Ttzsjtx1fW'),(57,57,57,'Hymmy','Raci','Hymmy.Raci@gmail.com',_binary '$2b$12$IpM2L4vcD.JV7/4xOIam7u9r0CzsAsjRc4ZfEncf.J2BjkFsIbdti'),(58,58,58,'Mechiwi','Jazo','Mechiwi.Jazo@gmail.com',_binary '$2b$12$ocVHBEr8tMUIc2GBjjtl0OEs7rR0O1TpHJcZmEDHFjfvW5kkhhALq'),(59,59,59,'Thigomcul','Fadylu','Thigomcul.Fadylu@gmail.com',_binary '$2b$12$9.a.ptsSqq4imrleWDyHU.yg3/2AOLKw8RZRv.qq4h3m5ieEl4h3S'),(60,60,60,'Polymmo','Geka','Polymmo.Geka@gmail.com',_binary '$2b$12$TtEwm7eOqjbuq9bG0clneuSB5UlSYPbyW583VJdgoNHPdGR4uXltS'),(61,61,61,'Matuko','Laglesgim','Matuko.Laglesgim@gmail.com',_binary '$2b$12$Bm11FlepxzbeA4XrWN5AM.EPjLTf.AkWrhm.qVWV4Tm1swJinT.26'),(62,62,62,'Lasloglum','Thyxuwu','Lasloglum.Thyxuwu@gmail.com',_binary '$2b$12$FbFUTepH2lprSqXypzGdgO.iDuGWF8U.lq0T1SQpW50g9cgX2BmqK'),(63,63,63,'Logcel','Xusini','Logcel.Xusini@gmail.com',_binary '$2b$12$0ZldV7VgebPC7jYgl0uD9.21KjfMSWwaqzzg/BQCTTMXxfMs4kkA2'),(64,64,64,'Byrhebyr','Zycu','Byrhebyr.Zycu@gmail.com',_binary '$2b$12$uTHx7ghemXWF9dptN7rPIecIUWeI8KdxAkPuRSLVhNGi4Q75Kd9qW'),(65,65,65,'Pazasi','Sylcyllis','Pazasi.Sylcyllis@gmail.com',_binary '$2b$12$3cV/V.m4Hbf9FBAhy.5zT.sdj6owrOf.C5PM0ZpSaEJtYFRmljrZS'),(66,66,66,'Syllag','Mechiwi','Syllag.Mechiwi@gmail.com',_binary '$2b$12$nNKwcEGck.mXrAuuCLPyMuHoTLKpPEhj6eCm/NsboJkWPo.4UZ1BC'),(67,67,67,'Lledagy','Boquirri','Lledagy.Boquirri@gmail.com',_binary '$2b$12$iGAsfR3TVd6arZQrKYpmK.h5KwhkY5r66T4cllDPhkm0QsClHRcvi'),(68,68,68,'Lletyjo','Hyse','Lletyjo.Hyse@gmail.com',_binary '$2b$12$APf1Va2nYjwTjWs./Il6oeYbuxyK/ffWN15W.Ay.QBVrACq3Izd8y'),(69,69,69,'Solgamberthi','Suquajo','Solgamberthi.Suquajo@gmail.com',_binary '$2b$12$emTqej1TlOWTrA3RUAj3beR7cFw3mnXaYp6tTgDQCgS2TJfb7BLUa'),(70,70,70,'Gymcalhober','Pazasi','Gymcalhober.Pazasi@gmail.com',_binary '$2b$12$66b47gdG03SQlJqpvEG5juiwcP53wg4U5X10PaWmkG/RSJxarir4m'),(71,71,71,'Vupo','Sulbarmornar','Vupo.Sulbarmornar@gmail.com',_binary '$2b$12$DHPyKS9TDDGVqmw3R5W3refZvobLaOztOzJOtwkRW6VZGmE1KIsH6'),(72,72,72,'Hesolmar','Urnlasho','Hesolmar.Urnlasho@gmail.com',_binary '$2b$12$7vgZlRzBaZxLKm9o2Si5r.UHh889HjV/T2SM6kHe9Oe7FXWOrfwUW'),(73,73,73,'Leshe','Gyka','Leshe.Gyka@gmail.com',_binary '$2b$12$7ahRPAHoMwLvVpAMREVqN.VAJpr1Fqrh11HgRwicEUgZcPVLwOeZC'),(74,74,74,'Gichu','Morlag','Gichu.Morlag@gmail.com',_binary '$2b$12$La7diXiKSOSq0L4aHcPRmO.YTQO6QQsvwe4KVGGcTEvZ./8oJ8nra'),(75,75,75,'Salhu','Borbyrhulys','Salhu.Borbyrhulys@gmail.com',_binary '$2b$12$sYaKkQwd6dMF0y7pr4TVpeySJ7vEbAbI80AKaQ4VZ9HrCKelxDzN.'),(76,76,76,'Lugcul','Vupo','Lugcul.Vupo@gmail.com',_binary '$2b$12$EjGW7TrgdYHnUJpLN4ELu.toN4ziYpK5TzxEQ0XhIDwfEgDKvXU56'),(77,77,77,'Lasloglum','Gyki','Lasloglum.Gyki@gmail.com',_binary '$2b$12$nU.u9KEE/dXZCJJgdjdW3uhXIdDjf5OYemDdPkCTIEqgPgVj4ICXW'),(78,78,78,'Thaligber','Kibi','Thaligber.Kibi@gmail.com',_binary '$2b$12$Vud/wfNgcZ6pRExMtUZLeeRIAPqzXj1HMgjkA6mwGqURUzUVK6Fum'),(79,79,79,'Pehide','Nopho','Pehide.Nopho@gmail.com',_binary '$2b$12$1p96n3oAILZui1Ei4hqE0ODCH0aG9DyD6qdUIvxYKyJHx44wWKXQG'),(80,80,80,'Callisthunir','Zeto','Callisthunir.Zeto@gmail.com',_binary '$2b$12$vwBoEOpSDLSJbQAYui16zez7aVKbKdCxBTGwWzxddd3s/A2HApJEy'),(81,81,81,'Silgimculnir','Jyfybo','Silgimculnir.Jyfybo@gmail.com',_binary '$2b$12$wsFJ4iCOqOYFwli.tVQcbuKazc7VrMnvYtKOI16vhp.b/7taOzwOC'),(82,82,82,'Merhosyl','Kevygu','Merhosyl.Kevygu@gmail.com',_binary '$2b$12$HrslBNbErG/KvtEc5I6yQ.HFaG9SZIzjBYuKDjmvJrFkb3gj3qUB2'),(83,83,83,'Rruno','Celmorgember','Rruno.Celmorgember@gmail.com',_binary '$2b$12$jfXnHoo0Yo2DyFG.K/1yzevdeiyE.ULokshIQwMwXTQkp9g76yCIm'),(84,84,84,'Thexe','Sulbarmornar','Thexe.Sulbarmornar@gmail.com',_binary '$2b$12$6a9OE8buEY0j2fRGfYMDhemw5kRtrwbl1wNaYoY8Cn5jwztMChe7u'),(85,85,85,'Lledagy','Phasone','Lledagy.Phasone@gmail.com',_binary '$2b$12$2PmV3pTb2YPgjtX7AtzXV.F/ZuhsHLz7aNmjG6JYir28fmlo.E9NO'),(86,86,86,'Mmichera','Nopho','Mmichera.Nopho@gmail.com',_binary '$2b$12$KjJ4G2GIE/ZN1fhACYHDZ..zhwH6pJSvjzNhKLDZ5Dk1E4dLCz8d.'),(87,87,87,'Rruxigu','Leshe','Rruxigu.Leshe@gmail.com',_binary '$2b$12$2yS8BKQNpaACdWi6Cx4B7.tSC1c/BmLo2ZTlCkbjeeDbdrSfaG51.'),(88,88,88,'Bermor','Laqui','Bermor.Laqui@gmail.com',_binary '$2b$12$xhB3fCui0VyPhovhNh0DMOjrxOJ1yJua25SDmT1WgmcooNnZjT82e'),(89,89,89,'Lomlember','Pima','Lomlember.Pima@gmail.com',_binary '$2b$12$pswTcBalsKy436qmRF8byOOjR57BxqLR/IPKJQdtQfHxqBfOzLlXe'),(90,90,90,'Barbirorn','Cuphu','Barbirorn.Cuphu@gmail.com',_binary '$2b$12$y39BZHskN.D.6UCmPVHs.eXe3t6RPRD1YUlbbARRk/Zlo4jhc635a'),(91,91,91,'Chirra','Boquirri','Chirra.Boquirri@gmail.com',_binary '$2b$12$830IL4OTlu62vfYLV/NSleJBoqDMgpxNnQRXO8PqDzjCaF1x4HtaK'),(92,92,92,'Salthalegorn','Berthe','Salthalegorn.Berthe@gmail.com',_binary '$2b$12$GG67btT0AXjtNXgdjQQR/uwWrylGtF01Yst5.SgUfFdiHrk1ql0Za'),(93,93,93,'Sala','Quoquafa','Sala.Quoquafa@gmail.com',_binary '$2b$12$.UCTEuHX1Qj0E/jVGmTaCOmRGogjA2u.EXTu28gD8c6Hel7KfP0si'),(94,94,94,'Gyki','Juhuta','Gyki.Juhuta@gmail.com',_binary '$2b$12$IhB94E97ORUe6Gyi/.J6eOYU1Ggtea9BtWKaEW.q4sJFbNkPQ3pgu'),(95,95,95,'Wogaha','Boquirri','Wogaha.Boquirri@gmail.com',_binary '$2b$12$GXqhXXLmf/VMPqlTqq10J.o43Kt1P5SY5nnmRca88ryrvEYmpDXc6'),(96,96,96,'Silbartha','Limgem','Silbartha.Limgem@gmail.com',_binary '$2b$12$F8tjgIdlvAtTT5tRf3oHvuiYzGjPRW39G.acf4Zyu2HHRMH0iwukS'),(97,97,97,'Gake','Pima','Gake.Pima@gmail.com',_binary '$2b$12$D7cDne/JfQagVy2KFcExOed5DsompBb8/vLajKCI2wtEPcinET8bq'),(98,98,98,'Sujytho','Syllas','Sujytho.Syllas@gmail.com',_binary '$2b$12$20gMPwdLUVqG3hHP0WR2QOPsa9top.eUjWCyZq9R6Ze/dYZLZkk/W'),(99,99,99,'Suchu','Rroky','Suchu.Rroky@gmail.com',_binary '$2b$12$KtTISPAtPp9yFY68f8rRX.Kk1BeI2H4ixdE923jnRZJjXAFoAoqPi'),(100,100,100,'Burlyscul','Suquajo','Burlyscul.Suquajo@gmail.com',_binary '$2b$12$Y/g4epb2.He9sGNquVMnT.qZP9IaK9875iv3XFxRRKeybEe86Tzs.'),(101,101,101,'kg kjhg ','hkjg kjh','g kjhg kjh',_binary '$2b$12$cOqVQ7TOfoLGIHAzZggRaeYlrA4nGTOIvTDAKwEhEquL.vj6Jbo4e');
/*!40000 ALTER TABLE `Account` ENABLE KEYS */;
UNLOCK TABLES;

--
-- Table structure for table `Address`
--

DROP TABLE IF EXISTS `Address`;
/*!40101 SET @saved_cs_client     = @@character_set_client */;
 SET character_set_client = utf8mb4 ;
CREATE TABLE `Address` (
  `id` int(11) NOT NULL AUTO_INCREMENT,
  `number` int(11) NOT NULL,
  `apartment` int(11) DEFAULT NULL,
  `street` varchar(30) NOT NULL,
  `city` varchar(30) NOT NULL,
  `country` varchar(30) NOT NULL,
  PRIMARY KEY (`id`)
) ENGINE=InnoDB AUTO_INCREMENT=102 DEFAULT CHARSET=utf8mb4 COLLATE=utf8mb4_0900_ai_ci;
/*!40101 SET character_set_client = @saved_cs_client */;

--
-- Dumping data for table `Address`
--

LOCK TABLES `Address` WRITE;
/*!40000 ALTER TABLE `Address` DISABLE KEYS */;
INSERT INTO `Address` VALUES (1,79,488,'Burcylcel Ave','Birhogim','Gipho'),(2,38,NULL,'Quarrythy Blvd','Gipho','Quovavu'),(3,37,NULL,'Dodyra Rd','Hisol','Muphaba'),(4,9,NULL,'Mmoha St','Orncilbirgom','Cyllig'),(5,22,919,'Berthe Rd','Geka','Nyjige'),(6,40,NULL,'Mmyjyhe Blvd','Berthe','Lloto'),(7,66,NULL,'Rruno Rd','Lishalllumcal','Mallyzy'),(8,46,NULL,'Mowe Ave','Xathe','Rycypy'),(9,2,NULL,'Hathulemhe Ave','Llollace','Kibi'),(10,84,817,'Hellu Blvd','Bermor','Navede'),(11,20,NULL,'Cehypy St','Hyza','Rruxigu'),(12,56,NULL,'Lasloglag Blvd','Lomlos','Bonephe'),(13,96,622,'Nowomi Rd','Nircalbur','Hymmy'),(14,33,695,'Lomlos Ave','Gyki','Lessellamyrn'),(15,85,830,'Syqua Blvd','Salthalegorn','Geka'),(16,4,351,'Thexe Blvd','Hyza','Fadylu'),(17,65,NULL,'Hagyga Blvd','Narmarborern','Senoze'),(18,68,30,'Celmorgember Rd','Hymmy','Colmorhi'),(19,15,4,'Ornmur Ave','Juhuta','Salhu'),(20,93,932,'Gumsalculsil Ave','Sylcyllis','Barbirorn'),(21,66,433,'Laqui St','Lessellamyrn','Boquirri'),(22,41,73,'Fibonu Rd','Rroce','Bonephe'),(23,44,NULL,'Sala Blvd','Zyhi','Thalomorn'),(24,66,215,'Salthalegorn Ave','Sidemi','Celmorgember'),(25,9,232,'Kotherru Ave','Gocahy','Mmyte'),(26,41,627,'Rrammyca Rd','Hagyga','Hothoirnlug'),(27,22,NULL,'Nirmersolurn St','Hical','Quarrythy'),(28,89,863,'Limlesgam Blvd','Thaligber','Laglyslomlis'),(29,38,773,'Senoze St','Thicolthu','Kyjado'),(30,29,NULL,'Quarrythy Blvd','Leglam','Fadylu'),(31,93,NULL,'Rroce Blvd','Kidoxa','Kidoxa'),(32,62,136,'Liscal Ave','Xusini','Dunummo'),(33,6,583,'Zurruca Blvd','Rriwufi','Jyfybo'),(34,50,NULL,'Zajerry Ave','Narmar','Gichu'),(35,9,430,'Tysy Ave','Jegi','Loglistha'),(36,99,399,'Thulam St','Thyxuwu','Rrobysu'),(37,72,NULL,'Pima Ave','Pazasi','Laglyslomlis'),(38,30,932,'Bonephe Rd','Tyfoxe','Gichu'),(39,6,NULL,'Kidoxa Rd','Salthalegorn','Sala'),(40,42,NULL,'Cyllig Rd','Hesolmar','Rrobysu'),(41,49,NULL,'Jeduty St','Hical','Lasloglum'),(42,86,NULL,'Lajyse St','Hyza','Thicolthu'),(43,56,NULL,'Gake St','Lasloglag','Gully'),(44,65,166,'Quarrythy Blvd','Merhosyl','Suquajo'),(45,61,NULL,'Rydu Blvd','Leglam','Mmyjyhe'),(46,25,803,'Dypu Rd','Thexe','Zeto'),(47,61,NULL,'Cuphiwa Rd','Coquawi','Thatheluslag'),(48,89,NULL,'Nopho Ave','Solgamberthi','Morcalsul'),(49,10,NULL,'Limgem St','Burmir','Gipho'),(50,12,371,'Boquirri Rd','Laglesgim','Kevygu'),(51,41,676,'Mmyjyhe St','Lajyse','Thine'),(52,85,NULL,'Quovavu Rd','Loxocho','Leglam'),(53,53,775,'Lomlember Rd','Sixare','Lishalllumcal'),(54,54,NULL,'Boxemmi St','Berthe','Calornthilog'),(55,19,NULL,'Coquawi Blvd','Gamlusmorcol','Navede'),(56,43,NULL,'Fadylu Rd','Hothoirnlug','Thitha'),(57,53,NULL,'Sala Ave','Wimma','Thatheluslag'),(58,39,915,'Sulbarmornar Ave','Hugimirn','Murgomhellhi'),(59,32,NULL,'Hesolmar Ave','Viri','Quacy'),(60,20,167,'Jazo Blvd','Limgem','Syllas'),(61,35,96,'Dypu Ave','Loscal','Byjuwi'),(62,1,NULL,'Gymlys St','Orncilbirgom','Theky'),(63,48,595,'Thalomorn Rd','Kevygu','Quovavu'),(64,86,165,'Nyxichi St','Mmyte','Berthe'),(65,12,NULL,'Helisloshi Blvd','Cuphiwa','Xusini'),(66,65,NULL,'Loxocho Rd','Fille','Mmoxuby'),(67,87,NULL,'Ornmur Rd','Mmyjyhe','Kynugy'),(68,59,NULL,'Ligbir Blvd','Thalomorn','Bonephe'),(69,34,NULL,'Llommiga St','Mexo','Thyxuwu'),(70,9,NULL,'Lyshallluslam Ave','Rrobysu','Hical'),(71,45,NULL,'Mallyzy St','Lugcul','Berthe'),(72,39,NULL,'Gake St','Nircalbur','Quoquafa'),(73,10,NULL,'Hosal Ave','Rrotyhu','Viri'),(74,16,NULL,'Jegi Ave','Raci','Mmyjyhe'),(75,43,NULL,'Jimiru Ave','Limgem','Mechiwi'),(76,22,NULL,'Celloggimbur St','Bibowo','Quarrythy'),(77,26,530,'Nopho Blvd','Jegi','Quoquafa'),(78,95,356,'Gumsalculsil Rd','Coquawi','Hecolha'),(79,67,858,'Celloggimbur St','Limgem','Limgem'),(80,12,515,'Mmyte Rd','Dodyra','Quarrythy'),(81,65,685,'Gipho Rd','Nophy','Gipho'),(82,31,701,'Lluzali Blvd','Phata','Theky'),(83,63,27,'Mmocho Rd','Fasopy','Sipehu'),(84,65,883,'Birhogim Blvd','Wetu','Gyka'),(85,52,NULL,'Loxocho Ave','Bermor','Barbirorn'),(86,77,901,'Lasloglag Ave','Laqui','Cehypy'),(87,42,NULL,'Sulleshe St','Thexe','Bogu'),(88,17,179,'Thalomorn Rd','Pazasi','Lomlember'),(89,48,151,'Byjuwi Ave','Zapu','Nowomi'),(90,70,310,'Thulam Blvd','Quelli','Silurnsellag'),(91,68,374,'Lumsolthalig Ave','Loglistha','Wipugo'),(92,43,NULL,'Sozawy Blvd','Chusuny','Quelli'),(93,59,708,'Kyjado Rd','Kidoxa','Fasopy'),(94,57,NULL,'Zajerry Rd','Dypu','Muphaba'),(95,24,NULL,'Sipehu St','Berthe','Mmoxuby'),(96,11,583,'Gimcullegirn Blvd','Zapu','Rriwufi'),(97,20,248,'Pehide Blvd','Hymmy','Bonephe'),(98,38,908,'Lleji Ave','Urnlasho','Gymcalhober'),(99,69,374,'Chirra St','Morlag','Polymmo'),(100,66,602,'Sujytho Rd','Zycu','Xusini'),(101,123,NULL,'jhg g','jg jhg',' jhgjhg ');
/*!40000 ALTER TABLE `Address` ENABLE KEYS */;
UNLOCK TABLES;

--
-- Table structure for table `Cart`
--

DROP TABLE IF EXISTS `Cart`;
/*!40101 SET @saved_cs_client     = @@character_set_client */;
 SET character_set_client = utf8mb4 ;
CREATE TABLE `Cart` (
  `id` int(11) NOT NULL AUTO_INCREMENT,
  `id_User` int(11) NOT NULL,
  `totalCost` float(16,2) NOT NULL DEFAULT '0.00',
  PRIMARY KEY (`id`),
  KEY `id_User` (`id_User`),
  CONSTRAINT `Cart_ibfk_1` FOREIGN KEY (`id_User`) REFERENCES `User` (`id`)
) ENGINE=InnoDB AUTO_INCREMENT=302 DEFAULT CHARSET=utf8mb4 COLLATE=utf8mb4_0900_ai_ci;
/*!40101 SET character_set_client = @saved_cs_client */;

--
-- Dumping data for table `Cart`
--

LOCK TABLES `Cart` WRITE;
/*!40000 ALTER TABLE `Cart` DISABLE KEYS */;
INSERT INTO `Cart` VALUES (1,1,105.79),(2,2,123.65),(3,3,66.53),(4,4,87.93),(5,5,134.30),(6,6,68.52),(7,7,98.41),(8,8,91.51),(9,9,64.82),(10,10,173.38),(11,11,135.52),(12,12,118.56),(13,13,86.83),(14,14,95.72),(15,15,105.23),(16,16,122.28),(17,17,98.22),(18,18,84.37),(19,19,64.27),(20,20,122.08),(21,21,90.55),(22,22,160.94),(23,23,62.59),(24,24,125.07),(25,25,130.04),(26,26,60.60),(27,27,42.08),(28,28,66.69),(29,29,100.08),(30,30,160.26),(31,31,64.73),(32,32,109.63),(33,33,111.76),(34,34,26.13),(35,35,136.99),(36,36,104.63),(37,37,37.26),(38,38,102.94),(39,39,130.50),(40,40,57.47),(41,41,100.95),(42,42,98.24),(43,43,66.02),(44,44,136.60),(45,45,162.12),(46,46,108.06),(47,47,107.72),(48,48,135.42),(49,49,126.11),(50,50,130.80),(51,51,112.92),(52,52,136.43),(53,53,56.13),(54,54,157.70),(55,55,66.31),(56,56,174.45),(57,57,102.96),(58,58,78.56),(59,59,115.86),(60,60,133.26),(61,61,181.97),(62,62,110.52),(63,63,142.07),(64,64,62.43),(65,65,111.55),(66,66,50.44),(67,67,63.99),(68,68,110.39),(69,69,98.29),(70,70,33.86),(71,71,61.26),(72,72,112.20),(73,73,105.25),(74,74,33.69),(75,75,141.75),(76,76,169.35),(77,77,123.60),(78,78,135.44),(79,79,77.23),(80,80,79.66),(81,81,53.87),(82,82,140.40),(83,83,102.65),(84,84,137.71),(85,85,71.29),(86,86,96.76),(87,87,113.16),(88,88,109.45),(89,89,95.27),(90,90,38.14),(91,91,131.25),(92,92,49.74),(93,93,116.28),(94,94,160.16),(95,95,127.22),(96,96,47.74),(97,97,132.35),(98,98,81.75),(99,99,107.27),(100,100,103.62),(101,25,0.00),(102,25,0.00),(103,97,0.00),(104,97,0.00),(105,90,0.00),(106,90,0.00),(107,34,0.00),(108,34,0.00),(109,8,0.00),(110,8,0.00),(111,92,0.00),(112,92,0.00),(113,20,0.00),(114,20,0.00),(115,40,0.00),(116,40,0.00),(117,61,0.00),(118,61,0.00),(119,76,0.00),(120,76,0.00),(121,18,0.00),(122,18,0.00),(123,46,0.00),(124,46,0.00),(125,5,0.00),(126,5,0.00),(127,73,0.00),(128,73,0.00),(129,70,0.00),(130,70,0.00),(131,94,0.00),(132,94,0.00),(133,58,0.00),(134,58,0.00),(135,17,0.00),(136,17,0.00),(137,57,0.00),(138,57,0.00),(139,97,0.00),(140,97,0.00),(141,27,0.00),(142,27,0.00),(143,99,0.00),(144,99,0.00),(145,6,0.00),(146,6,0.00),(147,83,0.00),(148,83,0.00),(149,24,0.00),(150,24,0.00),(151,45,0.00),(152,45,0.00),(153,76,0.00),(154,76,0.00),(155,59,0.00),(156,59,0.00),(157,33,0.00),(158,33,0.00),(159,9,0.00),(160,9,0.00),(161,11,0.00),(162,11,0.00),(163,99,0.00),(164,99,0.00),(165,19,0.00),(166,19,0.00),(167,57,0.00),(168,57,0.00),(169,74,0.00),(170,74,0.00),(171,54,0.00),(172,54,0.00),(173,28,0.00),(174,28,0.00),(175,22,0.00),(176,22,0.00),(177,12,0.00),(178,12,0.00),(179,3,0.00),(180,3,0.00),(181,29,0.00),(182,29,0.00),(183,92,0.00),(184,92,0.00),(185,42,0.00),(186,42,0.00),(187,98,0.00),(188,98,0.00),(189,24,0.00),(190,24,0.00),(191,61,0.00),(192,61,0.00),(193,40,0.00),(194,40,0.00),(195,6,0.00),(196,6,0.00),(197,33,0.00),(198,33,0.00),(199,80,0.00),(200,80,0.00),(201,52,0.00),(202,52,0.00),(203,37,0.00),(204,37,0.00),(205,34,0.00),(206,34,0.00),(207,61,0.00),(208,61,0.00),(209,57,0.00),(210,57,0.00),(211,26,0.00),(212,26,0.00),(213,58,0.00),(214,58,0.00),(215,43,0.00),(216,43,0.00),(217,16,0.00),(218,16,0.00),(219,96,0.00),(220,96,0.00),(221,51,0.00),(222,51,0.00),(223,89,0.00),(224,89,0.00),(225,49,0.00),(226,49,0.00),(227,77,0.00),(228,77,0.00),(229,7,0.00),(230,7,0.00),(231,60,0.00),(232,60,0.00),(233,63,0.00),(234,63,0.00),(235,47,0.00),(236,47,0.00),(237,31,0.00),(238,31,0.00),(239,86,0.00),(240,86,0.00),(241,87,0.00),(242,87,0.00),(243,13,0.00),(244,13,0.00),(245,57,0.00),(246,57,0.00),(247,52,0.00),(248,52,0.00),(249,62,0.00),(250,62,0.00),(251,96,0.00),(252,96,0.00),(253,14,0.00),(254,14,0.00),(255,93,0.00),(256,93,0.00),(257,55,0.00),(258,55,0.00),(259,16,0.00),(260,16,0.00),(261,73,0.00),(262,73,0.00),(263,74,0.00),(264,74,0.00),(265,4,0.00),(266,4,0.00),(267,50,0.00),(268,50,0.00),(269,9,0.00),(270,9,0.00),(271,36,0.00),(272,36,0.00),(273,78,0.00),(274,78,0.00),(275,24,0.00),(276,24,0.00),(277,83,0.00),(278,83,0.00),(279,19,0.00),(280,19,0.00),(281,34,0.00),(282,34,0.00),(283,50,0.00),(284,50,0.00),(285,34,0.00),(286,34,0.00),(287,13,0.00),(288,13,0.00),(289,58,0.00),(290,58,0.00),(291,84,0.00),(292,84,0.00),(293,46,0.00),(294,46,0.00),(295,46,0.00),(296,46,0.00),(297,56,0.00),(298,56,0.00),(299,69,0.00),(300,69,0.00),(301,101,0.00);
/*!40000 ALTER TABLE `Cart` ENABLE KEYS */;
UNLOCK TABLES;

--
-- Table structure for table `CartItem`
--

DROP TABLE IF EXISTS `CartItem`;
/*!40101 SET @saved_cs_client     = @@character_set_client */;
 SET character_set_client = utf8mb4 ;
CREATE TABLE `CartItem` (
  `id` int(11) NOT NULL AUTO_INCREMENT,
  `id_Ingredient` int(11) NOT NULL,
  `id_Cart` int(11) NOT NULL,
  `multiplier` int(11) NOT NULL DEFAULT '1',
  `subCost` float(16,2) NOT NULL DEFAULT '0.00',
  PRIMARY KEY (`id`),
  UNIQUE KEY `UC_CartItem` (`id_Ingredient`,`id_Cart`),
  KEY `id_Cart` (`id_Cart`),
  CONSTRAINT `CartItem_ibfk_1` FOREIGN KEY (`id_Ingredient`) REFERENCES `Ingredient` (`id`),
  CONSTRAINT `CartItem_ibfk_2` FOREIGN KEY (`id_Cart`) REFERENCES `Cart` (`id`)
) ENGINE=InnoDB AUTO_INCREMENT=1325 DEFAULT CHARSET=utf8mb4 COLLATE=utf8mb4_0900_ai_ci;
/*!40101 SET character_set_client = @saved_cs_client */;

--
-- Dumping data for table `CartItem`
--

LOCK TABLES `CartItem` WRITE;
/*!40000 ALTER TABLE `CartItem` DISABLE KEYS */;
INSERT INTO `CartItem` VALUES (1,2,1,1,3.75),(2,43,1,1,1.71),(3,32,1,1,9.31),(4,8,1,1,14.92),(5,98,1,1,0.89),(6,63,1,1,4.37),(7,50,1,1,10.80),(8,33,1,1,7.84),(9,6,1,1,14.37),(10,26,1,1,3.66),(11,92,1,1,3.70),(12,61,1,1,2.41),(13,39,1,1,11.09),(14,19,1,1,2.50),(15,88,1,1,14.47),(16,63,2,1,4.37),(17,51,2,1,1.45),(18,52,2,1,11.14),(19,56,2,1,13.83),(20,53,2,1,7.71),(21,10,2,1,5.18),(22,29,2,1,9.47),(23,14,2,1,13.38),(24,26,2,1,3.66),(25,62,2,1,9.04),(26,90,2,1,6.19),(27,88,2,1,14.47),(28,58,2,1,13.25),(29,91,2,1,1.78),(30,83,2,1,0.89),(31,84,2,1,2.78),(32,24,2,1,5.06),(33,21,3,1,0.33),(34,27,3,1,12.05),(35,79,3,1,0.24),(36,72,3,1,8.16),(37,51,3,1,1.45),(38,52,3,1,11.14),(39,71,3,1,8.12),(40,31,3,1,9.82),(41,39,3,1,11.09),(42,84,3,1,2.78),(43,44,3,1,1.35),(44,48,4,1,14.47),(45,88,4,1,14.47),(46,73,4,1,2.52),(47,33,4,1,7.84),(48,12,4,1,8.76),(49,55,4,1,5.24),(50,75,4,1,1.93),(51,13,4,1,7.86),(52,1,4,1,10.65),(53,26,4,1,3.66),(54,17,4,1,10.53),(55,94,5,1,6.22),(56,21,5,1,0.33),(57,37,5,1,14.51),(58,28,5,1,1.91),(59,18,5,1,2.32),(60,65,5,1,13.75),(61,3,5,1,10.39),(62,93,5,1,13.61),(63,43,5,1,1.71),(64,2,5,1,3.75),(65,53,5,1,7.71),(66,41,5,1,7.20),(67,77,5,1,10.36),(68,8,5,1,14.92),(69,52,5,1,11.14),(70,88,5,1,14.47),(71,94,6,1,6.22),(72,27,6,1,12.05),(73,60,6,1,3.25),(74,59,6,1,4.33),(75,35,6,1,6.00),(76,55,6,1,5.24),(77,81,6,1,11.58),(78,86,6,1,5.38),(79,48,6,1,14.47),(80,30,7,1,4.73),(81,97,7,1,9.05),(82,24,7,1,5.06),(83,60,7,1,3.25),(84,1,7,1,10.65),(85,15,7,1,1.86),(86,61,7,1,2.41),(87,82,7,1,12.98),(88,77,7,1,10.36),(89,22,7,1,9.55),(90,23,7,1,6.51),(91,87,7,1,6.29),(92,27,7,1,12.05),(93,26,7,1,3.66),(94,42,8,1,13.54),(95,79,8,1,0.24),(96,97,8,1,9.05),(97,34,8,1,1.87),(98,90,8,1,6.19),(99,37,8,1,14.51),(100,80,8,1,9.56),(101,30,8,1,4.73),(102,15,8,1,1.86),(103,25,8,1,7.79),(104,40,8,1,11.81),(105,77,8,1,10.36),(106,93,9,1,13.61),(107,73,9,1,2.52),(108,90,9,1,6.19),(109,55,9,1,5.24),(110,11,9,1,8.25),(111,80,9,1,9.56),(112,92,9,1,3.70),(113,85,9,1,13.84),(114,28,9,1,1.91),(115,76,10,1,13.38),(116,53,10,1,7.71),(117,74,10,1,2.70),(118,23,10,1,6.51),(119,49,10,1,0.65),(120,88,10,1,14.47),(121,58,10,1,13.25),(122,62,10,1,9.04),(123,35,10,1,6.00),(124,6,10,1,14.37),(125,16,10,1,8.95),(126,70,10,1,12.79),(127,60,10,1,3.25),(128,73,10,1,2.52),(129,71,10,1,8.12),(130,8,10,1,14.92),(131,41,10,1,7.20),(132,31,10,1,9.82),(133,54,10,1,14.45),(134,5,10,1,3.28),(135,90,11,1,6.19),(136,9,11,1,13.44),(137,95,11,1,5.15),(138,98,11,1,0.89),(139,19,11,1,2.50),(140,3,11,1,10.39),(141,17,11,1,10.53),(142,85,11,1,13.84),(143,7,11,1,10.91),(144,10,11,1,5.18),(145,88,11,1,14.47),(146,6,11,1,14.37),(147,83,11,1,0.89),(148,99,11,1,4.39),(149,50,11,1,10.80),(150,81,11,1,11.58),(151,72,12,1,8.16),(152,69,12,1,8.80),(153,25,12,1,7.79),(154,93,12,1,13.61),(155,75,12,1,1.93),(156,85,12,1,13.84),(157,13,12,1,7.86),(158,37,12,1,14.51),(159,29,12,1,9.47),(160,3,12,1,10.39),(161,16,12,1,8.95),(162,58,12,1,13.25),(163,5,13,1,3.28),(164,51,13,1,1.45),(165,50,13,1,10.80),(166,91,13,1,1.78),(167,68,13,1,7.67),(168,79,13,1,0.24),(169,10,13,1,5.18),(170,74,13,1,2.70),(171,12,13,1,8.76),(172,31,13,1,9.82),(173,18,13,1,2.32),(174,34,13,1,1.87),(175,95,13,1,5.15),(176,37,13,1,14.51),(177,1,13,1,10.65),(178,49,13,1,0.65),(179,1,14,1,10.65),(180,35,14,1,6.00),(181,34,14,1,1.87),(182,71,14,1,8.12),(183,12,14,1,8.76),(184,13,14,1,7.86),(185,44,14,1,1.35),(186,78,14,1,9.35),(187,88,14,1,14.47),(188,24,14,1,5.06),(189,100,14,1,11.14),(190,91,14,1,1.78),(191,32,14,1,9.31),(192,21,15,1,0.33),(193,61,15,1,2.41),(194,68,15,1,7.67),(195,23,15,1,6.51),(196,41,15,1,7.20),(197,81,15,1,11.58),(198,38,15,1,8.93),(199,100,15,1,11.14),(200,7,15,1,10.91),(201,43,15,1,1.71),(202,86,15,1,5.38),(203,24,15,1,5.06),(204,75,15,1,1.93),(205,32,15,1,9.31),(206,79,15,1,0.24),(207,8,15,1,14.92),(208,41,16,1,7.20),(209,21,16,1,0.33),(210,89,16,1,12.95),(211,40,16,1,11.81),(212,39,16,1,11.09),(213,18,16,1,2.32),(214,51,16,1,1.45),(215,7,16,1,10.91),(216,93,16,1,13.61),(217,94,16,1,6.22),(218,85,16,1,13.84),(219,26,16,1,3.66),(220,77,16,1,10.36),(221,15,16,1,1.86),(222,29,16,1,9.47),(223,74,16,1,2.70),(224,19,16,1,2.50),(225,15,17,1,1.86),(226,74,17,1,2.70),(227,91,17,1,1.78),(228,25,17,1,7.79),(229,85,17,1,13.84),(230,14,17,1,13.38),(231,64,17,1,3.71),(232,29,17,1,9.47),(233,89,17,1,12.95),(234,56,17,1,13.83),(235,13,17,1,7.86),(236,97,17,1,9.05),(237,42,18,1,13.54),(238,2,18,1,3.75),(239,24,18,1,5.06),(240,36,18,1,10.26),(241,19,18,1,2.50),(242,83,18,1,0.89),(243,43,18,1,1.71),(244,78,18,1,9.35),(245,68,18,1,7.67),(246,40,18,1,11.81),(247,26,18,1,3.66),(248,55,18,1,5.24),(249,38,18,1,8.93),(250,98,19,1,0.89),(251,12,19,1,8.76),(252,23,19,1,6.51),(253,55,19,1,5.24),(254,99,19,1,4.39),(255,80,19,1,9.56),(256,48,19,1,14.47),(257,54,19,1,14.45),(258,79,20,1,0.24),(259,13,20,1,7.86),(260,53,20,1,7.71),(261,33,20,1,7.84),(262,96,20,1,5.41),(263,44,20,1,1.35),(264,32,20,1,9.31),(265,31,20,1,9.82),(266,30,20,1,4.73),(267,38,20,1,8.93),(268,6,20,1,14.37),(269,77,20,1,10.36),(270,20,20,1,14.75),(271,83,20,1,0.89),(272,62,20,1,9.04),(273,29,20,1,9.47),(274,74,21,1,2.70),(275,55,21,1,5.24),(276,43,21,1,1.71),(277,18,21,1,2.32),(278,79,21,1,0.24),(279,72,21,1,8.16),(280,53,21,1,7.71),(281,95,21,1,5.15),(282,4,21,1,12.79),(283,24,21,1,5.06),(284,27,21,1,12.05),(285,76,21,1,13.38),(286,66,21,1,9.45),(287,98,21,1,0.89),(288,92,21,1,3.70),(289,80,22,1,9.56),(290,42,22,1,13.54),(291,93,22,1,13.61),(292,81,22,1,11.58),(293,36,22,1,10.26),(294,63,22,1,4.37),(295,74,22,1,2.70),(296,96,22,1,5.41),(297,22,22,1,9.55),(298,18,22,1,2.32),(299,67,22,1,7.25),(300,73,22,1,2.52),(301,99,22,1,4.39),(302,65,22,1,13.75),(303,83,22,1,0.89),(304,98,22,1,0.89),(305,32,22,1,9.31),(306,76,22,1,13.38),(307,20,22,1,14.75),(308,7,22,1,10.91),(309,9,23,1,13.44),(310,28,23,1,1.91),(311,71,23,1,8.12),(312,69,23,1,8.80),(313,52,23,1,11.14),(314,95,23,1,5.15),(315,51,23,1,1.45),(316,91,23,1,1.78),(317,50,23,1,10.80),(318,15,24,1,1.86),(319,76,24,1,13.38),(320,6,24,1,14.37),(321,38,24,1,8.93),(322,45,24,1,12.91),(323,48,24,1,14.47),(324,11,24,1,8.25),(325,21,24,1,0.33),(326,31,24,1,9.82),(327,67,24,1,7.25),(328,73,24,1,2.52),(329,40,24,1,11.81),(330,52,24,1,11.14),(331,59,24,1,4.33),(332,92,24,1,3.70),(333,50,25,1,10.80),(334,43,25,1,1.71),(335,51,25,1,1.45),(336,77,25,1,10.36),(337,2,25,1,3.75),(338,52,25,1,11.14),(339,5,25,1,3.28),(340,99,25,1,4.39),(341,15,25,1,1.86),(342,54,25,1,14.45),(343,89,25,1,12.95),(344,82,25,1,12.98),(345,4,25,1,12.79),(346,74,25,1,2.70),(347,41,25,1,7.20),(348,47,25,1,7.32),(349,7,25,1,10.91),(350,5,26,1,3.28),(351,20,26,1,14.75),(352,8,26,1,14.92),(353,60,26,1,3.25),(354,95,26,1,5.15),(355,63,26,1,4.37),(356,96,26,1,5.41),(357,29,26,1,9.47),(358,72,27,1,8.16),(359,79,27,1,0.24),(360,57,27,1,14.24),(361,3,27,1,10.39),(362,97,27,1,9.05),(363,18,28,1,2.32),(364,69,28,1,8.80),(365,84,28,1,2.78),(366,73,28,1,2.52),(367,55,28,1,5.24),(368,65,28,1,13.75),(369,9,28,1,13.44),(370,59,28,1,4.33),(371,81,28,1,11.58),(372,75,28,1,1.93),(373,26,29,1,3.66),(374,3,29,1,10.39),(375,6,29,1,14.37),(376,83,29,1,0.89),(377,64,29,1,3.71),(378,65,29,1,13.75),(379,76,29,1,13.38),(380,71,29,1,8.12),(381,42,29,1,13.54),(382,47,29,1,7.32),(383,94,29,1,6.22),(384,30,29,1,4.73),(385,1,30,1,10.65),(386,26,30,1,3.66),(387,32,30,1,9.31),(388,83,30,1,0.89),(389,19,30,1,2.50),(390,40,30,1,11.81),(391,99,30,1,4.39),(392,57,30,1,14.24),(393,69,30,1,8.80),(394,59,30,1,4.33),(395,25,30,1,7.79),(396,88,30,1,14.47),(397,8,30,1,14.92),(398,2,30,1,3.75),(399,9,30,1,13.44),(400,50,30,1,10.80),(401,53,30,1,7.71),(402,37,30,1,14.51),(403,46,30,1,2.29),(404,77,31,1,10.36),(405,62,31,1,9.04),(406,43,31,1,1.71),(407,37,31,1,14.51),(408,95,31,1,5.15),(409,78,31,1,9.35),(410,7,31,1,10.91),(411,92,31,1,3.70),(412,60,32,1,3.25),(413,95,32,1,5.15),(414,56,32,1,13.83),(415,49,32,1,0.65),(416,67,32,1,7.25),(417,30,32,1,4.73),(418,89,32,1,12.95),(419,33,32,1,7.84),(420,73,32,1,2.52),(421,39,32,1,11.09),(422,69,32,1,8.80),(423,55,32,1,5.24),(424,62,32,1,9.04),(425,2,32,1,3.75),(426,42,32,1,13.54),(427,12,33,1,8.76),(428,98,33,1,0.89),(429,80,33,1,9.56),(430,55,33,1,5.24),(431,23,33,1,6.51),(432,78,33,1,9.35),(433,75,33,1,1.93),(434,19,33,1,2.50),(435,86,33,1,5.38),(436,82,33,1,12.98),(437,97,33,1,9.05),(438,29,33,1,9.47),(439,93,33,1,13.61),(440,74,33,1,2.70),(441,56,33,1,13.83),(442,74,34,1,2.70),(443,26,34,1,3.66),(444,49,34,1,0.65),(445,25,34,1,7.79),(446,79,34,1,0.24),(447,39,34,1,11.09),(448,56,35,1,13.83),(449,46,35,1,2.29),(450,54,35,1,14.45),(451,51,35,1,1.45),(452,6,35,1,14.37),(453,70,35,1,12.79),(454,36,35,1,10.26),(455,35,35,1,6.00),(456,61,35,1,2.41),(457,50,35,1,10.80),(458,27,35,1,12.05),(459,75,35,1,1.93),(460,34,35,1,1.87),(461,84,35,1,2.78),(462,83,35,1,0.89),(463,81,35,1,11.58),(464,64,35,1,3.71),(465,60,35,1,3.25),(466,38,35,1,8.93),(467,44,35,1,1.35),(468,66,36,1,9.45),(469,44,36,1,1.35),(470,60,36,1,3.25),(471,30,36,1,4.73),(472,3,36,1,10.39),(473,92,36,1,3.70),(474,21,36,1,0.33),(475,28,36,1,1.91),(476,90,36,1,6.19),(477,34,36,1,1.87),(478,77,36,1,10.36),(479,9,36,1,13.44),(480,85,36,1,13.84),(481,51,36,1,1.45),(482,12,36,1,8.76),(483,93,36,1,13.61),(484,79,37,1,0.24),(485,2,37,1,3.75),(486,67,37,1,7.25),(487,13,37,1,7.86),(488,64,37,1,3.71),(489,54,37,1,14.45),(490,7,38,1,10.91),(491,11,38,1,8.25),(492,32,38,1,9.31),(493,45,38,1,12.91),(494,5,38,1,3.28),(495,73,38,1,2.52),(496,72,38,1,8.16),(497,55,38,1,5.24),(498,22,38,1,9.55),(499,61,38,1,2.41),(500,93,38,1,13.61),(501,18,38,1,2.32),(502,48,38,1,14.47),(503,74,39,1,2.70),(504,44,39,1,1.35),(505,99,39,1,4.39),(506,90,39,1,6.19),(507,12,39,1,8.76),(508,45,39,1,12.91),(509,85,39,1,13.84),(510,57,39,1,14.24),(511,100,39,1,11.14),(512,23,39,1,6.51),(513,32,39,1,9.31),(514,27,39,1,12.05),(515,51,39,1,1.45),(516,61,39,1,2.41),(517,69,39,1,8.80),(518,35,39,1,6.00),(519,71,39,1,8.12),(520,21,39,1,0.33),(521,67,40,1,7.25),(522,11,40,1,8.25),(523,78,40,1,9.35),(524,7,40,1,10.91),(525,69,40,1,8.80),(526,45,40,1,12.91),(527,88,41,1,14.47),(528,53,41,1,7.71),(529,80,41,1,9.56),(530,32,41,1,9.31),(531,91,41,1,1.78),(532,16,41,1,8.95),(533,57,41,1,14.24),(534,10,41,1,5.18),(535,9,41,1,13.44),(536,60,41,1,3.25),(537,64,41,1,3.71),(538,78,41,1,9.35),(539,86,42,1,5.38),(540,66,42,1,9.45),(541,45,42,1,12.91),(542,42,42,1,13.54),(543,34,42,1,1.87),(544,5,42,1,3.28),(545,71,42,1,8.12),(546,23,42,1,6.51),(547,55,42,1,5.24),(548,98,42,1,0.89),(549,52,42,1,11.14),(550,28,42,1,1.91),(551,40,42,1,11.81),(552,90,42,1,6.19),(553,74,43,1,2.70),(554,34,43,1,1.87),(555,47,43,1,7.32),(556,37,43,1,14.51),(557,72,43,1,8.16),(558,30,43,1,4.73),(559,82,43,1,12.98),(560,65,43,1,13.75),(561,49,44,1,0.65),(562,85,44,1,13.84),(563,69,44,1,8.80),(564,33,44,1,7.84),(565,56,44,1,13.83),(566,84,44,1,2.78),(567,81,44,1,11.58),(568,80,44,1,9.56),(569,54,44,1,14.45),(570,98,44,1,0.89),(571,60,44,1,3.25),(572,55,44,1,5.24),(573,12,44,1,8.76),(574,99,44,1,4.39),(575,52,44,1,11.14),(576,1,44,1,10.65),(577,16,44,1,8.95),(578,8,45,1,14.92),(579,32,45,1,9.31),(580,15,45,1,1.86),(581,33,45,1,7.84),(582,86,45,1,5.38),(583,26,45,1,3.66),(584,43,45,1,1.71),(585,24,45,1,5.06),(586,21,45,1,0.33),(587,56,45,1,13.83),(588,5,45,1,3.28),(589,40,45,1,11.81),(590,54,45,1,14.45),(591,9,45,1,13.44),(592,12,45,1,8.76),(593,97,45,1,9.05),(594,6,45,1,14.37),(595,66,45,1,9.45),(596,93,45,1,13.61),(597,73,46,1,2.52),(598,39,46,1,11.09),(599,83,46,1,0.89),(600,40,46,1,11.81),(601,16,46,1,8.95),(602,34,46,1,1.87),(603,91,46,1,1.78),(604,11,46,1,8.25),(605,100,46,1,11.14),(606,28,46,1,1.91),(607,2,46,1,3.75),(608,92,46,1,3.70),(609,82,46,1,12.98),(610,54,46,1,14.45),(611,18,46,1,2.32),(612,1,46,1,10.65),(613,28,47,1,1.91),(614,93,47,1,13.61),(615,73,47,1,2.52),(616,22,47,1,9.55),(617,76,47,1,13.38),(618,25,47,1,7.79),(619,10,47,1,5.18),(620,99,47,1,4.39),(621,7,47,1,10.91),(622,62,47,1,9.04),(623,63,47,1,4.37),(624,81,47,1,11.58),(625,79,47,1,0.24),(626,58,47,1,13.25),(627,13,48,1,7.86),(628,87,48,1,6.29),(629,91,48,1,1.78),(630,23,48,1,6.51),(631,48,48,1,14.47),(632,42,48,1,13.54),(633,4,48,1,12.79),(634,70,48,1,12.79),(635,58,48,1,13.25),(636,79,48,1,0.24),(637,50,48,1,10.80),(638,34,48,1,1.87),(639,65,48,1,13.75),(640,30,48,1,4.73),(641,20,48,1,14.75),(642,4,49,1,12.79),(643,44,49,1,1.35),(644,92,49,1,3.70),(645,63,49,1,4.37),(646,16,49,1,8.95),(647,43,49,1,1.71),(648,46,49,1,2.29),(649,59,49,1,4.33),(650,37,49,1,14.51),(651,41,49,1,7.20),(652,72,49,1,8.16),(653,81,49,1,11.58),(654,96,49,1,5.41),(655,51,49,1,1.45),(656,27,49,1,12.05),(657,40,49,1,11.81),(658,54,49,1,14.45),(659,75,50,1,1.93),(660,37,50,1,14.51),(661,11,50,1,8.25),(662,32,50,1,9.31),(663,50,50,1,10.80),(664,26,50,1,3.66),(665,52,50,1,11.14),(666,83,50,1,0.89),(667,14,50,1,13.38),(668,77,50,1,10.36),(669,67,50,1,7.25),(670,76,50,1,13.38),(671,43,50,1,1.71),(672,21,50,1,0.33),(673,27,50,1,12.05),(674,46,50,1,2.29),(675,80,50,1,9.56),(676,100,51,1,11.14),(677,24,51,1,5.06),(678,8,51,1,14.92),(679,87,51,1,6.29),(680,51,51,1,1.45),(681,91,51,1,1.78),(682,54,51,1,14.45),(683,74,51,1,2.70),(684,38,51,1,8.93),(685,92,51,1,3.70),(686,99,51,1,4.39),(687,28,51,1,1.91),(688,83,51,1,0.89),(689,90,51,1,6.19),(690,68,51,1,7.67),(691,79,51,1,0.24),(692,35,51,1,6.00),(693,67,51,1,7.25),(694,84,51,1,2.78),(695,10,51,1,5.18),(696,47,52,1,7.32),(697,70,52,1,12.79),(698,34,52,1,1.87),(699,21,52,1,0.33),(700,100,52,1,11.14),(701,35,52,1,6.00),(702,71,52,1,8.12),(703,68,52,1,7.67),(704,24,52,1,5.06),(705,7,52,1,10.91),(706,97,52,1,9.05),(707,80,52,1,9.56),(708,40,52,1,11.81),(709,20,52,1,14.75),(710,94,52,1,6.22),(711,56,52,1,13.83),(712,80,53,1,9.56),(713,28,53,1,1.91),(714,86,53,1,5.38),(715,16,53,1,8.95),(716,35,53,1,6.00),(717,25,53,1,7.79),(718,2,53,1,3.75),(719,4,53,1,12.79),(720,16,54,1,8.95),(721,27,54,1,12.05),(722,38,54,1,8.93),(723,75,54,1,1.93),(724,26,54,1,3.66),(725,5,54,1,3.28),(726,58,54,1,13.25),(727,91,54,1,1.78),(728,88,54,1,14.47),(729,8,54,1,14.92),(730,30,54,1,4.73),(731,32,54,1,9.31),(732,24,54,1,5.06),(733,49,54,1,0.65),(734,37,54,1,14.51),(735,87,54,1,6.29),(736,10,54,1,5.18),(737,22,54,1,9.55),(738,82,54,1,12.98),(739,94,54,1,6.22),(740,85,55,1,13.84),(741,60,55,1,3.25),(742,7,55,1,10.91),(743,45,55,1,12.91),(744,1,55,1,10.65),(745,20,55,1,14.75),(746,44,56,1,1.35),(747,62,56,1,9.04),(748,90,56,1,6.19),(749,39,56,1,11.09),(750,48,56,1,14.47),(751,24,56,1,5.06),(752,83,56,1,0.89),(753,97,56,1,9.05),(754,70,56,1,12.79),(755,40,56,1,11.81),(756,11,56,1,8.25),(757,51,56,1,1.45),(758,57,56,1,14.24),(759,56,56,1,13.83),(760,71,56,1,8.12),(761,9,56,1,13.44),(762,27,56,1,12.05),(763,42,56,1,13.54),(764,25,56,1,7.79),(765,35,57,1,6.00),(766,31,57,1,9.82),(767,100,57,1,11.14),(768,23,57,1,6.51),(769,42,57,1,13.54),(770,90,57,1,6.19),(771,74,57,1,2.70),(772,62,57,1,9.04),(773,29,57,1,9.47),(774,66,57,1,9.45),(775,71,57,1,8.12),(776,47,57,1,7.32),(777,26,57,1,3.66),(778,55,58,1,5.24),(779,70,58,1,12.79),(780,57,58,1,14.24),(781,22,58,1,9.55),(782,76,58,1,13.38),(783,71,58,1,8.12),(784,89,58,1,12.95),(785,46,58,1,2.29),(786,41,59,1,7.20),(787,52,59,1,11.14),(788,78,59,1,9.35),(789,76,59,1,13.38),(790,70,59,1,12.79),(791,73,59,1,2.52),(792,89,59,1,12.95),(793,50,59,1,10.80),(794,11,59,1,8.25),(795,88,59,1,14.47),(796,95,59,1,5.15),(797,13,59,1,7.86),(798,18,60,1,2.32),(799,26,60,1,3.66),(800,64,60,1,3.71),(801,89,60,1,12.95),(802,60,60,1,3.25),(803,31,60,1,9.82),(804,22,60,1,9.55),(805,15,60,1,1.86),(806,70,60,1,12.79),(807,5,60,1,3.28),(808,4,60,1,12.79),(809,73,60,1,2.52),(810,52,60,1,11.14),(811,37,60,1,14.51),(812,62,60,1,9.04),(813,19,60,1,2.50),(814,28,60,1,1.91),(815,58,60,1,13.25),(816,61,60,1,2.41),(817,18,61,1,2.32),(818,68,61,1,7.67),(819,49,61,1,0.65),(820,8,61,1,14.92),(821,60,61,1,3.25),(822,17,61,1,10.53),(823,56,61,1,13.83),(824,13,61,1,7.86),(825,57,61,1,14.24),(826,16,61,1,8.95),(827,7,61,1,10.91),(828,11,61,1,8.25),(829,4,61,1,12.79),(830,41,61,1,7.20),(831,20,61,1,14.75),(832,48,61,1,14.47),(833,77,61,1,10.36),(834,85,61,1,13.84),(835,10,61,1,5.18),(836,5,62,1,3.28),(837,65,62,1,13.75),(838,4,62,1,12.79),(839,97,62,1,9.05),(840,77,62,1,10.36),(841,56,62,1,13.83),(842,27,62,1,12.05),(843,42,62,1,13.54),(844,83,62,1,0.89),(845,88,62,1,14.47),(846,23,62,1,6.51),(847,68,63,1,7.67),(848,55,63,1,5.24),(849,10,63,1,5.18),(850,73,63,1,2.52),(851,3,63,1,10.39),(852,47,63,1,7.32),(853,30,63,1,4.73),(854,99,63,1,4.39),(855,7,63,1,10.91),(856,96,63,1,5.41),(857,43,63,1,1.71),(858,98,63,1,0.89),(859,25,63,1,7.79),(860,89,63,1,12.95),(861,52,63,1,11.14),(862,23,63,1,6.51),(863,29,63,1,9.47),(864,48,63,1,14.47),(865,76,63,1,13.38),(866,46,64,1,2.29),(867,88,64,1,14.47),(868,6,64,1,14.37),(869,38,64,1,8.93),(870,93,64,1,13.61),(871,12,64,1,8.76),(872,48,65,1,14.47),(873,49,65,1,0.65),(874,15,65,1,1.86),(875,86,65,1,5.38),(876,1,65,1,10.65),(877,50,65,1,10.80),(878,24,65,1,5.06),(879,20,65,1,14.75),(880,2,65,1,3.75),(881,70,65,1,12.79),(882,27,65,1,12.05),(883,31,65,1,9.82),(884,95,65,1,5.15),(885,63,65,1,4.37),(886,80,66,1,9.56),(887,78,66,1,9.35),(888,2,66,1,3.75),(889,11,66,1,8.25),(890,64,66,1,3.71),(891,35,66,1,6.00),(892,31,66,1,9.82),(893,80,67,1,9.56),(894,29,67,1,9.47),(895,45,67,1,12.91),(896,70,67,1,12.79),(897,19,67,1,2.50),(898,36,67,1,10.26),(899,95,67,1,5.15),(900,44,67,1,1.35),(901,66,68,1,9.45),(902,58,68,1,13.25),(903,7,68,1,10.91),(904,94,68,1,6.22),(905,40,68,1,11.81),(906,29,68,1,9.47),(907,56,68,1,13.83),(908,5,68,1,3.28),(909,31,68,1,9.82),(910,42,68,1,13.54),(911,73,68,1,2.52),(912,87,68,1,6.29),(913,38,69,1,8.93),(914,15,69,1,1.86),(915,90,69,1,6.19),(916,29,69,1,9.47),(917,49,69,1,0.65),(918,12,69,1,8.76),(919,32,69,1,9.31),(920,80,69,1,9.56),(921,40,69,1,11.81),(922,89,69,1,12.95),(923,53,69,1,7.71),(924,39,69,1,11.09),(925,90,70,1,6.19),(926,87,70,1,6.29),(927,26,70,1,3.66),(928,60,70,1,3.25),(929,48,70,1,14.47),(930,85,71,1,13.84),(931,35,71,1,6.00),(932,21,71,1,0.33),(933,22,71,1,9.55),(934,75,71,1,1.93),(935,23,71,1,6.51),(936,44,71,1,1.35),(937,32,71,1,9.31),(938,53,71,1,7.71),(939,30,71,1,4.73),(940,49,72,1,0.65),(941,2,72,1,3.75),(942,32,72,1,9.31),(943,28,72,1,1.91),(944,52,72,1,11.14),(945,25,72,1,7.79),(946,88,72,1,14.47),(947,26,72,1,3.66),(948,72,72,1,8.16),(949,67,72,1,7.25),(950,5,72,1,3.28),(951,44,72,1,1.35),(952,20,72,1,14.75),(953,80,72,1,9.56),(954,63,72,1,4.37),(955,50,72,1,10.80),(956,45,73,1,12.91),(957,60,73,1,3.25),(958,86,73,1,5.38),(959,29,73,1,9.47),(960,12,73,1,8.76),(961,7,73,1,10.91),(962,11,73,1,8.25),(963,82,73,1,12.98),(964,14,73,1,13.38),(965,96,73,1,5.41),(966,31,73,1,9.82),(967,30,73,1,4.73),(968,46,74,1,2.29),(969,10,74,1,5.18),(970,16,74,1,8.95),(971,73,74,1,2.52),(972,20,74,1,14.75),(973,91,75,1,1.78),(974,25,75,1,7.79),(975,12,75,1,8.76),(976,33,75,1,7.84),(977,13,75,1,7.86),(978,48,75,1,14.47),(979,34,75,1,1.87),(980,56,75,1,13.83),(981,68,75,1,7.67),(982,55,75,1,5.24),(983,1,75,1,10.65),(984,69,75,1,8.80),(985,88,75,1,14.47),(986,89,75,1,12.95),(987,59,75,1,4.33),(988,9,75,1,13.44),(989,90,76,1,6.19),(990,71,76,1,8.12),(991,1,76,1,10.65),(992,40,76,1,11.81),(993,51,76,1,1.45),(994,2,76,1,3.75),(995,53,76,1,7.71),(996,14,76,1,13.38),(997,61,76,1,2.41),(998,85,76,1,13.84),(999,12,76,1,8.76),(1000,83,76,1,0.89),(1001,81,76,1,11.58),(1002,38,76,1,8.93),(1003,58,76,1,13.25),(1004,37,76,1,14.51),(1005,23,76,1,6.51),(1006,43,76,1,1.71),(1007,77,76,1,10.36),(1008,42,76,1,13.54),(1009,38,77,1,8.93),(1010,12,77,1,8.76),(1011,45,77,1,12.91),(1012,64,77,1,3.71),(1013,40,77,1,11.81),(1014,61,77,1,2.41),(1015,100,77,1,11.14),(1016,33,77,1,7.84),(1017,57,77,1,14.24),(1018,29,77,1,9.47),(1019,82,77,1,12.98),(1020,75,77,1,1.93),(1021,26,77,1,3.66),(1022,44,77,1,1.35),(1023,24,77,1,5.06),(1024,2,77,1,3.75),(1025,91,77,1,1.78),(1026,34,77,1,1.87),(1027,35,78,1,6.00),(1028,100,78,1,11.14),(1029,66,78,1,9.45),(1030,84,78,1,2.78),(1031,85,78,1,13.84),(1032,68,78,1,7.67),(1033,88,78,1,14.47),(1034,54,78,1,14.45),(1035,18,78,1,2.32),(1036,70,78,1,12.79),(1037,1,78,1,10.65),(1038,36,78,1,10.26),(1039,74,78,1,2.70),(1040,61,78,1,2.41),(1041,37,78,1,14.51),(1042,6,79,1,14.37),(1043,21,79,1,0.33),(1044,94,79,1,6.22),(1045,5,79,1,3.28),(1046,14,79,1,13.38),(1047,78,79,1,9.35),(1048,40,79,1,11.81),(1049,58,79,1,13.25),(1050,55,79,1,5.24),(1051,16,80,1,8.95),(1052,94,80,1,6.22),(1053,60,80,1,3.25),(1054,61,80,1,2.41),(1055,89,80,1,12.95),(1056,51,80,1,1.45),(1057,76,80,1,13.38),(1058,97,80,1,9.05),(1059,67,80,1,7.25),(1060,15,80,1,1.86),(1061,84,80,1,2.78),(1062,30,80,1,4.73),(1063,86,80,1,5.38),(1064,46,81,1,2.29),(1065,3,81,1,10.39),(1066,97,81,1,9.05),(1067,74,81,1,2.70),(1068,21,81,1,0.33),(1069,24,81,1,5.06),(1070,37,81,1,14.51),(1071,19,81,1,2.50),(1072,10,81,1,5.18),(1073,15,81,1,1.86),(1074,34,82,1,1.87),(1075,88,82,1,14.47),(1076,36,82,1,10.26),(1077,47,82,1,7.32),(1078,65,82,1,13.75),(1079,51,82,1,1.45),(1080,21,82,1,0.33),(1081,77,82,1,10.36),(1082,95,82,1,5.15),(1083,39,82,1,11.09),(1084,38,82,1,8.93),(1085,40,82,1,11.81),(1086,20,82,1,14.75),(1087,100,82,1,11.14),(1088,76,82,1,13.38),(1089,61,82,1,2.41),(1090,75,82,1,1.93),(1091,19,83,1,2.50),(1092,10,83,1,5.18),(1093,68,83,1,7.67),(1094,22,83,1,9.55),(1095,13,83,1,7.86),(1096,58,83,1,13.25),(1097,37,83,1,14.51),(1098,85,83,1,13.84),(1099,9,83,1,13.44),(1100,82,83,1,12.98),(1101,34,83,1,1.87),(1102,77,84,1,10.36),(1103,32,84,1,9.31),(1104,1,84,1,10.65),(1105,50,84,1,10.80),(1106,48,84,1,14.47),(1107,92,84,1,3.70),(1108,43,84,1,1.71),(1109,55,84,1,5.24),(1110,19,84,1,2.50),(1111,84,84,1,2.78),(1112,66,84,1,9.45),(1113,11,84,1,8.25),(1114,37,84,1,14.51),(1115,87,84,1,6.29),(1116,7,84,1,10.91),(1117,8,84,1,14.92),(1118,15,84,1,1.86),(1119,26,85,1,3.66),(1120,4,85,1,12.79),(1121,67,85,1,7.25),(1122,31,85,1,9.82),(1123,39,85,1,11.09),(1124,66,85,1,9.45),(1125,28,85,1,1.91),(1126,42,85,1,13.54),(1127,91,85,1,1.78),(1128,29,86,1,9.47),(1129,96,86,1,5.41),(1130,19,86,1,2.50),(1131,78,86,1,9.35),(1132,85,86,1,13.84),(1133,95,86,1,5.15),(1134,49,86,1,0.65),(1135,94,86,1,6.22),(1136,60,86,1,3.25),(1137,65,86,1,13.75),(1138,10,86,1,5.18),(1139,56,86,1,13.83),(1140,72,86,1,8.16),(1141,99,87,1,4.39),(1142,35,87,1,6.00),(1143,10,87,1,5.18),(1144,76,87,1,13.38),(1145,86,87,1,5.38),(1146,87,87,1,6.29),(1147,67,87,1,7.25),(1148,77,87,1,10.36),(1149,27,87,1,12.05),(1150,5,87,1,3.28),(1151,3,87,1,10.39),(1152,68,87,1,7.67),(1153,60,87,1,3.25),(1154,96,87,1,5.41),(1155,38,87,1,8.93),(1156,19,87,1,2.50),(1157,51,87,1,1.45),(1158,72,88,1,8.16),(1159,11,88,1,8.25),(1160,47,88,1,7.32),(1161,31,88,1,9.82),(1162,48,88,1,14.47),(1163,80,88,1,9.56),(1164,34,88,1,1.87),(1165,50,88,1,10.80),(1166,69,88,1,8.80),(1167,95,88,1,5.15),(1168,29,88,1,9.47),(1169,28,88,1,1.91),(1170,5,88,1,3.28),(1171,96,88,1,5.41),(1172,10,88,1,5.18),(1173,15,89,1,1.86),(1174,28,89,1,1.91),(1175,74,89,1,2.70),(1176,56,89,1,13.83),(1177,14,89,1,13.38),(1178,100,89,1,11.14),(1179,94,89,1,6.22),(1180,51,89,1,1.45),(1181,76,89,1,13.38),(1182,24,89,1,5.06),(1183,39,89,1,11.09),(1184,58,89,1,13.25),(1185,16,90,1,8.95),(1186,75,90,1,1.93),(1187,54,90,1,14.45),(1188,22,90,1,9.55),(1189,28,90,1,1.91),(1190,44,90,1,1.35),(1191,28,91,1,1.91),(1192,16,91,1,8.95),(1193,53,91,1,7.71),(1194,92,91,1,3.70),(1195,18,91,1,2.32),(1196,7,91,1,10.91),(1197,65,91,1,13.75),(1198,86,91,1,5.38),(1199,25,91,1,7.79),(1200,30,91,1,4.73),(1201,61,91,1,2.41),(1202,74,91,1,2.70),(1203,79,91,1,0.24),(1204,98,91,1,0.89),(1205,41,91,1,7.20),(1206,1,91,1,10.65),(1207,95,91,1,5.15),(1208,66,91,1,9.45),(1209,56,91,1,13.83),(1210,81,91,1,11.58),(1211,92,92,1,3.70),(1212,57,92,1,14.24),(1213,58,92,1,13.25),(1214,3,92,1,10.39),(1215,72,92,1,8.16),(1216,8,93,1,14.92),(1217,4,93,1,12.79),(1218,9,93,1,13.44),(1219,92,93,1,3.70),(1220,64,93,1,3.71),(1221,54,93,1,14.45),(1222,55,93,1,5.24),(1223,59,93,1,4.33),(1224,62,93,1,9.04),(1225,50,93,1,10.80),(1226,24,93,1,5.06),(1227,39,93,1,11.09),(1228,53,93,1,7.71),(1229,81,94,1,11.58),(1230,45,94,1,12.91),(1231,73,94,1,2.52),(1232,69,94,1,8.80),(1233,85,94,1,13.84),(1234,78,94,1,9.35),(1235,7,94,1,10.91),(1236,36,94,1,10.26),(1237,79,94,1,0.24),(1238,60,94,1,3.25),(1239,22,94,1,9.55),(1240,41,94,1,7.20),(1241,89,94,1,12.95),(1242,99,94,1,4.39),(1243,4,94,1,12.79),(1244,43,94,1,1.71),(1245,42,94,1,13.54),(1246,6,94,1,14.37),(1247,30,95,1,4.73),(1248,78,95,1,9.35),(1249,62,95,1,9.04),(1250,80,95,1,9.56),(1251,81,95,1,11.58),(1252,15,95,1,1.86),(1253,59,95,1,4.33),(1254,32,95,1,9.31),(1255,40,95,1,11.81),(1256,33,95,1,7.84),(1257,64,95,1,3.71),(1258,54,95,1,14.45),(1259,42,95,1,13.54),(1260,93,95,1,13.61),(1261,19,95,1,2.50),(1262,21,96,1,0.33),(1263,39,96,1,11.09),(1264,55,96,1,5.24),(1265,31,96,1,9.82),(1266,40,96,1,11.81),(1267,66,96,1,9.45),(1268,93,97,1,13.61),(1269,29,97,1,9.47),(1270,19,97,1,2.50),(1271,87,97,1,6.29),(1272,58,97,1,13.25),(1273,78,97,1,9.35),(1274,97,97,1,9.05),(1275,32,97,1,9.31),(1276,85,97,1,13.84),(1277,42,97,1,13.54),(1278,34,97,1,1.87),(1279,62,97,1,9.04),(1280,21,97,1,0.33),(1281,84,97,1,2.78),(1282,36,97,1,10.26),(1283,13,97,1,7.86),(1284,96,98,1,5.41),(1285,84,98,1,2.78),(1286,79,98,1,0.24),(1287,98,98,1,0.89),(1288,75,98,1,1.93),(1289,33,98,1,7.84),(1290,21,98,1,0.33),(1291,69,98,1,8.80),(1292,53,98,1,7.71),(1293,95,98,1,5.15),(1294,14,98,1,13.38),(1295,71,98,1,8.12),(1296,43,98,1,1.71),(1297,24,98,1,5.06),(1298,68,98,1,7.67),(1299,30,98,1,4.73),(1300,80,99,1,9.56),(1301,72,99,1,8.16),(1302,65,99,1,13.75),(1303,28,99,1,1.91),(1304,50,99,1,10.80),(1305,73,99,1,2.52),(1306,51,99,1,1.45),(1307,54,99,1,14.45),(1308,60,99,1,3.25),(1309,99,99,1,4.39),(1310,16,99,1,8.95),(1311,88,99,1,14.47),(1312,93,99,1,13.61),(1313,23,100,1,6.51),(1314,68,100,1,7.67),(1315,25,100,1,7.79),(1316,19,100,1,2.50),(1317,77,100,1,10.36),(1318,72,100,1,8.16),(1319,76,100,1,13.38),(1320,63,100,1,4.37),(1321,27,100,1,12.05),(1322,24,100,1,5.06),(1323,4,100,1,12.79),(1324,82,100,1,12.98);
/*!40000 ALTER TABLE `CartItem` ENABLE KEYS */;
UNLOCK TABLES;
/*!50003 SET @saved_cs_client      = @@character_set_client */ ;
/*!50003 SET @saved_cs_results     = @@character_set_results */ ;
/*!50003 SET @saved_col_connection = @@collation_connection */ ;
/*!50003 SET character_set_client  = latin1 */ ;
/*!50003 SET character_set_results = latin1 */ ;
/*!50003 SET collation_connection  = latin1_swedish_ci */ ;
/*!50003 SET @saved_sql_mode       = @@sql_mode */ ;
/*!50003 SET sql_mode              = 'ONLY_FULL_GROUP_BY,STRICT_TRANS_TABLES,NO_ZERO_IN_DATE,NO_ZERO_DATE,ERROR_FOR_DIVISION_BY_ZERO,NO_ENGINE_SUBSTITUTION' */ ;
DELIMITER ;;
/*!50003 CREATE*/ /*!50017 DEFINER=`root`@`localhost`*/ /*!50003 TRIGGER `UpdateSubCostCartItemOnInsert` BEFORE INSERT ON `CartItem` FOR EACH ROW BEGIN
  SET @baseCost := (SELECT I.baseCost FROM Ingredient I WHERE I.id = NEW.id_Ingredient);
  SET NEW.subCost := @baseCost * NEW.multiplier;
END */;;
DELIMITER ;
/*!50003 SET sql_mode              = @saved_sql_mode */ ;
/*!50003 SET character_set_client  = @saved_cs_client */ ;
/*!50003 SET character_set_results = @saved_cs_results */ ;
/*!50003 SET collation_connection  = @saved_col_connection */ ;
/*!50003 SET @saved_cs_client      = @@character_set_client */ ;
/*!50003 SET @saved_cs_results     = @@character_set_results */ ;
/*!50003 SET @saved_col_connection = @@collation_connection */ ;
/*!50003 SET character_set_client  = latin1 */ ;
/*!50003 SET character_set_results = latin1 */ ;
/*!50003 SET collation_connection  = latin1_swedish_ci */ ;
/*!50003 SET @saved_sql_mode       = @@sql_mode */ ;
/*!50003 SET sql_mode              = 'ONLY_FULL_GROUP_BY,STRICT_TRANS_TABLES,NO_ZERO_IN_DATE,NO_ZERO_DATE,ERROR_FOR_DIVISION_BY_ZERO,NO_ENGINE_SUBSTITUTION' */ ;
DELIMITER ;;
/*!50003 CREATE*/ /*!50017 DEFINER=`root`@`localhost`*/ /*!50003 TRIGGER `UpdateTotalCostCartOnCartItemInsert` AFTER INSERT ON `CartItem` FOR EACH ROW BEGIN
  SET @totalCost := (SELECT SUM(C.subCost) FROM CartItem C WHERE C.id_Cart = NEW.id_Cart);
  UPDATE Cart C SET C.totalCost := @totalCost WHERE C.id = NEW.id_Cart;
END */;;
DELIMITER ;
/*!50003 SET sql_mode              = @saved_sql_mode */ ;
/*!50003 SET character_set_client  = @saved_cs_client */ ;
/*!50003 SET character_set_results = @saved_cs_results */ ;
/*!50003 SET collation_connection  = @saved_col_connection */ ;
/*!50003 SET @saved_cs_client      = @@character_set_client */ ;
/*!50003 SET @saved_cs_results     = @@character_set_results */ ;
/*!50003 SET @saved_col_connection = @@collation_connection */ ;
/*!50003 SET character_set_client  = latin1 */ ;
/*!50003 SET character_set_results = latin1 */ ;
/*!50003 SET collation_connection  = latin1_swedish_ci */ ;
/*!50003 SET @saved_sql_mode       = @@sql_mode */ ;
/*!50003 SET sql_mode              = 'ONLY_FULL_GROUP_BY,STRICT_TRANS_TABLES,NO_ZERO_IN_DATE,NO_ZERO_DATE,ERROR_FOR_DIVISION_BY_ZERO,NO_ENGINE_SUBSTITUTION' */ ;
DELIMITER ;;
/*!50003 CREATE*/ /*!50017 DEFINER=`root`@`localhost`*/ /*!50003 TRIGGER `UpdateSubCostCartItemOnUpdate` BEFORE UPDATE ON `CartItem` FOR EACH ROW BEGIN
  SET @baseCost := (SELECT I.baseCost FROM Ingredient I WHERE I.id = NEW.id_Ingredient);
  SET NEW.subCost := @baseCost * NEW.multiplier;
END */;;
DELIMITER ;
/*!50003 SET sql_mode              = @saved_sql_mode */ ;
/*!50003 SET character_set_client  = @saved_cs_client */ ;
/*!50003 SET character_set_results = @saved_cs_results */ ;
/*!50003 SET collation_connection  = @saved_col_connection */ ;
/*!50003 SET @saved_cs_client      = @@character_set_client */ ;
/*!50003 SET @saved_cs_results     = @@character_set_results */ ;
/*!50003 SET @saved_col_connection = @@collation_connection */ ;
/*!50003 SET character_set_client  = latin1 */ ;
/*!50003 SET character_set_results = latin1 */ ;
/*!50003 SET collation_connection  = latin1_swedish_ci */ ;
/*!50003 SET @saved_sql_mode       = @@sql_mode */ ;
/*!50003 SET sql_mode              = 'ONLY_FULL_GROUP_BY,STRICT_TRANS_TABLES,NO_ZERO_IN_DATE,NO_ZERO_DATE,ERROR_FOR_DIVISION_BY_ZERO,NO_ENGINE_SUBSTITUTION' */ ;
DELIMITER ;;
/*!50003 CREATE*/ /*!50017 DEFINER=`root`@`localhost`*/ /*!50003 TRIGGER `PreventUpdateOfCartItemIfIsCommand` BEFORE UPDATE ON `CartItem` FOR EACH ROW BEGIN
  SET @commandCountWithCartId := (SELECT COUNT(*) FROM Command C WHERE C.id_Cart = NEW.id_Cart);
  IF @commandCountWithCartId > 0 THEN
    SIGNAL SQLSTATE '45000'
    SET MESSAGE_TEXT = "Le panier  dj t command et n'est plus modifiable";
  END IF;
END */;;
DELIMITER ;
/*!50003 SET sql_mode              = @saved_sql_mode */ ;
/*!50003 SET character_set_client  = @saved_cs_client */ ;
/*!50003 SET character_set_results = @saved_cs_results */ ;
/*!50003 SET collation_connection  = @saved_col_connection */ ;
/*!50003 SET @saved_cs_client      = @@character_set_client */ ;
/*!50003 SET @saved_cs_results     = @@character_set_results */ ;
/*!50003 SET @saved_col_connection = @@collation_connection */ ;
/*!50003 SET character_set_client  = latin1 */ ;
/*!50003 SET character_set_results = latin1 */ ;
/*!50003 SET collation_connection  = latin1_swedish_ci */ ;
/*!50003 SET @saved_sql_mode       = @@sql_mode */ ;
/*!50003 SET sql_mode              = 'ONLY_FULL_GROUP_BY,STRICT_TRANS_TABLES,NO_ZERO_IN_DATE,NO_ZERO_DATE,ERROR_FOR_DIVISION_BY_ZERO,NO_ENGINE_SUBSTITUTION' */ ;
DELIMITER ;;
/*!50003 CREATE*/ /*!50017 DEFINER=`root`@`localhost`*/ /*!50003 TRIGGER `UpdateTotalCostCartOnCartItemUpdate` AFTER UPDATE ON `CartItem` FOR EACH ROW BEGIN
  SET @totalCost := (SELECT SUM(C.subCost) FROM CartItem C WHERE C.id_Cart = NEW.id_Cart);
  UPDATE Cart C SET C.totalCost := @totalCost WHERE C.id = NEW.id_Cart;
END */;;
DELIMITER ;
/*!50003 SET sql_mode              = @saved_sql_mode */ ;
/*!50003 SET character_set_client  = @saved_cs_client */ ;
/*!50003 SET character_set_results = @saved_cs_results */ ;
/*!50003 SET collation_connection  = @saved_col_connection */ ;
/*!50003 SET @saved_cs_client      = @@character_set_client */ ;
/*!50003 SET @saved_cs_results     = @@character_set_results */ ;
/*!50003 SET @saved_col_connection = @@collation_connection */ ;
/*!50003 SET character_set_client  = latin1 */ ;
/*!50003 SET character_set_results = latin1 */ ;
/*!50003 SET collation_connection  = latin1_swedish_ci */ ;
/*!50003 SET @saved_sql_mode       = @@sql_mode */ ;
/*!50003 SET sql_mode              = 'ONLY_FULL_GROUP_BY,STRICT_TRANS_TABLES,NO_ZERO_IN_DATE,NO_ZERO_DATE,ERROR_FOR_DIVISION_BY_ZERO,NO_ENGINE_SUBSTITUTION' */ ;
DELIMITER ;;
/*!50003 CREATE*/ /*!50017 DEFINER=`root`@`localhost`*/ /*!50003 TRIGGER `UpdateTotalCostCartOnCartItemDelete` AFTER DELETE ON `CartItem` FOR EACH ROW BEGIN
  SET @totalCost := IFNULL((SELECT SUM(C.subCost) FROM CartItem C WHERE C.id_Cart = OLD.id_Cart), 0);
  UPDATE Cart C SET C.totalCost := @totalCost WHERE C.id = OLD.id_Cart;
END */;;
DELIMITER ;
/*!50003 SET sql_mode              = @saved_sql_mode */ ;
/*!50003 SET character_set_client  = @saved_cs_client */ ;
/*!50003 SET character_set_results = @saved_cs_results */ ;
/*!50003 SET collation_connection  = @saved_col_connection */ ;

--
-- Table structure for table `Command`
--

DROP TABLE IF EXISTS `Command`;
/*!40101 SET @saved_cs_client     = @@character_set_client */;
 SET character_set_client = utf8mb4 ;
CREATE TABLE `Command` (
  `id` int(11) NOT NULL AUTO_INCREMENT,
  `id_Cart` int(11) NOT NULL,
  `creationDate` datetime NOT NULL,
  `arrivalDate` datetime DEFAULT NULL,
  PRIMARY KEY (`id`),
  UNIQUE KEY `id_Cart` (`id_Cart`),
  CONSTRAINT `Command_ibfk_1` FOREIGN KEY (`id_Cart`) REFERENCES `Cart` (`id`)
) ENGINE=InnoDB AUTO_INCREMENT=101 DEFAULT CHARSET=utf8mb4 COLLATE=utf8mb4_0900_ai_ci;
/*!40101 SET character_set_client = @saved_cs_client */;

--
-- Dumping data for table `Command`
--

LOCK TABLES `Command` WRITE;
/*!40000 ALTER TABLE `Command` DISABLE KEYS */;
INSERT INTO `Command` VALUES (1,101,'2019-04-16 09:52:39','2019-04-16 09:52:39'),(2,103,'2019-04-16 09:52:39','2019-04-16 09:52:39'),(3,105,'2019-04-16 09:52:39','2019-04-16 09:52:39'),(4,107,'2019-04-16 09:52:39','2019-04-16 09:52:39'),(5,109,'2019-04-16 09:52:39','2019-04-16 09:52:39'),(6,111,'2019-04-16 09:52:39','2019-04-16 09:52:39'),(7,113,'2019-04-16 09:52:39','2019-04-16 09:52:39'),(8,115,'2019-04-16 09:52:39','2019-04-16 09:52:39'),(9,117,'2019-04-16 09:52:39','2019-04-16 09:52:39'),(10,119,'2019-04-16 09:52:39','2019-04-16 09:52:39'),(11,121,'2019-04-16 09:52:39','2019-04-16 09:52:39'),(12,123,'2019-04-16 09:52:39','2019-04-16 09:52:39'),(13,125,'2019-04-16 09:52:39','2019-04-16 09:52:39'),(14,127,'2019-04-16 09:52:39','2019-04-16 09:52:39'),(15,129,'2019-04-16 09:52:40','2019-04-16 09:52:40'),(16,131,'2019-04-16 09:52:40','2019-04-16 09:52:40'),(17,133,'2019-04-16 09:52:40','2019-04-16 09:52:40'),(18,135,'2019-04-16 09:52:40','2019-04-16 09:52:40'),(19,137,'2019-04-16 09:52:40','2019-04-16 09:52:40'),(20,139,'2019-04-16 09:52:40','2019-04-16 09:52:40'),(21,141,'2019-04-16 09:52:40','2019-04-16 09:52:40'),(22,143,'2019-04-16 09:52:40','2019-04-16 09:52:40'),(23,145,'2019-04-16 09:52:40','2019-04-16 09:52:40'),(24,147,'2019-04-16 09:52:40','2019-04-16 09:52:40'),(25,149,'2019-04-16 09:52:40','2019-04-16 09:52:40'),(26,151,'2019-04-16 09:52:40','2019-04-16 09:52:40'),(27,153,'2019-04-16 09:52:40','2019-04-16 09:52:40'),(28,155,'2019-04-16 09:52:40','2019-04-16 09:52:40'),(29,157,'2019-04-16 09:52:40','2019-04-16 09:52:40'),(30,159,'2019-04-16 09:52:40','2019-04-16 09:52:40'),(31,161,'2019-04-16 09:52:40','2019-04-16 09:52:40'),(32,163,'2019-04-16 09:52:40','2019-04-16 09:52:40'),(33,165,'2019-04-16 09:52:40','2019-04-16 09:52:40'),(34,167,'2019-04-16 09:52:40','2019-04-16 09:52:40'),(35,169,'2019-04-16 09:52:40','2019-04-16 09:52:40'),(36,171,'2019-04-16 09:52:40','2019-04-16 09:52:40'),(37,173,'2019-04-16 09:52:40','2019-04-16 09:52:40'),(38,175,'2019-04-16 09:52:40','2019-04-16 09:52:40'),(39,177,'2019-04-16 09:52:40','2019-04-16 09:52:40'),(40,179,'2019-04-16 09:52:41','2019-04-16 09:52:41'),(41,181,'2019-04-16 09:52:41','2019-04-16 09:52:41'),(42,183,'2019-04-16 09:52:41','2019-04-16 09:52:41'),(43,185,'2019-04-16 09:52:41','2019-04-16 09:52:41'),(44,187,'2019-04-16 09:52:41','2019-04-16 09:52:41'),(45,189,'2019-04-16 09:52:41','2019-04-16 09:52:41'),(46,191,'2019-04-16 09:52:41','2019-04-16 09:52:41'),(47,193,'2019-04-16 09:52:41','2019-04-16 09:52:41'),(48,195,'2019-04-16 09:52:41','2019-04-16 09:52:41'),(49,197,'2019-04-16 09:52:41','2019-04-16 09:52:41'),(50,199,'2019-04-16 09:52:41','2019-04-16 09:52:41'),(51,201,'2019-04-16 09:52:41','2019-04-16 09:52:41'),(52,203,'2019-04-16 09:52:41','2019-04-16 09:52:41'),(53,205,'2019-04-16 09:52:41','2019-04-16 09:52:41'),(54,207,'2019-04-16 09:52:41','2019-04-16 09:52:41'),(55,209,'2019-04-16 09:52:41','2019-04-16 09:52:41'),(56,211,'2019-04-16 09:52:41','2019-04-16 09:52:41'),(57,213,'2019-04-16 09:52:41','2019-04-16 09:52:41'),(58,215,'2019-04-16 09:52:41','2019-04-16 09:52:41'),(59,217,'2019-04-16 09:52:41','2019-04-16 09:52:41'),(60,219,'2019-04-16 09:52:41','2019-04-16 09:52:41'),(61,221,'2019-04-16 09:52:41','2019-04-16 09:52:41'),(62,223,'2019-04-16 09:52:41','2019-04-16 09:52:41'),(63,225,'2019-04-16 09:52:41','2019-04-16 09:52:41'),(64,227,'2019-04-16 09:52:42','2019-04-16 09:52:42'),(65,229,'2019-04-16 09:52:42','2019-04-16 09:52:42'),(66,231,'2019-04-16 09:52:42','2019-04-16 09:52:42'),(67,233,'2019-04-16 09:52:42','2019-04-16 09:52:42'),(68,235,'2019-04-16 09:52:42','2019-04-16 09:52:42'),(69,237,'2019-04-16 09:52:42','2019-04-16 09:52:42'),(70,239,'2019-04-16 09:52:42','2019-04-16 09:52:42'),(71,241,'2019-04-16 09:52:42','2019-04-16 09:52:42'),(72,243,'2019-04-16 09:52:42','2019-04-16 09:52:42'),(73,245,'2019-04-16 09:52:42','2019-04-16 09:52:42'),(74,247,'2019-04-16 09:52:42','2019-04-16 09:52:42'),(75,249,'2019-04-16 09:52:42','2019-04-16 09:52:42'),(76,251,'2019-04-16 09:52:42','2019-04-16 09:52:42'),(77,253,'2019-04-16 09:52:42','2019-04-16 09:52:42'),(78,255,'2019-04-16 09:52:42','2019-04-16 09:52:42'),(79,257,'2019-04-16 09:52:42','2019-04-16 09:52:42'),(80,259,'2019-04-16 09:52:42','2019-04-16 09:52:42'),(81,261,'2019-04-16 09:52:42','2019-04-16 09:52:42'),(82,263,'2019-04-16 09:52:42','2019-04-16 09:52:42'),(83,265,'2019-04-16 09:52:42','2019-04-16 09:52:42'),(84,267,'2019-04-16 09:52:42','2019-04-16 09:52:42'),(85,269,'2019-04-16 09:52:42','2019-04-16 09:52:42'),(86,271,'2019-04-16 09:52:42','2019-04-16 09:52:42'),(87,273,'2019-04-16 09:52:42','2019-04-16 09:52:42'),(88,275,'2019-04-16 09:52:43','2019-04-16 09:52:43'),(89,277,'2019-04-16 09:52:43','2019-04-16 09:52:43'),(90,279,'2019-04-16 09:52:43','2019-04-16 09:52:43'),(91,281,'2019-04-16 09:52:43','2019-04-16 09:52:43'),(92,283,'2019-04-16 09:52:43','2019-04-16 09:52:43'),(93,285,'2019-04-16 09:52:43','2019-04-16 09:52:43'),(94,287,'2019-04-16 09:52:43','2019-04-16 09:52:43'),(95,289,'2019-04-16 09:52:43','2019-04-16 09:52:43'),(96,291,'2019-04-16 09:52:43','2019-04-16 09:52:43'),(97,293,'2019-04-16 09:52:43','2019-04-16 09:52:43'),(98,295,'2019-04-16 09:52:43','2019-04-16 09:52:43'),(99,297,'2019-04-16 09:52:43','2019-04-16 09:52:43'),(100,299,'2019-04-16 09:52:43','2019-04-16 09:52:43');
/*!40000 ALTER TABLE `Command` ENABLE KEYS */;
UNLOCK TABLES;
/*!50003 SET @saved_cs_client      = @@character_set_client */ ;
/*!50003 SET @saved_cs_results     = @@character_set_results */ ;
/*!50003 SET @saved_col_connection = @@collation_connection */ ;
/*!50003 SET character_set_client  = latin1 */ ;
/*!50003 SET character_set_results = latin1 */ ;
/*!50003 SET collation_connection  = latin1_swedish_ci */ ;
/*!50003 SET @saved_sql_mode       = @@sql_mode */ ;
/*!50003 SET sql_mode              = 'ONLY_FULL_GROUP_BY,STRICT_TRANS_TABLES,NO_ZERO_IN_DATE,NO_ZERO_DATE,ERROR_FOR_DIVISION_BY_ZERO,NO_ENGINE_SUBSTITUTION' */ ;
DELIMITER ;;
/*!50003 CREATE*/ /*!50017 DEFINER=`root`@`localhost`*/ /*!50003 TRIGGER `NewCartAfterCommand` AFTER INSERT ON `Command` FOR EACH ROW BEGIN
  SET @userId := (SELECT Cart.id_User FROM Cart WHERE Cart.id = NEW.id_Cart);
  INSERT INTO `Cart` (`id`, `id_User`, `totalCost`)
  VALUES (NULL, @userId, 0);
END */;;
DELIMITER ;
/*!50003 SET sql_mode              = @saved_sql_mode */ ;
/*!50003 SET character_set_client  = @saved_cs_client */ ;
/*!50003 SET character_set_results = @saved_cs_results */ ;
/*!50003 SET collation_connection  = @saved_col_connection */ ;

--
-- Table structure for table `Comment`
--

DROP TABLE IF EXISTS `Comment`;
/*!40101 SET @saved_cs_client     = @@character_set_client */;
 SET character_set_client = utf8mb4 ;
CREATE TABLE `Comment` (
  `id` int(11) NOT NULL AUTO_INCREMENT,
  `id_Recipe` int(11) NOT NULL,
  `id_User` int(11) DEFAULT NULL,
  `text` mediumtext,
  PRIMARY KEY (`id`),
  KEY `id_Recipe` (`id_Recipe`),
  KEY `id_User` (`id_User`),
  CONSTRAINT `Comment_ibfk_1` FOREIGN KEY (`id_Recipe`) REFERENCES `Recipe` (`id`),
  CONSTRAINT `Comment_ibfk_2` FOREIGN KEY (`id_User`) REFERENCES `User` (`id`)
) ENGINE=InnoDB AUTO_INCREMENT=101 DEFAULT CHARSET=utf8mb4 COLLATE=utf8mb4_0900_ai_ci;
/*!40101 SET character_set_client = @saved_cs_client */;

--
-- Dumping data for table `Comment`
--

LOCK TABLES `Comment` WRITE;
/*!40000 ALTER TABLE `Comment` DISABLE KEYS */;
INSERT INTO `Comment` VALUES (1,60,23,'Lorem ipsum dolor sit amet, consectetur adipiscing elit. Morbi pulvinar pharetra bibendum. Ut eget risus nec risus finibus hendrerit in non tortor. Pellentesque maximus ligula et turpis faucibus cursus. Donec vel nunc metus. Quisque sagittis mattis dui vel varius. Aliquam iaculis interdum lacinia. Nam euismod lectus id maximus sodales. Nam id magna dictum, semper nisl vel, ornare ligula. Sed condimentum metus quis leo pharetra, quis semper urna aliquam. Fusce consectetur accumsan augue sit amet iaculis. Suspendisse volutpat urna vitae fermentum eleifend. Maecenas sapien leo, gravida vitae pellentesque quis, efficitur in erat. Maecenas elementum euismod hendrerit. Mauris sagittis massa a orci.'),(2,88,29,'Lorem ipsum dolor sit amet, consectetur adipiscing elit. Morbi pulvinar pharetra bibendum. Ut eget risus nec risus finibus hendrerit in non tortor. Pellentesque maximus ligula et turpis faucibus cursus. Donec vel nunc metus. Quisque sagittis mattis dui vel varius. Aliquam iaculis interdum lacinia. Nam euismod lectus id maximus sodales. Nam id magna dictum, semper nisl vel, ornare ligula. Sed condimentum metus quis leo pharetra, quis semper urna aliquam. Fusce consectetur accumsan augue sit amet iaculis. Suspendisse volutpat urna vitae fermentum eleifend. Maecenas sapien leo, gravida vitae pellentesque quis, efficitur in erat. Maecenas elementum euismod hendrerit. Mauris sagittis massa a orci.'),(3,10,73,'Lorem ipsum dolor sit amet, consectetur adipiscing elit. Morbi pulvinar pharetra bibendum. Ut eget risus nec risus finibus hendrerit in non tortor. Pellentesque maximus ligula et turpis faucibus cursus. Donec vel nunc metus. Quisque sagittis mattis dui vel varius. Aliquam iaculis interdum lacinia. Nam euismod lectus id maximus sodales. Nam id magna dictum, semper nisl vel, ornare ligula. Sed condimentum metus quis leo pharetra, quis semper urna aliquam. Fusce consectetur accumsan augue sit amet iaculis. Suspendisse volutpat urna vitae fermentum eleifend. Maecenas sapien leo, gravida vitae pellentesque quis, efficitur in erat. Maecenas elementum euismod hendrerit. Mauris sagittis massa a orci.'),(4,1,29,'Lorem ipsum dolor sit amet, consectetur adipiscing elit. Morbi pulvinar pharetra bibendum. Ut eget risus nec risus finibus hendrerit in non tortor. Pellentesque maximus ligula et turpis faucibus cursus. Donec vel nunc metus. Quisque sagittis mattis dui vel varius. Aliquam iaculis interdum lacinia. Nam euismod lectus id maximus sodales. Nam id magna dictum, semper nisl vel, ornare ligula. Sed condimentum metus quis leo pharetra, quis semper urna aliquam. Fusce consectetur accumsan augue sit amet iaculis. Suspendisse volutpat urna vitae fermentum eleifend. Maecenas sapien leo, gravida vitae pellentesque quis, efficitur in erat. Maecenas elementum euismod hendrerit. Mauris sagittis massa a orci.'),(5,4,93,'Lorem ipsum dolor sit amet, consectetur adipiscing elit. Morbi pulvinar pharetra bibendum. Ut eget risus nec risus finibus hendrerit in non tortor. Pellentesque maximus ligula et turpis faucibus cursus. Donec vel nunc metus. Quisque sagittis mattis dui vel varius. Aliquam iaculis interdum lacinia. Nam euismod lectus id maximus sodales. Nam id magna dictum, semper nisl vel, ornare ligula. Sed condimentum metus quis leo pharetra, quis semper urna aliquam. Fusce consectetur accumsan augue sit amet iaculis. Suspendisse volutpat urna vitae fermentum eleifend. Maecenas sapien leo, gravida vitae pellentesque quis, efficitur in erat. Maecenas elementum euismod hendrerit. Mauris sagittis massa a orci.'),(6,47,64,'Lorem ipsum dolor sit amet, consectetur adipiscing elit. Morbi pulvinar pharetra bibendum. Ut eget risus nec risus finibus hendrerit in non tortor. Pellentesque maximus ligula et turpis faucibus cursus. Donec vel nunc metus. Quisque sagittis mattis dui vel varius. Aliquam iaculis interdum lacinia. Nam euismod lectus id maximus sodales. Nam id magna dictum, semper nisl vel, ornare ligula. Sed condimentum metus quis leo pharetra, quis semper urna aliquam. Fusce consectetur accumsan augue sit amet iaculis. Suspendisse volutpat urna vitae fermentum eleifend. Maecenas sapien leo, gravida vitae pellentesque quis, efficitur in erat. Maecenas elementum euismod hendrerit. Mauris sagittis massa a orci.'),(7,62,48,'Lorem ipsum dolor sit amet, consectetur adipiscing elit. Morbi pulvinar pharetra bibendum. Ut eget risus nec risus finibus hendrerit in non tortor. Pellentesque maximus ligula et turpis faucibus cursus. Donec vel nunc metus. Quisque sagittis mattis dui vel varius. Aliquam iaculis interdum lacinia. Nam euismod lectus id maximus sodales. Nam id magna dictum, semper nisl vel, ornare ligula. Sed condimentum metus quis leo pharetra, quis semper urna aliquam. Fusce consectetur accumsan augue sit amet iaculis. Suspendisse volutpat urna vitae fermentum eleifend. Maecenas sapien leo, gravida vitae pellentesque quis, efficitur in erat. Maecenas elementum euismod hendrerit. Mauris sagittis massa a orci.'),(8,61,61,'Lorem ipsum dolor sit amet, consectetur adipiscing elit. Morbi pulvinar pharetra bibendum. Ut eget risus nec risus finibus hendrerit in non tortor. Pellentesque maximus ligula et turpis faucibus cursus. Donec vel nunc metus. Quisque sagittis mattis dui vel varius. Aliquam iaculis interdum lacinia. Nam euismod lectus id maximus sodales. Nam id magna dictum, semper nisl vel, ornare ligula. Sed condimentum metus quis leo pharetra, quis semper urna aliquam. Fusce consectetur accumsan augue sit amet iaculis. Suspendisse volutpat urna vitae fermentum eleifend. Maecenas sapien leo, gravida vitae pellentesque quis, efficitur in erat. Maecenas elementum euismod hendrerit. Mauris sagittis massa a orci.'),(9,80,88,'Lorem ipsum dolor sit amet, consectetur adipiscing elit. Morbi pulvinar pharetra bibendum. Ut eget risus nec risus finibus hendrerit in non tortor. Pellentesque maximus ligula et turpis faucibus cursus. Donec vel nunc metus. Quisque sagittis mattis dui vel varius. Aliquam iaculis interdum lacinia. Nam euismod lectus id maximus sodales. Nam id magna dictum, semper nisl vel, ornare ligula. Sed condimentum metus quis leo pharetra, quis semper urna aliquam. Fusce consectetur accumsan augue sit amet iaculis. Suspendisse volutpat urna vitae fermentum eleifend. Maecenas sapien leo, gravida vitae pellentesque quis, efficitur in erat. Maecenas elementum euismod hendrerit. Mauris sagittis massa a orci.'),(10,39,47,'Lorem ipsum dolor sit amet, consectetur adipiscing elit. Morbi pulvinar pharetra bibendum. Ut eget risus nec risus finibus hendrerit in non tortor. Pellentesque maximus ligula et turpis faucibus cursus. Donec vel nunc metus. Quisque sagittis mattis dui vel varius. Aliquam iaculis interdum lacinia. Nam euismod lectus id maximus sodales. Nam id magna dictum, semper nisl vel, ornare ligula. Sed condimentum metus quis leo pharetra, quis semper urna aliquam. Fusce consectetur accumsan augue sit amet iaculis. Suspendisse volutpat urna vitae fermentum eleifend. Maecenas sapien leo, gravida vitae pellentesque quis, efficitur in erat. Maecenas elementum euismod hendrerit. Mauris sagittis massa a orci.'),(11,99,11,'Lorem ipsum dolor sit amet, consectetur adipiscing elit. Morbi pulvinar pharetra bibendum. Ut eget risus nec risus finibus hendrerit in non tortor. Pellentesque maximus ligula et turpis faucibus cursus. Donec vel nunc metus. Quisque sagittis mattis dui vel varius. Aliquam iaculis interdum lacinia. Nam euismod lectus id maximus sodales. Nam id magna dictum, semper nisl vel, ornare ligula. Sed condimentum metus quis leo pharetra, quis semper urna aliquam. Fusce consectetur accumsan augue sit amet iaculis. Suspendisse volutpat urna vitae fermentum eleifend. Maecenas sapien leo, gravida vitae pellentesque quis, efficitur in erat. Maecenas elementum euismod hendrerit. Mauris sagittis massa a orci.'),(12,56,52,'Lorem ipsum dolor sit amet, consectetur adipiscing elit. Morbi pulvinar pharetra bibendum. Ut eget risus nec risus finibus hendrerit in non tortor. Pellentesque maximus ligula et turpis faucibus cursus. Donec vel nunc metus. Quisque sagittis mattis dui vel varius. Aliquam iaculis interdum lacinia. Nam euismod lectus id maximus sodales. Nam id magna dictum, semper nisl vel, ornare ligula. Sed condimentum metus quis leo pharetra, quis semper urna aliquam. Fusce consectetur accumsan augue sit amet iaculis. Suspendisse volutpat urna vitae fermentum eleifend. Maecenas sapien leo, gravida vitae pellentesque quis, efficitur in erat. Maecenas elementum euismod hendrerit. Mauris sagittis massa a orci.'),(13,71,83,'Lorem ipsum dolor sit amet, consectetur adipiscing elit. Morbi pulvinar pharetra bibendum. Ut eget risus nec risus finibus hendrerit in non tortor. Pellentesque maximus ligula et turpis faucibus cursus. Donec vel nunc metus. Quisque sagittis mattis dui vel varius. Aliquam iaculis interdum lacinia. Nam euismod lectus id maximus sodales. Nam id magna dictum, semper nisl vel, ornare ligula. Sed condimentum metus quis leo pharetra, quis semper urna aliquam. Fusce consectetur accumsan augue sit amet iaculis. Suspendisse volutpat urna vitae fermentum eleifend. Maecenas sapien leo, gravida vitae pellentesque quis, efficitur in erat. Maecenas elementum euismod hendrerit. Mauris sagittis massa a orci.'),(14,21,29,'Lorem ipsum dolor sit amet, consectetur adipiscing elit. Morbi pulvinar pharetra bibendum. Ut eget risus nec risus finibus hendrerit in non tortor. Pellentesque maximus ligula et turpis faucibus cursus. Donec vel nunc metus. Quisque sagittis mattis dui vel varius. Aliquam iaculis interdum lacinia. Nam euismod lectus id maximus sodales. Nam id magna dictum, semper nisl vel, ornare ligula. Sed condimentum metus quis leo pharetra, quis semper urna aliquam. Fusce consectetur accumsan augue sit amet iaculis. Suspendisse volutpat urna vitae fermentum eleifend. Maecenas sapien leo, gravida vitae pellentesque quis, efficitur in erat. Maecenas elementum euismod hendrerit. Mauris sagittis massa a orci.'),(15,7,40,'Lorem ipsum dolor sit amet, consectetur adipiscing elit. Morbi pulvinar pharetra bibendum. Ut eget risus nec risus finibus hendrerit in non tortor. Pellentesque maximus ligula et turpis faucibus cursus. Donec vel nunc metus. Quisque sagittis mattis dui vel varius. Aliquam iaculis interdum lacinia. Nam euismod lectus id maximus sodales. Nam id magna dictum, semper nisl vel, ornare ligula. Sed condimentum metus quis leo pharetra, quis semper urna aliquam. Fusce consectetur accumsan augue sit amet iaculis. Suspendisse volutpat urna vitae fermentum eleifend. Maecenas sapien leo, gravida vitae pellentesque quis, efficitur in erat. Maecenas elementum euismod hendrerit. Mauris sagittis massa a orci.'),(16,84,32,'Lorem ipsum dolor sit amet, consectetur adipiscing elit. Morbi pulvinar pharetra bibendum. Ut eget risus nec risus finibus hendrerit in non tortor. Pellentesque maximus ligula et turpis faucibus cursus. Donec vel nunc metus. Quisque sagittis mattis dui vel varius. Aliquam iaculis interdum lacinia. Nam euismod lectus id maximus sodales. Nam id magna dictum, semper nisl vel, ornare ligula. Sed condimentum metus quis leo pharetra, quis semper urna aliquam. Fusce consectetur accumsan augue sit amet iaculis. Suspendisse volutpat urna vitae fermentum eleifend. Maecenas sapien leo, gravida vitae pellentesque quis, efficitur in erat. Maecenas elementum euismod hendrerit. Mauris sagittis massa a orci.'),(17,7,95,'Lorem ipsum dolor sit amet, consectetur adipiscing elit. Morbi pulvinar pharetra bibendum. Ut eget risus nec risus finibus hendrerit in non tortor. Pellentesque maximus ligula et turpis faucibus cursus. Donec vel nunc metus. Quisque sagittis mattis dui vel varius. Aliquam iaculis interdum lacinia. Nam euismod lectus id maximus sodales. Nam id magna dictum, semper nisl vel, ornare ligula. Sed condimentum metus quis leo pharetra, quis semper urna aliquam. Fusce consectetur accumsan augue sit amet iaculis. Suspendisse volutpat urna vitae fermentum eleifend. Maecenas sapien leo, gravida vitae pellentesque quis, efficitur in erat. Maecenas elementum euismod hendrerit. Mauris sagittis massa a orci.'),(18,43,20,'Lorem ipsum dolor sit amet, consectetur adipiscing elit. Morbi pulvinar pharetra bibendum. Ut eget risus nec risus finibus hendrerit in non tortor. Pellentesque maximus ligula et turpis faucibus cursus. Donec vel nunc metus. Quisque sagittis mattis dui vel varius. Aliquam iaculis interdum lacinia. Nam euismod lectus id maximus sodales. Nam id magna dictum, semper nisl vel, ornare ligula. Sed condimentum metus quis leo pharetra, quis semper urna aliquam. Fusce consectetur accumsan augue sit amet iaculis. Suspendisse volutpat urna vitae fermentum eleifend. Maecenas sapien leo, gravida vitae pellentesque quis, efficitur in erat. Maecenas elementum euismod hendrerit. Mauris sagittis massa a orci.'),(19,71,54,'Lorem ipsum dolor sit amet, consectetur adipiscing elit. Morbi pulvinar pharetra bibendum. Ut eget risus nec risus finibus hendrerit in non tortor. Pellentesque maximus ligula et turpis faucibus cursus. Donec vel nunc metus. Quisque sagittis mattis dui vel varius. Aliquam iaculis interdum lacinia. Nam euismod lectus id maximus sodales. Nam id magna dictum, semper nisl vel, ornare ligula. Sed condimentum metus quis leo pharetra, quis semper urna aliquam. Fusce consectetur accumsan augue sit amet iaculis. Suspendisse volutpat urna vitae fermentum eleifend. Maecenas sapien leo, gravida vitae pellentesque quis, efficitur in erat. Maecenas elementum euismod hendrerit. Mauris sagittis massa a orci.'),(20,26,70,'Lorem ipsum dolor sit amet, consectetur adipiscing elit. Morbi pulvinar pharetra bibendum. Ut eget risus nec risus finibus hendrerit in non tortor. Pellentesque maximus ligula et turpis faucibus cursus. Donec vel nunc metus. Quisque sagittis mattis dui vel varius. Aliquam iaculis interdum lacinia. Nam euismod lectus id maximus sodales. Nam id magna dictum, semper nisl vel, ornare ligula. Sed condimentum metus quis leo pharetra, quis semper urna aliquam. Fusce consectetur accumsan augue sit amet iaculis. Suspendisse volutpat urna vitae fermentum eleifend. Maecenas sapien leo, gravida vitae pellentesque quis, efficitur in erat. Maecenas elementum euismod hendrerit. Mauris sagittis massa a orci.'),(21,51,8,'Lorem ipsum dolor sit amet, consectetur adipiscing elit. Morbi pulvinar pharetra bibendum. Ut eget risus nec risus finibus hendrerit in non tortor. Pellentesque maximus ligula et turpis faucibus cursus. Donec vel nunc metus. Quisque sagittis mattis dui vel varius. Aliquam iaculis interdum lacinia. Nam euismod lectus id maximus sodales. Nam id magna dictum, semper nisl vel, ornare ligula. Sed condimentum metus quis leo pharetra, quis semper urna aliquam. Fusce consectetur accumsan augue sit amet iaculis. Suspendisse volutpat urna vitae fermentum eleifend. Maecenas sapien leo, gravida vitae pellentesque quis, efficitur in erat. Maecenas elementum euismod hendrerit. Mauris sagittis massa a orci.'),(22,38,63,'Lorem ipsum dolor sit amet, consectetur adipiscing elit. Morbi pulvinar pharetra bibendum. Ut eget risus nec risus finibus hendrerit in non tortor. Pellentesque maximus ligula et turpis faucibus cursus. Donec vel nunc metus. Quisque sagittis mattis dui vel varius. Aliquam iaculis interdum lacinia. Nam euismod lectus id maximus sodales. Nam id magna dictum, semper nisl vel, ornare ligula. Sed condimentum metus quis leo pharetra, quis semper urna aliquam. Fusce consectetur accumsan augue sit amet iaculis. Suspendisse volutpat urna vitae fermentum eleifend. Maecenas sapien leo, gravida vitae pellentesque quis, efficitur in erat. Maecenas elementum euismod hendrerit. Mauris sagittis massa a orci.'),(23,19,77,'Lorem ipsum dolor sit amet, consectetur adipiscing elit. Morbi pulvinar pharetra bibendum. Ut eget risus nec risus finibus hendrerit in non tortor. Pellentesque maximus ligula et turpis faucibus cursus. Donec vel nunc metus. Quisque sagittis mattis dui vel varius. Aliquam iaculis interdum lacinia. Nam euismod lectus id maximus sodales. Nam id magna dictum, semper nisl vel, ornare ligula. Sed condimentum metus quis leo pharetra, quis semper urna aliquam. Fusce consectetur accumsan augue sit amet iaculis. Suspendisse volutpat urna vitae fermentum eleifend. Maecenas sapien leo, gravida vitae pellentesque quis, efficitur in erat. Maecenas elementum euismod hendrerit. Mauris sagittis massa a orci.'),(24,9,89,'Lorem ipsum dolor sit amet, consectetur adipiscing elit. Morbi pulvinar pharetra bibendum. Ut eget risus nec risus finibus hendrerit in non tortor. Pellentesque maximus ligula et turpis faucibus cursus. Donec vel nunc metus. Quisque sagittis mattis dui vel varius. Aliquam iaculis interdum lacinia. Nam euismod lectus id maximus sodales. Nam id magna dictum, semper nisl vel, ornare ligula. Sed condimentum metus quis leo pharetra, quis semper urna aliquam. Fusce consectetur accumsan augue sit amet iaculis. Suspendisse volutpat urna vitae fermentum eleifend. Maecenas sapien leo, gravida vitae pellentesque quis, efficitur in erat. Maecenas elementum euismod hendrerit. Mauris sagittis massa a orci.'),(25,14,42,'Lorem ipsum dolor sit amet, consectetur adipiscing elit. Morbi pulvinar pharetra bibendum. Ut eget risus nec risus finibus hendrerit in non tortor. Pellentesque maximus ligula et turpis faucibus cursus. Donec vel nunc metus. Quisque sagittis mattis dui vel varius. Aliquam iaculis interdum lacinia. Nam euismod lectus id maximus sodales. Nam id magna dictum, semper nisl vel, ornare ligula. Sed condimentum metus quis leo pharetra, quis semper urna aliquam. Fusce consectetur accumsan augue sit amet iaculis. Suspendisse volutpat urna vitae fermentum eleifend. Maecenas sapien leo, gravida vitae pellentesque quis, efficitur in erat. Maecenas elementum euismod hendrerit. Mauris sagittis massa a orci.'),(26,78,28,'Lorem ipsum dolor sit amet, consectetur adipiscing elit. Morbi pulvinar pharetra bibendum. Ut eget risus nec risus finibus hendrerit in non tortor. Pellentesque maximus ligula et turpis faucibus cursus. Donec vel nunc metus. Quisque sagittis mattis dui vel varius. Aliquam iaculis interdum lacinia. Nam euismod lectus id maximus sodales. Nam id magna dictum, semper nisl vel, ornare ligula. Sed condimentum metus quis leo pharetra, quis semper urna aliquam. Fusce consectetur accumsan augue sit amet iaculis. Suspendisse volutpat urna vitae fermentum eleifend. Maecenas sapien leo, gravida vitae pellentesque quis, efficitur in erat. Maecenas elementum euismod hendrerit. Mauris sagittis massa a orci.'),(27,99,36,'Lorem ipsum dolor sit amet, consectetur adipiscing elit. Morbi pulvinar pharetra bibendum. Ut eget risus nec risus finibus hendrerit in non tortor. Pellentesque maximus ligula et turpis faucibus cursus. Donec vel nunc metus. Quisque sagittis mattis dui vel varius. Aliquam iaculis interdum lacinia. Nam euismod lectus id maximus sodales. Nam id magna dictum, semper nisl vel, ornare ligula. Sed condimentum metus quis leo pharetra, quis semper urna aliquam. Fusce consectetur accumsan augue sit amet iaculis. Suspendisse volutpat urna vitae fermentum eleifend. Maecenas sapien leo, gravida vitae pellentesque quis, efficitur in erat. Maecenas elementum euismod hendrerit. Mauris sagittis massa a orci.'),(28,59,49,'Lorem ipsum dolor sit amet, consectetur adipiscing elit. Morbi pulvinar pharetra bibendum. Ut eget risus nec risus finibus hendrerit in non tortor. Pellentesque maximus ligula et turpis faucibus cursus. Donec vel nunc metus. Quisque sagittis mattis dui vel varius. Aliquam iaculis interdum lacinia. Nam euismod lectus id maximus sodales. Nam id magna dictum, semper nisl vel, ornare ligula. Sed condimentum metus quis leo pharetra, quis semper urna aliquam. Fusce consectetur accumsan augue sit amet iaculis. Suspendisse volutpat urna vitae fermentum eleifend. Maecenas sapien leo, gravida vitae pellentesque quis, efficitur in erat. Maecenas elementum euismod hendrerit. Mauris sagittis massa a orci.'),(29,40,77,'Lorem ipsum dolor sit amet, consectetur adipiscing elit. Morbi pulvinar pharetra bibendum. Ut eget risus nec risus finibus hendrerit in non tortor. Pellentesque maximus ligula et turpis faucibus cursus. Donec vel nunc metus. Quisque sagittis mattis dui vel varius. Aliquam iaculis interdum lacinia. Nam euismod lectus id maximus sodales. Nam id magna dictum, semper nisl vel, ornare ligula. Sed condimentum metus quis leo pharetra, quis semper urna aliquam. Fusce consectetur accumsan augue sit amet iaculis. Suspendisse volutpat urna vitae fermentum eleifend. Maecenas sapien leo, gravida vitae pellentesque quis, efficitur in erat. Maecenas elementum euismod hendrerit. Mauris sagittis massa a orci.'),(30,21,91,'Lorem ipsum dolor sit amet, consectetur adipiscing elit. Morbi pulvinar pharetra bibendum. Ut eget risus nec risus finibus hendrerit in non tortor. Pellentesque maximus ligula et turpis faucibus cursus. Donec vel nunc metus. Quisque sagittis mattis dui vel varius. Aliquam iaculis interdum lacinia. Nam euismod lectus id maximus sodales. Nam id magna dictum, semper nisl vel, ornare ligula. Sed condimentum metus quis leo pharetra, quis semper urna aliquam. Fusce consectetur accumsan augue sit amet iaculis. Suspendisse volutpat urna vitae fermentum eleifend. Maecenas sapien leo, gravida vitae pellentesque quis, efficitur in erat. Maecenas elementum euismod hendrerit. Mauris sagittis massa a orci.'),(31,4,22,'Lorem ipsum dolor sit amet, consectetur adipiscing elit. Morbi pulvinar pharetra bibendum. Ut eget risus nec risus finibus hendrerit in non tortor. Pellentesque maximus ligula et turpis faucibus cursus. Donec vel nunc metus. Quisque sagittis mattis dui vel varius. Aliquam iaculis interdum lacinia. Nam euismod lectus id maximus sodales. Nam id magna dictum, semper nisl vel, ornare ligula. Sed condimentum metus quis leo pharetra, quis semper urna aliquam. Fusce consectetur accumsan augue sit amet iaculis. Suspendisse volutpat urna vitae fermentum eleifend. Maecenas sapien leo, gravida vitae pellentesque quis, efficitur in erat. Maecenas elementum euismod hendrerit. Mauris sagittis massa a orci.'),(32,33,100,'Lorem ipsum dolor sit amet, consectetur adipiscing elit. Morbi pulvinar pharetra bibendum. Ut eget risus nec risus finibus hendrerit in non tortor. Pellentesque maximus ligula et turpis faucibus cursus. Donec vel nunc metus. Quisque sagittis mattis dui vel varius. Aliquam iaculis interdum lacinia. Nam euismod lectus id maximus sodales. Nam id magna dictum, semper nisl vel, ornare ligula. Sed condimentum metus quis leo pharetra, quis semper urna aliquam. Fusce consectetur accumsan augue sit amet iaculis. Suspendisse volutpat urna vitae fermentum eleifend. Maecenas sapien leo, gravida vitae pellentesque quis, efficitur in erat. Maecenas elementum euismod hendrerit. Mauris sagittis massa a orci.'),(33,11,59,'Lorem ipsum dolor sit amet, consectetur adipiscing elit. Morbi pulvinar pharetra bibendum. Ut eget risus nec risus finibus hendrerit in non tortor. Pellentesque maximus ligula et turpis faucibus cursus. Donec vel nunc metus. Quisque sagittis mattis dui vel varius. Aliquam iaculis interdum lacinia. Nam euismod lectus id maximus sodales. Nam id magna dictum, semper nisl vel, ornare ligula. Sed condimentum metus quis leo pharetra, quis semper urna aliquam. Fusce consectetur accumsan augue sit amet iaculis. Suspendisse volutpat urna vitae fermentum eleifend. Maecenas sapien leo, gravida vitae pellentesque quis, efficitur in erat. Maecenas elementum euismod hendrerit. Mauris sagittis massa a orci.'),(34,71,61,'Lorem ipsum dolor sit amet, consectetur adipiscing elit. Morbi pulvinar pharetra bibendum. Ut eget risus nec risus finibus hendrerit in non tortor. Pellentesque maximus ligula et turpis faucibus cursus. Donec vel nunc metus. Quisque sagittis mattis dui vel varius. Aliquam iaculis interdum lacinia. Nam euismod lectus id maximus sodales. Nam id magna dictum, semper nisl vel, ornare ligula. Sed condimentum metus quis leo pharetra, quis semper urna aliquam. Fusce consectetur accumsan augue sit amet iaculis. Suspendisse volutpat urna vitae fermentum eleifend. Maecenas sapien leo, gravida vitae pellentesque quis, efficitur in erat. Maecenas elementum euismod hendrerit. Mauris sagittis massa a orci.'),(35,65,31,'Lorem ipsum dolor sit amet, consectetur adipiscing elit. Morbi pulvinar pharetra bibendum. Ut eget risus nec risus finibus hendrerit in non tortor. Pellentesque maximus ligula et turpis faucibus cursus. Donec vel nunc metus. Quisque sagittis mattis dui vel varius. Aliquam iaculis interdum lacinia. Nam euismod lectus id maximus sodales. Nam id magna dictum, semper nisl vel, ornare ligula. Sed condimentum metus quis leo pharetra, quis semper urna aliquam. Fusce consectetur accumsan augue sit amet iaculis. Suspendisse volutpat urna vitae fermentum eleifend. Maecenas sapien leo, gravida vitae pellentesque quis, efficitur in erat. Maecenas elementum euismod hendrerit. Mauris sagittis massa a orci.'),(36,97,32,'Lorem ipsum dolor sit amet, consectetur adipiscing elit. Morbi pulvinar pharetra bibendum. Ut eget risus nec risus finibus hendrerit in non tortor. Pellentesque maximus ligula et turpis faucibus cursus. Donec vel nunc metus. Quisque sagittis mattis dui vel varius. Aliquam iaculis interdum lacinia. Nam euismod lectus id maximus sodales. Nam id magna dictum, semper nisl vel, ornare ligula. Sed condimentum metus quis leo pharetra, quis semper urna aliquam. Fusce consectetur accumsan augue sit amet iaculis. Suspendisse volutpat urna vitae fermentum eleifend. Maecenas sapien leo, gravida vitae pellentesque quis, efficitur in erat. Maecenas elementum euismod hendrerit. Mauris sagittis massa a orci.'),(37,83,61,'Lorem ipsum dolor sit amet, consectetur adipiscing elit. Morbi pulvinar pharetra bibendum. Ut eget risus nec risus finibus hendrerit in non tortor. Pellentesque maximus ligula et turpis faucibus cursus. Donec vel nunc metus. Quisque sagittis mattis dui vel varius. Aliquam iaculis interdum lacinia. Nam euismod lectus id maximus sodales. Nam id magna dictum, semper nisl vel, ornare ligula. Sed condimentum metus quis leo pharetra, quis semper urna aliquam. Fusce consectetur accumsan augue sit amet iaculis. Suspendisse volutpat urna vitae fermentum eleifend. Maecenas sapien leo, gravida vitae pellentesque quis, efficitur in erat. Maecenas elementum euismod hendrerit. Mauris sagittis massa a orci.'),(38,2,30,'Lorem ipsum dolor sit amet, consectetur adipiscing elit. Morbi pulvinar pharetra bibendum. Ut eget risus nec risus finibus hendrerit in non tortor. Pellentesque maximus ligula et turpis faucibus cursus. Donec vel nunc metus. Quisque sagittis mattis dui vel varius. Aliquam iaculis interdum lacinia. Nam euismod lectus id maximus sodales. Nam id magna dictum, semper nisl vel, ornare ligula. Sed condimentum metus quis leo pharetra, quis semper urna aliquam. Fusce consectetur accumsan augue sit amet iaculis. Suspendisse volutpat urna vitae fermentum eleifend. Maecenas sapien leo, gravida vitae pellentesque quis, efficitur in erat. Maecenas elementum euismod hendrerit. Mauris sagittis massa a orci.'),(39,47,71,'Lorem ipsum dolor sit amet, consectetur adipiscing elit. Morbi pulvinar pharetra bibendum. Ut eget risus nec risus finibus hendrerit in non tortor. Pellentesque maximus ligula et turpis faucibus cursus. Donec vel nunc metus. Quisque sagittis mattis dui vel varius. Aliquam iaculis interdum lacinia. Nam euismod lectus id maximus sodales. Nam id magna dictum, semper nisl vel, ornare ligula. Sed condimentum metus quis leo pharetra, quis semper urna aliquam. Fusce consectetur accumsan augue sit amet iaculis. Suspendisse volutpat urna vitae fermentum eleifend. Maecenas sapien leo, gravida vitae pellentesque quis, efficitur in erat. Maecenas elementum euismod hendrerit. Mauris sagittis massa a orci.'),(40,50,66,'Lorem ipsum dolor sit amet, consectetur adipiscing elit. Morbi pulvinar pharetra bibendum. Ut eget risus nec risus finibus hendrerit in non tortor. Pellentesque maximus ligula et turpis faucibus cursus. Donec vel nunc metus. Quisque sagittis mattis dui vel varius. Aliquam iaculis interdum lacinia. Nam euismod lectus id maximus sodales. Nam id magna dictum, semper nisl vel, ornare ligula. Sed condimentum metus quis leo pharetra, quis semper urna aliquam. Fusce consectetur accumsan augue sit amet iaculis. Suspendisse volutpat urna vitae fermentum eleifend. Maecenas sapien leo, gravida vitae pellentesque quis, efficitur in erat. Maecenas elementum euismod hendrerit. Mauris sagittis massa a orci.'),(41,30,92,'Lorem ipsum dolor sit amet, consectetur adipiscing elit. Morbi pulvinar pharetra bibendum. Ut eget risus nec risus finibus hendrerit in non tortor. Pellentesque maximus ligula et turpis faucibus cursus. Donec vel nunc metus. Quisque sagittis mattis dui vel varius. Aliquam iaculis interdum lacinia. Nam euismod lectus id maximus sodales. Nam id magna dictum, semper nisl vel, ornare ligula. Sed condimentum metus quis leo pharetra, quis semper urna aliquam. Fusce consectetur accumsan augue sit amet iaculis. Suspendisse volutpat urna vitae fermentum eleifend. Maecenas sapien leo, gravida vitae pellentesque quis, efficitur in erat. Maecenas elementum euismod hendrerit. Mauris sagittis massa a orci.'),(42,83,61,'Lorem ipsum dolor sit amet, consectetur adipiscing elit. Morbi pulvinar pharetra bibendum. Ut eget risus nec risus finibus hendrerit in non tortor. Pellentesque maximus ligula et turpis faucibus cursus. Donec vel nunc metus. Quisque sagittis mattis dui vel varius. Aliquam iaculis interdum lacinia. Nam euismod lectus id maximus sodales. Nam id magna dictum, semper nisl vel, ornare ligula. Sed condimentum metus quis leo pharetra, quis semper urna aliquam. Fusce consectetur accumsan augue sit amet iaculis. Suspendisse volutpat urna vitae fermentum eleifend. Maecenas sapien leo, gravida vitae pellentesque quis, efficitur in erat. Maecenas elementum euismod hendrerit. Mauris sagittis massa a orci.'),(43,46,22,'Lorem ipsum dolor sit amet, consectetur adipiscing elit. Morbi pulvinar pharetra bibendum. Ut eget risus nec risus finibus hendrerit in non tortor. Pellentesque maximus ligula et turpis faucibus cursus. Donec vel nunc metus. Quisque sagittis mattis dui vel varius. Aliquam iaculis interdum lacinia. Nam euismod lectus id maximus sodales. Nam id magna dictum, semper nisl vel, ornare ligula. Sed condimentum metus quis leo pharetra, quis semper urna aliquam. Fusce consectetur accumsan augue sit amet iaculis. Suspendisse volutpat urna vitae fermentum eleifend. Maecenas sapien leo, gravida vitae pellentesque quis, efficitur in erat. Maecenas elementum euismod hendrerit. Mauris sagittis massa a orci.'),(44,63,63,'Lorem ipsum dolor sit amet, consectetur adipiscing elit. Morbi pulvinar pharetra bibendum. Ut eget risus nec risus finibus hendrerit in non tortor. Pellentesque maximus ligula et turpis faucibus cursus. Donec vel nunc metus. Quisque sagittis mattis dui vel varius. Aliquam iaculis interdum lacinia. Nam euismod lectus id maximus sodales. Nam id magna dictum, semper nisl vel, ornare ligula. Sed condimentum metus quis leo pharetra, quis semper urna aliquam. Fusce consectetur accumsan augue sit amet iaculis. Suspendisse volutpat urna vitae fermentum eleifend. Maecenas sapien leo, gravida vitae pellentesque quis, efficitur in erat. Maecenas elementum euismod hendrerit. Mauris sagittis massa a orci.'),(45,46,1,'Lorem ipsum dolor sit amet, consectetur adipiscing elit. Morbi pulvinar pharetra bibendum. Ut eget risus nec risus finibus hendrerit in non tortor. Pellentesque maximus ligula et turpis faucibus cursus. Donec vel nunc metus. Quisque sagittis mattis dui vel varius. Aliquam iaculis interdum lacinia. Nam euismod lectus id maximus sodales. Nam id magna dictum, semper nisl vel, ornare ligula. Sed condimentum metus quis leo pharetra, quis semper urna aliquam. Fusce consectetur accumsan augue sit amet iaculis. Suspendisse volutpat urna vitae fermentum eleifend. Maecenas sapien leo, gravida vitae pellentesque quis, efficitur in erat. Maecenas elementum euismod hendrerit. Mauris sagittis massa a orci.'),(46,5,33,'Lorem ipsum dolor sit amet, consectetur adipiscing elit. Morbi pulvinar pharetra bibendum. Ut eget risus nec risus finibus hendrerit in non tortor. Pellentesque maximus ligula et turpis faucibus cursus. Donec vel nunc metus. Quisque sagittis mattis dui vel varius. Aliquam iaculis interdum lacinia. Nam euismod lectus id maximus sodales. Nam id magna dictum, semper nisl vel, ornare ligula. Sed condimentum metus quis leo pharetra, quis semper urna aliquam. Fusce consectetur accumsan augue sit amet iaculis. Suspendisse volutpat urna vitae fermentum eleifend. Maecenas sapien leo, gravida vitae pellentesque quis, efficitur in erat. Maecenas elementum euismod hendrerit. Mauris sagittis massa a orci.'),(47,39,40,'Lorem ipsum dolor sit amet, consectetur adipiscing elit. Morbi pulvinar pharetra bibendum. Ut eget risus nec risus finibus hendrerit in non tortor. Pellentesque maximus ligula et turpis faucibus cursus. Donec vel nunc metus. Quisque sagittis mattis dui vel varius. Aliquam iaculis interdum lacinia. Nam euismod lectus id maximus sodales. Nam id magna dictum, semper nisl vel, ornare ligula. Sed condimentum metus quis leo pharetra, quis semper urna aliquam. Fusce consectetur accumsan augue sit amet iaculis. Suspendisse volutpat urna vitae fermentum eleifend. Maecenas sapien leo, gravida vitae pellentesque quis, efficitur in erat. Maecenas elementum euismod hendrerit. Mauris sagittis massa a orci.'),(48,69,48,'Lorem ipsum dolor sit amet, consectetur adipiscing elit. Morbi pulvinar pharetra bibendum. Ut eget risus nec risus finibus hendrerit in non tortor. Pellentesque maximus ligula et turpis faucibus cursus. Donec vel nunc metus. Quisque sagittis mattis dui vel varius. Aliquam iaculis interdum lacinia. Nam euismod lectus id maximus sodales. Nam id magna dictum, semper nisl vel, ornare ligula. Sed condimentum metus quis leo pharetra, quis semper urna aliquam. Fusce consectetur accumsan augue sit amet iaculis. Suspendisse volutpat urna vitae fermentum eleifend. Maecenas sapien leo, gravida vitae pellentesque quis, efficitur in erat. Maecenas elementum euismod hendrerit. Mauris sagittis massa a orci.'),(49,42,66,'Lorem ipsum dolor sit amet, consectetur adipiscing elit. Morbi pulvinar pharetra bibendum. Ut eget risus nec risus finibus hendrerit in non tortor. Pellentesque maximus ligula et turpis faucibus cursus. Donec vel nunc metus. Quisque sagittis mattis dui vel varius. Aliquam iaculis interdum lacinia. Nam euismod lectus id maximus sodales. Nam id magna dictum, semper nisl vel, ornare ligula. Sed condimentum metus quis leo pharetra, quis semper urna aliquam. Fusce consectetur accumsan augue sit amet iaculis. Suspendisse volutpat urna vitae fermentum eleifend. Maecenas sapien leo, gravida vitae pellentesque quis, efficitur in erat. Maecenas elementum euismod hendrerit. Mauris sagittis massa a orci.'),(50,87,41,'Lorem ipsum dolor sit amet, consectetur adipiscing elit. Morbi pulvinar pharetra bibendum. Ut eget risus nec risus finibus hendrerit in non tortor. Pellentesque maximus ligula et turpis faucibus cursus. Donec vel nunc metus. Quisque sagittis mattis dui vel varius. Aliquam iaculis interdum lacinia. Nam euismod lectus id maximus sodales. Nam id magna dictum, semper nisl vel, ornare ligula. Sed condimentum metus quis leo pharetra, quis semper urna aliquam. Fusce consectetur accumsan augue sit amet iaculis. Suspendisse volutpat urna vitae fermentum eleifend. Maecenas sapien leo, gravida vitae pellentesque quis, efficitur in erat. Maecenas elementum euismod hendrerit. Mauris sagittis massa a orci.'),(51,75,60,'Lorem ipsum dolor sit amet, consectetur adipiscing elit. Morbi pulvinar pharetra bibendum. Ut eget risus nec risus finibus hendrerit in non tortor. Pellentesque maximus ligula et turpis faucibus cursus. Donec vel nunc metus. Quisque sagittis mattis dui vel varius. Aliquam iaculis interdum lacinia. Nam euismod lectus id maximus sodales. Nam id magna dictum, semper nisl vel, ornare ligula. Sed condimentum metus quis leo pharetra, quis semper urna aliquam. Fusce consectetur accumsan augue sit amet iaculis. Suspendisse volutpat urna vitae fermentum eleifend. Maecenas sapien leo, gravida vitae pellentesque quis, efficitur in erat. Maecenas elementum euismod hendrerit. Mauris sagittis massa a orci.'),(52,62,39,'Lorem ipsum dolor sit amet, consectetur adipiscing elit. Morbi pulvinar pharetra bibendum. Ut eget risus nec risus finibus hendrerit in non tortor. Pellentesque maximus ligula et turpis faucibus cursus. Donec vel nunc metus. Quisque sagittis mattis dui vel varius. Aliquam iaculis interdum lacinia. Nam euismod lectus id maximus sodales. Nam id magna dictum, semper nisl vel, ornare ligula. Sed condimentum metus quis leo pharetra, quis semper urna aliquam. Fusce consectetur accumsan augue sit amet iaculis. Suspendisse volutpat urna vitae fermentum eleifend. Maecenas sapien leo, gravida vitae pellentesque quis, efficitur in erat. Maecenas elementum euismod hendrerit. Mauris sagittis massa a orci.'),(53,88,6,'Lorem ipsum dolor sit amet, consectetur adipiscing elit. Morbi pulvinar pharetra bibendum. Ut eget risus nec risus finibus hendrerit in non tortor. Pellentesque maximus ligula et turpis faucibus cursus. Donec vel nunc metus. Quisque sagittis mattis dui vel varius. Aliquam iaculis interdum lacinia. Nam euismod lectus id maximus sodales. Nam id magna dictum, semper nisl vel, ornare ligula. Sed condimentum metus quis leo pharetra, quis semper urna aliquam. Fusce consectetur accumsan augue sit amet iaculis. Suspendisse volutpat urna vitae fermentum eleifend. Maecenas sapien leo, gravida vitae pellentesque quis, efficitur in erat. Maecenas elementum euismod hendrerit. Mauris sagittis massa a orci.'),(54,80,38,'Lorem ipsum dolor sit amet, consectetur adipiscing elit. Morbi pulvinar pharetra bibendum. Ut eget risus nec risus finibus hendrerit in non tortor. Pellentesque maximus ligula et turpis faucibus cursus. Donec vel nunc metus. Quisque sagittis mattis dui vel varius. Aliquam iaculis interdum lacinia. Nam euismod lectus id maximus sodales. Nam id magna dictum, semper nisl vel, ornare ligula. Sed condimentum metus quis leo pharetra, quis semper urna aliquam. Fusce consectetur accumsan augue sit amet iaculis. Suspendisse volutpat urna vitae fermentum eleifend. Maecenas sapien leo, gravida vitae pellentesque quis, efficitur in erat. Maecenas elementum euismod hendrerit. Mauris sagittis massa a orci.'),(55,57,54,'Lorem ipsum dolor sit amet, consectetur adipiscing elit. Morbi pulvinar pharetra bibendum. Ut eget risus nec risus finibus hendrerit in non tortor. Pellentesque maximus ligula et turpis faucibus cursus. Donec vel nunc metus. Quisque sagittis mattis dui vel varius. Aliquam iaculis interdum lacinia. Nam euismod lectus id maximus sodales. Nam id magna dictum, semper nisl vel, ornare ligula. Sed condimentum metus quis leo pharetra, quis semper urna aliquam. Fusce consectetur accumsan augue sit amet iaculis. Suspendisse volutpat urna vitae fermentum eleifend. Maecenas sapien leo, gravida vitae pellentesque quis, efficitur in erat. Maecenas elementum euismod hendrerit. Mauris sagittis massa a orci.'),(56,31,52,'Lorem ipsum dolor sit amet, consectetur adipiscing elit. Morbi pulvinar pharetra bibendum. Ut eget risus nec risus finibus hendrerit in non tortor. Pellentesque maximus ligula et turpis faucibus cursus. Donec vel nunc metus. Quisque sagittis mattis dui vel varius. Aliquam iaculis interdum lacinia. Nam euismod lectus id maximus sodales. Nam id magna dictum, semper nisl vel, ornare ligula. Sed condimentum metus quis leo pharetra, quis semper urna aliquam. Fusce consectetur accumsan augue sit amet iaculis. Suspendisse volutpat urna vitae fermentum eleifend. Maecenas sapien leo, gravida vitae pellentesque quis, efficitur in erat. Maecenas elementum euismod hendrerit. Mauris sagittis massa a orci.'),(57,20,87,'Lorem ipsum dolor sit amet, consectetur adipiscing elit. Morbi pulvinar pharetra bibendum. Ut eget risus nec risus finibus hendrerit in non tortor. Pellentesque maximus ligula et turpis faucibus cursus. Donec vel nunc metus. Quisque sagittis mattis dui vel varius. Aliquam iaculis interdum lacinia. Nam euismod lectus id maximus sodales. Nam id magna dictum, semper nisl vel, ornare ligula. Sed condimentum metus quis leo pharetra, quis semper urna aliquam. Fusce consectetur accumsan augue sit amet iaculis. Suspendisse volutpat urna vitae fermentum eleifend. Maecenas sapien leo, gravida vitae pellentesque quis, efficitur in erat. Maecenas elementum euismod hendrerit. Mauris sagittis massa a orci.'),(58,77,21,'Lorem ipsum dolor sit amet, consectetur adipiscing elit. Morbi pulvinar pharetra bibendum. Ut eget risus nec risus finibus hendrerit in non tortor. Pellentesque maximus ligula et turpis faucibus cursus. Donec vel nunc metus. Quisque sagittis mattis dui vel varius. Aliquam iaculis interdum lacinia. Nam euismod lectus id maximus sodales. Nam id magna dictum, semper nisl vel, ornare ligula. Sed condimentum metus quis leo pharetra, quis semper urna aliquam. Fusce consectetur accumsan augue sit amet iaculis. Suspendisse volutpat urna vitae fermentum eleifend. Maecenas sapien leo, gravida vitae pellentesque quis, efficitur in erat. Maecenas elementum euismod hendrerit. Mauris sagittis massa a orci.'),(59,78,48,'Lorem ipsum dolor sit amet, consectetur adipiscing elit. Morbi pulvinar pharetra bibendum. Ut eget risus nec risus finibus hendrerit in non tortor. Pellentesque maximus ligula et turpis faucibus cursus. Donec vel nunc metus. Quisque sagittis mattis dui vel varius. Aliquam iaculis interdum lacinia. Nam euismod lectus id maximus sodales. Nam id magna dictum, semper nisl vel, ornare ligula. Sed condimentum metus quis leo pharetra, quis semper urna aliquam. Fusce consectetur accumsan augue sit amet iaculis. Suspendisse volutpat urna vitae fermentum eleifend. Maecenas sapien leo, gravida vitae pellentesque quis, efficitur in erat. Maecenas elementum euismod hendrerit. Mauris sagittis massa a orci.'),(60,76,80,'Lorem ipsum dolor sit amet, consectetur adipiscing elit. Morbi pulvinar pharetra bibendum. Ut eget risus nec risus finibus hendrerit in non tortor. Pellentesque maximus ligula et turpis faucibus cursus. Donec vel nunc metus. Quisque sagittis mattis dui vel varius. Aliquam iaculis interdum lacinia. Nam euismod lectus id maximus sodales. Nam id magna dictum, semper nisl vel, ornare ligula. Sed condimentum metus quis leo pharetra, quis semper urna aliquam. Fusce consectetur accumsan augue sit amet iaculis. Suspendisse volutpat urna vitae fermentum eleifend. Maecenas sapien leo, gravida vitae pellentesque quis, efficitur in erat. Maecenas elementum euismod hendrerit. Mauris sagittis massa a orci.'),(61,64,24,'Lorem ipsum dolor sit amet, consectetur adipiscing elit. Morbi pulvinar pharetra bibendum. Ut eget risus nec risus finibus hendrerit in non tortor. Pellentesque maximus ligula et turpis faucibus cursus. Donec vel nunc metus. Quisque sagittis mattis dui vel varius. Aliquam iaculis interdum lacinia. Nam euismod lectus id maximus sodales. Nam id magna dictum, semper nisl vel, ornare ligula. Sed condimentum metus quis leo pharetra, quis semper urna aliquam. Fusce consectetur accumsan augue sit amet iaculis. Suspendisse volutpat urna vitae fermentum eleifend. Maecenas sapien leo, gravida vitae pellentesque quis, efficitur in erat. Maecenas elementum euismod hendrerit. Mauris sagittis massa a orci.'),(62,48,71,'Lorem ipsum dolor sit amet, consectetur adipiscing elit. Morbi pulvinar pharetra bibendum. Ut eget risus nec risus finibus hendrerit in non tortor. Pellentesque maximus ligula et turpis faucibus cursus. Donec vel nunc metus. Quisque sagittis mattis dui vel varius. Aliquam iaculis interdum lacinia. Nam euismod lectus id maximus sodales. Nam id magna dictum, semper nisl vel, ornare ligula. Sed condimentum metus quis leo pharetra, quis semper urna aliquam. Fusce consectetur accumsan augue sit amet iaculis. Suspendisse volutpat urna vitae fermentum eleifend. Maecenas sapien leo, gravida vitae pellentesque quis, efficitur in erat. Maecenas elementum euismod hendrerit. Mauris sagittis massa a orci.'),(63,55,77,'Lorem ipsum dolor sit amet, consectetur adipiscing elit. Morbi pulvinar pharetra bibendum. Ut eget risus nec risus finibus hendrerit in non tortor. Pellentesque maximus ligula et turpis faucibus cursus. Donec vel nunc metus. Quisque sagittis mattis dui vel varius. Aliquam iaculis interdum lacinia. Nam euismod lectus id maximus sodales. Nam id magna dictum, semper nisl vel, ornare ligula. Sed condimentum metus quis leo pharetra, quis semper urna aliquam. Fusce consectetur accumsan augue sit amet iaculis. Suspendisse volutpat urna vitae fermentum eleifend. Maecenas sapien leo, gravida vitae pellentesque quis, efficitur in erat. Maecenas elementum euismod hendrerit. Mauris sagittis massa a orci.'),(64,46,39,'Lorem ipsum dolor sit amet, consectetur adipiscing elit. Morbi pulvinar pharetra bibendum. Ut eget risus nec risus finibus hendrerit in non tortor. Pellentesque maximus ligula et turpis faucibus cursus. Donec vel nunc metus. Quisque sagittis mattis dui vel varius. Aliquam iaculis interdum lacinia. Nam euismod lectus id maximus sodales. Nam id magna dictum, semper nisl vel, ornare ligula. Sed condimentum metus quis leo pharetra, quis semper urna aliquam. Fusce consectetur accumsan augue sit amet iaculis. Suspendisse volutpat urna vitae fermentum eleifend. Maecenas sapien leo, gravida vitae pellentesque quis, efficitur in erat. Maecenas elementum euismod hendrerit. Mauris sagittis massa a orci.'),(65,36,28,'Lorem ipsum dolor sit amet, consectetur adipiscing elit. Morbi pulvinar pharetra bibendum. Ut eget risus nec risus finibus hendrerit in non tortor. Pellentesque maximus ligula et turpis faucibus cursus. Donec vel nunc metus. Quisque sagittis mattis dui vel varius. Aliquam iaculis interdum lacinia. Nam euismod lectus id maximus sodales. Nam id magna dictum, semper nisl vel, ornare ligula. Sed condimentum metus quis leo pharetra, quis semper urna aliquam. Fusce consectetur accumsan augue sit amet iaculis. Suspendisse volutpat urna vitae fermentum eleifend. Maecenas sapien leo, gravida vitae pellentesque quis, efficitur in erat. Maecenas elementum euismod hendrerit. Mauris sagittis massa a orci.'),(66,59,24,'Lorem ipsum dolor sit amet, consectetur adipiscing elit. Morbi pulvinar pharetra bibendum. Ut eget risus nec risus finibus hendrerit in non tortor. Pellentesque maximus ligula et turpis faucibus cursus. Donec vel nunc metus. Quisque sagittis mattis dui vel varius. Aliquam iaculis interdum lacinia. Nam euismod lectus id maximus sodales. Nam id magna dictum, semper nisl vel, ornare ligula. Sed condimentum metus quis leo pharetra, quis semper urna aliquam. Fusce consectetur accumsan augue sit amet iaculis. Suspendisse volutpat urna vitae fermentum eleifend. Maecenas sapien leo, gravida vitae pellentesque quis, efficitur in erat. Maecenas elementum euismod hendrerit. Mauris sagittis massa a orci.'),(67,8,95,'Lorem ipsum dolor sit amet, consectetur adipiscing elit. Morbi pulvinar pharetra bibendum. Ut eget risus nec risus finibus hendrerit in non tortor. Pellentesque maximus ligula et turpis faucibus cursus. Donec vel nunc metus. Quisque sagittis mattis dui vel varius. Aliquam iaculis interdum lacinia. Nam euismod lectus id maximus sodales. Nam id magna dictum, semper nisl vel, ornare ligula. Sed condimentum metus quis leo pharetra, quis semper urna aliquam. Fusce consectetur accumsan augue sit amet iaculis. Suspendisse volutpat urna vitae fermentum eleifend. Maecenas sapien leo, gravida vitae pellentesque quis, efficitur in erat. Maecenas elementum euismod hendrerit. Mauris sagittis massa a orci.'),(68,20,72,'Lorem ipsum dolor sit amet, consectetur adipiscing elit. Morbi pulvinar pharetra bibendum. Ut eget risus nec risus finibus hendrerit in non tortor. Pellentesque maximus ligula et turpis faucibus cursus. Donec vel nunc metus. Quisque sagittis mattis dui vel varius. Aliquam iaculis interdum lacinia. Nam euismod lectus id maximus sodales. Nam id magna dictum, semper nisl vel, ornare ligula. Sed condimentum metus quis leo pharetra, quis semper urna aliquam. Fusce consectetur accumsan augue sit amet iaculis. Suspendisse volutpat urna vitae fermentum eleifend. Maecenas sapien leo, gravida vitae pellentesque quis, efficitur in erat. Maecenas elementum euismod hendrerit. Mauris sagittis massa a orci.'),(69,34,42,'Lorem ipsum dolor sit amet, consectetur adipiscing elit. Morbi pulvinar pharetra bibendum. Ut eget risus nec risus finibus hendrerit in non tortor. Pellentesque maximus ligula et turpis faucibus cursus. Donec vel nunc metus. Quisque sagittis mattis dui vel varius. Aliquam iaculis interdum lacinia. Nam euismod lectus id maximus sodales. Nam id magna dictum, semper nisl vel, ornare ligula. Sed condimentum metus quis leo pharetra, quis semper urna aliquam. Fusce consectetur accumsan augue sit amet iaculis. Suspendisse volutpat urna vitae fermentum eleifend. Maecenas sapien leo, gravida vitae pellentesque quis, efficitur in erat. Maecenas elementum euismod hendrerit. Mauris sagittis massa a orci.'),(70,27,48,'Lorem ipsum dolor sit amet, consectetur adipiscing elit. Morbi pulvinar pharetra bibendum. Ut eget risus nec risus finibus hendrerit in non tortor. Pellentesque maximus ligula et turpis faucibus cursus. Donec vel nunc metus. Quisque sagittis mattis dui vel varius. Aliquam iaculis interdum lacinia. Nam euismod lectus id maximus sodales. Nam id magna dictum, semper nisl vel, ornare ligula. Sed condimentum metus quis leo pharetra, quis semper urna aliquam. Fusce consectetur accumsan augue sit amet iaculis. Suspendisse volutpat urna vitae fermentum eleifend. Maecenas sapien leo, gravida vitae pellentesque quis, efficitur in erat. Maecenas elementum euismod hendrerit. Mauris sagittis massa a orci.'),(71,48,89,'Lorem ipsum dolor sit amet, consectetur adipiscing elit. Morbi pulvinar pharetra bibendum. Ut eget risus nec risus finibus hendrerit in non tortor. Pellentesque maximus ligula et turpis faucibus cursus. Donec vel nunc metus. Quisque sagittis mattis dui vel varius. Aliquam iaculis interdum lacinia. Nam euismod lectus id maximus sodales. Nam id magna dictum, semper nisl vel, ornare ligula. Sed condimentum metus quis leo pharetra, quis semper urna aliquam. Fusce consectetur accumsan augue sit amet iaculis. Suspendisse volutpat urna vitae fermentum eleifend. Maecenas sapien leo, gravida vitae pellentesque quis, efficitur in erat. Maecenas elementum euismod hendrerit. Mauris sagittis massa a orci.'),(72,75,74,'Lorem ipsum dolor sit amet, consectetur adipiscing elit. Morbi pulvinar pharetra bibendum. Ut eget risus nec risus finibus hendrerit in non tortor. Pellentesque maximus ligula et turpis faucibus cursus. Donec vel nunc metus. Quisque sagittis mattis dui vel varius. Aliquam iaculis interdum lacinia. Nam euismod lectus id maximus sodales. Nam id magna dictum, semper nisl vel, ornare ligula. Sed condimentum metus quis leo pharetra, quis semper urna aliquam. Fusce consectetur accumsan augue sit amet iaculis. Suspendisse volutpat urna vitae fermentum eleifend. Maecenas sapien leo, gravida vitae pellentesque quis, efficitur in erat. Maecenas elementum euismod hendrerit. Mauris sagittis massa a orci.'),(73,79,56,'Lorem ipsum dolor sit amet, consectetur adipiscing elit. Morbi pulvinar pharetra bibendum. Ut eget risus nec risus finibus hendrerit in non tortor. Pellentesque maximus ligula et turpis faucibus cursus. Donec vel nunc metus. Quisque sagittis mattis dui vel varius. Aliquam iaculis interdum lacinia. Nam euismod lectus id maximus sodales. Nam id magna dictum, semper nisl vel, ornare ligula. Sed condimentum metus quis leo pharetra, quis semper urna aliquam. Fusce consectetur accumsan augue sit amet iaculis. Suspendisse volutpat urna vitae fermentum eleifend. Maecenas sapien leo, gravida vitae pellentesque quis, efficitur in erat. Maecenas elementum euismod hendrerit. Mauris sagittis massa a orci.'),(74,60,22,'Lorem ipsum dolor sit amet, consectetur adipiscing elit. Morbi pulvinar pharetra bibendum. Ut eget risus nec risus finibus hendrerit in non tortor. Pellentesque maximus ligula et turpis faucibus cursus. Donec vel nunc metus. Quisque sagittis mattis dui vel varius. Aliquam iaculis interdum lacinia. Nam euismod lectus id maximus sodales. Nam id magna dictum, semper nisl vel, ornare ligula. Sed condimentum metus quis leo pharetra, quis semper urna aliquam. Fusce consectetur accumsan augue sit amet iaculis. Suspendisse volutpat urna vitae fermentum eleifend. Maecenas sapien leo, gravida vitae pellentesque quis, efficitur in erat. Maecenas elementum euismod hendrerit. Mauris sagittis massa a orci.'),(75,73,38,'Lorem ipsum dolor sit amet, consectetur adipiscing elit. Morbi pulvinar pharetra bibendum. Ut eget risus nec risus finibus hendrerit in non tortor. Pellentesque maximus ligula et turpis faucibus cursus. Donec vel nunc metus. Quisque sagittis mattis dui vel varius. Aliquam iaculis interdum lacinia. Nam euismod lectus id maximus sodales. Nam id magna dictum, semper nisl vel, ornare ligula. Sed condimentum metus quis leo pharetra, quis semper urna aliquam. Fusce consectetur accumsan augue sit amet iaculis. Suspendisse volutpat urna vitae fermentum eleifend. Maecenas sapien leo, gravida vitae pellentesque quis, efficitur in erat. Maecenas elementum euismod hendrerit. Mauris sagittis massa a orci.'),(76,18,14,'Lorem ipsum dolor sit amet, consectetur adipiscing elit. Morbi pulvinar pharetra bibendum. Ut eget risus nec risus finibus hendrerit in non tortor. Pellentesque maximus ligula et turpis faucibus cursus. Donec vel nunc metus. Quisque sagittis mattis dui vel varius. Aliquam iaculis interdum lacinia. Nam euismod lectus id maximus sodales. Nam id magna dictum, semper nisl vel, ornare ligula. Sed condimentum metus quis leo pharetra, quis semper urna aliquam. Fusce consectetur accumsan augue sit amet iaculis. Suspendisse volutpat urna vitae fermentum eleifend. Maecenas sapien leo, gravida vitae pellentesque quis, efficitur in erat. Maecenas elementum euismod hendrerit. Mauris sagittis massa a orci.'),(77,87,95,'Lorem ipsum dolor sit amet, consectetur adipiscing elit. Morbi pulvinar pharetra bibendum. Ut eget risus nec risus finibus hendrerit in non tortor. Pellentesque maximus ligula et turpis faucibus cursus. Donec vel nunc metus. Quisque sagittis mattis dui vel varius. Aliquam iaculis interdum lacinia. Nam euismod lectus id maximus sodales. Nam id magna dictum, semper nisl vel, ornare ligula. Sed condimentum metus quis leo pharetra, quis semper urna aliquam. Fusce consectetur accumsan augue sit amet iaculis. Suspendisse volutpat urna vitae fermentum eleifend. Maecenas sapien leo, gravida vitae pellentesque quis, efficitur in erat. Maecenas elementum euismod hendrerit. Mauris sagittis massa a orci.'),(78,66,10,'Lorem ipsum dolor sit amet, consectetur adipiscing elit. Morbi pulvinar pharetra bibendum. Ut eget risus nec risus finibus hendrerit in non tortor. Pellentesque maximus ligula et turpis faucibus cursus. Donec vel nunc metus. Quisque sagittis mattis dui vel varius. Aliquam iaculis interdum lacinia. Nam euismod lectus id maximus sodales. Nam id magna dictum, semper nisl vel, ornare ligula. Sed condimentum metus quis leo pharetra, quis semper urna aliquam. Fusce consectetur accumsan augue sit amet iaculis. Suspendisse volutpat urna vitae fermentum eleifend. Maecenas sapien leo, gravida vitae pellentesque quis, efficitur in erat. Maecenas elementum euismod hendrerit. Mauris sagittis massa a orci.'),(79,39,1,'Lorem ipsum dolor sit amet, consectetur adipiscing elit. Morbi pulvinar pharetra bibendum. Ut eget risus nec risus finibus hendrerit in non tortor. Pellentesque maximus ligula et turpis faucibus cursus. Donec vel nunc metus. Quisque sagittis mattis dui vel varius. Aliquam iaculis interdum lacinia. Nam euismod lectus id maximus sodales. Nam id magna dictum, semper nisl vel, ornare ligula. Sed condimentum metus quis leo pharetra, quis semper urna aliquam. Fusce consectetur accumsan augue sit amet iaculis. Suspendisse volutpat urna vitae fermentum eleifend. Maecenas sapien leo, gravida vitae pellentesque quis, efficitur in erat. Maecenas elementum euismod hendrerit. Mauris sagittis massa a orci.'),(80,26,3,'Lorem ipsum dolor sit amet, consectetur adipiscing elit. Morbi pulvinar pharetra bibendum. Ut eget risus nec risus finibus hendrerit in non tortor. Pellentesque maximus ligula et turpis faucibus cursus. Donec vel nunc metus. Quisque sagittis mattis dui vel varius. Aliquam iaculis interdum lacinia. Nam euismod lectus id maximus sodales. Nam id magna dictum, semper nisl vel, ornare ligula. Sed condimentum metus quis leo pharetra, quis semper urna aliquam. Fusce consectetur accumsan augue sit amet iaculis. Suspendisse volutpat urna vitae fermentum eleifend. Maecenas sapien leo, gravida vitae pellentesque quis, efficitur in erat. Maecenas elementum euismod hendrerit. Mauris sagittis massa a orci.'),(81,39,33,'Lorem ipsum dolor sit amet, consectetur adipiscing elit. Morbi pulvinar pharetra bibendum. Ut eget risus nec risus finibus hendrerit in non tortor. Pellentesque maximus ligula et turpis faucibus cursus. Donec vel nunc metus. Quisque sagittis mattis dui vel varius. Aliquam iaculis interdum lacinia. Nam euismod lectus id maximus sodales. Nam id magna dictum, semper nisl vel, ornare ligula. Sed condimentum metus quis leo pharetra, quis semper urna aliquam. Fusce consectetur accumsan augue sit amet iaculis. Suspendisse volutpat urna vitae fermentum eleifend. Maecenas sapien leo, gravida vitae pellentesque quis, efficitur in erat. Maecenas elementum euismod hendrerit. Mauris sagittis massa a orci.'),(82,39,34,'Lorem ipsum dolor sit amet, consectetur adipiscing elit. Morbi pulvinar pharetra bibendum. Ut eget risus nec risus finibus hendrerit in non tortor. Pellentesque maximus ligula et turpis faucibus cursus. Donec vel nunc metus. Quisque sagittis mattis dui vel varius. Aliquam iaculis interdum lacinia. Nam euismod lectus id maximus sodales. Nam id magna dictum, semper nisl vel, ornare ligula. Sed condimentum metus quis leo pharetra, quis semper urna aliquam. Fusce consectetur accumsan augue sit amet iaculis. Suspendisse volutpat urna vitae fermentum eleifend. Maecenas sapien leo, gravida vitae pellentesque quis, efficitur in erat. Maecenas elementum euismod hendrerit. Mauris sagittis massa a orci.'),(83,68,6,'Lorem ipsum dolor sit amet, consectetur adipiscing elit. Morbi pulvinar pharetra bibendum. Ut eget risus nec risus finibus hendrerit in non tortor. Pellentesque maximus ligula et turpis faucibus cursus. Donec vel nunc metus. Quisque sagittis mattis dui vel varius. Aliquam iaculis interdum lacinia. Nam euismod lectus id maximus sodales. Nam id magna dictum, semper nisl vel, ornare ligula. Sed condimentum metus quis leo pharetra, quis semper urna aliquam. Fusce consectetur accumsan augue sit amet iaculis. Suspendisse volutpat urna vitae fermentum eleifend. Maecenas sapien leo, gravida vitae pellentesque quis, efficitur in erat. Maecenas elementum euismod hendrerit. Mauris sagittis massa a orci.'),(84,36,58,'Lorem ipsum dolor sit amet, consectetur adipiscing elit. Morbi pulvinar pharetra bibendum. Ut eget risus nec risus finibus hendrerit in non tortor. Pellentesque maximus ligula et turpis faucibus cursus. Donec vel nunc metus. Quisque sagittis mattis dui vel varius. Aliquam iaculis interdum lacinia. Nam euismod lectus id maximus sodales. Nam id magna dictum, semper nisl vel, ornare ligula. Sed condimentum metus quis leo pharetra, quis semper urna aliquam. Fusce consectetur accumsan augue sit amet iaculis. Suspendisse volutpat urna vitae fermentum eleifend. Maecenas sapien leo, gravida vitae pellentesque quis, efficitur in erat. Maecenas elementum euismod hendrerit. Mauris sagittis massa a orci.'),(85,62,76,'Lorem ipsum dolor sit amet, consectetur adipiscing elit. Morbi pulvinar pharetra bibendum. Ut eget risus nec risus finibus hendrerit in non tortor. Pellentesque maximus ligula et turpis faucibus cursus. Donec vel nunc metus. Quisque sagittis mattis dui vel varius. Aliquam iaculis interdum lacinia. Nam euismod lectus id maximus sodales. Nam id magna dictum, semper nisl vel, ornare ligula. Sed condimentum metus quis leo pharetra, quis semper urna aliquam. Fusce consectetur accumsan augue sit amet iaculis. Suspendisse volutpat urna vitae fermentum eleifend. Maecenas sapien leo, gravida vitae pellentesque quis, efficitur in erat. Maecenas elementum euismod hendrerit. Mauris sagittis massa a orci.'),(86,22,66,'Lorem ipsum dolor sit amet, consectetur adipiscing elit. Morbi pulvinar pharetra bibendum. Ut eget risus nec risus finibus hendrerit in non tortor. Pellentesque maximus ligula et turpis faucibus cursus. Donec vel nunc metus. Quisque sagittis mattis dui vel varius. Aliquam iaculis interdum lacinia. Nam euismod lectus id maximus sodales. Nam id magna dictum, semper nisl vel, ornare ligula. Sed condimentum metus quis leo pharetra, quis semper urna aliquam. Fusce consectetur accumsan augue sit amet iaculis. Suspendisse volutpat urna vitae fermentum eleifend. Maecenas sapien leo, gravida vitae pellentesque quis, efficitur in erat. Maecenas elementum euismod hendrerit. Mauris sagittis massa a orci.'),(87,76,31,'Lorem ipsum dolor sit amet, consectetur adipiscing elit. Morbi pulvinar pharetra bibendum. Ut eget risus nec risus finibus hendrerit in non tortor. Pellentesque maximus ligula et turpis faucibus cursus. Donec vel nunc metus. Quisque sagittis mattis dui vel varius. Aliquam iaculis interdum lacinia. Nam euismod lectus id maximus sodales. Nam id magna dictum, semper nisl vel, ornare ligula. Sed condimentum metus quis leo pharetra, quis semper urna aliquam. Fusce consectetur accumsan augue sit amet iaculis. Suspendisse volutpat urna vitae fermentum eleifend. Maecenas sapien leo, gravida vitae pellentesque quis, efficitur in erat. Maecenas elementum euismod hendrerit. Mauris sagittis massa a orci.'),(88,81,79,'Lorem ipsum dolor sit amet, consectetur adipiscing elit. Morbi pulvinar pharetra bibendum. Ut eget risus nec risus finibus hendrerit in non tortor. Pellentesque maximus ligula et turpis faucibus cursus. Donec vel nunc metus. Quisque sagittis mattis dui vel varius. Aliquam iaculis interdum lacinia. Nam euismod lectus id maximus sodales. Nam id magna dictum, semper nisl vel, ornare ligula. Sed condimentum metus quis leo pharetra, quis semper urna aliquam. Fusce consectetur accumsan augue sit amet iaculis. Suspendisse volutpat urna vitae fermentum eleifend. Maecenas sapien leo, gravida vitae pellentesque quis, efficitur in erat. Maecenas elementum euismod hendrerit. Mauris sagittis massa a orci.'),(89,14,46,'Lorem ipsum dolor sit amet, consectetur adipiscing elit. Morbi pulvinar pharetra bibendum. Ut eget risus nec risus finibus hendrerit in non tortor. Pellentesque maximus ligula et turpis faucibus cursus. Donec vel nunc metus. Quisque sagittis mattis dui vel varius. Aliquam iaculis interdum lacinia. Nam euismod lectus id maximus sodales. Nam id magna dictum, semper nisl vel, ornare ligula. Sed condimentum metus quis leo pharetra, quis semper urna aliquam. Fusce consectetur accumsan augue sit amet iaculis. Suspendisse volutpat urna vitae fermentum eleifend. Maecenas sapien leo, gravida vitae pellentesque quis, efficitur in erat. Maecenas elementum euismod hendrerit. Mauris sagittis massa a orci.'),(90,5,39,'Lorem ipsum dolor sit amet, consectetur adipiscing elit. Morbi pulvinar pharetra bibendum. Ut eget risus nec risus finibus hendrerit in non tortor. Pellentesque maximus ligula et turpis faucibus cursus. Donec vel nunc metus. Quisque sagittis mattis dui vel varius. Aliquam iaculis interdum lacinia. Nam euismod lectus id maximus sodales. Nam id magna dictum, semper nisl vel, ornare ligula. Sed condimentum metus quis leo pharetra, quis semper urna aliquam. Fusce consectetur accumsan augue sit amet iaculis. Suspendisse volutpat urna vitae fermentum eleifend. Maecenas sapien leo, gravida vitae pellentesque quis, efficitur in erat. Maecenas elementum euismod hendrerit. Mauris sagittis massa a orci.'),(91,8,78,'Lorem ipsum dolor sit amet, consectetur adipiscing elit. Morbi pulvinar pharetra bibendum. Ut eget risus nec risus finibus hendrerit in non tortor. Pellentesque maximus ligula et turpis faucibus cursus. Donec vel nunc metus. Quisque sagittis mattis dui vel varius. Aliquam iaculis interdum lacinia. Nam euismod lectus id maximus sodales. Nam id magna dictum, semper nisl vel, ornare ligula. Sed condimentum metus quis leo pharetra, quis semper urna aliquam. Fusce consectetur accumsan augue sit amet iaculis. Suspendisse volutpat urna vitae fermentum eleifend. Maecenas sapien leo, gravida vitae pellentesque quis, efficitur in erat. Maecenas elementum euismod hendrerit. Mauris sagittis massa a orci.'),(92,30,50,'Lorem ipsum dolor sit amet, consectetur adipiscing elit. Morbi pulvinar pharetra bibendum. Ut eget risus nec risus finibus hendrerit in non tortor. Pellentesque maximus ligula et turpis faucibus cursus. Donec vel nunc metus. Quisque sagittis mattis dui vel varius. Aliquam iaculis interdum lacinia. Nam euismod lectus id maximus sodales. Nam id magna dictum, semper nisl vel, ornare ligula. Sed condimentum metus quis leo pharetra, quis semper urna aliquam. Fusce consectetur accumsan augue sit amet iaculis. Suspendisse volutpat urna vitae fermentum eleifend. Maecenas sapien leo, gravida vitae pellentesque quis, efficitur in erat. Maecenas elementum euismod hendrerit. Mauris sagittis massa a orci.'),(93,38,69,'Lorem ipsum dolor sit amet, consectetur adipiscing elit. Morbi pulvinar pharetra bibendum. Ut eget risus nec risus finibus hendrerit in non tortor. Pellentesque maximus ligula et turpis faucibus cursus. Donec vel nunc metus. Quisque sagittis mattis dui vel varius. Aliquam iaculis interdum lacinia. Nam euismod lectus id maximus sodales. Nam id magna dictum, semper nisl vel, ornare ligula. Sed condimentum metus quis leo pharetra, quis semper urna aliquam. Fusce consectetur accumsan augue sit amet iaculis. Suspendisse volutpat urna vitae fermentum eleifend. Maecenas sapien leo, gravida vitae pellentesque quis, efficitur in erat. Maecenas elementum euismod hendrerit. Mauris sagittis massa a orci.'),(94,2,92,'Lorem ipsum dolor sit amet, consectetur adipiscing elit. Morbi pulvinar pharetra bibendum. Ut eget risus nec risus finibus hendrerit in non tortor. Pellentesque maximus ligula et turpis faucibus cursus. Donec vel nunc metus. Quisque sagittis mattis dui vel varius. Aliquam iaculis interdum lacinia. Nam euismod lectus id maximus sodales. Nam id magna dictum, semper nisl vel, ornare ligula. Sed condimentum metus quis leo pharetra, quis semper urna aliquam. Fusce consectetur accumsan augue sit amet iaculis. Suspendisse volutpat urna vitae fermentum eleifend. Maecenas sapien leo, gravida vitae pellentesque quis, efficitur in erat. Maecenas elementum euismod hendrerit. Mauris sagittis massa a orci.'),(95,78,27,'Lorem ipsum dolor sit amet, consectetur adipiscing elit. Morbi pulvinar pharetra bibendum. Ut eget risus nec risus finibus hendrerit in non tortor. Pellentesque maximus ligula et turpis faucibus cursus. Donec vel nunc metus. Quisque sagittis mattis dui vel varius. Aliquam iaculis interdum lacinia. Nam euismod lectus id maximus sodales. Nam id magna dictum, semper nisl vel, ornare ligula. Sed condimentum metus quis leo pharetra, quis semper urna aliquam. Fusce consectetur accumsan augue sit amet iaculis. Suspendisse volutpat urna vitae fermentum eleifend. Maecenas sapien leo, gravida vitae pellentesque quis, efficitur in erat. Maecenas elementum euismod hendrerit. Mauris sagittis massa a orci.'),(96,3,61,'Lorem ipsum dolor sit amet, consectetur adipiscing elit. Morbi pulvinar pharetra bibendum. Ut eget risus nec risus finibus hendrerit in non tortor. Pellentesque maximus ligula et turpis faucibus cursus. Donec vel nunc metus. Quisque sagittis mattis dui vel varius. Aliquam iaculis interdum lacinia. Nam euismod lectus id maximus sodales. Nam id magna dictum, semper nisl vel, ornare ligula. Sed condimentum metus quis leo pharetra, quis semper urna aliquam. Fusce consectetur accumsan augue sit amet iaculis. Suspendisse volutpat urna vitae fermentum eleifend. Maecenas sapien leo, gravida vitae pellentesque quis, efficitur in erat. Maecenas elementum euismod hendrerit. Mauris sagittis massa a orci.'),(97,72,79,'Lorem ipsum dolor sit amet, consectetur adipiscing elit. Morbi pulvinar pharetra bibendum. Ut eget risus nec risus finibus hendrerit in non tortor. Pellentesque maximus ligula et turpis faucibus cursus. Donec vel nunc metus. Quisque sagittis mattis dui vel varius. Aliquam iaculis interdum lacinia. Nam euismod lectus id maximus sodales. Nam id magna dictum, semper nisl vel, ornare ligula. Sed condimentum metus quis leo pharetra, quis semper urna aliquam. Fusce consectetur accumsan augue sit amet iaculis. Suspendisse volutpat urna vitae fermentum eleifend. Maecenas sapien leo, gravida vitae pellentesque quis, efficitur in erat. Maecenas elementum euismod hendrerit. Mauris sagittis massa a orci.'),(98,2,55,'Lorem ipsum dolor sit amet, consectetur adipiscing elit. Morbi pulvinar pharetra bibendum. Ut eget risus nec risus finibus hendrerit in non tortor. Pellentesque maximus ligula et turpis faucibus cursus. Donec vel nunc metus. Quisque sagittis mattis dui vel varius. Aliquam iaculis interdum lacinia. Nam euismod lectus id maximus sodales. Nam id magna dictum, semper nisl vel, ornare ligula. Sed condimentum metus quis leo pharetra, quis semper urna aliquam. Fusce consectetur accumsan augue sit amet iaculis. Suspendisse volutpat urna vitae fermentum eleifend. Maecenas sapien leo, gravida vitae pellentesque quis, efficitur in erat. Maecenas elementum euismod hendrerit. Mauris sagittis massa a orci.'),(99,23,68,'Lorem ipsum dolor sit amet, consectetur adipiscing elit. Morbi pulvinar pharetra bibendum. Ut eget risus nec risus finibus hendrerit in non tortor. Pellentesque maximus ligula et turpis faucibus cursus. Donec vel nunc metus. Quisque sagittis mattis dui vel varius. Aliquam iaculis interdum lacinia. Nam euismod lectus id maximus sodales. Nam id magna dictum, semper nisl vel, ornare ligula. Sed condimentum metus quis leo pharetra, quis semper urna aliquam. Fusce consectetur accumsan augue sit amet iaculis. Suspendisse volutpat urna vitae fermentum eleifend. Maecenas sapien leo, gravida vitae pellentesque quis, efficitur in erat. Maecenas elementum euismod hendrerit. Mauris sagittis massa a orci.'),(100,75,69,'Lorem ipsum dolor sit amet, consectetur adipiscing elit. Morbi pulvinar pharetra bibendum. Ut eget risus nec risus finibus hendrerit in non tortor. Pellentesque maximus ligula et turpis faucibus cursus. Donec vel nunc metus. Quisque sagittis mattis dui vel varius. Aliquam iaculis interdum lacinia. Nam euismod lectus id maximus sodales. Nam id magna dictum, semper nisl vel, ornare ligula. Sed condimentum metus quis leo pharetra, quis semper urna aliquam. Fusce consectetur accumsan augue sit amet iaculis. Suspendisse volutpat urna vitae fermentum eleifend. Maecenas sapien leo, gravida vitae pellentesque quis, efficitur in erat. Maecenas elementum euismod hendrerit. Mauris sagittis massa a orci.');
/*!40000 ALTER TABLE `Comment` ENABLE KEYS */;
UNLOCK TABLES;

--
-- Table structure for table `Ingredient`
--

DROP TABLE IF EXISTS `Ingredient`;
/*!40101 SET @saved_cs_client     = @@character_set_client */;
 SET character_set_client = utf8mb4 ;
CREATE TABLE `Ingredient` (
  `id` int(11) NOT NULL AUTO_INCREMENT,
  `id_IngredientType` int(11) NOT NULL,
  `id_QuantityUnit` int(11) NOT NULL,
  `name` varchar(30) NOT NULL,
  `baseCost` float(16,2) NOT NULL,
  `baseQuantity` int(11) NOT NULL DEFAULT '1',
  PRIMARY KEY (`id`),
  UNIQUE KEY `name` (`name`),
  KEY `id_IngredientType` (`id_IngredientType`),
  KEY `id_QuantityUnit` (`id_QuantityUnit`),
  CONSTRAINT `Ingredient_ibfk_1` FOREIGN KEY (`id_IngredientType`) REFERENCES `IngredientType` (`id`),
  CONSTRAINT `Ingredient_ibfk_2` FOREIGN KEY (`id_QuantityUnit`) REFERENCES `QuantityUnit` (`id`)
) ENGINE=InnoDB AUTO_INCREMENT=101 DEFAULT CHARSET=utf8mb4 COLLATE=utf8mb4_0900_ai_ci;
/*!40101 SET character_set_client = @saved_cs_client */;

--
-- Dumping data for table `Ingredient`
--

LOCK TABLES `Ingredient` WRITE;
/*!40000 ALTER TABLE `Ingredient` DISABLE KEYS */;
INSERT INTO `Ingredient` VALUES (1,10,12,'Hogym',10.65,6),(2,2,11,'Celloggimbur',3.75,8),(3,11,1,'Laglesgim',10.39,11),(4,8,2,'Sylcyllis',12.79,1),(5,1,3,'Morbir',3.28,9),(6,8,5,'Limgem',14.37,11),(7,11,10,'Silgimculnir',10.91,6),(8,11,13,'Narmar',14.92,6),(9,5,12,'Solgamberthi',13.44,12),(10,1,2,'Cyllig',5.18,10),(11,5,9,'Thalomorn',8.25,7),(12,7,5,'Rluggum',8.76,11),(13,1,9,'Ornbar',7.86,6),(14,13,6,'Merhosyl',13.38,10),(15,6,8,'Callisthunir',1.86,1),(16,9,10,'Thaligber',8.95,9),(17,11,5,'Limbarmar',10.53,6),(18,8,12,'Lishalllumcal',2.32,10),(19,7,3,'Berthe',2.50,8),(20,3,3,'Hathulemhe',14.75,12),(21,1,12,'Colmorhi',0.33,10),(22,5,13,'Salthalegorn',9.55,11),(23,13,6,'Birmircyl',6.51,5),(24,7,7,'Bermor',5.06,9),(25,11,3,'Morlag',7.79,5),(26,7,2,'Barbirorn',3.66,1),(27,11,11,'Burmir',12.05,6),(28,5,1,'Humarhamur',1.91,10),(29,5,11,'Leglam',9.47,4),(30,12,1,'Hugimirn',4.73,7),(31,4,5,'Berburthamur',9.82,9),(32,9,3,'Lasloglum',9.31,4),(33,8,10,'Gomlamthi',7.84,4),(34,3,9,'Narmarborern',1.87,12),(35,6,4,'Lomlos',6.00,3),(36,4,2,'Urnlasho',10.26,9),(37,4,12,'Hical',14.51,6),(38,11,4,'Hisol',8.93,10),(39,10,3,'Leshe',11.09,10),(40,13,2,'Gumsalculsil',11.81,1),(41,4,13,'Morcalsul',7.20,9),(42,2,12,'Barlugha',13.54,4),(43,3,1,'Salhu',1.71,5),(44,8,8,'Celmorgember',1.35,11),(45,12,12,'Byrhebyr',12.91,3),(46,6,12,'Birhogim',2.29,8),(47,3,13,'Helisloshi',7.32,10),(48,5,10,'Syllas',14.47,2),(49,3,10,'Gymcalhober',0.65,7),(50,4,9,'Gimcullegirn',10.80,3),(51,13,1,'Borlessil',1.45,9),(52,10,1,'Thitha',11.14,6),(53,10,1,'Cylcelnor',7.71,8),(54,4,9,'Borbyrhulys',14.45,1),(55,13,4,'Loglistha',5.24,1),(56,7,11,'Silbartha',13.83,3),(57,7,6,'Orncilbirgom',14.24,5),(58,4,11,'Lasnormer',13.25,8),(59,1,5,'Lumsolthalig',4.33,12),(60,8,13,'Burlyscul',3.25,12),(61,4,11,'Murgomhellhi',2.41,8),(62,2,6,'Thatheluslag',9.04,4),(63,4,4,'Lyshallluslam',4.37,2),(64,13,11,'Mirborcil',3.71,11),(65,1,3,'Nircalbur',13.75,6),(66,8,1,'Barlugarn',9.45,3),(67,4,4,'Gimcul',7.25,3),(68,3,6,'Thulam',7.67,12),(69,11,13,'Hecolha',8.80,10),(70,12,13,'Ornmur',12.79,5),(71,8,11,'Lamber',8.12,9),(72,7,1,'Sulleshe',8.16,7),(73,13,1,'Lomlember',2.52,6),(74,4,9,'Loscal',2.70,4),(75,1,6,'Calornthilog',1.93,4),(76,10,5,'Limlesgam',13.38,6),(77,6,7,'Thigomcul',10.36,5),(78,12,6,'Laglyslomlis',9.35,4),(79,1,1,'Erngomlig',0.24,2),(80,2,2,'Gamlusmorcol',9.56,4),(81,4,13,'Syllag',11.58,8),(82,12,12,'Hothoirnlug',12.98,8),(83,5,1,'Hesolmar',0.89,4),(84,10,9,'Lugcul',2.78,6),(85,12,12,'Thicolthu',13.84,10),(86,1,7,'Narlescul',5.38,3),(87,4,11,'Nirmersolurn',6.29,1),(88,4,8,'Logcel',14.47,8),(89,2,10,'Lasloglag',12.95,10),(90,6,7,'Lessellamyrn',6.19,11),(91,11,5,'Gymlys',1.78,4),(92,1,4,'Thasal',3.70,7),(93,3,1,'Silurnsellag',13.61,9),(94,12,11,'Hallloslysbur',6.22,7),(95,9,1,'Ligbir',5.15,6),(96,3,10,'Burcylcel',5.41,11),(97,2,3,'Narlisho',9.05,11),(98,10,4,'Hosal',0.89,3),(99,6,12,'Liscal',4.39,8),(100,12,8,'Sulbarmornar',11.14,9);
/*!40000 ALTER TABLE `Ingredient` ENABLE KEYS */;
UNLOCK TABLES;

--
-- Table structure for table `IngredientType`
--

DROP TABLE IF EXISTS `IngredientType`;
/*!40101 SET @saved_cs_client     = @@character_set_client */;
 SET character_set_client = utf8mb4 ;
CREATE TABLE `IngredientType` (
  `id` int(11) NOT NULL AUTO_INCREMENT,
  `name` varchar(30) NOT NULL,
  PRIMARY KEY (`id`),
  UNIQUE KEY `name` (`name`)
) ENGINE=InnoDB AUTO_INCREMENT=14 DEFAULT CHARSET=utf8mb4 COLLATE=utf8mb4_0900_ai_ci;
/*!40101 SET character_set_client = @saved_cs_client */;

--
-- Dumping data for table `IngredientType`
--

LOCK TABLES `IngredientType` WRITE;
/*!40000 ALTER TABLE `IngredientType` DISABLE KEYS */;
INSERT INTO `IngredientType` VALUES (10,'Beverages'),(5,'Cereal products'),(4,'Confectionery'),(1,'Dairy products'),(8,'Egg products'),(7,'Fish products'),(3,'Fruits and vegetables'),(6,'Meat products'),(2,'Oils'),(13,'Others'),(12,'Prepared foods'),(11,'Salads'),(9,'Spices');
/*!40000 ALTER TABLE `IngredientType` ENABLE KEYS */;
UNLOCK TABLES;

--
-- Table structure for table `LikeRecipe`
--

DROP TABLE IF EXISTS `LikeRecipe`;
/*!40101 SET @saved_cs_client     = @@character_set_client */;
 SET character_set_client = utf8mb4 ;
CREATE TABLE `LikeRecipe` (
  `id` int(11) NOT NULL AUTO_INCREMENT,
  `id_Recipe` int(11) NOT NULL,
  `id_User` int(11) NOT NULL,
  PRIMARY KEY (`id`),
  UNIQUE KEY `UC_LikeRecipe` (`id_Recipe`,`id_User`),
  KEY `id_User` (`id_User`),
  CONSTRAINT `LikeRecipe_ibfk_1` FOREIGN KEY (`id_Recipe`) REFERENCES `Recipe` (`id`),
  CONSTRAINT `LikeRecipe_ibfk_2` FOREIGN KEY (`id_User`) REFERENCES `User` (`id`)
) ENGINE=InnoDB AUTO_INCREMENT=527 DEFAULT CHARSET=utf8mb4 COLLATE=utf8mb4_0900_ai_ci;
/*!40101 SET character_set_client = @saved_cs_client */;

--
-- Dumping data for table `LikeRecipe`
--

LOCK TABLES `LikeRecipe` WRITE;
/*!40000 ALTER TABLE `LikeRecipe` DISABLE KEYS */;
INSERT INTO `LikeRecipe` VALUES (68,1,15),(147,1,27),(212,1,37),(313,1,57),(388,1,71),(409,1,73),(487,1,91),(52,2,12),(193,2,33),(201,2,36),(244,2,45),(364,2,68),(443,2,82),(456,2,84),(480,2,89),(489,2,92),(77,3,16),(110,3,22),(258,3,47),(293,3,54),(318,3,58),(343,3,64),(400,3,73),(508,3,97),(347,4,64),(452,4,83),(460,4,84),(121,5,23),(199,5,36),(217,5,39),(230,5,42),(243,5,44),(88,6,19),(237,6,43),(321,6,58),(485,6,90),(13,7,4),(61,7,14),(112,7,22),(266,7,48),(337,7,63),(440,7,81),(520,7,98),(72,8,16),(125,8,23),(196,8,35),(290,8,54),(372,8,69),(446,8,82),(474,8,89),(200,9,36),(362,9,67),(385,9,70),(105,10,21),(109,10,22),(167,10,30),(226,10,41),(262,10,47),(272,10,48),(315,10,58),(379,10,70),(482,10,89),(122,11,23),(346,11,64),(389,11,71),(441,11,81),(512,11,97),(2,12,1),(173,12,30),(301,12,55),(398,12,72),(410,12,74),(471,12,88),(477,12,89),(493,12,92),(8,13,3),(246,13,45),(325,13,59),(354,13,65),(419,13,76),(504,13,94),(99,14,20),(117,14,23),(311,14,57),(180,15,31),(249,15,46),(323,15,59),(342,15,64),(386,15,70),(402,15,73),(458,15,84),(30,16,7),(42,16,9),(169,16,30),(213,16,37),(476,16,89),(152,17,28),(215,17,37),(233,17,43),(326,17,59),(442,17,82),(69,18,16),(136,18,26),(260,18,47),(356,18,67),(513,18,98),(31,19,8),(145,19,27),(216,19,37),(276,19,50),(451,19,83),(507,19,97),(7,20,3),(67,20,15),(100,20,20),(270,20,48),(353,20,65),(414,20,75),(44,21,10),(57,21,13),(76,21,16),(90,21,19),(231,22,42),(267,22,48),(307,22,56),(351,22,65),(522,22,99),(149,23,28),(345,23,64),(408,23,73),(40,24,9),(339,24,64),(397,24,72),(434,24,79),(484,24,90),(501,24,93),(525,24,100),(10,25,4),(47,25,11),(252,25,46),(435,25,79),(21,26,5),(41,26,9),(295,26,54),(322,26,58),(358,26,67),(526,26,100),(195,27,35),(198,27,36),(294,27,54),(3,28,1),(20,28,5),(23,28,6),(108,28,22),(148,28,28),(184,28,32),(197,28,36),(232,28,43),(251,28,46),(257,28,47),(405,28,73),(427,28,78),(457,28,84),(466,28,86),(60,29,14),(83,29,18),(163,29,29),(219,29,39),(255,29,46),(261,29,47),(447,29,82),(1,30,1),(17,30,4),(186,30,33),(263,30,47),(492,30,92),(509,30,97),(54,31,13),(65,31,15),(282,31,52),(334,31,62),(486,31,91),(154,32,28),(416,32,75),(516,32,98),(79,33,17),(309,33,56),(445,33,82),(32,34,8),(104,34,21),(310,34,57),(392,34,72),(494,34,93),(151,35,28),(278,35,50),(296,35,54),(259,36,47),(284,36,53),(352,36,65),(450,36,83),(514,36,98),(85,37,18),(303,37,55),(368,37,68),(505,37,96),(48,38,11),(172,38,30),(229,38,42),(316,38,58),(391,38,72),(423,38,77),(506,38,96),(287,39,53),(327,39,59),(406,39,73),(417,39,75),(58,40,14),(75,40,16),(144,40,27),(192,40,33),(289,40,54),(39,41,8),(116,41,22),(171,41,30),(378,41,70),(464,41,85),(25,42,6),(43,42,9),(62,42,15),(135,42,26),(235,42,43),(242,42,44),(412,42,75),(469,42,87),(517,42,98),(355,43,67),(363,43,68),(411,43,74),(519,43,98),(97,44,20),(177,44,31),(185,44,33),(341,44,64),(426,44,78),(14,45,4),(38,45,8),(63,45,15),(86,45,18),(4,46,2),(138,46,27),(314,46,57),(488,46,91),(222,47,40),(361,47,67),(367,47,68),(27,48,6),(176,48,31),(324,48,59),(336,48,62),(425,48,77),(455,48,84),(490,48,92),(344,49,64),(349,49,65),(137,50,26),(277,50,50),(360,50,67),(424,50,77),(431,50,78),(524,50,100),(53,51,12),(223,51,40),(140,52,27),(227,52,42),(330,52,60),(371,52,69),(394,52,72),(33,53,8),(146,53,27),(161,53,29),(166,53,30),(218,53,39),(340,53,64),(449,53,83),(461,53,84),(82,54,18),(189,54,33),(203,54,36),(240,54,44),(279,54,50),(302,54,55),(332,54,61),(491,54,92),(35,55,8),(73,55,16),(102,55,21),(170,55,30),(194,55,34),(377,55,70),(429,55,78),(521,55,99),(103,56,21),(265,56,48),(16,57,4),(98,57,20),(234,57,43),(285,57,53),(299,57,55),(331,57,61),(45,58,10),(312,58,57),(333,58,61),(428,58,78),(444,58,82),(481,58,89),(523,58,100),(129,59,25),(155,59,29),(208,59,37),(308,59,56),(472,59,88),(56,60,13),(320,60,58),(204,61,36),(306,61,55),(359,61,67),(383,61,70),(432,61,78),(24,62,6),(70,62,16),(130,62,26),(179,62,31),(271,62,48),(59,63,14),(92,63,19),(123,63,23),(319,63,58),(328,63,59),(438,63,79),(497,63,93),(5,64,2),(84,64,18),(225,64,41),(37,65,8),(94,65,19),(118,65,23),(247,65,45),(335,65,62),(158,66,29),(81,67,18),(111,67,22),(404,67,73),(422,67,77),(36,68,8),(114,68,22),(128,68,24),(214,68,37),(459,68,84),(479,68,89),(9,69,4),(143,69,27),(403,69,73),(473,69,89),(183,70,31),(264,70,48),(280,70,51),(413,70,75),(6,71,2),(55,71,13),(141,71,27),(207,71,37),(421,71,77),(436,71,79),(453,71,83),(113,72,22),(187,72,33),(374,72,69),(19,73,5),(165,73,30),(238,73,44),(11,74,4),(89,74,19),(127,74,24),(131,74,26),(153,74,28),(178,74,31),(248,74,45),(281,74,51),(348,74,65),(46,75,11),(191,75,33),(254,75,46),(305,75,55),(415,75,75),(467,75,86),(18,76,5),(49,76,11),(381,76,70),(71,77,16),(209,77,37),(433,77,78),(502,77,93),(142,78,27),(300,78,55),(462,78,84),(22,79,5),(119,79,23),(159,79,29),(164,79,30),(236,79,43),(357,79,67),(390,79,71),(395,79,72),(439,79,79),(470,79,88),(175,80,31),(224,80,41),(510,80,97),(515,80,98),(26,81,6),(134,81,26),(245,81,45),(384,81,70),(401,81,73),(132,82,26),(156,82,29),(228,82,42),(239,82,44),(268,82,48),(511,82,97),(15,83,4),(74,83,16),(190,83,33),(283,83,52),(407,83,73),(475,83,89),(107,84,21),(256,84,47),(269,84,48),(64,85,15),(150,85,28),(206,85,36),(350,85,65),(375,85,69),(430,85,78),(80,86,17),(96,86,20),(115,86,22),(292,86,54),(373,86,69),(124,87,23),(211,87,37),(376,87,69),(454,87,84),(91,88,19),(205,88,36),(12,89,4),(126,89,24),(139,89,27),(250,89,46),(273,89,48),(298,89,54),(387,89,71),(418,89,76),(499,89,93),(202,90,36),(288,90,53),(317,90,58),(369,90,68),(396,90,72),(496,90,93),(66,91,15),(120,91,23),(463,91,84),(50,92,11),(210,92,37),(370,92,68),(393,92,72),(465,92,86),(500,92,93),(34,93,8),(95,93,19),(157,93,29),(221,93,39),(253,93,46),(274,93,50),(448,93,82),(478,93,89),(483,93,90),(87,94,19),(133,94,26),(468,94,86),(518,94,98),(51,95,12),(188,95,33),(275,95,50),(291,95,54),(495,95,93),(93,96,19),(106,96,21),(168,96,30),(365,96,68),(503,96,93),(174,97,31),(304,97,55),(338,97,64),(380,97,70),(420,97,76),(101,98,21),(162,98,29),(182,98,31),(241,98,44),(297,98,54),(366,98,68),(382,98,70),(28,99,6),(160,99,29),(220,99,39),(286,99,53),(329,99,59),(498,99,93),(29,100,6),(78,100,16),(181,100,31),(399,100,72),(437,100,79);
/*!40000 ALTER TABLE `LikeRecipe` ENABLE KEYS */;
UNLOCK TABLES;

--
-- Table structure for table `QuantityType`
--

DROP TABLE IF EXISTS `QuantityType`;
/*!40101 SET @saved_cs_client     = @@character_set_client */;
 SET character_set_client = utf8mb4 ;
CREATE TABLE `QuantityType` (
  `id` int(11) NOT NULL AUTO_INCREMENT,
  `name` varchar(20) NOT NULL,
  PRIMARY KEY (`id`),
  UNIQUE KEY `name` (`name`)
) ENGINE=InnoDB AUTO_INCREMENT=4 DEFAULT CHARSET=utf8mb4 COLLATE=utf8mb4_0900_ai_ci COMMENT='Contains the type of mesure (weight, volume, units, etc.)';
/*!40101 SET character_set_client = @saved_cs_client */;

--
-- Dumping data for table `QuantityType`
--

LOCK TABLES `QuantityType` WRITE;
/*!40000 ALTER TABLE `QuantityType` DISABLE KEYS */;
INSERT INTO `QuantityType` VALUES (3,'Unit'),(1,'Volume'),(2,'Weight');
/*!40000 ALTER TABLE `QuantityType` ENABLE KEYS */;
UNLOCK TABLES;

--
-- Table structure for table `QuantityUnit`
--

DROP TABLE IF EXISTS `QuantityUnit`;
/*!40101 SET @saved_cs_client     = @@character_set_client */;
 SET character_set_client = utf8mb4 ;
CREATE TABLE `QuantityUnit` (
  `id` int(11) NOT NULL AUTO_INCREMENT,
  `id_QuantityType` int(11) NOT NULL,
  `name` varchar(20) NOT NULL,
  `abbreviation` varchar(10) NOT NULL,
  PRIMARY KEY (`id`),
  UNIQUE KEY `name` (`name`,`abbreviation`),
  KEY `id_QuantityType` (`id_QuantityType`),
  CONSTRAINT `QuantityUnit_ibfk_1` FOREIGN KEY (`id_QuantityType`) REFERENCES `QuantityType` (`id`)
) ENGINE=InnoDB AUTO_INCREMENT=14 DEFAULT CHARSET=utf8mb4 COLLATE=utf8mb4_0900_ai_ci COMMENT='Register all mesure units (like mL, cups, g, table spoon, et';
/*!40101 SET character_set_client = @saved_cs_client */;

--
-- Dumping data for table `QuantityUnit`
--

LOCK TABLES `QuantityUnit` WRITE;
/*!40000 ALTER TABLE `QuantityUnit` DISABLE KEYS */;
INSERT INTO `QuantityUnit` VALUES (1,1,'teaspoon','tsp'),(2,1,'tablespoon','tbsp'),(3,1,'fluid ounce','fl oz'),(4,1,'cup','cup'),(5,1,'milliliter','mL'),(6,1,'liter','L'),(7,1,'deciliter','dL'),(8,2,'pound','lb'),(9,2,'ounce','oz'),(10,2,'miligram','mg'),(11,2,'gram','g'),(12,2,'kilogram','kg'),(13,3,'unit','unit');
/*!40000 ALTER TABLE `QuantityUnit` ENABLE KEYS */;
UNLOCK TABLES;

--
-- Table structure for table `Rating`
--

DROP TABLE IF EXISTS `Rating`;
/*!40101 SET @saved_cs_client     = @@character_set_client */;
 SET character_set_client = utf8mb4 ;
CREATE TABLE `Rating` (
  `id` int(11) NOT NULL AUTO_INCREMENT,
  `id_Recipe` int(11) NOT NULL,
  `id_User` int(11) NOT NULL,
  `value` int(11) NOT NULL,
  PRIMARY KEY (`id`),
  UNIQUE KEY `UC_Rating` (`id_Recipe`,`id_User`),
  KEY `id_User` (`id_User`),
  CONSTRAINT `Rating_ibfk_1` FOREIGN KEY (`id_Recipe`) REFERENCES `Recipe` (`id`),
  CONSTRAINT `Rating_ibfk_2` FOREIGN KEY (`id_User`) REFERENCES `User` (`id`)
) ENGINE=InnoDB AUTO_INCREMENT=528 DEFAULT CHARSET=utf8mb4 COLLATE=utf8mb4_0900_ai_ci;
/*!40101 SET character_set_client = @saved_cs_client */;

--
-- Dumping data for table `Rating`
--

LOCK TABLES `Rating` WRITE;
/*!40000 ALTER TABLE `Rating` DISABLE KEYS */;
INSERT INTO `Rating` VALUES (1,65,1,2),(2,94,2,2),(3,71,2,2),(4,75,2,3),(5,64,2,4),(6,61,3,1),(7,95,4,4),(8,40,4,2),(9,62,5,1),(10,48,5,4),(11,44,5,5),(12,22,5,2),(13,96,5,5),(14,26,5,5),(15,27,5,2),(16,1,5,2),(17,13,5,2),(18,86,5,3),(19,7,6,1),(20,16,6,5),(21,87,7,4),(22,70,7,2),(23,27,8,3),(24,59,8,4),(25,94,8,5),(26,29,8,5),(27,52,8,2),(28,55,8,2),(29,44,8,4),(30,93,9,4),(31,7,9,1),(32,20,9,1),(33,60,9,3),(34,62,9,2),(35,77,9,3),(36,78,9,1),(37,68,10,4),(38,85,10,2),(39,29,10,2),(40,49,10,5),(41,22,11,2),(42,92,11,1),(43,1,11,1),(44,6,12,3),(45,41,12,4),(46,56,12,3),(47,54,12,5),(48,18,12,2),(49,100,12,2),(50,68,12,4),(51,72,12,3),(52,80,12,1),(53,26,12,5),(54,58,13,1),(55,84,13,5),(56,72,13,4),(57,16,13,3),(58,99,13,3),(59,45,13,3),(60,85,13,5),(61,29,13,2),(62,80,13,3),(63,32,15,3),(64,15,15,2),(65,36,15,2),(66,83,15,5),(67,20,16,2),(68,34,16,5),(69,12,16,4),(70,75,16,1),(71,46,16,2),(72,65,16,2),(73,61,16,2),(74,28,16,1),(75,63,16,3),(76,13,17,3),(77,64,17,2),(78,94,17,4),(79,54,17,2),(80,99,17,5),(81,12,17,3),(82,80,17,1),(83,32,18,4),(84,1,18,4),(85,99,18,3),(86,26,18,4),(87,19,18,2),(88,67,18,4),(89,38,18,1),(90,62,20,2),(91,45,20,5),(92,85,20,5),(93,71,20,5),(94,76,20,3),(95,10,20,4),(96,51,20,4),(97,66,21,1),(98,81,21,4),(99,52,21,3),(100,15,21,1),(101,88,21,4),(102,8,21,5),(103,53,21,2),(104,3,21,2),(105,42,22,3),(106,74,22,2),(107,61,22,1),(108,32,22,4),(109,58,22,4),(110,10,22,4),(111,7,22,5),(112,82,22,1),(113,35,22,3),(114,92,23,5),(115,93,23,2),(116,38,23,1),(117,7,23,1),(118,95,23,3),(119,23,23,5),(120,55,23,5),(121,97,23,2),(122,4,23,5),(123,67,23,1),(124,10,24,4),(125,12,24,5),(126,33,24,2),(127,87,24,3),(128,13,25,2),(129,49,25,5),(130,62,25,2),(131,58,25,3),(132,76,25,4),(133,90,26,2),(134,44,26,1),(135,59,26,1),(136,93,26,2),(137,98,27,2),(138,87,27,1),(139,46,29,1),(140,25,29,4),(141,21,29,5),(142,22,30,5),(143,35,30,3),(144,94,30,3),(145,79,30,4),(146,98,30,3),(147,96,30,1),(148,5,31,3),(149,85,31,2),(150,7,31,5),(151,34,31,3),(152,56,31,3),(153,66,31,5),(154,31,31,5),(155,97,31,2),(156,68,32,2),(157,52,32,4),(158,78,32,3),(159,49,32,3),(160,17,32,2),(161,36,32,5),(162,43,33,2),(163,14,33,2),(164,10,33,1),(165,29,33,4),(166,68,33,3),(167,58,33,2),(168,95,33,1),(169,99,33,2),(170,8,33,5),(171,41,34,4),(172,98,35,1),(173,27,35,2),(174,60,35,2),(175,25,35,5),(176,93,35,1),(177,49,35,3),(178,77,35,2),(179,16,36,3),(180,77,36,2),(181,75,36,2),(182,1,36,5),(183,66,36,1),(184,48,36,4),(185,29,36,5),(186,18,37,2),(187,49,37,1),(188,26,38,4),(189,81,38,3),(190,73,38,1),(191,46,38,1),(192,97,38,2),(193,63,38,5),(194,77,38,3),(195,28,38,5),(196,51,38,1),(197,11,38,3),(198,75,39,1),(199,9,39,5),(200,75,40,4),(201,9,40,1),(202,65,40,3),(203,14,40,3),(204,21,41,2),(205,83,41,1),(206,3,41,1),(207,36,41,3),(208,35,41,4),(209,100,41,1),(210,84,41,4),(211,31,41,2),(212,93,41,2),(213,1,42,5),(214,91,42,3),(215,60,42,1),(216,22,42,5),(217,80,42,1),(218,57,42,2),(219,27,43,3),(220,94,43,4),(221,43,43,1),(222,75,43,1),(223,9,43,5),(224,83,43,4),(225,93,43,4),(226,32,44,4),(227,18,44,2),(228,79,44,3),(229,77,44,4),(230,20,45,2),(231,1,45,2),(232,60,45,1),(233,97,46,5),(234,88,46,2),(235,80,46,2),(236,46,46,3),(237,73,46,5),(238,71,46,1),(239,92,46,5),(240,14,46,1),(241,49,47,3),(242,14,47,1),(243,5,48,1),(244,58,48,5),(245,48,48,4),(246,22,48,4),(247,74,49,3),(248,12,50,4),(249,40,50,3),(250,2,50,2),(251,81,50,5),(252,98,50,1),(253,29,50,2),(254,61,51,5),(255,55,51,1),(256,81,51,4),(257,19,51,2),(258,11,51,5),(259,28,51,2),(260,69,51,5),(261,85,53,3),(262,96,53,5),(263,56,53,5),(264,30,53,2),(265,73,53,5),(266,39,53,3),(267,45,54,3),(268,43,54,1),(269,38,54,4),(270,22,54,5),(271,17,54,5),(272,99,54,5),(273,46,56,5),(274,36,56,5),(275,18,56,3),(276,71,56,2),(277,53,56,5),(278,26,56,1),(279,85,56,2),(280,12,57,3),(281,89,57,4),(282,76,57,5),(283,14,58,5),(284,48,58,3),(285,57,58,4),(286,26,58,2),(287,40,59,5),(288,65,59,1),(289,26,59,3),(290,75,59,2),(291,31,59,5),(292,11,59,4),(293,20,59,4),(294,90,59,5),(295,18,59,1),(296,39,60,1),(297,91,60,1),(298,36,60,5),(299,65,60,5),(300,32,60,4),(301,22,60,3),(302,97,60,5),(303,50,60,3),(304,83,61,3),(305,22,61,2),(306,94,61,5),(307,66,61,5),(308,91,61,4),(309,82,62,1),(310,23,62,1),(311,49,62,1),(312,76,62,3),(313,85,62,3),(314,75,62,5),(315,34,62,5),(316,35,62,4),(317,63,62,3),(318,3,62,2),(319,52,63,4),(320,42,63,2),(321,12,63,2),(322,28,63,1),(323,44,63,1),(324,96,63,5),(325,3,63,5),(326,55,63,1),(327,63,63,2),(328,71,63,1),(329,42,64,2),(330,85,65,3),(331,11,66,1),(332,25,66,4),(333,63,66,1),(334,6,66,5),(335,62,66,2),(336,23,66,1),(337,20,67,2),(338,44,67,5),(339,52,67,4),(340,69,67,4),(341,6,67,5),(342,60,67,1),(343,100,68,1),(344,55,68,1),(345,11,68,3),(346,22,68,1),(347,99,68,5),(348,32,68,3),(349,50,68,1),(350,79,68,2),(351,91,68,4),(352,24,69,1),(353,54,69,5),(354,23,70,4),(355,34,70,1),(356,29,70,2),(357,94,70,5),(358,32,70,2),(359,18,70,4),(360,83,70,3),(361,2,71,4),(362,41,71,3),(363,99,72,1),(364,63,72,3),(365,25,72,2),(366,4,72,4),(367,77,72,2),(368,34,73,5),(369,3,73,3),(370,18,73,5),(371,46,73,1),(372,6,73,2),(373,65,74,2),(374,29,74,2),(375,11,74,1),(376,35,74,2),(377,46,74,2),(378,75,74,5),(379,81,74,5),(380,44,74,1),(381,19,74,4),(382,52,75,1),(383,92,75,2),(384,42,75,1),(385,29,75,3),(386,90,75,2),(387,88,75,1),(388,36,76,4),(389,45,76,2),(390,49,76,3),(391,97,76,5),(392,87,76,1),(393,9,76,3),(394,81,76,5),(395,56,77,3),(396,44,77,3),(397,98,77,3),(398,50,77,1),(399,47,77,2),(400,2,78,3),(401,58,79,5),(402,64,79,5),(403,89,79,1),(404,52,79,3),(405,40,79,5),(406,63,80,4),(407,92,80,2),(408,49,80,3),(409,94,81,4),(410,8,81,3),(411,17,81,5),(412,22,81,1),(413,62,81,4),(414,44,81,1),(415,74,82,2),(416,81,82,4),(417,17,82,3),(418,89,82,3),(419,6,82,3),(420,10,82,1),(421,19,83,3),(422,73,84,4),(423,31,84,1),(424,41,84,4),(425,43,84,4),(426,57,84,2),(427,17,84,2),(428,80,84,3),(429,1,84,1),(430,98,84,3),(431,73,85,1),(432,11,85,4),(433,46,85,5),(434,66,85,4),(435,39,85,4),(436,70,85,4),(437,96,85,5),(438,1,86,3),(439,36,87,4),(440,31,87,2),(441,22,87,1),(442,59,87,5),(443,43,87,3),(444,12,87,3),(445,18,87,3),(446,60,87,2),(447,39,87,1),(448,43,88,4),(449,95,88,1),(450,85,88,3),(451,31,88,1),(452,81,88,4),(453,54,88,4),(454,15,88,4),(455,52,89,5),(456,70,89,4),(457,87,89,3),(458,90,89,2),(459,31,89,5),(460,8,89,4),(461,71,89,5),(462,83,89,3),(463,44,89,5),(464,4,89,4),(465,15,90,3),(466,62,90,5),(467,32,90,1),(468,55,90,4),(469,43,90,3),(470,50,90,4),(471,51,90,3),(472,19,90,5),(473,80,90,1),(474,36,91,2),(475,1,91,4),(476,100,91,1),(477,19,91,1),(478,4,91,2),(479,89,91,5),(480,65,91,2),(481,40,91,2),(482,94,91,5),(483,2,93,1),(484,7,93,4),(485,46,93,1),(486,65,93,3),(487,26,93,2),(488,28,94,5),(489,62,94,1),(490,8,94,5),(491,63,94,3),(492,46,94,5),(493,31,94,2),(494,82,94,4),(495,71,95,5),(496,5,95,3),(497,61,96,2),(498,96,96,3),(499,71,96,2),(500,98,96,4),(501,28,96,1),(502,26,96,4),(503,2,96,5),(504,18,97,4),(505,66,97,2),(506,19,97,4),(507,7,98,5),(508,35,98,4),(509,40,98,4),(510,95,98,1),(511,68,98,4),(512,47,98,4),(513,77,98,5),(514,24,99,3),(515,81,99,3),(516,13,99,5),(517,78,99,2),(518,47,99,3),(519,92,100,2),(520,48,100,3),(521,10,100,4),(522,41,100,4),(523,33,100,3),(524,13,100,4),(525,57,100,5),(526,16,100,1),(527,45,100,5);
/*!40000 ALTER TABLE `Rating` ENABLE KEYS */;
UNLOCK TABLES;
/*!50003 SET @saved_cs_client      = @@character_set_client */ ;
/*!50003 SET @saved_cs_results     = @@character_set_results */ ;
/*!50003 SET @saved_col_connection = @@collation_connection */ ;
/*!50003 SET character_set_client  = latin1 */ ;
/*!50003 SET character_set_results = latin1 */ ;
/*!50003 SET collation_connection  = latin1_swedish_ci */ ;
/*!50003 SET @saved_sql_mode       = @@sql_mode */ ;
/*!50003 SET sql_mode              = 'ONLY_FULL_GROUP_BY,STRICT_TRANS_TABLES,NO_ZERO_IN_DATE,NO_ZERO_DATE,ERROR_FOR_DIVISION_BY_ZERO,NO_ENGINE_SUBSTITUTION' */ ;
DELIMITER ;;
/*!50003 CREATE*/ /*!50017 DEFINER=`root`@`localhost`*/ /*!50003 TRIGGER `UpdateRecipeRatingOnRatingInsert` AFTER INSERT ON `Rating` FOR EACH ROW BEGIN
  SET @rating := (SELECT AVG(R.value) FROM Rating R WHERE R.id_Recipe = NEW.id_Recipe);
  UPDATE Recipe R SET R.rating := @rating WHERE R.id = NEW.id_Recipe;
END */;;
DELIMITER ;
/*!50003 SET sql_mode              = @saved_sql_mode */ ;
/*!50003 SET character_set_client  = @saved_cs_client */ ;
/*!50003 SET character_set_results = @saved_cs_results */ ;
/*!50003 SET collation_connection  = @saved_col_connection */ ;
/*!50003 SET @saved_cs_client      = @@character_set_client */ ;
/*!50003 SET @saved_cs_results     = @@character_set_results */ ;
/*!50003 SET @saved_col_connection = @@collation_connection */ ;
/*!50003 SET character_set_client  = latin1 */ ;
/*!50003 SET character_set_results = latin1 */ ;
/*!50003 SET collation_connection  = latin1_swedish_ci */ ;
/*!50003 SET @saved_sql_mode       = @@sql_mode */ ;
/*!50003 SET sql_mode              = 'ONLY_FULL_GROUP_BY,STRICT_TRANS_TABLES,NO_ZERO_IN_DATE,NO_ZERO_DATE,ERROR_FOR_DIVISION_BY_ZERO,NO_ENGINE_SUBSTITUTION' */ ;
DELIMITER ;;
/*!50003 CREATE*/ /*!50017 DEFINER=`root`@`localhost`*/ /*!50003 TRIGGER `UpdateRecipeRatingOnRatingUpdate` AFTER UPDATE ON `Rating` FOR EACH ROW BEGIN
  SET @rating := (SELECT AVG(R.value) FROM Rating R WHERE R.id_Recipe = NEW.id_Recipe);
  UPDATE Recipe R SET R.rating := @rating WHERE R.id = NEW.id_Recipe;
END */;;
DELIMITER ;
/*!50003 SET sql_mode              = @saved_sql_mode */ ;
/*!50003 SET character_set_client  = @saved_cs_client */ ;
/*!50003 SET character_set_results = @saved_cs_results */ ;
/*!50003 SET collation_connection  = @saved_col_connection */ ;
/*!50003 SET @saved_cs_client      = @@character_set_client */ ;
/*!50003 SET @saved_cs_results     = @@character_set_results */ ;
/*!50003 SET @saved_col_connection = @@collation_connection */ ;
/*!50003 SET character_set_client  = latin1 */ ;
/*!50003 SET character_set_results = latin1 */ ;
/*!50003 SET collation_connection  = latin1_swedish_ci */ ;
/*!50003 SET @saved_sql_mode       = @@sql_mode */ ;
/*!50003 SET sql_mode              = 'ONLY_FULL_GROUP_BY,STRICT_TRANS_TABLES,NO_ZERO_IN_DATE,NO_ZERO_DATE,ERROR_FOR_DIVISION_BY_ZERO,NO_ENGINE_SUBSTITUTION' */ ;
DELIMITER ;;
/*!50003 CREATE*/ /*!50017 DEFINER=`root`@`localhost`*/ /*!50003 TRIGGER `UpdateRecipeRatingOnRatingDelete` AFTER DELETE ON `Rating` FOR EACH ROW BEGIN
  SET @rating := IFNULL((SELECT AVG(R.value) FROM Rating R WHERE R.id_Recipe = OLD.id_Recipe), 0);
  UPDATE Recipe R SET R.rating := @rating WHERE R.id = OLD.id_Recipe;
END */;;
DELIMITER ;
/*!50003 SET sql_mode              = @saved_sql_mode */ ;
/*!50003 SET character_set_client  = @saved_cs_client */ ;
/*!50003 SET character_set_results = @saved_cs_results */ ;
/*!50003 SET collation_connection  = @saved_col_connection */ ;

--
-- Table structure for table `Recipe`
--

DROP TABLE IF EXISTS `Recipe`;
/*!40101 SET @saved_cs_client     = @@character_set_client */;
 SET character_set_client = utf8mb4 ;
CREATE TABLE `Recipe` (
  `id` int(11) NOT NULL AUTO_INCREMENT,
  `id_User` int(11) NOT NULL,
  `name` varchar(50) NOT NULL,
  `description` mediumtext,
  `directives` mediumtext NOT NULL,
  `rating` float(8,2) NOT NULL DEFAULT '0.00',
  PRIMARY KEY (`id`),
  UNIQUE KEY `name` (`name`),
  KEY `id_User` (`id_User`),
  CONSTRAINT `Recipe_ibfk_1` FOREIGN KEY (`id_User`) REFERENCES `User` (`id`)
) ENGINE=InnoDB AUTO_INCREMENT=101 DEFAULT CHARSET=utf8mb4 COLLATE=utf8mb4_0900_ai_ci;
/*!40101 SET character_set_client = @saved_cs_client */;

--
-- Dumping data for table `Recipe`
--

LOCK TABLES `Recipe` WRITE;
/*!40000 ALTER TABLE `Recipe` DISABLE KEYS */;
INSERT INTO `Recipe` VALUES (1,99,'Hogym','Lorem ipsum dolor sit amet, consectetur adipiscing elit. Morbi pulvinar pharetra bibendum. Ut eget risus nec risus finibus hendrerit in non tortor. Pellentesque maximus ligula et turpis faucibus cursus. Donec vel nunc metus. Quisque sagittis mattis dui vel varius. Aliquam iaculis interdum lacinia. Nam euismod lectus id maximus sodales. Nam id magna dictum, semper nisl vel, ornare ligula. Sed condimentum metus quis leo pharetra, quis semper urna aliquam. Fusce consectetur accumsan augue sit amet iaculis. Suspendisse volutpat urna vitae fermentum eleifend. Maecenas sapien leo, gravida vitae pellentesque quis, efficitur in erat. Maecenas elementum euismod hendrerit. Mauris sagittis massa a orci.','Lorem ipsum dolor sit amet, consectetur adipiscing elit. Morbi pulvinar pharetra bibendum. Ut eget risus nec risus finibus hendrerit in non tortor. Pellentesque maximus ligula et turpis faucibus cursus. Donec vel nunc metus. Quisque sagittis mattis dui vel varius. Aliquam iaculis interdum lacinia. Nam euismod lectus id maximus sodales. Nam id magna dictum, semper nisl vel, ornare ligula. Sed condimentum metus quis leo pharetra, quis semper urna aliquam. Fusce consectetur accumsan augue sit amet iaculis. Suspendisse volutpat urna vitae fermentum eleifend. Maecenas sapien leo, gravida vitae pellentesque quis, efficitur in erat. Maecenas elementum euismod hendrerit. Mauris sagittis massa a orci.',3.00),(2,52,'Celloggimbur','Lorem ipsum dolor sit amet, consectetur adipiscing elit. Morbi pulvinar pharetra bibendum. Ut eget risus nec risus finibus hendrerit in non tortor. Pellentesque maximus ligula et turpis faucibus cursus. Donec vel nunc metus. Quisque sagittis mattis dui vel varius. Aliquam iaculis interdum lacinia. Nam euismod lectus id maximus sodales. Nam id magna dictum, semper nisl vel, ornare ligula. Sed condimentum metus quis leo pharetra, quis semper urna aliquam. Fusce consectetur accumsan augue sit amet iaculis. Suspendisse volutpat urna vitae fermentum eleifend. Maecenas sapien leo, gravida vitae pellentesque quis, efficitur in erat. Maecenas elementum euismod hendrerit. Mauris sagittis massa a orci.','Lorem ipsum dolor sit amet, consectetur adipiscing elit. Morbi pulvinar pharetra bibendum. Ut eget risus nec risus finibus hendrerit in non tortor. Pellentesque maximus ligula et turpis faucibus cursus. Donec vel nunc metus. Quisque sagittis mattis dui vel varius. Aliquam iaculis interdum lacinia. Nam euismod lectus id maximus sodales. Nam id magna dictum, semper nisl vel, ornare ligula. Sed condimentum metus quis leo pharetra, quis semper urna aliquam. Fusce consectetur accumsan augue sit amet iaculis. Suspendisse volutpat urna vitae fermentum eleifend. Maecenas sapien leo, gravida vitae pellentesque quis, efficitur in erat. Maecenas elementum euismod hendrerit. Mauris sagittis massa a orci.',3.00),(3,13,'Laglesgim','Lorem ipsum dolor sit amet, consectetur adipiscing elit. Morbi pulvinar pharetra bibendum. Ut eget risus nec risus finibus hendrerit in non tortor. Pellentesque maximus ligula et turpis faucibus cursus. Donec vel nunc metus. Quisque sagittis mattis dui vel varius. Aliquam iaculis interdum lacinia. Nam euismod lectus id maximus sodales. Nam id magna dictum, semper nisl vel, ornare ligula. Sed condimentum metus quis leo pharetra, quis semper urna aliquam. Fusce consectetur accumsan augue sit amet iaculis. Suspendisse volutpat urna vitae fermentum eleifend. Maecenas sapien leo, gravida vitae pellentesque quis, efficitur in erat. Maecenas elementum euismod hendrerit. Mauris sagittis massa a orci.','Lorem ipsum dolor sit amet, consectetur adipiscing elit. Morbi pulvinar pharetra bibendum. Ut eget risus nec risus finibus hendrerit in non tortor. Pellentesque maximus ligula et turpis faucibus cursus. Donec vel nunc metus. Quisque sagittis mattis dui vel varius. Aliquam iaculis interdum lacinia. Nam euismod lectus id maximus sodales. Nam id magna dictum, semper nisl vel, ornare ligula. Sed condimentum metus quis leo pharetra, quis semper urna aliquam. Fusce consectetur accumsan augue sit amet iaculis. Suspendisse volutpat urna vitae fermentum eleifend. Maecenas sapien leo, gravida vitae pellentesque quis, efficitur in erat. Maecenas elementum euismod hendrerit. Mauris sagittis massa a orci.',2.60),(4,7,'Sylcyllis','Lorem ipsum dolor sit amet, consectetur adipiscing elit. Morbi pulvinar pharetra bibendum. Ut eget risus nec risus finibus hendrerit in non tortor. Pellentesque maximus ligula et turpis faucibus cursus. Donec vel nunc metus. Quisque sagittis mattis dui vel varius. Aliquam iaculis interdum lacinia. Nam euismod lectus id maximus sodales. Nam id magna dictum, semper nisl vel, ornare ligula. Sed condimentum metus quis leo pharetra, quis semper urna aliquam. Fusce consectetur accumsan augue sit amet iaculis. Suspendisse volutpat urna vitae fermentum eleifend. Maecenas sapien leo, gravida vitae pellentesque quis, efficitur in erat. Maecenas elementum euismod hendrerit. Mauris sagittis massa a orci.','Lorem ipsum dolor sit amet, consectetur adipiscing elit. Morbi pulvinar pharetra bibendum. Ut eget risus nec risus finibus hendrerit in non tortor. Pellentesque maximus ligula et turpis faucibus cursus. Donec vel nunc metus. Quisque sagittis mattis dui vel varius. Aliquam iaculis interdum lacinia. Nam euismod lectus id maximus sodales. Nam id magna dictum, semper nisl vel, ornare ligula. Sed condimentum metus quis leo pharetra, quis semper urna aliquam. Fusce consectetur accumsan augue sit amet iaculis. Suspendisse volutpat urna vitae fermentum eleifend. Maecenas sapien leo, gravida vitae pellentesque quis, efficitur in erat. Maecenas elementum euismod hendrerit. Mauris sagittis massa a orci.',3.75),(5,76,'Morbir','Lorem ipsum dolor sit amet, consectetur adipiscing elit. Morbi pulvinar pharetra bibendum. Ut eget risus nec risus finibus hendrerit in non tortor. Pellentesque maximus ligula et turpis faucibus cursus. Donec vel nunc metus. Quisque sagittis mattis dui vel varius. Aliquam iaculis interdum lacinia. Nam euismod lectus id maximus sodales. Nam id magna dictum, semper nisl vel, ornare ligula. Sed condimentum metus quis leo pharetra, quis semper urna aliquam. Fusce consectetur accumsan augue sit amet iaculis. Suspendisse volutpat urna vitae fermentum eleifend. Maecenas sapien leo, gravida vitae pellentesque quis, efficitur in erat. Maecenas elementum euismod hendrerit. Mauris sagittis massa a orci.','Lorem ipsum dolor sit amet, consectetur adipiscing elit. Morbi pulvinar pharetra bibendum. Ut eget risus nec risus finibus hendrerit in non tortor. Pellentesque maximus ligula et turpis faucibus cursus. Donec vel nunc metus. Quisque sagittis mattis dui vel varius. Aliquam iaculis interdum lacinia. Nam euismod lectus id maximus sodales. Nam id magna dictum, semper nisl vel, ornare ligula. Sed condimentum metus quis leo pharetra, quis semper urna aliquam. Fusce consectetur accumsan augue sit amet iaculis. Suspendisse volutpat urna vitae fermentum eleifend. Maecenas sapien leo, gravida vitae pellentesque quis, efficitur in erat. Maecenas elementum euismod hendrerit. Mauris sagittis massa a orci.',2.33),(6,75,'Limgem','Lorem ipsum dolor sit amet, consectetur adipiscing elit. Morbi pulvinar pharetra bibendum. Ut eget risus nec risus finibus hendrerit in non tortor. Pellentesque maximus ligula et turpis faucibus cursus. Donec vel nunc metus. Quisque sagittis mattis dui vel varius. Aliquam iaculis interdum lacinia. Nam euismod lectus id maximus sodales. Nam id magna dictum, semper nisl vel, ornare ligula. Sed condimentum metus quis leo pharetra, quis semper urna aliquam. Fusce consectetur accumsan augue sit amet iaculis. Suspendisse volutpat urna vitae fermentum eleifend. Maecenas sapien leo, gravida vitae pellentesque quis, efficitur in erat. Maecenas elementum euismod hendrerit. Mauris sagittis massa a orci.','Lorem ipsum dolor sit amet, consectetur adipiscing elit. Morbi pulvinar pharetra bibendum. Ut eget risus nec risus finibus hendrerit in non tortor. Pellentesque maximus ligula et turpis faucibus cursus. Donec vel nunc metus. Quisque sagittis mattis dui vel varius. Aliquam iaculis interdum lacinia. Nam euismod lectus id maximus sodales. Nam id magna dictum, semper nisl vel, ornare ligula. Sed condimentum metus quis leo pharetra, quis semper urna aliquam. Fusce consectetur accumsan augue sit amet iaculis. Suspendisse volutpat urna vitae fermentum eleifend. Maecenas sapien leo, gravida vitae pellentesque quis, efficitur in erat. Maecenas elementum euismod hendrerit. Mauris sagittis massa a orci.',3.60),(7,32,'Silgimculnir','Lorem ipsum dolor sit amet, consectetur adipiscing elit. Morbi pulvinar pharetra bibendum. Ut eget risus nec risus finibus hendrerit in non tortor. Pellentesque maximus ligula et turpis faucibus cursus. Donec vel nunc metus. Quisque sagittis mattis dui vel varius. Aliquam iaculis interdum lacinia. Nam euismod lectus id maximus sodales. Nam id magna dictum, semper nisl vel, ornare ligula. Sed condimentum metus quis leo pharetra, quis semper urna aliquam. Fusce consectetur accumsan augue sit amet iaculis. Suspendisse volutpat urna vitae fermentum eleifend. Maecenas sapien leo, gravida vitae pellentesque quis, efficitur in erat. Maecenas elementum euismod hendrerit. Mauris sagittis massa a orci.','Lorem ipsum dolor sit amet, consectetur adipiscing elit. Morbi pulvinar pharetra bibendum. Ut eget risus nec risus finibus hendrerit in non tortor. Pellentesque maximus ligula et turpis faucibus cursus. Donec vel nunc metus. Quisque sagittis mattis dui vel varius. Aliquam iaculis interdum lacinia. Nam euismod lectus id maximus sodales. Nam id magna dictum, semper nisl vel, ornare ligula. Sed condimentum metus quis leo pharetra, quis semper urna aliquam. Fusce consectetur accumsan augue sit amet iaculis. Suspendisse volutpat urna vitae fermentum eleifend. Maecenas sapien leo, gravida vitae pellentesque quis, efficitur in erat. Maecenas elementum euismod hendrerit. Mauris sagittis massa a orci.',3.14),(8,77,'Narmar','Lorem ipsum dolor sit amet, consectetur adipiscing elit. Morbi pulvinar pharetra bibendum. Ut eget risus nec risus finibus hendrerit in non tortor. Pellentesque maximus ligula et turpis faucibus cursus. Donec vel nunc metus. Quisque sagittis mattis dui vel varius. Aliquam iaculis interdum lacinia. Nam euismod lectus id maximus sodales. Nam id magna dictum, semper nisl vel, ornare ligula. Sed condimentum metus quis leo pharetra, quis semper urna aliquam. Fusce consectetur accumsan augue sit amet iaculis. Suspendisse volutpat urna vitae fermentum eleifend. Maecenas sapien leo, gravida vitae pellentesque quis, efficitur in erat. Maecenas elementum euismod hendrerit. Mauris sagittis massa a orci.','Lorem ipsum dolor sit amet, consectetur adipiscing elit. Morbi pulvinar pharetra bibendum. Ut eget risus nec risus finibus hendrerit in non tortor. Pellentesque maximus ligula et turpis faucibus cursus. Donec vel nunc metus. Quisque sagittis mattis dui vel varius. Aliquam iaculis interdum lacinia. Nam euismod lectus id maximus sodales. Nam id magna dictum, semper nisl vel, ornare ligula. Sed condimentum metus quis leo pharetra, quis semper urna aliquam. Fusce consectetur accumsan augue sit amet iaculis. Suspendisse volutpat urna vitae fermentum eleifend. Maecenas sapien leo, gravida vitae pellentesque quis, efficitur in erat. Maecenas elementum euismod hendrerit. Mauris sagittis massa a orci.',4.40),(9,54,'Solgamberthi','Lorem ipsum dolor sit amet, consectetur adipiscing elit. Morbi pulvinar pharetra bibendum. Ut eget risus nec risus finibus hendrerit in non tortor. Pellentesque maximus ligula et turpis faucibus cursus. Donec vel nunc metus. Quisque sagittis mattis dui vel varius. Aliquam iaculis interdum lacinia. Nam euismod lectus id maximus sodales. Nam id magna dictum, semper nisl vel, ornare ligula. Sed condimentum metus quis leo pharetra, quis semper urna aliquam. Fusce consectetur accumsan augue sit amet iaculis. Suspendisse volutpat urna vitae fermentum eleifend. Maecenas sapien leo, gravida vitae pellentesque quis, efficitur in erat. Maecenas elementum euismod hendrerit. Mauris sagittis massa a orci.','Lorem ipsum dolor sit amet, consectetur adipiscing elit. Morbi pulvinar pharetra bibendum. Ut eget risus nec risus finibus hendrerit in non tortor. Pellentesque maximus ligula et turpis faucibus cursus. Donec vel nunc metus. Quisque sagittis mattis dui vel varius. Aliquam iaculis interdum lacinia. Nam euismod lectus id maximus sodales. Nam id magna dictum, semper nisl vel, ornare ligula. Sed condimentum metus quis leo pharetra, quis semper urna aliquam. Fusce consectetur accumsan augue sit amet iaculis. Suspendisse volutpat urna vitae fermentum eleifend. Maecenas sapien leo, gravida vitae pellentesque quis, efficitur in erat. Maecenas elementum euismod hendrerit. Mauris sagittis massa a orci.',3.50),(10,27,'Cyllig','Lorem ipsum dolor sit amet, consectetur adipiscing elit. Morbi pulvinar pharetra bibendum. Ut eget risus nec risus finibus hendrerit in non tortor. Pellentesque maximus ligula et turpis faucibus cursus. Donec vel nunc metus. Quisque sagittis mattis dui vel varius. Aliquam iaculis interdum lacinia. Nam euismod lectus id maximus sodales. Nam id magna dictum, semper nisl vel, ornare ligula. Sed condimentum metus quis leo pharetra, quis semper urna aliquam. Fusce consectetur accumsan augue sit amet iaculis. Suspendisse volutpat urna vitae fermentum eleifend. Maecenas sapien leo, gravida vitae pellentesque quis, efficitur in erat. Maecenas elementum euismod hendrerit. Mauris sagittis massa a orci.','Lorem ipsum dolor sit amet, consectetur adipiscing elit. Morbi pulvinar pharetra bibendum. Ut eget risus nec risus finibus hendrerit in non tortor. Pellentesque maximus ligula et turpis faucibus cursus. Donec vel nunc metus. Quisque sagittis mattis dui vel varius. Aliquam iaculis interdum lacinia. Nam euismod lectus id maximus sodales. Nam id magna dictum, semper nisl vel, ornare ligula. Sed condimentum metus quis leo pharetra, quis semper urna aliquam. Fusce consectetur accumsan augue sit amet iaculis. Suspendisse volutpat urna vitae fermentum eleifend. Maecenas sapien leo, gravida vitae pellentesque quis, efficitur in erat. Maecenas elementum euismod hendrerit. Mauris sagittis massa a orci.',3.00),(11,12,'Thalomorn','Lorem ipsum dolor sit amet, consectetur adipiscing elit. Morbi pulvinar pharetra bibendum. Ut eget risus nec risus finibus hendrerit in non tortor. Pellentesque maximus ligula et turpis faucibus cursus. Donec vel nunc metus. Quisque sagittis mattis dui vel varius. Aliquam iaculis interdum lacinia. Nam euismod lectus id maximus sodales. Nam id magna dictum, semper nisl vel, ornare ligula. Sed condimentum metus quis leo pharetra, quis semper urna aliquam. Fusce consectetur accumsan augue sit amet iaculis. Suspendisse volutpat urna vitae fermentum eleifend. Maecenas sapien leo, gravida vitae pellentesque quis, efficitur in erat. Maecenas elementum euismod hendrerit. Mauris sagittis massa a orci.','Lorem ipsum dolor sit amet, consectetur adipiscing elit. Morbi pulvinar pharetra bibendum. Ut eget risus nec risus finibus hendrerit in non tortor. Pellentesque maximus ligula et turpis faucibus cursus. Donec vel nunc metus. Quisque sagittis mattis dui vel varius. Aliquam iaculis interdum lacinia. Nam euismod lectus id maximus sodales. Nam id magna dictum, semper nisl vel, ornare ligula. Sed condimentum metus quis leo pharetra, quis semper urna aliquam. Fusce consectetur accumsan augue sit amet iaculis. Suspendisse volutpat urna vitae fermentum eleifend. Maecenas sapien leo, gravida vitae pellentesque quis, efficitur in erat. Maecenas elementum euismod hendrerit. Mauris sagittis massa a orci.',3.00),(12,77,'Rluggum','Lorem ipsum dolor sit amet, consectetur adipiscing elit. Morbi pulvinar pharetra bibendum. Ut eget risus nec risus finibus hendrerit in non tortor. Pellentesque maximus ligula et turpis faucibus cursus. Donec vel nunc metus. Quisque sagittis mattis dui vel varius. Aliquam iaculis interdum lacinia. Nam euismod lectus id maximus sodales. Nam id magna dictum, semper nisl vel, ornare ligula. Sed condimentum metus quis leo pharetra, quis semper urna aliquam. Fusce consectetur accumsan augue sit amet iaculis. Suspendisse volutpat urna vitae fermentum eleifend. Maecenas sapien leo, gravida vitae pellentesque quis, efficitur in erat. Maecenas elementum euismod hendrerit. Mauris sagittis massa a orci.','Lorem ipsum dolor sit amet, consectetur adipiscing elit. Morbi pulvinar pharetra bibendum. Ut eget risus nec risus finibus hendrerit in non tortor. Pellentesque maximus ligula et turpis faucibus cursus. Donec vel nunc metus. Quisque sagittis mattis dui vel varius. Aliquam iaculis interdum lacinia. Nam euismod lectus id maximus sodales. Nam id magna dictum, semper nisl vel, ornare ligula. Sed condimentum metus quis leo pharetra, quis semper urna aliquam. Fusce consectetur accumsan augue sit amet iaculis. Suspendisse volutpat urna vitae fermentum eleifend. Maecenas sapien leo, gravida vitae pellentesque quis, efficitur in erat. Maecenas elementum euismod hendrerit. Mauris sagittis massa a orci.',3.43),(13,73,'Ornbar','Lorem ipsum dolor sit amet, consectetur adipiscing elit. Morbi pulvinar pharetra bibendum. Ut eget risus nec risus finibus hendrerit in non tortor. Pellentesque maximus ligula et turpis faucibus cursus. Donec vel nunc metus. Quisque sagittis mattis dui vel varius. Aliquam iaculis interdum lacinia. Nam euismod lectus id maximus sodales. Nam id magna dictum, semper nisl vel, ornare ligula. Sed condimentum metus quis leo pharetra, quis semper urna aliquam. Fusce consectetur accumsan augue sit amet iaculis. Suspendisse volutpat urna vitae fermentum eleifend. Maecenas sapien leo, gravida vitae pellentesque quis, efficitur in erat. Maecenas elementum euismod hendrerit. Mauris sagittis massa a orci.','Lorem ipsum dolor sit amet, consectetur adipiscing elit. Morbi pulvinar pharetra bibendum. Ut eget risus nec risus finibus hendrerit in non tortor. Pellentesque maximus ligula et turpis faucibus cursus. Donec vel nunc metus. Quisque sagittis mattis dui vel varius. Aliquam iaculis interdum lacinia. Nam euismod lectus id maximus sodales. Nam id magna dictum, semper nisl vel, ornare ligula. Sed condimentum metus quis leo pharetra, quis semper urna aliquam. Fusce consectetur accumsan augue sit amet iaculis. Suspendisse volutpat urna vitae fermentum eleifend. Maecenas sapien leo, gravida vitae pellentesque quis, efficitur in erat. Maecenas elementum euismod hendrerit. Mauris sagittis massa a orci.',3.20),(14,89,'Merhosyl','Lorem ipsum dolor sit amet, consectetur adipiscing elit. Morbi pulvinar pharetra bibendum. Ut eget risus nec risus finibus hendrerit in non tortor. Pellentesque maximus ligula et turpis faucibus cursus. Donec vel nunc metus. Quisque sagittis mattis dui vel varius. Aliquam iaculis interdum lacinia. Nam euismod lectus id maximus sodales. Nam id magna dictum, semper nisl vel, ornare ligula. Sed condimentum metus quis leo pharetra, quis semper urna aliquam. Fusce consectetur accumsan augue sit amet iaculis. Suspendisse volutpat urna vitae fermentum eleifend. Maecenas sapien leo, gravida vitae pellentesque quis, efficitur in erat. Maecenas elementum euismod hendrerit. Mauris sagittis massa a orci.','Lorem ipsum dolor sit amet, consectetur adipiscing elit. Morbi pulvinar pharetra bibendum. Ut eget risus nec risus finibus hendrerit in non tortor. Pellentesque maximus ligula et turpis faucibus cursus. Donec vel nunc metus. Quisque sagittis mattis dui vel varius. Aliquam iaculis interdum lacinia. Nam euismod lectus id maximus sodales. Nam id magna dictum, semper nisl vel, ornare ligula. Sed condimentum metus quis leo pharetra, quis semper urna aliquam. Fusce consectetur accumsan augue sit amet iaculis. Suspendisse volutpat urna vitae fermentum eleifend. Maecenas sapien leo, gravida vitae pellentesque quis, efficitur in erat. Maecenas elementum euismod hendrerit. Mauris sagittis massa a orci.',2.40),(15,11,'Callisthunir','Lorem ipsum dolor sit amet, consectetur adipiscing elit. Morbi pulvinar pharetra bibendum. Ut eget risus nec risus finibus hendrerit in non tortor. Pellentesque maximus ligula et turpis faucibus cursus. Donec vel nunc metus. Quisque sagittis mattis dui vel varius. Aliquam iaculis interdum lacinia. Nam euismod lectus id maximus sodales. Nam id magna dictum, semper nisl vel, ornare ligula. Sed condimentum metus quis leo pharetra, quis semper urna aliquam. Fusce consectetur accumsan augue sit amet iaculis. Suspendisse volutpat urna vitae fermentum eleifend. Maecenas sapien leo, gravida vitae pellentesque quis, efficitur in erat. Maecenas elementum euismod hendrerit. Mauris sagittis massa a orci.','Lorem ipsum dolor sit amet, consectetur adipiscing elit. Morbi pulvinar pharetra bibendum. Ut eget risus nec risus finibus hendrerit in non tortor. Pellentesque maximus ligula et turpis faucibus cursus. Donec vel nunc metus. Quisque sagittis mattis dui vel varius. Aliquam iaculis interdum lacinia. Nam euismod lectus id maximus sodales. Nam id magna dictum, semper nisl vel, ornare ligula. Sed condimentum metus quis leo pharetra, quis semper urna aliquam. Fusce consectetur accumsan augue sit amet iaculis. Suspendisse volutpat urna vitae fermentum eleifend. Maecenas sapien leo, gravida vitae pellentesque quis, efficitur in erat. Maecenas elementum euismod hendrerit. Mauris sagittis massa a orci.',2.50),(16,10,'Thaligber','Lorem ipsum dolor sit amet, consectetur adipiscing elit. Morbi pulvinar pharetra bibendum. Ut eget risus nec risus finibus hendrerit in non tortor. Pellentesque maximus ligula et turpis faucibus cursus. Donec vel nunc metus. Quisque sagittis mattis dui vel varius. Aliquam iaculis interdum lacinia. Nam euismod lectus id maximus sodales. Nam id magna dictum, semper nisl vel, ornare ligula. Sed condimentum metus quis leo pharetra, quis semper urna aliquam. Fusce consectetur accumsan augue sit amet iaculis. Suspendisse volutpat urna vitae fermentum eleifend. Maecenas sapien leo, gravida vitae pellentesque quis, efficitur in erat. Maecenas elementum euismod hendrerit. Mauris sagittis massa a orci.','Lorem ipsum dolor sit amet, consectetur adipiscing elit. Morbi pulvinar pharetra bibendum. Ut eget risus nec risus finibus hendrerit in non tortor. Pellentesque maximus ligula et turpis faucibus cursus. Donec vel nunc metus. Quisque sagittis mattis dui vel varius. Aliquam iaculis interdum lacinia. Nam euismod lectus id maximus sodales. Nam id magna dictum, semper nisl vel, ornare ligula. Sed condimentum metus quis leo pharetra, quis semper urna aliquam. Fusce consectetur accumsan augue sit amet iaculis. Suspendisse volutpat urna vitae fermentum eleifend. Maecenas sapien leo, gravida vitae pellentesque quis, efficitur in erat. Maecenas elementum euismod hendrerit. Mauris sagittis massa a orci.',3.00),(17,1,'Limbarmar','Lorem ipsum dolor sit amet, consectetur adipiscing elit. Morbi pulvinar pharetra bibendum. Ut eget risus nec risus finibus hendrerit in non tortor. Pellentesque maximus ligula et turpis faucibus cursus. Donec vel nunc metus. Quisque sagittis mattis dui vel varius. Aliquam iaculis interdum lacinia. Nam euismod lectus id maximus sodales. Nam id magna dictum, semper nisl vel, ornare ligula. Sed condimentum metus quis leo pharetra, quis semper urna aliquam. Fusce consectetur accumsan augue sit amet iaculis. Suspendisse volutpat urna vitae fermentum eleifend. Maecenas sapien leo, gravida vitae pellentesque quis, efficitur in erat. Maecenas elementum euismod hendrerit. Mauris sagittis massa a orci.','Lorem ipsum dolor sit amet, consectetur adipiscing elit. Morbi pulvinar pharetra bibendum. Ut eget risus nec risus finibus hendrerit in non tortor. Pellentesque maximus ligula et turpis faucibus cursus. Donec vel nunc metus. Quisque sagittis mattis dui vel varius. Aliquam iaculis interdum lacinia. Nam euismod lectus id maximus sodales. Nam id magna dictum, semper nisl vel, ornare ligula. Sed condimentum metus quis leo pharetra, quis semper urna aliquam. Fusce consectetur accumsan augue sit amet iaculis. Suspendisse volutpat urna vitae fermentum eleifend. Maecenas sapien leo, gravida vitae pellentesque quis, efficitur in erat. Maecenas elementum euismod hendrerit. Mauris sagittis massa a orci.',3.40),(18,82,'Lishalllumcal','Lorem ipsum dolor sit amet, consectetur adipiscing elit. Morbi pulvinar pharetra bibendum. Ut eget risus nec risus finibus hendrerit in non tortor. Pellentesque maximus ligula et turpis faucibus cursus. Donec vel nunc metus. Quisque sagittis mattis dui vel varius. Aliquam iaculis interdum lacinia. Nam euismod lectus id maximus sodales. Nam id magna dictum, semper nisl vel, ornare ligula. Sed condimentum metus quis leo pharetra, quis semper urna aliquam. Fusce consectetur accumsan augue sit amet iaculis. Suspendisse volutpat urna vitae fermentum eleifend. Maecenas sapien leo, gravida vitae pellentesque quis, efficitur in erat. Maecenas elementum euismod hendrerit. Mauris sagittis massa a orci.','Lorem ipsum dolor sit amet, consectetur adipiscing elit. Morbi pulvinar pharetra bibendum. Ut eget risus nec risus finibus hendrerit in non tortor. Pellentesque maximus ligula et turpis faucibus cursus. Donec vel nunc metus. Quisque sagittis mattis dui vel varius. Aliquam iaculis interdum lacinia. Nam euismod lectus id maximus sodales. Nam id magna dictum, semper nisl vel, ornare ligula. Sed condimentum metus quis leo pharetra, quis semper urna aliquam. Fusce consectetur accumsan augue sit amet iaculis. Suspendisse volutpat urna vitae fermentum eleifend. Maecenas sapien leo, gravida vitae pellentesque quis, efficitur in erat. Maecenas elementum euismod hendrerit. Mauris sagittis massa a orci.',2.89),(19,22,'Berthe','Lorem ipsum dolor sit amet, consectetur adipiscing elit. Morbi pulvinar pharetra bibendum. Ut eget risus nec risus finibus hendrerit in non tortor. Pellentesque maximus ligula et turpis faucibus cursus. Donec vel nunc metus. Quisque sagittis mattis dui vel varius. Aliquam iaculis interdum lacinia. Nam euismod lectus id maximus sodales. Nam id magna dictum, semper nisl vel, ornare ligula. Sed condimentum metus quis leo pharetra, quis semper urna aliquam. Fusce consectetur accumsan augue sit amet iaculis. Suspendisse volutpat urna vitae fermentum eleifend. Maecenas sapien leo, gravida vitae pellentesque quis, efficitur in erat. Maecenas elementum euismod hendrerit. Mauris sagittis massa a orci.','Lorem ipsum dolor sit amet, consectetur adipiscing elit. Morbi pulvinar pharetra bibendum. Ut eget risus nec risus finibus hendrerit in non tortor. Pellentesque maximus ligula et turpis faucibus cursus. Donec vel nunc metus. Quisque sagittis mattis dui vel varius. Aliquam iaculis interdum lacinia. Nam euismod lectus id maximus sodales. Nam id magna dictum, semper nisl vel, ornare ligula. Sed condimentum metus quis leo pharetra, quis semper urna aliquam. Fusce consectetur accumsan augue sit amet iaculis. Suspendisse volutpat urna vitae fermentum eleifend. Maecenas sapien leo, gravida vitae pellentesque quis, efficitur in erat. Maecenas elementum euismod hendrerit. Mauris sagittis massa a orci.',3.00),(20,77,'Hathulemhe','Lorem ipsum dolor sit amet, consectetur adipiscing elit. Morbi pulvinar pharetra bibendum. Ut eget risus nec risus finibus hendrerit in non tortor. Pellentesque maximus ligula et turpis faucibus cursus. Donec vel nunc metus. Quisque sagittis mattis dui vel varius. Aliquam iaculis interdum lacinia. Nam euismod lectus id maximus sodales. Nam id magna dictum, semper nisl vel, ornare ligula. Sed condimentum metus quis leo pharetra, quis semper urna aliquam. Fusce consectetur accumsan augue sit amet iaculis. Suspendisse volutpat urna vitae fermentum eleifend. Maecenas sapien leo, gravida vitae pellentesque quis, efficitur in erat. Maecenas elementum euismod hendrerit. Mauris sagittis massa a orci.','Lorem ipsum dolor sit amet, consectetur adipiscing elit. Morbi pulvinar pharetra bibendum. Ut eget risus nec risus finibus hendrerit in non tortor. Pellentesque maximus ligula et turpis faucibus cursus. Donec vel nunc metus. Quisque sagittis mattis dui vel varius. Aliquam iaculis interdum lacinia. Nam euismod lectus id maximus sodales. Nam id magna dictum, semper nisl vel, ornare ligula. Sed condimentum metus quis leo pharetra, quis semper urna aliquam. Fusce consectetur accumsan augue sit amet iaculis. Suspendisse volutpat urna vitae fermentum eleifend. Maecenas sapien leo, gravida vitae pellentesque quis, efficitur in erat. Maecenas elementum euismod hendrerit. Mauris sagittis massa a orci.',2.20),(21,37,'Colmorhi','Lorem ipsum dolor sit amet, consectetur adipiscing elit. Morbi pulvinar pharetra bibendum. Ut eget risus nec risus finibus hendrerit in non tortor. Pellentesque maximus ligula et turpis faucibus cursus. Donec vel nunc metus. Quisque sagittis mattis dui vel varius. Aliquam iaculis interdum lacinia. Nam euismod lectus id maximus sodales. Nam id magna dictum, semper nisl vel, ornare ligula. Sed condimentum metus quis leo pharetra, quis semper urna aliquam. Fusce consectetur accumsan augue sit amet iaculis. Suspendisse volutpat urna vitae fermentum eleifend. Maecenas sapien leo, gravida vitae pellentesque quis, efficitur in erat. Maecenas elementum euismod hendrerit. Mauris sagittis massa a orci.','Lorem ipsum dolor sit amet, consectetur adipiscing elit. Morbi pulvinar pharetra bibendum. Ut eget risus nec risus finibus hendrerit in non tortor. Pellentesque maximus ligula et turpis faucibus cursus. Donec vel nunc metus. Quisque sagittis mattis dui vel varius. Aliquam iaculis interdum lacinia. Nam euismod lectus id maximus sodales. Nam id magna dictum, semper nisl vel, ornare ligula. Sed condimentum metus quis leo pharetra, quis semper urna aliquam. Fusce consectetur accumsan augue sit amet iaculis. Suspendisse volutpat urna vitae fermentum eleifend. Maecenas sapien leo, gravida vitae pellentesque quis, efficitur in erat. Maecenas elementum euismod hendrerit. Mauris sagittis massa a orci.',3.50),(22,18,'Salthalegorn','Lorem ipsum dolor sit amet, consectetur adipiscing elit. Morbi pulvinar pharetra bibendum. Ut eget risus nec risus finibus hendrerit in non tortor. Pellentesque maximus ligula et turpis faucibus cursus. Donec vel nunc metus. Quisque sagittis mattis dui vel varius. Aliquam iaculis interdum lacinia. Nam euismod lectus id maximus sodales. Nam id magna dictum, semper nisl vel, ornare ligula. Sed condimentum metus quis leo pharetra, quis semper urna aliquam. Fusce consectetur accumsan augue sit amet iaculis. Suspendisse volutpat urna vitae fermentum eleifend. Maecenas sapien leo, gravida vitae pellentesque quis, efficitur in erat. Maecenas elementum euismod hendrerit. Mauris sagittis massa a orci.','Lorem ipsum dolor sit amet, consectetur adipiscing elit. Morbi pulvinar pharetra bibendum. Ut eget risus nec risus finibus hendrerit in non tortor. Pellentesque maximus ligula et turpis faucibus cursus. Donec vel nunc metus. Quisque sagittis mattis dui vel varius. Aliquam iaculis interdum lacinia. Nam euismod lectus id maximus sodales. Nam id magna dictum, semper nisl vel, ornare ligula. Sed condimentum metus quis leo pharetra, quis semper urna aliquam. Fusce consectetur accumsan augue sit amet iaculis. Suspendisse volutpat urna vitae fermentum eleifend. Maecenas sapien leo, gravida vitae pellentesque quis, efficitur in erat. Maecenas elementum euismod hendrerit. Mauris sagittis massa a orci.',2.82),(23,38,'Birmircyl','Lorem ipsum dolor sit amet, consectetur adipiscing elit. Morbi pulvinar pharetra bibendum. Ut eget risus nec risus finibus hendrerit in non tortor. Pellentesque maximus ligula et turpis faucibus cursus. Donec vel nunc metus. Quisque sagittis mattis dui vel varius. Aliquam iaculis interdum lacinia. Nam euismod lectus id maximus sodales. Nam id magna dictum, semper nisl vel, ornare ligula. Sed condimentum metus quis leo pharetra, quis semper urna aliquam. Fusce consectetur accumsan augue sit amet iaculis. Suspendisse volutpat urna vitae fermentum eleifend. Maecenas sapien leo, gravida vitae pellentesque quis, efficitur in erat. Maecenas elementum euismod hendrerit. Mauris sagittis massa a orci.','Lorem ipsum dolor sit amet, consectetur adipiscing elit. Morbi pulvinar pharetra bibendum. Ut eget risus nec risus finibus hendrerit in non tortor. Pellentesque maximus ligula et turpis faucibus cursus. Donec vel nunc metus. Quisque sagittis mattis dui vel varius. Aliquam iaculis interdum lacinia. Nam euismod lectus id maximus sodales. Nam id magna dictum, semper nisl vel, ornare ligula. Sed condimentum metus quis leo pharetra, quis semper urna aliquam. Fusce consectetur accumsan augue sit amet iaculis. Suspendisse volutpat urna vitae fermentum eleifend. Maecenas sapien leo, gravida vitae pellentesque quis, efficitur in erat. Maecenas elementum euismod hendrerit. Mauris sagittis massa a orci.',2.75),(24,73,'Bermor','Lorem ipsum dolor sit amet, consectetur adipiscing elit. Morbi pulvinar pharetra bibendum. Ut eget risus nec risus finibus hendrerit in non tortor. Pellentesque maximus ligula et turpis faucibus cursus. Donec vel nunc metus. Quisque sagittis mattis dui vel varius. Aliquam iaculis interdum lacinia. Nam euismod lectus id maximus sodales. Nam id magna dictum, semper nisl vel, ornare ligula. Sed condimentum metus quis leo pharetra, quis semper urna aliquam. Fusce consectetur accumsan augue sit amet iaculis. Suspendisse volutpat urna vitae fermentum eleifend. Maecenas sapien leo, gravida vitae pellentesque quis, efficitur in erat. Maecenas elementum euismod hendrerit. Mauris sagittis massa a orci.','Lorem ipsum dolor sit amet, consectetur adipiscing elit. Morbi pulvinar pharetra bibendum. Ut eget risus nec risus finibus hendrerit in non tortor. Pellentesque maximus ligula et turpis faucibus cursus. Donec vel nunc metus. Quisque sagittis mattis dui vel varius. Aliquam iaculis interdum lacinia. Nam euismod lectus id maximus sodales. Nam id magna dictum, semper nisl vel, ornare ligula. Sed condimentum metus quis leo pharetra, quis semper urna aliquam. Fusce consectetur accumsan augue sit amet iaculis. Suspendisse volutpat urna vitae fermentum eleifend. Maecenas sapien leo, gravida vitae pellentesque quis, efficitur in erat. Maecenas elementum euismod hendrerit. Mauris sagittis massa a orci.',2.00),(25,33,'Morlag','Lorem ipsum dolor sit amet, consectetur adipiscing elit. Morbi pulvinar pharetra bibendum. Ut eget risus nec risus finibus hendrerit in non tortor. Pellentesque maximus ligula et turpis faucibus cursus. Donec vel nunc metus. Quisque sagittis mattis dui vel varius. Aliquam iaculis interdum lacinia. Nam euismod lectus id maximus sodales. Nam id magna dictum, semper nisl vel, ornare ligula. Sed condimentum metus quis leo pharetra, quis semper urna aliquam. Fusce consectetur accumsan augue sit amet iaculis. Suspendisse volutpat urna vitae fermentum eleifend. Maecenas sapien leo, gravida vitae pellentesque quis, efficitur in erat. Maecenas elementum euismod hendrerit. Mauris sagittis massa a orci.','Lorem ipsum dolor sit amet, consectetur adipiscing elit. Morbi pulvinar pharetra bibendum. Ut eget risus nec risus finibus hendrerit in non tortor. Pellentesque maximus ligula et turpis faucibus cursus. Donec vel nunc metus. Quisque sagittis mattis dui vel varius. Aliquam iaculis interdum lacinia. Nam euismod lectus id maximus sodales. Nam id magna dictum, semper nisl vel, ornare ligula. Sed condimentum metus quis leo pharetra, quis semper urna aliquam. Fusce consectetur accumsan augue sit amet iaculis. Suspendisse volutpat urna vitae fermentum eleifend. Maecenas sapien leo, gravida vitae pellentesque quis, efficitur in erat. Maecenas elementum euismod hendrerit. Mauris sagittis massa a orci.',3.75),(26,67,'Barbirorn','Lorem ipsum dolor sit amet, consectetur adipiscing elit. Morbi pulvinar pharetra bibendum. Ut eget risus nec risus finibus hendrerit in non tortor. Pellentesque maximus ligula et turpis faucibus cursus. Donec vel nunc metus. Quisque sagittis mattis dui vel varius. Aliquam iaculis interdum lacinia. Nam euismod lectus id maximus sodales. Nam id magna dictum, semper nisl vel, ornare ligula. Sed condimentum metus quis leo pharetra, quis semper urna aliquam. Fusce consectetur accumsan augue sit amet iaculis. Suspendisse volutpat urna vitae fermentum eleifend. Maecenas sapien leo, gravida vitae pellentesque quis, efficitur in erat. Maecenas elementum euismod hendrerit. Mauris sagittis massa a orci.','Lorem ipsum dolor sit amet, consectetur adipiscing elit. Morbi pulvinar pharetra bibendum. Ut eget risus nec risus finibus hendrerit in non tortor. Pellentesque maximus ligula et turpis faucibus cursus. Donec vel nunc metus. Quisque sagittis mattis dui vel varius. Aliquam iaculis interdum lacinia. Nam euismod lectus id maximus sodales. Nam id magna dictum, semper nisl vel, ornare ligula. Sed condimentum metus quis leo pharetra, quis semper urna aliquam. Fusce consectetur accumsan augue sit amet iaculis. Suspendisse volutpat urna vitae fermentum eleifend. Maecenas sapien leo, gravida vitae pellentesque quis, efficitur in erat. Maecenas elementum euismod hendrerit. Mauris sagittis massa a orci.',3.33),(27,31,'Burmir','Lorem ipsum dolor sit amet, consectetur adipiscing elit. Morbi pulvinar pharetra bibendum. Ut eget risus nec risus finibus hendrerit in non tortor. Pellentesque maximus ligula et turpis faucibus cursus. Donec vel nunc metus. Quisque sagittis mattis dui vel varius. Aliquam iaculis interdum lacinia. Nam euismod lectus id maximus sodales. Nam id magna dictum, semper nisl vel, ornare ligula. Sed condimentum metus quis leo pharetra, quis semper urna aliquam. Fusce consectetur accumsan augue sit amet iaculis. Suspendisse volutpat urna vitae fermentum eleifend. Maecenas sapien leo, gravida vitae pellentesque quis, efficitur in erat. Maecenas elementum euismod hendrerit. Mauris sagittis massa a orci.','Lorem ipsum dolor sit amet, consectetur adipiscing elit. Morbi pulvinar pharetra bibendum. Ut eget risus nec risus finibus hendrerit in non tortor. Pellentesque maximus ligula et turpis faucibus cursus. Donec vel nunc metus. Quisque sagittis mattis dui vel varius. Aliquam iaculis interdum lacinia. Nam euismod lectus id maximus sodales. Nam id magna dictum, semper nisl vel, ornare ligula. Sed condimentum metus quis leo pharetra, quis semper urna aliquam. Fusce consectetur accumsan augue sit amet iaculis. Suspendisse volutpat urna vitae fermentum eleifend. Maecenas sapien leo, gravida vitae pellentesque quis, efficitur in erat. Maecenas elementum euismod hendrerit. Mauris sagittis massa a orci.',2.50),(28,37,'Humarhamur','Lorem ipsum dolor sit amet, consectetur adipiscing elit. Morbi pulvinar pharetra bibendum. Ut eget risus nec risus finibus hendrerit in non tortor. Pellentesque maximus ligula et turpis faucibus cursus. Donec vel nunc metus. Quisque sagittis mattis dui vel varius. Aliquam iaculis interdum lacinia. Nam euismod lectus id maximus sodales. Nam id magna dictum, semper nisl vel, ornare ligula. Sed condimentum metus quis leo pharetra, quis semper urna aliquam. Fusce consectetur accumsan augue sit amet iaculis. Suspendisse volutpat urna vitae fermentum eleifend. Maecenas sapien leo, gravida vitae pellentesque quis, efficitur in erat. Maecenas elementum euismod hendrerit. Mauris sagittis massa a orci.','Lorem ipsum dolor sit amet, consectetur adipiscing elit. Morbi pulvinar pharetra bibendum. Ut eget risus nec risus finibus hendrerit in non tortor. Pellentesque maximus ligula et turpis faucibus cursus. Donec vel nunc metus. Quisque sagittis mattis dui vel varius. Aliquam iaculis interdum lacinia. Nam euismod lectus id maximus sodales. Nam id magna dictum, semper nisl vel, ornare ligula. Sed condimentum metus quis leo pharetra, quis semper urna aliquam. Fusce consectetur accumsan augue sit amet iaculis. Suspendisse volutpat urna vitae fermentum eleifend. Maecenas sapien leo, gravida vitae pellentesque quis, efficitur in erat. Maecenas elementum euismod hendrerit. Mauris sagittis massa a orci.',2.50),(29,22,'Leglam','Lorem ipsum dolor sit amet, consectetur adipiscing elit. Morbi pulvinar pharetra bibendum. Ut eget risus nec risus finibus hendrerit in non tortor. Pellentesque maximus ligula et turpis faucibus cursus. Donec vel nunc metus. Quisque sagittis mattis dui vel varius. Aliquam iaculis interdum lacinia. Nam euismod lectus id maximus sodales. Nam id magna dictum, semper nisl vel, ornare ligula. Sed condimentum metus quis leo pharetra, quis semper urna aliquam. Fusce consectetur accumsan augue sit amet iaculis. Suspendisse volutpat urna vitae fermentum eleifend. Maecenas sapien leo, gravida vitae pellentesque quis, efficitur in erat. Maecenas elementum euismod hendrerit. Mauris sagittis massa a orci.','Lorem ipsum dolor sit amet, consectetur adipiscing elit. Morbi pulvinar pharetra bibendum. Ut eget risus nec risus finibus hendrerit in non tortor. Pellentesque maximus ligula et turpis faucibus cursus. Donec vel nunc metus. Quisque sagittis mattis dui vel varius. Aliquam iaculis interdum lacinia. Nam euismod lectus id maximus sodales. Nam id magna dictum, semper nisl vel, ornare ligula. Sed condimentum metus quis leo pharetra, quis semper urna aliquam. Fusce consectetur accumsan augue sit amet iaculis. Suspendisse volutpat urna vitae fermentum eleifend. Maecenas sapien leo, gravida vitae pellentesque quis, efficitur in erat. Maecenas elementum euismod hendrerit. Mauris sagittis massa a orci.',3.00),(30,10,'Hugimirn','Lorem ipsum dolor sit amet, consectetur adipiscing elit. Morbi pulvinar pharetra bibendum. Ut eget risus nec risus finibus hendrerit in non tortor. Pellentesque maximus ligula et turpis faucibus cursus. Donec vel nunc metus. Quisque sagittis mattis dui vel varius. Aliquam iaculis interdum lacinia. Nam euismod lectus id maximus sodales. Nam id magna dictum, semper nisl vel, ornare ligula. Sed condimentum metus quis leo pharetra, quis semper urna aliquam. Fusce consectetur accumsan augue sit amet iaculis. Suspendisse volutpat urna vitae fermentum eleifend. Maecenas sapien leo, gravida vitae pellentesque quis, efficitur in erat. Maecenas elementum euismod hendrerit. Mauris sagittis massa a orci.','Lorem ipsum dolor sit amet, consectetur adipiscing elit. Morbi pulvinar pharetra bibendum. Ut eget risus nec risus finibus hendrerit in non tortor. Pellentesque maximus ligula et turpis faucibus cursus. Donec vel nunc metus. Quisque sagittis mattis dui vel varius. Aliquam iaculis interdum lacinia. Nam euismod lectus id maximus sodales. Nam id magna dictum, semper nisl vel, ornare ligula. Sed condimentum metus quis leo pharetra, quis semper urna aliquam. Fusce consectetur accumsan augue sit amet iaculis. Suspendisse volutpat urna vitae fermentum eleifend. Maecenas sapien leo, gravida vitae pellentesque quis, efficitur in erat. Maecenas elementum euismod hendrerit. Mauris sagittis massa a orci.',2.00),(31,40,'Berburthamur','Lorem ipsum dolor sit amet, consectetur adipiscing elit. Morbi pulvinar pharetra bibendum. Ut eget risus nec risus finibus hendrerit in non tortor. Pellentesque maximus ligula et turpis faucibus cursus. Donec vel nunc metus. Quisque sagittis mattis dui vel varius. Aliquam iaculis interdum lacinia. Nam euismod lectus id maximus sodales. Nam id magna dictum, semper nisl vel, ornare ligula. Sed condimentum metus quis leo pharetra, quis semper urna aliquam. Fusce consectetur accumsan augue sit amet iaculis. Suspendisse volutpat urna vitae fermentum eleifend. Maecenas sapien leo, gravida vitae pellentesque quis, efficitur in erat. Maecenas elementum euismod hendrerit. Mauris sagittis massa a orci.','Lorem ipsum dolor sit amet, consectetur adipiscing elit. Morbi pulvinar pharetra bibendum. Ut eget risus nec risus finibus hendrerit in non tortor. Pellentesque maximus ligula et turpis faucibus cursus. Donec vel nunc metus. Quisque sagittis mattis dui vel varius. Aliquam iaculis interdum lacinia. Nam euismod lectus id maximus sodales. Nam id magna dictum, semper nisl vel, ornare ligula. Sed condimentum metus quis leo pharetra, quis semper urna aliquam. Fusce consectetur accumsan augue sit amet iaculis. Suspendisse volutpat urna vitae fermentum eleifend. Maecenas sapien leo, gravida vitae pellentesque quis, efficitur in erat. Maecenas elementum euismod hendrerit. Mauris sagittis massa a orci.',2.88),(32,5,'Lasloglum','Lorem ipsum dolor sit amet, consectetur adipiscing elit. Morbi pulvinar pharetra bibendum. Ut eget risus nec risus finibus hendrerit in non tortor. Pellentesque maximus ligula et turpis faucibus cursus. Donec vel nunc metus. Quisque sagittis mattis dui vel varius. Aliquam iaculis interdum lacinia. Nam euismod lectus id maximus sodales. Nam id magna dictum, semper nisl vel, ornare ligula. Sed condimentum metus quis leo pharetra, quis semper urna aliquam. Fusce consectetur accumsan augue sit amet iaculis. Suspendisse volutpat urna vitae fermentum eleifend. Maecenas sapien leo, gravida vitae pellentesque quis, efficitur in erat. Maecenas elementum euismod hendrerit. Mauris sagittis massa a orci.','Lorem ipsum dolor sit amet, consectetur adipiscing elit. Morbi pulvinar pharetra bibendum. Ut eget risus nec risus finibus hendrerit in non tortor. Pellentesque maximus ligula et turpis faucibus cursus. Donec vel nunc metus. Quisque sagittis mattis dui vel varius. Aliquam iaculis interdum lacinia. Nam euismod lectus id maximus sodales. Nam id magna dictum, semper nisl vel, ornare ligula. Sed condimentum metus quis leo pharetra, quis semper urna aliquam. Fusce consectetur accumsan augue sit amet iaculis. Suspendisse volutpat urna vitae fermentum eleifend. Maecenas sapien leo, gravida vitae pellentesque quis, efficitur in erat. Maecenas elementum euismod hendrerit. Mauris sagittis massa a orci.',3.12),(33,65,'Gomlamthi','Lorem ipsum dolor sit amet, consectetur adipiscing elit. Morbi pulvinar pharetra bibendum. Ut eget risus nec risus finibus hendrerit in non tortor. Pellentesque maximus ligula et turpis faucibus cursus. Donec vel nunc metus. Quisque sagittis mattis dui vel varius. Aliquam iaculis interdum lacinia. Nam euismod lectus id maximus sodales. Nam id magna dictum, semper nisl vel, ornare ligula. Sed condimentum metus quis leo pharetra, quis semper urna aliquam. Fusce consectetur accumsan augue sit amet iaculis. Suspendisse volutpat urna vitae fermentum eleifend. Maecenas sapien leo, gravida vitae pellentesque quis, efficitur in erat. Maecenas elementum euismod hendrerit. Mauris sagittis massa a orci.','Lorem ipsum dolor sit amet, consectetur adipiscing elit. Morbi pulvinar pharetra bibendum. Ut eget risus nec risus finibus hendrerit in non tortor. Pellentesque maximus ligula et turpis faucibus cursus. Donec vel nunc metus. Quisque sagittis mattis dui vel varius. Aliquam iaculis interdum lacinia. Nam euismod lectus id maximus sodales. Nam id magna dictum, semper nisl vel, ornare ligula. Sed condimentum metus quis leo pharetra, quis semper urna aliquam. Fusce consectetur accumsan augue sit amet iaculis. Suspendisse volutpat urna vitae fermentum eleifend. Maecenas sapien leo, gravida vitae pellentesque quis, efficitur in erat. Maecenas elementum euismod hendrerit. Mauris sagittis massa a orci.',2.50),(34,17,'Narmarborern','Lorem ipsum dolor sit amet, consectetur adipiscing elit. Morbi pulvinar pharetra bibendum. Ut eget risus nec risus finibus hendrerit in non tortor. Pellentesque maximus ligula et turpis faucibus cursus. Donec vel nunc metus. Quisque sagittis mattis dui vel varius. Aliquam iaculis interdum lacinia. Nam euismod lectus id maximus sodales. Nam id magna dictum, semper nisl vel, ornare ligula. Sed condimentum metus quis leo pharetra, quis semper urna aliquam. Fusce consectetur accumsan augue sit amet iaculis. Suspendisse volutpat urna vitae fermentum eleifend. Maecenas sapien leo, gravida vitae pellentesque quis, efficitur in erat. Maecenas elementum euismod hendrerit. Mauris sagittis massa a orci.','Lorem ipsum dolor sit amet, consectetur adipiscing elit. Morbi pulvinar pharetra bibendum. Ut eget risus nec risus finibus hendrerit in non tortor. Pellentesque maximus ligula et turpis faucibus cursus. Donec vel nunc metus. Quisque sagittis mattis dui vel varius. Aliquam iaculis interdum lacinia. Nam euismod lectus id maximus sodales. Nam id magna dictum, semper nisl vel, ornare ligula. Sed condimentum metus quis leo pharetra, quis semper urna aliquam. Fusce consectetur accumsan augue sit amet iaculis. Suspendisse volutpat urna vitae fermentum eleifend. Maecenas sapien leo, gravida vitae pellentesque quis, efficitur in erat. Maecenas elementum euismod hendrerit. Mauris sagittis massa a orci.',3.80),(35,35,'Lomlos','Lorem ipsum dolor sit amet, consectetur adipiscing elit. Morbi pulvinar pharetra bibendum. Ut eget risus nec risus finibus hendrerit in non tortor. Pellentesque maximus ligula et turpis faucibus cursus. Donec vel nunc metus. Quisque sagittis mattis dui vel varius. Aliquam iaculis interdum lacinia. Nam euismod lectus id maximus sodales. Nam id magna dictum, semper nisl vel, ornare ligula. Sed condimentum metus quis leo pharetra, quis semper urna aliquam. Fusce consectetur accumsan augue sit amet iaculis. Suspendisse volutpat urna vitae fermentum eleifend. Maecenas sapien leo, gravida vitae pellentesque quis, efficitur in erat. Maecenas elementum euismod hendrerit. Mauris sagittis massa a orci.','Lorem ipsum dolor sit amet, consectetur adipiscing elit. Morbi pulvinar pharetra bibendum. Ut eget risus nec risus finibus hendrerit in non tortor. Pellentesque maximus ligula et turpis faucibus cursus. Donec vel nunc metus. Quisque sagittis mattis dui vel varius. Aliquam iaculis interdum lacinia. Nam euismod lectus id maximus sodales. Nam id magna dictum, semper nisl vel, ornare ligula. Sed condimentum metus quis leo pharetra, quis semper urna aliquam. Fusce consectetur accumsan augue sit amet iaculis. Suspendisse volutpat urna vitae fermentum eleifend. Maecenas sapien leo, gravida vitae pellentesque quis, efficitur in erat. Maecenas elementum euismod hendrerit. Mauris sagittis massa a orci.',3.33),(36,70,'Urnlasho','Lorem ipsum dolor sit amet, consectetur adipiscing elit. Morbi pulvinar pharetra bibendum. Ut eget risus nec risus finibus hendrerit in non tortor. Pellentesque maximus ligula et turpis faucibus cursus. Donec vel nunc metus. Quisque sagittis mattis dui vel varius. Aliquam iaculis interdum lacinia. Nam euismod lectus id maximus sodales. Nam id magna dictum, semper nisl vel, ornare ligula. Sed condimentum metus quis leo pharetra, quis semper urna aliquam. Fusce consectetur accumsan augue sit amet iaculis. Suspendisse volutpat urna vitae fermentum eleifend. Maecenas sapien leo, gravida vitae pellentesque quis, efficitur in erat. Maecenas elementum euismod hendrerit. Mauris sagittis massa a orci.','Lorem ipsum dolor sit amet, consectetur adipiscing elit. Morbi pulvinar pharetra bibendum. Ut eget risus nec risus finibus hendrerit in non tortor. Pellentesque maximus ligula et turpis faucibus cursus. Donec vel nunc metus. Quisque sagittis mattis dui vel varius. Aliquam iaculis interdum lacinia. Nam euismod lectus id maximus sodales. Nam id magna dictum, semper nisl vel, ornare ligula. Sed condimentum metus quis leo pharetra, quis semper urna aliquam. Fusce consectetur accumsan augue sit amet iaculis. Suspendisse volutpat urna vitae fermentum eleifend. Maecenas sapien leo, gravida vitae pellentesque quis, efficitur in erat. Maecenas elementum euismod hendrerit. Mauris sagittis massa a orci.',3.75),(37,61,'Hical','Lorem ipsum dolor sit amet, consectetur adipiscing elit. Morbi pulvinar pharetra bibendum. Ut eget risus nec risus finibus hendrerit in non tortor. Pellentesque maximus ligula et turpis faucibus cursus. Donec vel nunc metus. Quisque sagittis mattis dui vel varius. Aliquam iaculis interdum lacinia. Nam euismod lectus id maximus sodales. Nam id magna dictum, semper nisl vel, ornare ligula. Sed condimentum metus quis leo pharetra, quis semper urna aliquam. Fusce consectetur accumsan augue sit amet iaculis. Suspendisse volutpat urna vitae fermentum eleifend. Maecenas sapien leo, gravida vitae pellentesque quis, efficitur in erat. Maecenas elementum euismod hendrerit. Mauris sagittis massa a orci.','Lorem ipsum dolor sit amet, consectetur adipiscing elit. Morbi pulvinar pharetra bibendum. Ut eget risus nec risus finibus hendrerit in non tortor. Pellentesque maximus ligula et turpis faucibus cursus. Donec vel nunc metus. Quisque sagittis mattis dui vel varius. Aliquam iaculis interdum lacinia. Nam euismod lectus id maximus sodales. Nam id magna dictum, semper nisl vel, ornare ligula. Sed condimentum metus quis leo pharetra, quis semper urna aliquam. Fusce consectetur accumsan augue sit amet iaculis. Suspendisse volutpat urna vitae fermentum eleifend. Maecenas sapien leo, gravida vitae pellentesque quis, efficitur in erat. Maecenas elementum euismod hendrerit. Mauris sagittis massa a orci.',0.00),(38,29,'Hisol','Lorem ipsum dolor sit amet, consectetur adipiscing elit. Morbi pulvinar pharetra bibendum. Ut eget risus nec risus finibus hendrerit in non tortor. Pellentesque maximus ligula et turpis faucibus cursus. Donec vel nunc metus. Quisque sagittis mattis dui vel varius. Aliquam iaculis interdum lacinia. Nam euismod lectus id maximus sodales. Nam id magna dictum, semper nisl vel, ornare ligula. Sed condimentum metus quis leo pharetra, quis semper urna aliquam. Fusce consectetur accumsan augue sit amet iaculis. Suspendisse volutpat urna vitae fermentum eleifend. Maecenas sapien leo, gravida vitae pellentesque quis, efficitur in erat. Maecenas elementum euismod hendrerit. Mauris sagittis massa a orci.','Lorem ipsum dolor sit amet, consectetur adipiscing elit. Morbi pulvinar pharetra bibendum. Ut eget risus nec risus finibus hendrerit in non tortor. Pellentesque maximus ligula et turpis faucibus cursus. Donec vel nunc metus. Quisque sagittis mattis dui vel varius. Aliquam iaculis interdum lacinia. Nam euismod lectus id maximus sodales. Nam id magna dictum, semper nisl vel, ornare ligula. Sed condimentum metus quis leo pharetra, quis semper urna aliquam. Fusce consectetur accumsan augue sit amet iaculis. Suspendisse volutpat urna vitae fermentum eleifend. Maecenas sapien leo, gravida vitae pellentesque quis, efficitur in erat. Maecenas elementum euismod hendrerit. Mauris sagittis massa a orci.',2.00),(39,9,'Leshe','Lorem ipsum dolor sit amet, consectetur adipiscing elit. Morbi pulvinar pharetra bibendum. Ut eget risus nec risus finibus hendrerit in non tortor. Pellentesque maximus ligula et turpis faucibus cursus. Donec vel nunc metus. Quisque sagittis mattis dui vel varius. Aliquam iaculis interdum lacinia. Nam euismod lectus id maximus sodales. Nam id magna dictum, semper nisl vel, ornare ligula. Sed condimentum metus quis leo pharetra, quis semper urna aliquam. Fusce consectetur accumsan augue sit amet iaculis. Suspendisse volutpat urna vitae fermentum eleifend. Maecenas sapien leo, gravida vitae pellentesque quis, efficitur in erat. Maecenas elementum euismod hendrerit. Mauris sagittis massa a orci.','Lorem ipsum dolor sit amet, consectetur adipiscing elit. Morbi pulvinar pharetra bibendum. Ut eget risus nec risus finibus hendrerit in non tortor. Pellentesque maximus ligula et turpis faucibus cursus. Donec vel nunc metus. Quisque sagittis mattis dui vel varius. Aliquam iaculis interdum lacinia. Nam euismod lectus id maximus sodales. Nam id magna dictum, semper nisl vel, ornare ligula. Sed condimentum metus quis leo pharetra, quis semper urna aliquam. Fusce consectetur accumsan augue sit amet iaculis. Suspendisse volutpat urna vitae fermentum eleifend. Maecenas sapien leo, gravida vitae pellentesque quis, efficitur in erat. Maecenas elementum euismod hendrerit. Mauris sagittis massa a orci.',2.25),(40,74,'Gumsalculsil','Lorem ipsum dolor sit amet, consectetur adipiscing elit. Morbi pulvinar pharetra bibendum. Ut eget risus nec risus finibus hendrerit in non tortor. Pellentesque maximus ligula et turpis faucibus cursus. Donec vel nunc metus. Quisque sagittis mattis dui vel varius. Aliquam iaculis interdum lacinia. Nam euismod lectus id maximus sodales. Nam id magna dictum, semper nisl vel, ornare ligula. Sed condimentum metus quis leo pharetra, quis semper urna aliquam. Fusce consectetur accumsan augue sit amet iaculis. Suspendisse volutpat urna vitae fermentum eleifend. Maecenas sapien leo, gravida vitae pellentesque quis, efficitur in erat. Maecenas elementum euismod hendrerit. Mauris sagittis massa a orci.','Lorem ipsum dolor sit amet, consectetur adipiscing elit. Morbi pulvinar pharetra bibendum. Ut eget risus nec risus finibus hendrerit in non tortor. Pellentesque maximus ligula et turpis faucibus cursus. Donec vel nunc metus. Quisque sagittis mattis dui vel varius. Aliquam iaculis interdum lacinia. Nam euismod lectus id maximus sodales. Nam id magna dictum, semper nisl vel, ornare ligula. Sed condimentum metus quis leo pharetra, quis semper urna aliquam. Fusce consectetur accumsan augue sit amet iaculis. Suspendisse volutpat urna vitae fermentum eleifend. Maecenas sapien leo, gravida vitae pellentesque quis, efficitur in erat. Maecenas elementum euismod hendrerit. Mauris sagittis massa a orci.',3.50),(41,35,'Morcalsul','Lorem ipsum dolor sit amet, consectetur adipiscing elit. Morbi pulvinar pharetra bibendum. Ut eget risus nec risus finibus hendrerit in non tortor. Pellentesque maximus ligula et turpis faucibus cursus. Donec vel nunc metus. Quisque sagittis mattis dui vel varius. Aliquam iaculis interdum lacinia. Nam euismod lectus id maximus sodales. Nam id magna dictum, semper nisl vel, ornare ligula. Sed condimentum metus quis leo pharetra, quis semper urna aliquam. Fusce consectetur accumsan augue sit amet iaculis. Suspendisse volutpat urna vitae fermentum eleifend. Maecenas sapien leo, gravida vitae pellentesque quis, efficitur in erat. Maecenas elementum euismod hendrerit. Mauris sagittis massa a orci.','Lorem ipsum dolor sit amet, consectetur adipiscing elit. Morbi pulvinar pharetra bibendum. Ut eget risus nec risus finibus hendrerit in non tortor. Pellentesque maximus ligula et turpis faucibus cursus. Donec vel nunc metus. Quisque sagittis mattis dui vel varius. Aliquam iaculis interdum lacinia. Nam euismod lectus id maximus sodales. Nam id magna dictum, semper nisl vel, ornare ligula. Sed condimentum metus quis leo pharetra, quis semper urna aliquam. Fusce consectetur accumsan augue sit amet iaculis. Suspendisse volutpat urna vitae fermentum eleifend. Maecenas sapien leo, gravida vitae pellentesque quis, efficitur in erat. Maecenas elementum euismod hendrerit. Mauris sagittis massa a orci.',3.80),(42,11,'Barlugha','Lorem ipsum dolor sit amet, consectetur adipiscing elit. Morbi pulvinar pharetra bibendum. Ut eget risus nec risus finibus hendrerit in non tortor. Pellentesque maximus ligula et turpis faucibus cursus. Donec vel nunc metus. Quisque sagittis mattis dui vel varius. Aliquam iaculis interdum lacinia. Nam euismod lectus id maximus sodales. Nam id magna dictum, semper nisl vel, ornare ligula. Sed condimentum metus quis leo pharetra, quis semper urna aliquam. Fusce consectetur accumsan augue sit amet iaculis. Suspendisse volutpat urna vitae fermentum eleifend. Maecenas sapien leo, gravida vitae pellentesque quis, efficitur in erat. Maecenas elementum euismod hendrerit. Mauris sagittis massa a orci.','Lorem ipsum dolor sit amet, consectetur adipiscing elit. Morbi pulvinar pharetra bibendum. Ut eget risus nec risus finibus hendrerit in non tortor. Pellentesque maximus ligula et turpis faucibus cursus. Donec vel nunc metus. Quisque sagittis mattis dui vel varius. Aliquam iaculis interdum lacinia. Nam euismod lectus id maximus sodales. Nam id magna dictum, semper nisl vel, ornare ligula. Sed condimentum metus quis leo pharetra, quis semper urna aliquam. Fusce consectetur accumsan augue sit amet iaculis. Suspendisse volutpat urna vitae fermentum eleifend. Maecenas sapien leo, gravida vitae pellentesque quis, efficitur in erat. Maecenas elementum euismod hendrerit. Mauris sagittis massa a orci.',2.00),(43,82,'Salhu','Lorem ipsum dolor sit amet, consectetur adipiscing elit. Morbi pulvinar pharetra bibendum. Ut eget risus nec risus finibus hendrerit in non tortor. Pellentesque maximus ligula et turpis faucibus cursus. Donec vel nunc metus. Quisque sagittis mattis dui vel varius. Aliquam iaculis interdum lacinia. Nam euismod lectus id maximus sodales. Nam id magna dictum, semper nisl vel, ornare ligula. Sed condimentum metus quis leo pharetra, quis semper urna aliquam. Fusce consectetur accumsan augue sit amet iaculis. Suspendisse volutpat urna vitae fermentum eleifend. Maecenas sapien leo, gravida vitae pellentesque quis, efficitur in erat. Maecenas elementum euismod hendrerit. Mauris sagittis massa a orci.','Lorem ipsum dolor sit amet, consectetur adipiscing elit. Morbi pulvinar pharetra bibendum. Ut eget risus nec risus finibus hendrerit in non tortor. Pellentesque maximus ligula et turpis faucibus cursus. Donec vel nunc metus. Quisque sagittis mattis dui vel varius. Aliquam iaculis interdum lacinia. Nam euismod lectus id maximus sodales. Nam id magna dictum, semper nisl vel, ornare ligula. Sed condimentum metus quis leo pharetra, quis semper urna aliquam. Fusce consectetur accumsan augue sit amet iaculis. Suspendisse volutpat urna vitae fermentum eleifend. Maecenas sapien leo, gravida vitae pellentesque quis, efficitur in erat. Maecenas elementum euismod hendrerit. Mauris sagittis massa a orci.',2.57),(44,79,'Celmorgember','Lorem ipsum dolor sit amet, consectetur adipiscing elit. Morbi pulvinar pharetra bibendum. Ut eget risus nec risus finibus hendrerit in non tortor. Pellentesque maximus ligula et turpis faucibus cursus. Donec vel nunc metus. Quisque sagittis mattis dui vel varius. Aliquam iaculis interdum lacinia. Nam euismod lectus id maximus sodales. Nam id magna dictum, semper nisl vel, ornare ligula. Sed condimentum metus quis leo pharetra, quis semper urna aliquam. Fusce consectetur accumsan augue sit amet iaculis. Suspendisse volutpat urna vitae fermentum eleifend. Maecenas sapien leo, gravida vitae pellentesque quis, efficitur in erat. Maecenas elementum euismod hendrerit. Mauris sagittis massa a orci.','Lorem ipsum dolor sit amet, consectetur adipiscing elit. Morbi pulvinar pharetra bibendum. Ut eget risus nec risus finibus hendrerit in non tortor. Pellentesque maximus ligula et turpis faucibus cursus. Donec vel nunc metus. Quisque sagittis mattis dui vel varius. Aliquam iaculis interdum lacinia. Nam euismod lectus id maximus sodales. Nam id magna dictum, semper nisl vel, ornare ligula. Sed condimentum metus quis leo pharetra, quis semper urna aliquam. Fusce consectetur accumsan augue sit amet iaculis. Suspendisse volutpat urna vitae fermentum eleifend. Maecenas sapien leo, gravida vitae pellentesque quis, efficitur in erat. Maecenas elementum euismod hendrerit. Mauris sagittis massa a orci.',2.89),(45,92,'Byrhebyr','Lorem ipsum dolor sit amet, consectetur adipiscing elit. Morbi pulvinar pharetra bibendum. Ut eget risus nec risus finibus hendrerit in non tortor. Pellentesque maximus ligula et turpis faucibus cursus. Donec vel nunc metus. Quisque sagittis mattis dui vel varius. Aliquam iaculis interdum lacinia. Nam euismod lectus id maximus sodales. Nam id magna dictum, semper nisl vel, ornare ligula. Sed condimentum metus quis leo pharetra, quis semper urna aliquam. Fusce consectetur accumsan augue sit amet iaculis. Suspendisse volutpat urna vitae fermentum eleifend. Maecenas sapien leo, gravida vitae pellentesque quis, efficitur in erat. Maecenas elementum euismod hendrerit. Mauris sagittis massa a orci.','Lorem ipsum dolor sit amet, consectetur adipiscing elit. Morbi pulvinar pharetra bibendum. Ut eget risus nec risus finibus hendrerit in non tortor. Pellentesque maximus ligula et turpis faucibus cursus. Donec vel nunc metus. Quisque sagittis mattis dui vel varius. Aliquam iaculis interdum lacinia. Nam euismod lectus id maximus sodales. Nam id magna dictum, semper nisl vel, ornare ligula. Sed condimentum metus quis leo pharetra, quis semper urna aliquam. Fusce consectetur accumsan augue sit amet iaculis. Suspendisse volutpat urna vitae fermentum eleifend. Maecenas sapien leo, gravida vitae pellentesque quis, efficitur in erat. Maecenas elementum euismod hendrerit. Mauris sagittis massa a orci.',3.60),(46,3,'Birhogim','Lorem ipsum dolor sit amet, consectetur adipiscing elit. Morbi pulvinar pharetra bibendum. Ut eget risus nec risus finibus hendrerit in non tortor. Pellentesque maximus ligula et turpis faucibus cursus. Donec vel nunc metus. Quisque sagittis mattis dui vel varius. Aliquam iaculis interdum lacinia. Nam euismod lectus id maximus sodales. Nam id magna dictum, semper nisl vel, ornare ligula. Sed condimentum metus quis leo pharetra, quis semper urna aliquam. Fusce consectetur accumsan augue sit amet iaculis. Suspendisse volutpat urna vitae fermentum eleifend. Maecenas sapien leo, gravida vitae pellentesque quis, efficitur in erat. Maecenas elementum euismod hendrerit. Mauris sagittis massa a orci.','Lorem ipsum dolor sit amet, consectetur adipiscing elit. Morbi pulvinar pharetra bibendum. Ut eget risus nec risus finibus hendrerit in non tortor. Pellentesque maximus ligula et turpis faucibus cursus. Donec vel nunc metus. Quisque sagittis mattis dui vel varius. Aliquam iaculis interdum lacinia. Nam euismod lectus id maximus sodales. Nam id magna dictum, semper nisl vel, ornare ligula. Sed condimentum metus quis leo pharetra, quis semper urna aliquam. Fusce consectetur accumsan augue sit amet iaculis. Suspendisse volutpat urna vitae fermentum eleifend. Maecenas sapien leo, gravida vitae pellentesque quis, efficitur in erat. Maecenas elementum euismod hendrerit. Mauris sagittis massa a orci.',2.60),(47,65,'Helisloshi','Lorem ipsum dolor sit amet, consectetur adipiscing elit. Morbi pulvinar pharetra bibendum. Ut eget risus nec risus finibus hendrerit in non tortor. Pellentesque maximus ligula et turpis faucibus cursus. Donec vel nunc metus. Quisque sagittis mattis dui vel varius. Aliquam iaculis interdum lacinia. Nam euismod lectus id maximus sodales. Nam id magna dictum, semper nisl vel, ornare ligula. Sed condimentum metus quis leo pharetra, quis semper urna aliquam. Fusce consectetur accumsan augue sit amet iaculis. Suspendisse volutpat urna vitae fermentum eleifend. Maecenas sapien leo, gravida vitae pellentesque quis, efficitur in erat. Maecenas elementum euismod hendrerit. Mauris sagittis massa a orci.','Lorem ipsum dolor sit amet, consectetur adipiscing elit. Morbi pulvinar pharetra bibendum. Ut eget risus nec risus finibus hendrerit in non tortor. Pellentesque maximus ligula et turpis faucibus cursus. Donec vel nunc metus. Quisque sagittis mattis dui vel varius. Aliquam iaculis interdum lacinia. Nam euismod lectus id maximus sodales. Nam id magna dictum, semper nisl vel, ornare ligula. Sed condimentum metus quis leo pharetra, quis semper urna aliquam. Fusce consectetur accumsan augue sit amet iaculis. Suspendisse volutpat urna vitae fermentum eleifend. Maecenas sapien leo, gravida vitae pellentesque quis, efficitur in erat. Maecenas elementum euismod hendrerit. Mauris sagittis massa a orci.',3.00),(48,100,'Syllas','Lorem ipsum dolor sit amet, consectetur adipiscing elit. Morbi pulvinar pharetra bibendum. Ut eget risus nec risus finibus hendrerit in non tortor. Pellentesque maximus ligula et turpis faucibus cursus. Donec vel nunc metus. Quisque sagittis mattis dui vel varius. Aliquam iaculis interdum lacinia. Nam euismod lectus id maximus sodales. Nam id magna dictum, semper nisl vel, ornare ligula. Sed condimentum metus quis leo pharetra, quis semper urna aliquam. Fusce consectetur accumsan augue sit amet iaculis. Suspendisse volutpat urna vitae fermentum eleifend. Maecenas sapien leo, gravida vitae pellentesque quis, efficitur in erat. Maecenas elementum euismod hendrerit. Mauris sagittis massa a orci.','Lorem ipsum dolor sit amet, consectetur adipiscing elit. Morbi pulvinar pharetra bibendum. Ut eget risus nec risus finibus hendrerit in non tortor. Pellentesque maximus ligula et turpis faucibus cursus. Donec vel nunc metus. Quisque sagittis mattis dui vel varius. Aliquam iaculis interdum lacinia. Nam euismod lectus id maximus sodales. Nam id magna dictum, semper nisl vel, ornare ligula. Sed condimentum metus quis leo pharetra, quis semper urna aliquam. Fusce consectetur accumsan augue sit amet iaculis. Suspendisse volutpat urna vitae fermentum eleifend. Maecenas sapien leo, gravida vitae pellentesque quis, efficitur in erat. Maecenas elementum euismod hendrerit. Mauris sagittis massa a orci.',3.60),(49,72,'Gymcalhober','Lorem ipsum dolor sit amet, consectetur adipiscing elit. Morbi pulvinar pharetra bibendum. Ut eget risus nec risus finibus hendrerit in non tortor. Pellentesque maximus ligula et turpis faucibus cursus. Donec vel nunc metus. Quisque sagittis mattis dui vel varius. Aliquam iaculis interdum lacinia. Nam euismod lectus id maximus sodales. Nam id magna dictum, semper nisl vel, ornare ligula. Sed condimentum metus quis leo pharetra, quis semper urna aliquam. Fusce consectetur accumsan augue sit amet iaculis. Suspendisse volutpat urna vitae fermentum eleifend. Maecenas sapien leo, gravida vitae pellentesque quis, efficitur in erat. Maecenas elementum euismod hendrerit. Mauris sagittis massa a orci.','Lorem ipsum dolor sit amet, consectetur adipiscing elit. Morbi pulvinar pharetra bibendum. Ut eget risus nec risus finibus hendrerit in non tortor. Pellentesque maximus ligula et turpis faucibus cursus. Donec vel nunc metus. Quisque sagittis mattis dui vel varius. Aliquam iaculis interdum lacinia. Nam euismod lectus id maximus sodales. Nam id magna dictum, semper nisl vel, ornare ligula. Sed condimentum metus quis leo pharetra, quis semper urna aliquam. Fusce consectetur accumsan augue sit amet iaculis. Suspendisse volutpat urna vitae fermentum eleifend. Maecenas sapien leo, gravida vitae pellentesque quis, efficitur in erat. Maecenas elementum euismod hendrerit. Mauris sagittis massa a orci.',3.00),(50,6,'Gimcullegirn','Lorem ipsum dolor sit amet, consectetur adipiscing elit. Morbi pulvinar pharetra bibendum. Ut eget risus nec risus finibus hendrerit in non tortor. Pellentesque maximus ligula et turpis faucibus cursus. Donec vel nunc metus. Quisque sagittis mattis dui vel varius. Aliquam iaculis interdum lacinia. Nam euismod lectus id maximus sodales. Nam id magna dictum, semper nisl vel, ornare ligula. Sed condimentum metus quis leo pharetra, quis semper urna aliquam. Fusce consectetur accumsan augue sit amet iaculis. Suspendisse volutpat urna vitae fermentum eleifend. Maecenas sapien leo, gravida vitae pellentesque quis, efficitur in erat. Maecenas elementum euismod hendrerit. Mauris sagittis massa a orci.','Lorem ipsum dolor sit amet, consectetur adipiscing elit. Morbi pulvinar pharetra bibendum. Ut eget risus nec risus finibus hendrerit in non tortor. Pellentesque maximus ligula et turpis faucibus cursus. Donec vel nunc metus. Quisque sagittis mattis dui vel varius. Aliquam iaculis interdum lacinia. Nam euismod lectus id maximus sodales. Nam id magna dictum, semper nisl vel, ornare ligula. Sed condimentum metus quis leo pharetra, quis semper urna aliquam. Fusce consectetur accumsan augue sit amet iaculis. Suspendisse volutpat urna vitae fermentum eleifend. Maecenas sapien leo, gravida vitae pellentesque quis, efficitur in erat. Maecenas elementum euismod hendrerit. Mauris sagittis massa a orci.',2.25),(51,26,'Borlessil','Lorem ipsum dolor sit amet, consectetur adipiscing elit. Morbi pulvinar pharetra bibendum. Ut eget risus nec risus finibus hendrerit in non tortor. Pellentesque maximus ligula et turpis faucibus cursus. Donec vel nunc metus. Quisque sagittis mattis dui vel varius. Aliquam iaculis interdum lacinia. Nam euismod lectus id maximus sodales. Nam id magna dictum, semper nisl vel, ornare ligula. Sed condimentum metus quis leo pharetra, quis semper urna aliquam. Fusce consectetur accumsan augue sit amet iaculis. Suspendisse volutpat urna vitae fermentum eleifend. Maecenas sapien leo, gravida vitae pellentesque quis, efficitur in erat. Maecenas elementum euismod hendrerit. Mauris sagittis massa a orci.','Lorem ipsum dolor sit amet, consectetur adipiscing elit. Morbi pulvinar pharetra bibendum. Ut eget risus nec risus finibus hendrerit in non tortor. Pellentesque maximus ligula et turpis faucibus cursus. Donec vel nunc metus. Quisque sagittis mattis dui vel varius. Aliquam iaculis interdum lacinia. Nam euismod lectus id maximus sodales. Nam id magna dictum, semper nisl vel, ornare ligula. Sed condimentum metus quis leo pharetra, quis semper urna aliquam. Fusce consectetur accumsan augue sit amet iaculis. Suspendisse volutpat urna vitae fermentum eleifend. Maecenas sapien leo, gravida vitae pellentesque quis, efficitur in erat. Maecenas elementum euismod hendrerit. Mauris sagittis massa a orci.',2.67),(52,74,'Thitha','Lorem ipsum dolor sit amet, consectetur adipiscing elit. Morbi pulvinar pharetra bibendum. Ut eget risus nec risus finibus hendrerit in non tortor. Pellentesque maximus ligula et turpis faucibus cursus. Donec vel nunc metus. Quisque sagittis mattis dui vel varius. Aliquam iaculis interdum lacinia. Nam euismod lectus id maximus sodales. Nam id magna dictum, semper nisl vel, ornare ligula. Sed condimentum metus quis leo pharetra, quis semper urna aliquam. Fusce consectetur accumsan augue sit amet iaculis. Suspendisse volutpat urna vitae fermentum eleifend. Maecenas sapien leo, gravida vitae pellentesque quis, efficitur in erat. Maecenas elementum euismod hendrerit. Mauris sagittis massa a orci.','Lorem ipsum dolor sit amet, consectetur adipiscing elit. Morbi pulvinar pharetra bibendum. Ut eget risus nec risus finibus hendrerit in non tortor. Pellentesque maximus ligula et turpis faucibus cursus. Donec vel nunc metus. Quisque sagittis mattis dui vel varius. Aliquam iaculis interdum lacinia. Nam euismod lectus id maximus sodales. Nam id magna dictum, semper nisl vel, ornare ligula. Sed condimentum metus quis leo pharetra, quis semper urna aliquam. Fusce consectetur accumsan augue sit amet iaculis. Suspendisse volutpat urna vitae fermentum eleifend. Maecenas sapien leo, gravida vitae pellentesque quis, efficitur in erat. Maecenas elementum euismod hendrerit. Mauris sagittis massa a orci.',3.25),(53,26,'Cylcelnor','Lorem ipsum dolor sit amet, consectetur adipiscing elit. Morbi pulvinar pharetra bibendum. Ut eget risus nec risus finibus hendrerit in non tortor. Pellentesque maximus ligula et turpis faucibus cursus. Donec vel nunc metus. Quisque sagittis mattis dui vel varius. Aliquam iaculis interdum lacinia. Nam euismod lectus id maximus sodales. Nam id magna dictum, semper nisl vel, ornare ligula. Sed condimentum metus quis leo pharetra, quis semper urna aliquam. Fusce consectetur accumsan augue sit amet iaculis. Suspendisse volutpat urna vitae fermentum eleifend. Maecenas sapien leo, gravida vitae pellentesque quis, efficitur in erat. Maecenas elementum euismod hendrerit. Mauris sagittis massa a orci.','Lorem ipsum dolor sit amet, consectetur adipiscing elit. Morbi pulvinar pharetra bibendum. Ut eget risus nec risus finibus hendrerit in non tortor. Pellentesque maximus ligula et turpis faucibus cursus. Donec vel nunc metus. Quisque sagittis mattis dui vel varius. Aliquam iaculis interdum lacinia. Nam euismod lectus id maximus sodales. Nam id magna dictum, semper nisl vel, ornare ligula. Sed condimentum metus quis leo pharetra, quis semper urna aliquam. Fusce consectetur accumsan augue sit amet iaculis. Suspendisse volutpat urna vitae fermentum eleifend. Maecenas sapien leo, gravida vitae pellentesque quis, efficitur in erat. Maecenas elementum euismod hendrerit. Mauris sagittis massa a orci.',3.50),(54,56,'Borbyrhulys','Lorem ipsum dolor sit amet, consectetur adipiscing elit. Morbi pulvinar pharetra bibendum. Ut eget risus nec risus finibus hendrerit in non tortor. Pellentesque maximus ligula et turpis faucibus cursus. Donec vel nunc metus. Quisque sagittis mattis dui vel varius. Aliquam iaculis interdum lacinia. Nam euismod lectus id maximus sodales. Nam id magna dictum, semper nisl vel, ornare ligula. Sed condimentum metus quis leo pharetra, quis semper urna aliquam. Fusce consectetur accumsan augue sit amet iaculis. Suspendisse volutpat urna vitae fermentum eleifend. Maecenas sapien leo, gravida vitae pellentesque quis, efficitur in erat. Maecenas elementum euismod hendrerit. Mauris sagittis massa a orci.','Lorem ipsum dolor sit amet, consectetur adipiscing elit. Morbi pulvinar pharetra bibendum. Ut eget risus nec risus finibus hendrerit in non tortor. Pellentesque maximus ligula et turpis faucibus cursus. Donec vel nunc metus. Quisque sagittis mattis dui vel varius. Aliquam iaculis interdum lacinia. Nam euismod lectus id maximus sodales. Nam id magna dictum, semper nisl vel, ornare ligula. Sed condimentum metus quis leo pharetra, quis semper urna aliquam. Fusce consectetur accumsan augue sit amet iaculis. Suspendisse volutpat urna vitae fermentum eleifend. Maecenas sapien leo, gravida vitae pellentesque quis, efficitur in erat. Maecenas elementum euismod hendrerit. Mauris sagittis massa a orci.',4.00),(55,16,'Loglistha','Lorem ipsum dolor sit amet, consectetur adipiscing elit. Morbi pulvinar pharetra bibendum. Ut eget risus nec risus finibus hendrerit in non tortor. Pellentesque maximus ligula et turpis faucibus cursus. Donec vel nunc metus. Quisque sagittis mattis dui vel varius. Aliquam iaculis interdum lacinia. Nam euismod lectus id maximus sodales. Nam id magna dictum, semper nisl vel, ornare ligula. Sed condimentum metus quis leo pharetra, quis semper urna aliquam. Fusce consectetur accumsan augue sit amet iaculis. Suspendisse volutpat urna vitae fermentum eleifend. Maecenas sapien leo, gravida vitae pellentesque quis, efficitur in erat. Maecenas elementum euismod hendrerit. Mauris sagittis massa a orci.','Lorem ipsum dolor sit amet, consectetur adipiscing elit. Morbi pulvinar pharetra bibendum. Ut eget risus nec risus finibus hendrerit in non tortor. Pellentesque maximus ligula et turpis faucibus cursus. Donec vel nunc metus. Quisque sagittis mattis dui vel varius. Aliquam iaculis interdum lacinia. Nam euismod lectus id maximus sodales. Nam id magna dictum, semper nisl vel, ornare ligula. Sed condimentum metus quis leo pharetra, quis semper urna aliquam. Fusce consectetur accumsan augue sit amet iaculis. Suspendisse volutpat urna vitae fermentum eleifend. Maecenas sapien leo, gravida vitae pellentesque quis, efficitur in erat. Maecenas elementum euismod hendrerit. Mauris sagittis massa a orci.',2.33),(56,14,'Silbartha','Lorem ipsum dolor sit amet, consectetur adipiscing elit. Morbi pulvinar pharetra bibendum. Ut eget risus nec risus finibus hendrerit in non tortor. Pellentesque maximus ligula et turpis faucibus cursus. Donec vel nunc metus. Quisque sagittis mattis dui vel varius. Aliquam iaculis interdum lacinia. Nam euismod lectus id maximus sodales. Nam id magna dictum, semper nisl vel, ornare ligula. Sed condimentum metus quis leo pharetra, quis semper urna aliquam. Fusce consectetur accumsan augue sit amet iaculis. Suspendisse volutpat urna vitae fermentum eleifend. Maecenas sapien leo, gravida vitae pellentesque quis, efficitur in erat. Maecenas elementum euismod hendrerit. Mauris sagittis massa a orci.','Lorem ipsum dolor sit amet, consectetur adipiscing elit. Morbi pulvinar pharetra bibendum. Ut eget risus nec risus finibus hendrerit in non tortor. Pellentesque maximus ligula et turpis faucibus cursus. Donec vel nunc metus. Quisque sagittis mattis dui vel varius. Aliquam iaculis interdum lacinia. Nam euismod lectus id maximus sodales. Nam id magna dictum, semper nisl vel, ornare ligula. Sed condimentum metus quis leo pharetra, quis semper urna aliquam. Fusce consectetur accumsan augue sit amet iaculis. Suspendisse volutpat urna vitae fermentum eleifend. Maecenas sapien leo, gravida vitae pellentesque quis, efficitur in erat. Maecenas elementum euismod hendrerit. Mauris sagittis massa a orci.',3.50),(57,92,'Orncilbirgom','Lorem ipsum dolor sit amet, consectetur adipiscing elit. Morbi pulvinar pharetra bibendum. Ut eget risus nec risus finibus hendrerit in non tortor. Pellentesque maximus ligula et turpis faucibus cursus. Donec vel nunc metus. Quisque sagittis mattis dui vel varius. Aliquam iaculis interdum lacinia. Nam euismod lectus id maximus sodales. Nam id magna dictum, semper nisl vel, ornare ligula. Sed condimentum metus quis leo pharetra, quis semper urna aliquam. Fusce consectetur accumsan augue sit amet iaculis. Suspendisse volutpat urna vitae fermentum eleifend. Maecenas sapien leo, gravida vitae pellentesque quis, efficitur in erat. Maecenas elementum euismod hendrerit. Mauris sagittis massa a orci.','Lorem ipsum dolor sit amet, consectetur adipiscing elit. Morbi pulvinar pharetra bibendum. Ut eget risus nec risus finibus hendrerit in non tortor. Pellentesque maximus ligula et turpis faucibus cursus. Donec vel nunc metus. Quisque sagittis mattis dui vel varius. Aliquam iaculis interdum lacinia. Nam euismod lectus id maximus sodales. Nam id magna dictum, semper nisl vel, ornare ligula. Sed condimentum metus quis leo pharetra, quis semper urna aliquam. Fusce consectetur accumsan augue sit amet iaculis. Suspendisse volutpat urna vitae fermentum eleifend. Maecenas sapien leo, gravida vitae pellentesque quis, efficitur in erat. Maecenas elementum euismod hendrerit. Mauris sagittis massa a orci.',3.25),(58,31,'Lasnormer','Lorem ipsum dolor sit amet, consectetur adipiscing elit. Morbi pulvinar pharetra bibendum. Ut eget risus nec risus finibus hendrerit in non tortor. Pellentesque maximus ligula et turpis faucibus cursus. Donec vel nunc metus. Quisque sagittis mattis dui vel varius. Aliquam iaculis interdum lacinia. Nam euismod lectus id maximus sodales. Nam id magna dictum, semper nisl vel, ornare ligula. Sed condimentum metus quis leo pharetra, quis semper urna aliquam. Fusce consectetur accumsan augue sit amet iaculis. Suspendisse volutpat urna vitae fermentum eleifend. Maecenas sapien leo, gravida vitae pellentesque quis, efficitur in erat. Maecenas elementum euismod hendrerit. Mauris sagittis massa a orci.','Lorem ipsum dolor sit amet, consectetur adipiscing elit. Morbi pulvinar pharetra bibendum. Ut eget risus nec risus finibus hendrerit in non tortor. Pellentesque maximus ligula et turpis faucibus cursus. Donec vel nunc metus. Quisque sagittis mattis dui vel varius. Aliquam iaculis interdum lacinia. Nam euismod lectus id maximus sodales. Nam id magna dictum, semper nisl vel, ornare ligula. Sed condimentum metus quis leo pharetra, quis semper urna aliquam. Fusce consectetur accumsan augue sit amet iaculis. Suspendisse volutpat urna vitae fermentum eleifend. Maecenas sapien leo, gravida vitae pellentesque quis, efficitur in erat. Maecenas elementum euismod hendrerit. Mauris sagittis massa a orci.',3.33),(59,86,'Lumsolthalig','Lorem ipsum dolor sit amet, consectetur adipiscing elit. Morbi pulvinar pharetra bibendum. Ut eget risus nec risus finibus hendrerit in non tortor. Pellentesque maximus ligula et turpis faucibus cursus. Donec vel nunc metus. Quisque sagittis mattis dui vel varius. Aliquam iaculis interdum lacinia. Nam euismod lectus id maximus sodales. Nam id magna dictum, semper nisl vel, ornare ligula. Sed condimentum metus quis leo pharetra, quis semper urna aliquam. Fusce consectetur accumsan augue sit amet iaculis. Suspendisse volutpat urna vitae fermentum eleifend. Maecenas sapien leo, gravida vitae pellentesque quis, efficitur in erat. Maecenas elementum euismod hendrerit. Mauris sagittis massa a orci.','Lorem ipsum dolor sit amet, consectetur adipiscing elit. Morbi pulvinar pharetra bibendum. Ut eget risus nec risus finibus hendrerit in non tortor. Pellentesque maximus ligula et turpis faucibus cursus. Donec vel nunc metus. Quisque sagittis mattis dui vel varius. Aliquam iaculis interdum lacinia. Nam euismod lectus id maximus sodales. Nam id magna dictum, semper nisl vel, ornare ligula. Sed condimentum metus quis leo pharetra, quis semper urna aliquam. Fusce consectetur accumsan augue sit amet iaculis. Suspendisse volutpat urna vitae fermentum eleifend. Maecenas sapien leo, gravida vitae pellentesque quis, efficitur in erat. Maecenas elementum euismod hendrerit. Mauris sagittis massa a orci.',3.33),(60,11,'Burlyscul','Lorem ipsum dolor sit amet, consectetur adipiscing elit. Morbi pulvinar pharetra bibendum. Ut eget risus nec risus finibus hendrerit in non tortor. Pellentesque maximus ligula et turpis faucibus cursus. Donec vel nunc metus. Quisque sagittis mattis dui vel varius. Aliquam iaculis interdum lacinia. Nam euismod lectus id maximus sodales. Nam id magna dictum, semper nisl vel, ornare ligula. Sed condimentum metus quis leo pharetra, quis semper urna aliquam. Fusce consectetur accumsan augue sit amet iaculis. Suspendisse volutpat urna vitae fermentum eleifend. Maecenas sapien leo, gravida vitae pellentesque quis, efficitur in erat. Maecenas elementum euismod hendrerit. Mauris sagittis massa a orci.','Lorem ipsum dolor sit amet, consectetur adipiscing elit. Morbi pulvinar pharetra bibendum. Ut eget risus nec risus finibus hendrerit in non tortor. Pellentesque maximus ligula et turpis faucibus cursus. Donec vel nunc metus. Quisque sagittis mattis dui vel varius. Aliquam iaculis interdum lacinia. Nam euismod lectus id maximus sodales. Nam id magna dictum, semper nisl vel, ornare ligula. Sed condimentum metus quis leo pharetra, quis semper urna aliquam. Fusce consectetur accumsan augue sit amet iaculis. Suspendisse volutpat urna vitae fermentum eleifend. Maecenas sapien leo, gravida vitae pellentesque quis, efficitur in erat. Maecenas elementum euismod hendrerit. Mauris sagittis massa a orci.',1.67),(61,26,'Murgomhellhi','Lorem ipsum dolor sit amet, consectetur adipiscing elit. Morbi pulvinar pharetra bibendum. Ut eget risus nec risus finibus hendrerit in non tortor. Pellentesque maximus ligula et turpis faucibus cursus. Donec vel nunc metus. Quisque sagittis mattis dui vel varius. Aliquam iaculis interdum lacinia. Nam euismod lectus id maximus sodales. Nam id magna dictum, semper nisl vel, ornare ligula. Sed condimentum metus quis leo pharetra, quis semper urna aliquam. Fusce consectetur accumsan augue sit amet iaculis. Suspendisse volutpat urna vitae fermentum eleifend. Maecenas sapien leo, gravida vitae pellentesque quis, efficitur in erat. Maecenas elementum euismod hendrerit. Mauris sagittis massa a orci.','Lorem ipsum dolor sit amet, consectetur adipiscing elit. Morbi pulvinar pharetra bibendum. Ut eget risus nec risus finibus hendrerit in non tortor. Pellentesque maximus ligula et turpis faucibus cursus. Donec vel nunc metus. Quisque sagittis mattis dui vel varius. Aliquam iaculis interdum lacinia. Nam euismod lectus id maximus sodales. Nam id magna dictum, semper nisl vel, ornare ligula. Sed condimentum metus quis leo pharetra, quis semper urna aliquam. Fusce consectetur accumsan augue sit amet iaculis. Suspendisse volutpat urna vitae fermentum eleifend. Maecenas sapien leo, gravida vitae pellentesque quis, efficitur in erat. Maecenas elementum euismod hendrerit. Mauris sagittis massa a orci.',2.20),(62,85,'Thatheluslag','Lorem ipsum dolor sit amet, consectetur adipiscing elit. Morbi pulvinar pharetra bibendum. Ut eget risus nec risus finibus hendrerit in non tortor. Pellentesque maximus ligula et turpis faucibus cursus. Donec vel nunc metus. Quisque sagittis mattis dui vel varius. Aliquam iaculis interdum lacinia. Nam euismod lectus id maximus sodales. Nam id magna dictum, semper nisl vel, ornare ligula. Sed condimentum metus quis leo pharetra, quis semper urna aliquam. Fusce consectetur accumsan augue sit amet iaculis. Suspendisse volutpat urna vitae fermentum eleifend. Maecenas sapien leo, gravida vitae pellentesque quis, efficitur in erat. Maecenas elementum euismod hendrerit. Mauris sagittis massa a orci.','Lorem ipsum dolor sit amet, consectetur adipiscing elit. Morbi pulvinar pharetra bibendum. Ut eget risus nec risus finibus hendrerit in non tortor. Pellentesque maximus ligula et turpis faucibus cursus. Donec vel nunc metus. Quisque sagittis mattis dui vel varius. Aliquam iaculis interdum lacinia. Nam euismod lectus id maximus sodales. Nam id magna dictum, semper nisl vel, ornare ligula. Sed condimentum metus quis leo pharetra, quis semper urna aliquam. Fusce consectetur accumsan augue sit amet iaculis. Suspendisse volutpat urna vitae fermentum eleifend. Maecenas sapien leo, gravida vitae pellentesque quis, efficitur in erat. Maecenas elementum euismod hendrerit. Mauris sagittis massa a orci.',2.38),(63,7,'Lyshallluslam','Lorem ipsum dolor sit amet, consectetur adipiscing elit. Morbi pulvinar pharetra bibendum. Ut eget risus nec risus finibus hendrerit in non tortor. Pellentesque maximus ligula et turpis faucibus cursus. Donec vel nunc metus. Quisque sagittis mattis dui vel varius. Aliquam iaculis interdum lacinia. Nam euismod lectus id maximus sodales. Nam id magna dictum, semper nisl vel, ornare ligula. Sed condimentum metus quis leo pharetra, quis semper urna aliquam. Fusce consectetur accumsan augue sit amet iaculis. Suspendisse volutpat urna vitae fermentum eleifend. Maecenas sapien leo, gravida vitae pellentesque quis, efficitur in erat. Maecenas elementum euismod hendrerit. Mauris sagittis massa a orci.','Lorem ipsum dolor sit amet, consectetur adipiscing elit. Morbi pulvinar pharetra bibendum. Ut eget risus nec risus finibus hendrerit in non tortor. Pellentesque maximus ligula et turpis faucibus cursus. Donec vel nunc metus. Quisque sagittis mattis dui vel varius. Aliquam iaculis interdum lacinia. Nam euismod lectus id maximus sodales. Nam id magna dictum, semper nisl vel, ornare ligula. Sed condimentum metus quis leo pharetra, quis semper urna aliquam. Fusce consectetur accumsan augue sit amet iaculis. Suspendisse volutpat urna vitae fermentum eleifend. Maecenas sapien leo, gravida vitae pellentesque quis, efficitur in erat. Maecenas elementum euismod hendrerit. Mauris sagittis massa a orci.',3.00),(64,16,'Mirborcil','Lorem ipsum dolor sit amet, consectetur adipiscing elit. Morbi pulvinar pharetra bibendum. Ut eget risus nec risus finibus hendrerit in non tortor. Pellentesque maximus ligula et turpis faucibus cursus. Donec vel nunc metus. Quisque sagittis mattis dui vel varius. Aliquam iaculis interdum lacinia. Nam euismod lectus id maximus sodales. Nam id magna dictum, semper nisl vel, ornare ligula. Sed condimentum metus quis leo pharetra, quis semper urna aliquam. Fusce consectetur accumsan augue sit amet iaculis. Suspendisse volutpat urna vitae fermentum eleifend. Maecenas sapien leo, gravida vitae pellentesque quis, efficitur in erat. Maecenas elementum euismod hendrerit. Mauris sagittis massa a orci.','Lorem ipsum dolor sit amet, consectetur adipiscing elit. Morbi pulvinar pharetra bibendum. Ut eget risus nec risus finibus hendrerit in non tortor. Pellentesque maximus ligula et turpis faucibus cursus. Donec vel nunc metus. Quisque sagittis mattis dui vel varius. Aliquam iaculis interdum lacinia. Nam euismod lectus id maximus sodales. Nam id magna dictum, semper nisl vel, ornare ligula. Sed condimentum metus quis leo pharetra, quis semper urna aliquam. Fusce consectetur accumsan augue sit amet iaculis. Suspendisse volutpat urna vitae fermentum eleifend. Maecenas sapien leo, gravida vitae pellentesque quis, efficitur in erat. Maecenas elementum euismod hendrerit. Mauris sagittis massa a orci.',3.67),(65,92,'Nircalbur','Lorem ipsum dolor sit amet, consectetur adipiscing elit. Morbi pulvinar pharetra bibendum. Ut eget risus nec risus finibus hendrerit in non tortor. Pellentesque maximus ligula et turpis faucibus cursus. Donec vel nunc metus. Quisque sagittis mattis dui vel varius. Aliquam iaculis interdum lacinia. Nam euismod lectus id maximus sodales. Nam id magna dictum, semper nisl vel, ornare ligula. Sed condimentum metus quis leo pharetra, quis semper urna aliquam. Fusce consectetur accumsan augue sit amet iaculis. Suspendisse volutpat urna vitae fermentum eleifend. Maecenas sapien leo, gravida vitae pellentesque quis, efficitur in erat. Maecenas elementum euismod hendrerit. Mauris sagittis massa a orci.','Lorem ipsum dolor sit amet, consectetur adipiscing elit. Morbi pulvinar pharetra bibendum. Ut eget risus nec risus finibus hendrerit in non tortor. Pellentesque maximus ligula et turpis faucibus cursus. Donec vel nunc metus. Quisque sagittis mattis dui vel varius. Aliquam iaculis interdum lacinia. Nam euismod lectus id maximus sodales. Nam id magna dictum, semper nisl vel, ornare ligula. Sed condimentum metus quis leo pharetra, quis semper urna aliquam. Fusce consectetur accumsan augue sit amet iaculis. Suspendisse volutpat urna vitae fermentum eleifend. Maecenas sapien leo, gravida vitae pellentesque quis, efficitur in erat. Maecenas elementum euismod hendrerit. Mauris sagittis massa a orci.',2.50),(66,40,'Barlugarn','Lorem ipsum dolor sit amet, consectetur adipiscing elit. Morbi pulvinar pharetra bibendum. Ut eget risus nec risus finibus hendrerit in non tortor. Pellentesque maximus ligula et turpis faucibus cursus. Donec vel nunc metus. Quisque sagittis mattis dui vel varius. Aliquam iaculis interdum lacinia. Nam euismod lectus id maximus sodales. Nam id magna dictum, semper nisl vel, ornare ligula. Sed condimentum metus quis leo pharetra, quis semper urna aliquam. Fusce consectetur accumsan augue sit amet iaculis. Suspendisse volutpat urna vitae fermentum eleifend. Maecenas sapien leo, gravida vitae pellentesque quis, efficitur in erat. Maecenas elementum euismod hendrerit. Mauris sagittis massa a orci.','Lorem ipsum dolor sit amet, consectetur adipiscing elit. Morbi pulvinar pharetra bibendum. Ut eget risus nec risus finibus hendrerit in non tortor. Pellentesque maximus ligula et turpis faucibus cursus. Donec vel nunc metus. Quisque sagittis mattis dui vel varius. Aliquam iaculis interdum lacinia. Nam euismod lectus id maximus sodales. Nam id magna dictum, semper nisl vel, ornare ligula. Sed condimentum metus quis leo pharetra, quis semper urna aliquam. Fusce consectetur accumsan augue sit amet iaculis. Suspendisse volutpat urna vitae fermentum eleifend. Maecenas sapien leo, gravida vitae pellentesque quis, efficitur in erat. Maecenas elementum euismod hendrerit. Mauris sagittis massa a orci.',3.00),(67,40,'Gimcul','Lorem ipsum dolor sit amet, consectetur adipiscing elit. Morbi pulvinar pharetra bibendum. Ut eget risus nec risus finibus hendrerit in non tortor. Pellentesque maximus ligula et turpis faucibus cursus. Donec vel nunc metus. Quisque sagittis mattis dui vel varius. Aliquam iaculis interdum lacinia. Nam euismod lectus id maximus sodales. Nam id magna dictum, semper nisl vel, ornare ligula. Sed condimentum metus quis leo pharetra, quis semper urna aliquam. Fusce consectetur accumsan augue sit amet iaculis. Suspendisse volutpat urna vitae fermentum eleifend. Maecenas sapien leo, gravida vitae pellentesque quis, efficitur in erat. Maecenas elementum euismod hendrerit. Mauris sagittis massa a orci.','Lorem ipsum dolor sit amet, consectetur adipiscing elit. Morbi pulvinar pharetra bibendum. Ut eget risus nec risus finibus hendrerit in non tortor. Pellentesque maximus ligula et turpis faucibus cursus. Donec vel nunc metus. Quisque sagittis mattis dui vel varius. Aliquam iaculis interdum lacinia. Nam euismod lectus id maximus sodales. Nam id magna dictum, semper nisl vel, ornare ligula. Sed condimentum metus quis leo pharetra, quis semper urna aliquam. Fusce consectetur accumsan augue sit amet iaculis. Suspendisse volutpat urna vitae fermentum eleifend. Maecenas sapien leo, gravida vitae pellentesque quis, efficitur in erat. Maecenas elementum euismod hendrerit. Mauris sagittis massa a orci.',2.50),(68,79,'Thulam','Lorem ipsum dolor sit amet, consectetur adipiscing elit. Morbi pulvinar pharetra bibendum. Ut eget risus nec risus finibus hendrerit in non tortor. Pellentesque maximus ligula et turpis faucibus cursus. Donec vel nunc metus. Quisque sagittis mattis dui vel varius. Aliquam iaculis interdum lacinia. Nam euismod lectus id maximus sodales. Nam id magna dictum, semper nisl vel, ornare ligula. Sed condimentum metus quis leo pharetra, quis semper urna aliquam. Fusce consectetur accumsan augue sit amet iaculis. Suspendisse volutpat urna vitae fermentum eleifend. Maecenas sapien leo, gravida vitae pellentesque quis, efficitur in erat. Maecenas elementum euismod hendrerit. Mauris sagittis massa a orci.','Lorem ipsum dolor sit amet, consectetur adipiscing elit. Morbi pulvinar pharetra bibendum. Ut eget risus nec risus finibus hendrerit in non tortor. Pellentesque maximus ligula et turpis faucibus cursus. Donec vel nunc metus. Quisque sagittis mattis dui vel varius. Aliquam iaculis interdum lacinia. Nam euismod lectus id maximus sodales. Nam id magna dictum, semper nisl vel, ornare ligula. Sed condimentum metus quis leo pharetra, quis semper urna aliquam. Fusce consectetur accumsan augue sit amet iaculis. Suspendisse volutpat urna vitae fermentum eleifend. Maecenas sapien leo, gravida vitae pellentesque quis, efficitur in erat. Maecenas elementum euismod hendrerit. Mauris sagittis massa a orci.',3.40),(69,83,'Hecolha','Lorem ipsum dolor sit amet, consectetur adipiscing elit. Morbi pulvinar pharetra bibendum. Ut eget risus nec risus finibus hendrerit in non tortor. Pellentesque maximus ligula et turpis faucibus cursus. Donec vel nunc metus. Quisque sagittis mattis dui vel varius. Aliquam iaculis interdum lacinia. Nam euismod lectus id maximus sodales. Nam id magna dictum, semper nisl vel, ornare ligula. Sed condimentum metus quis leo pharetra, quis semper urna aliquam. Fusce consectetur accumsan augue sit amet iaculis. Suspendisse volutpat urna vitae fermentum eleifend. Maecenas sapien leo, gravida vitae pellentesque quis, efficitur in erat. Maecenas elementum euismod hendrerit. Mauris sagittis massa a orci.','Lorem ipsum dolor sit amet, consectetur adipiscing elit. Morbi pulvinar pharetra bibendum. Ut eget risus nec risus finibus hendrerit in non tortor. Pellentesque maximus ligula et turpis faucibus cursus. Donec vel nunc metus. Quisque sagittis mattis dui vel varius. Aliquam iaculis interdum lacinia. Nam euismod lectus id maximus sodales. Nam id magna dictum, semper nisl vel, ornare ligula. Sed condimentum metus quis leo pharetra, quis semper urna aliquam. Fusce consectetur accumsan augue sit amet iaculis. Suspendisse volutpat urna vitae fermentum eleifend. Maecenas sapien leo, gravida vitae pellentesque quis, efficitur in erat. Maecenas elementum euismod hendrerit. Mauris sagittis massa a orci.',4.50),(70,97,'Ornmur','Lorem ipsum dolor sit amet, consectetur adipiscing elit. Morbi pulvinar pharetra bibendum. Ut eget risus nec risus finibus hendrerit in non tortor. Pellentesque maximus ligula et turpis faucibus cursus. Donec vel nunc metus. Quisque sagittis mattis dui vel varius. Aliquam iaculis interdum lacinia. Nam euismod lectus id maximus sodales. Nam id magna dictum, semper nisl vel, ornare ligula. Sed condimentum metus quis leo pharetra, quis semper urna aliquam. Fusce consectetur accumsan augue sit amet iaculis. Suspendisse volutpat urna vitae fermentum eleifend. Maecenas sapien leo, gravida vitae pellentesque quis, efficitur in erat. Maecenas elementum euismod hendrerit. Mauris sagittis massa a orci.','Lorem ipsum dolor sit amet, consectetur adipiscing elit. Morbi pulvinar pharetra bibendum. Ut eget risus nec risus finibus hendrerit in non tortor. Pellentesque maximus ligula et turpis faucibus cursus. Donec vel nunc metus. Quisque sagittis mattis dui vel varius. Aliquam iaculis interdum lacinia. Nam euismod lectus id maximus sodales. Nam id magna dictum, semper nisl vel, ornare ligula. Sed condimentum metus quis leo pharetra, quis semper urna aliquam. Fusce consectetur accumsan augue sit amet iaculis. Suspendisse volutpat urna vitae fermentum eleifend. Maecenas sapien leo, gravida vitae pellentesque quis, efficitur in erat. Maecenas elementum euismod hendrerit. Mauris sagittis massa a orci.',3.33),(71,11,'Lamber','Lorem ipsum dolor sit amet, consectetur adipiscing elit. Morbi pulvinar pharetra bibendum. Ut eget risus nec risus finibus hendrerit in non tortor. Pellentesque maximus ligula et turpis faucibus cursus. Donec vel nunc metus. Quisque sagittis mattis dui vel varius. Aliquam iaculis interdum lacinia. Nam euismod lectus id maximus sodales. Nam id magna dictum, semper nisl vel, ornare ligula. Sed condimentum metus quis leo pharetra, quis semper urna aliquam. Fusce consectetur accumsan augue sit amet iaculis. Suspendisse volutpat urna vitae fermentum eleifend. Maecenas sapien leo, gravida vitae pellentesque quis, efficitur in erat. Maecenas elementum euismod hendrerit. Mauris sagittis massa a orci.','Lorem ipsum dolor sit amet, consectetur adipiscing elit. Morbi pulvinar pharetra bibendum. Ut eget risus nec risus finibus hendrerit in non tortor. Pellentesque maximus ligula et turpis faucibus cursus. Donec vel nunc metus. Quisque sagittis mattis dui vel varius. Aliquam iaculis interdum lacinia. Nam euismod lectus id maximus sodales. Nam id magna dictum, semper nisl vel, ornare ligula. Sed condimentum metus quis leo pharetra, quis semper urna aliquam. Fusce consectetur accumsan augue sit amet iaculis. Suspendisse volutpat urna vitae fermentum eleifend. Maecenas sapien leo, gravida vitae pellentesque quis, efficitur in erat. Maecenas elementum euismod hendrerit. Mauris sagittis massa a orci.',2.88),(72,97,'Sulleshe','Lorem ipsum dolor sit amet, consectetur adipiscing elit. Morbi pulvinar pharetra bibendum. Ut eget risus nec risus finibus hendrerit in non tortor. Pellentesque maximus ligula et turpis faucibus cursus. Donec vel nunc metus. Quisque sagittis mattis dui vel varius. Aliquam iaculis interdum lacinia. Nam euismod lectus id maximus sodales. Nam id magna dictum, semper nisl vel, ornare ligula. Sed condimentum metus quis leo pharetra, quis semper urna aliquam. Fusce consectetur accumsan augue sit amet iaculis. Suspendisse volutpat urna vitae fermentum eleifend. Maecenas sapien leo, gravida vitae pellentesque quis, efficitur in erat. Maecenas elementum euismod hendrerit. Mauris sagittis massa a orci.','Lorem ipsum dolor sit amet, consectetur adipiscing elit. Morbi pulvinar pharetra bibendum. Ut eget risus nec risus finibus hendrerit in non tortor. Pellentesque maximus ligula et turpis faucibus cursus. Donec vel nunc metus. Quisque sagittis mattis dui vel varius. Aliquam iaculis interdum lacinia. Nam euismod lectus id maximus sodales. Nam id magna dictum, semper nisl vel, ornare ligula. Sed condimentum metus quis leo pharetra, quis semper urna aliquam. Fusce consectetur accumsan augue sit amet iaculis. Suspendisse volutpat urna vitae fermentum eleifend. Maecenas sapien leo, gravida vitae pellentesque quis, efficitur in erat. Maecenas elementum euismod hendrerit. Mauris sagittis massa a orci.',3.50),(73,42,'Lomlember','Lorem ipsum dolor sit amet, consectetur adipiscing elit. Morbi pulvinar pharetra bibendum. Ut eget risus nec risus finibus hendrerit in non tortor. Pellentesque maximus ligula et turpis faucibus cursus. Donec vel nunc metus. Quisque sagittis mattis dui vel varius. Aliquam iaculis interdum lacinia. Nam euismod lectus id maximus sodales. Nam id magna dictum, semper nisl vel, ornare ligula. Sed condimentum metus quis leo pharetra, quis semper urna aliquam. Fusce consectetur accumsan augue sit amet iaculis. Suspendisse volutpat urna vitae fermentum eleifend. Maecenas sapien leo, gravida vitae pellentesque quis, efficitur in erat. Maecenas elementum euismod hendrerit. Mauris sagittis massa a orci.','Lorem ipsum dolor sit amet, consectetur adipiscing elit. Morbi pulvinar pharetra bibendum. Ut eget risus nec risus finibus hendrerit in non tortor. Pellentesque maximus ligula et turpis faucibus cursus. Donec vel nunc metus. Quisque sagittis mattis dui vel varius. Aliquam iaculis interdum lacinia. Nam euismod lectus id maximus sodales. Nam id magna dictum, semper nisl vel, ornare ligula. Sed condimentum metus quis leo pharetra, quis semper urna aliquam. Fusce consectetur accumsan augue sit amet iaculis. Suspendisse volutpat urna vitae fermentum eleifend. Maecenas sapien leo, gravida vitae pellentesque quis, efficitur in erat. Maecenas elementum euismod hendrerit. Mauris sagittis massa a orci.',3.20),(74,51,'Loscal','Lorem ipsum dolor sit amet, consectetur adipiscing elit. Morbi pulvinar pharetra bibendum. Ut eget risus nec risus finibus hendrerit in non tortor. Pellentesque maximus ligula et turpis faucibus cursus. Donec vel nunc metus. Quisque sagittis mattis dui vel varius. Aliquam iaculis interdum lacinia. Nam euismod lectus id maximus sodales. Nam id magna dictum, semper nisl vel, ornare ligula. Sed condimentum metus quis leo pharetra, quis semper urna aliquam. Fusce consectetur accumsan augue sit amet iaculis. Suspendisse volutpat urna vitae fermentum eleifend. Maecenas sapien leo, gravida vitae pellentesque quis, efficitur in erat. Maecenas elementum euismod hendrerit. Mauris sagittis massa a orci.','Lorem ipsum dolor sit amet, consectetur adipiscing elit. Morbi pulvinar pharetra bibendum. Ut eget risus nec risus finibus hendrerit in non tortor. Pellentesque maximus ligula et turpis faucibus cursus. Donec vel nunc metus. Quisque sagittis mattis dui vel varius. Aliquam iaculis interdum lacinia. Nam euismod lectus id maximus sodales. Nam id magna dictum, semper nisl vel, ornare ligula. Sed condimentum metus quis leo pharetra, quis semper urna aliquam. Fusce consectetur accumsan augue sit amet iaculis. Suspendisse volutpat urna vitae fermentum eleifend. Maecenas sapien leo, gravida vitae pellentesque quis, efficitur in erat. Maecenas elementum euismod hendrerit. Mauris sagittis massa a orci.',2.33),(75,97,'Calornthilog','Lorem ipsum dolor sit amet, consectetur adipiscing elit. Morbi pulvinar pharetra bibendum. Ut eget risus nec risus finibus hendrerit in non tortor. Pellentesque maximus ligula et turpis faucibus cursus. Donec vel nunc metus. Quisque sagittis mattis dui vel varius. Aliquam iaculis interdum lacinia. Nam euismod lectus id maximus sodales. Nam id magna dictum, semper nisl vel, ornare ligula. Sed condimentum metus quis leo pharetra, quis semper urna aliquam. Fusce consectetur accumsan augue sit amet iaculis. Suspendisse volutpat urna vitae fermentum eleifend. Maecenas sapien leo, gravida vitae pellentesque quis, efficitur in erat. Maecenas elementum euismod hendrerit. Mauris sagittis massa a orci.','Lorem ipsum dolor sit amet, consectetur adipiscing elit. Morbi pulvinar pharetra bibendum. Ut eget risus nec risus finibus hendrerit in non tortor. Pellentesque maximus ligula et turpis faucibus cursus. Donec vel nunc metus. Quisque sagittis mattis dui vel varius. Aliquam iaculis interdum lacinia. Nam euismod lectus id maximus sodales. Nam id magna dictum, semper nisl vel, ornare ligula. Sed condimentum metus quis leo pharetra, quis semper urna aliquam. Fusce consectetur accumsan augue sit amet iaculis. Suspendisse volutpat urna vitae fermentum eleifend. Maecenas sapien leo, gravida vitae pellentesque quis, efficitur in erat. Maecenas elementum euismod hendrerit. Mauris sagittis massa a orci.',2.67),(76,96,'Limlesgam','Lorem ipsum dolor sit amet, consectetur adipiscing elit. Morbi pulvinar pharetra bibendum. Ut eget risus nec risus finibus hendrerit in non tortor. Pellentesque maximus ligula et turpis faucibus cursus. Donec vel nunc metus. Quisque sagittis mattis dui vel varius. Aliquam iaculis interdum lacinia. Nam euismod lectus id maximus sodales. Nam id magna dictum, semper nisl vel, ornare ligula. Sed condimentum metus quis leo pharetra, quis semper urna aliquam. Fusce consectetur accumsan augue sit amet iaculis. Suspendisse volutpat urna vitae fermentum eleifend. Maecenas sapien leo, gravida vitae pellentesque quis, efficitur in erat. Maecenas elementum euismod hendrerit. Mauris sagittis massa a orci.','Lorem ipsum dolor sit amet, consectetur adipiscing elit. Morbi pulvinar pharetra bibendum. Ut eget risus nec risus finibus hendrerit in non tortor. Pellentesque maximus ligula et turpis faucibus cursus. Donec vel nunc metus. Quisque sagittis mattis dui vel varius. Aliquam iaculis interdum lacinia. Nam euismod lectus id maximus sodales. Nam id magna dictum, semper nisl vel, ornare ligula. Sed condimentum metus quis leo pharetra, quis semper urna aliquam. Fusce consectetur accumsan augue sit amet iaculis. Suspendisse volutpat urna vitae fermentum eleifend. Maecenas sapien leo, gravida vitae pellentesque quis, efficitur in erat. Maecenas elementum euismod hendrerit. Mauris sagittis massa a orci.',3.75),(77,27,'Thigomcul','Lorem ipsum dolor sit amet, consectetur adipiscing elit. Morbi pulvinar pharetra bibendum. Ut eget risus nec risus finibus hendrerit in non tortor. Pellentesque maximus ligula et turpis faucibus cursus. Donec vel nunc metus. Quisque sagittis mattis dui vel varius. Aliquam iaculis interdum lacinia. Nam euismod lectus id maximus sodales. Nam id magna dictum, semper nisl vel, ornare ligula. Sed condimentum metus quis leo pharetra, quis semper urna aliquam. Fusce consectetur accumsan augue sit amet iaculis. Suspendisse volutpat urna vitae fermentum eleifend. Maecenas sapien leo, gravida vitae pellentesque quis, efficitur in erat. Maecenas elementum euismod hendrerit. Mauris sagittis massa a orci.','Lorem ipsum dolor sit amet, consectetur adipiscing elit. Morbi pulvinar pharetra bibendum. Ut eget risus nec risus finibus hendrerit in non tortor. Pellentesque maximus ligula et turpis faucibus cursus. Donec vel nunc metus. Quisque sagittis mattis dui vel varius. Aliquam iaculis interdum lacinia. Nam euismod lectus id maximus sodales. Nam id magna dictum, semper nisl vel, ornare ligula. Sed condimentum metus quis leo pharetra, quis semper urna aliquam. Fusce consectetur accumsan augue sit amet iaculis. Suspendisse volutpat urna vitae fermentum eleifend. Maecenas sapien leo, gravida vitae pellentesque quis, efficitur in erat. Maecenas elementum euismod hendrerit. Mauris sagittis massa a orci.',3.00),(78,13,'Laglyslomlis','Lorem ipsum dolor sit amet, consectetur adipiscing elit. Morbi pulvinar pharetra bibendum. Ut eget risus nec risus finibus hendrerit in non tortor. Pellentesque maximus ligula et turpis faucibus cursus. Donec vel nunc metus. Quisque sagittis mattis dui vel varius. Aliquam iaculis interdum lacinia. Nam euismod lectus id maximus sodales. Nam id magna dictum, semper nisl vel, ornare ligula. Sed condimentum metus quis leo pharetra, quis semper urna aliquam. Fusce consectetur accumsan augue sit amet iaculis. Suspendisse volutpat urna vitae fermentum eleifend. Maecenas sapien leo, gravida vitae pellentesque quis, efficitur in erat. Maecenas elementum euismod hendrerit. Mauris sagittis massa a orci.','Lorem ipsum dolor sit amet, consectetur adipiscing elit. Morbi pulvinar pharetra bibendum. Ut eget risus nec risus finibus hendrerit in non tortor. Pellentesque maximus ligula et turpis faucibus cursus. Donec vel nunc metus. Quisque sagittis mattis dui vel varius. Aliquam iaculis interdum lacinia. Nam euismod lectus id maximus sodales. Nam id magna dictum, semper nisl vel, ornare ligula. Sed condimentum metus quis leo pharetra, quis semper urna aliquam. Fusce consectetur accumsan augue sit amet iaculis. Suspendisse volutpat urna vitae fermentum eleifend. Maecenas sapien leo, gravida vitae pellentesque quis, efficitur in erat. Maecenas elementum euismod hendrerit. Mauris sagittis massa a orci.',2.00),(79,87,'Erngomlig','Lorem ipsum dolor sit amet, consectetur adipiscing elit. Morbi pulvinar pharetra bibendum. Ut eget risus nec risus finibus hendrerit in non tortor. Pellentesque maximus ligula et turpis faucibus cursus. Donec vel nunc metus. Quisque sagittis mattis dui vel varius. Aliquam iaculis interdum lacinia. Nam euismod lectus id maximus sodales. Nam id magna dictum, semper nisl vel, ornare ligula. Sed condimentum metus quis leo pharetra, quis semper urna aliquam. Fusce consectetur accumsan augue sit amet iaculis. Suspendisse volutpat urna vitae fermentum eleifend. Maecenas sapien leo, gravida vitae pellentesque quis, efficitur in erat. Maecenas elementum euismod hendrerit. Mauris sagittis massa a orci.','Lorem ipsum dolor sit amet, consectetur adipiscing elit. Morbi pulvinar pharetra bibendum. Ut eget risus nec risus finibus hendrerit in non tortor. Pellentesque maximus ligula et turpis faucibus cursus. Donec vel nunc metus. Quisque sagittis mattis dui vel varius. Aliquam iaculis interdum lacinia. Nam euismod lectus id maximus sodales. Nam id magna dictum, semper nisl vel, ornare ligula. Sed condimentum metus quis leo pharetra, quis semper urna aliquam. Fusce consectetur accumsan augue sit amet iaculis. Suspendisse volutpat urna vitae fermentum eleifend. Maecenas sapien leo, gravida vitae pellentesque quis, efficitur in erat. Maecenas elementum euismod hendrerit. Mauris sagittis massa a orci.',3.00),(80,5,'Gamlusmorcol','Lorem ipsum dolor sit amet, consectetur adipiscing elit. Morbi pulvinar pharetra bibendum. Ut eget risus nec risus finibus hendrerit in non tortor. Pellentesque maximus ligula et turpis faucibus cursus. Donec vel nunc metus. Quisque sagittis mattis dui vel varius. Aliquam iaculis interdum lacinia. Nam euismod lectus id maximus sodales. Nam id magna dictum, semper nisl vel, ornare ligula. Sed condimentum metus quis leo pharetra, quis semper urna aliquam. Fusce consectetur accumsan augue sit amet iaculis. Suspendisse volutpat urna vitae fermentum eleifend. Maecenas sapien leo, gravida vitae pellentesque quis, efficitur in erat. Maecenas elementum euismod hendrerit. Mauris sagittis massa a orci.','Lorem ipsum dolor sit amet, consectetur adipiscing elit. Morbi pulvinar pharetra bibendum. Ut eget risus nec risus finibus hendrerit in non tortor. Pellentesque maximus ligula et turpis faucibus cursus. Donec vel nunc metus. Quisque sagittis mattis dui vel varius. Aliquam iaculis interdum lacinia. Nam euismod lectus id maximus sodales. Nam id magna dictum, semper nisl vel, ornare ligula. Sed condimentum metus quis leo pharetra, quis semper urna aliquam. Fusce consectetur accumsan augue sit amet iaculis. Suspendisse volutpat urna vitae fermentum eleifend. Maecenas sapien leo, gravida vitae pellentesque quis, efficitur in erat. Maecenas elementum euismod hendrerit. Mauris sagittis massa a orci.',1.71),(81,97,'Syllag','Lorem ipsum dolor sit amet, consectetur adipiscing elit. Morbi pulvinar pharetra bibendum. Ut eget risus nec risus finibus hendrerit in non tortor. Pellentesque maximus ligula et turpis faucibus cursus. Donec vel nunc metus. Quisque sagittis mattis dui vel varius. Aliquam iaculis interdum lacinia. Nam euismod lectus id maximus sodales. Nam id magna dictum, semper nisl vel, ornare ligula. Sed condimentum metus quis leo pharetra, quis semper urna aliquam. Fusce consectetur accumsan augue sit amet iaculis. Suspendisse volutpat urna vitae fermentum eleifend. Maecenas sapien leo, gravida vitae pellentesque quis, efficitur in erat. Maecenas elementum euismod hendrerit. Mauris sagittis massa a orci.','Lorem ipsum dolor sit amet, consectetur adipiscing elit. Morbi pulvinar pharetra bibendum. Ut eget risus nec risus finibus hendrerit in non tortor. Pellentesque maximus ligula et turpis faucibus cursus. Donec vel nunc metus. Quisque sagittis mattis dui vel varius. Aliquam iaculis interdum lacinia. Nam euismod lectus id maximus sodales. Nam id magna dictum, semper nisl vel, ornare ligula. Sed condimentum metus quis leo pharetra, quis semper urna aliquam. Fusce consectetur accumsan augue sit amet iaculis. Suspendisse volutpat urna vitae fermentum eleifend. Maecenas sapien leo, gravida vitae pellentesque quis, efficitur in erat. Maecenas elementum euismod hendrerit. Mauris sagittis massa a orci.',4.11),(82,99,'Hothoirnlug','Lorem ipsum dolor sit amet, consectetur adipiscing elit. Morbi pulvinar pharetra bibendum. Ut eget risus nec risus finibus hendrerit in non tortor. Pellentesque maximus ligula et turpis faucibus cursus. Donec vel nunc metus. Quisque sagittis mattis dui vel varius. Aliquam iaculis interdum lacinia. Nam euismod lectus id maximus sodales. Nam id magna dictum, semper nisl vel, ornare ligula. Sed condimentum metus quis leo pharetra, quis semper urna aliquam. Fusce consectetur accumsan augue sit amet iaculis. Suspendisse volutpat urna vitae fermentum eleifend. Maecenas sapien leo, gravida vitae pellentesque quis, efficitur in erat. Maecenas elementum euismod hendrerit. Mauris sagittis massa a orci.','Lorem ipsum dolor sit amet, consectetur adipiscing elit. Morbi pulvinar pharetra bibendum. Ut eget risus nec risus finibus hendrerit in non tortor. Pellentesque maximus ligula et turpis faucibus cursus. Donec vel nunc metus. Quisque sagittis mattis dui vel varius. Aliquam iaculis interdum lacinia. Nam euismod lectus id maximus sodales. Nam id magna dictum, semper nisl vel, ornare ligula. Sed condimentum metus quis leo pharetra, quis semper urna aliquam. Fusce consectetur accumsan augue sit amet iaculis. Suspendisse volutpat urna vitae fermentum eleifend. Maecenas sapien leo, gravida vitae pellentesque quis, efficitur in erat. Maecenas elementum euismod hendrerit. Mauris sagittis massa a orci.',2.00),(83,36,'Hesolmar','Lorem ipsum dolor sit amet, consectetur adipiscing elit. Morbi pulvinar pharetra bibendum. Ut eget risus nec risus finibus hendrerit in non tortor. Pellentesque maximus ligula et turpis faucibus cursus. Donec vel nunc metus. Quisque sagittis mattis dui vel varius. Aliquam iaculis interdum lacinia. Nam euismod lectus id maximus sodales. Nam id magna dictum, semper nisl vel, ornare ligula. Sed condimentum metus quis leo pharetra, quis semper urna aliquam. Fusce consectetur accumsan augue sit amet iaculis. Suspendisse volutpat urna vitae fermentum eleifend. Maecenas sapien leo, gravida vitae pellentesque quis, efficitur in erat. Maecenas elementum euismod hendrerit. Mauris sagittis massa a orci.','Lorem ipsum dolor sit amet, consectetur adipiscing elit. Morbi pulvinar pharetra bibendum. Ut eget risus nec risus finibus hendrerit in non tortor. Pellentesque maximus ligula et turpis faucibus cursus. Donec vel nunc metus. Quisque sagittis mattis dui vel varius. Aliquam iaculis interdum lacinia. Nam euismod lectus id maximus sodales. Nam id magna dictum, semper nisl vel, ornare ligula. Sed condimentum metus quis leo pharetra, quis semper urna aliquam. Fusce consectetur accumsan augue sit amet iaculis. Suspendisse volutpat urna vitae fermentum eleifend. Maecenas sapien leo, gravida vitae pellentesque quis, efficitur in erat. Maecenas elementum euismod hendrerit. Mauris sagittis massa a orci.',3.17),(84,75,'Lugcul','Lorem ipsum dolor sit amet, consectetur adipiscing elit. Morbi pulvinar pharetra bibendum. Ut eget risus nec risus finibus hendrerit in non tortor. Pellentesque maximus ligula et turpis faucibus cursus. Donec vel nunc metus. Quisque sagittis mattis dui vel varius. Aliquam iaculis interdum lacinia. Nam euismod lectus id maximus sodales. Nam id magna dictum, semper nisl vel, ornare ligula. Sed condimentum metus quis leo pharetra, quis semper urna aliquam. Fusce consectetur accumsan augue sit amet iaculis. Suspendisse volutpat urna vitae fermentum eleifend. Maecenas sapien leo, gravida vitae pellentesque quis, efficitur in erat. Maecenas elementum euismod hendrerit. Mauris sagittis massa a orci.','Lorem ipsum dolor sit amet, consectetur adipiscing elit. Morbi pulvinar pharetra bibendum. Ut eget risus nec risus finibus hendrerit in non tortor. Pellentesque maximus ligula et turpis faucibus cursus. Donec vel nunc metus. Quisque sagittis mattis dui vel varius. Aliquam iaculis interdum lacinia. Nam euismod lectus id maximus sodales. Nam id magna dictum, semper nisl vel, ornare ligula. Sed condimentum metus quis leo pharetra, quis semper urna aliquam. Fusce consectetur accumsan augue sit amet iaculis. Suspendisse volutpat urna vitae fermentum eleifend. Maecenas sapien leo, gravida vitae pellentesque quis, efficitur in erat. Maecenas elementum euismod hendrerit. Mauris sagittis massa a orci.',4.50),(85,33,'Thicolthu','Lorem ipsum dolor sit amet, consectetur adipiscing elit. Morbi pulvinar pharetra bibendum. Ut eget risus nec risus finibus hendrerit in non tortor. Pellentesque maximus ligula et turpis faucibus cursus. Donec vel nunc metus. Quisque sagittis mattis dui vel varius. Aliquam iaculis interdum lacinia. Nam euismod lectus id maximus sodales. Nam id magna dictum, semper nisl vel, ornare ligula. Sed condimentum metus quis leo pharetra, quis semper urna aliquam. Fusce consectetur accumsan augue sit amet iaculis. Suspendisse volutpat urna vitae fermentum eleifend. Maecenas sapien leo, gravida vitae pellentesque quis, efficitur in erat. Maecenas elementum euismod hendrerit. Mauris sagittis massa a orci.','Lorem ipsum dolor sit amet, consectetur adipiscing elit. Morbi pulvinar pharetra bibendum. Ut eget risus nec risus finibus hendrerit in non tortor. Pellentesque maximus ligula et turpis faucibus cursus. Donec vel nunc metus. Quisque sagittis mattis dui vel varius. Aliquam iaculis interdum lacinia. Nam euismod lectus id maximus sodales. Nam id magna dictum, semper nisl vel, ornare ligula. Sed condimentum metus quis leo pharetra, quis semper urna aliquam. Fusce consectetur accumsan augue sit amet iaculis. Suspendisse volutpat urna vitae fermentum eleifend. Maecenas sapien leo, gravida vitae pellentesque quis, efficitur in erat. Maecenas elementum euismod hendrerit. Mauris sagittis massa a orci.',3.11),(86,43,'Narlescul','Lorem ipsum dolor sit amet, consectetur adipiscing elit. Morbi pulvinar pharetra bibendum. Ut eget risus nec risus finibus hendrerit in non tortor. Pellentesque maximus ligula et turpis faucibus cursus. Donec vel nunc metus. Quisque sagittis mattis dui vel varius. Aliquam iaculis interdum lacinia. Nam euismod lectus id maximus sodales. Nam id magna dictum, semper nisl vel, ornare ligula. Sed condimentum metus quis leo pharetra, quis semper urna aliquam. Fusce consectetur accumsan augue sit amet iaculis. Suspendisse volutpat urna vitae fermentum eleifend. Maecenas sapien leo, gravida vitae pellentesque quis, efficitur in erat. Maecenas elementum euismod hendrerit. Mauris sagittis massa a orci.','Lorem ipsum dolor sit amet, consectetur adipiscing elit. Morbi pulvinar pharetra bibendum. Ut eget risus nec risus finibus hendrerit in non tortor. Pellentesque maximus ligula et turpis faucibus cursus. Donec vel nunc metus. Quisque sagittis mattis dui vel varius. Aliquam iaculis interdum lacinia. Nam euismod lectus id maximus sodales. Nam id magna dictum, semper nisl vel, ornare ligula. Sed condimentum metus quis leo pharetra, quis semper urna aliquam. Fusce consectetur accumsan augue sit amet iaculis. Suspendisse volutpat urna vitae fermentum eleifend. Maecenas sapien leo, gravida vitae pellentesque quis, efficitur in erat. Maecenas elementum euismod hendrerit. Mauris sagittis massa a orci.',3.00),(87,23,'Nirmersolurn','Lorem ipsum dolor sit amet, consectetur adipiscing elit. Morbi pulvinar pharetra bibendum. Ut eget risus nec risus finibus hendrerit in non tortor. Pellentesque maximus ligula et turpis faucibus cursus. Donec vel nunc metus. Quisque sagittis mattis dui vel varius. Aliquam iaculis interdum lacinia. Nam euismod lectus id maximus sodales. Nam id magna dictum, semper nisl vel, ornare ligula. Sed condimentum metus quis leo pharetra, quis semper urna aliquam. Fusce consectetur accumsan augue sit amet iaculis. Suspendisse volutpat urna vitae fermentum eleifend. Maecenas sapien leo, gravida vitae pellentesque quis, efficitur in erat. Maecenas elementum euismod hendrerit. Mauris sagittis massa a orci.','Lorem ipsum dolor sit amet, consectetur adipiscing elit. Morbi pulvinar pharetra bibendum. Ut eget risus nec risus finibus hendrerit in non tortor. Pellentesque maximus ligula et turpis faucibus cursus. Donec vel nunc metus. Quisque sagittis mattis dui vel varius. Aliquam iaculis interdum lacinia. Nam euismod lectus id maximus sodales. Nam id magna dictum, semper nisl vel, ornare ligula. Sed condimentum metus quis leo pharetra, quis semper urna aliquam. Fusce consectetur accumsan augue sit amet iaculis. Suspendisse volutpat urna vitae fermentum eleifend. Maecenas sapien leo, gravida vitae pellentesque quis, efficitur in erat. Maecenas elementum euismod hendrerit. Mauris sagittis massa a orci.',2.40),(88,45,'Logcel','Lorem ipsum dolor sit amet, consectetur adipiscing elit. Morbi pulvinar pharetra bibendum. Ut eget risus nec risus finibus hendrerit in non tortor. Pellentesque maximus ligula et turpis faucibus cursus. Donec vel nunc metus. Quisque sagittis mattis dui vel varius. Aliquam iaculis interdum lacinia. Nam euismod lectus id maximus sodales. Nam id magna dictum, semper nisl vel, ornare ligula. Sed condimentum metus quis leo pharetra, quis semper urna aliquam. Fusce consectetur accumsan augue sit amet iaculis. Suspendisse volutpat urna vitae fermentum eleifend. Maecenas sapien leo, gravida vitae pellentesque quis, efficitur in erat. Maecenas elementum euismod hendrerit. Mauris sagittis massa a orci.','Lorem ipsum dolor sit amet, consectetur adipiscing elit. Morbi pulvinar pharetra bibendum. Ut eget risus nec risus finibus hendrerit in non tortor. Pellentesque maximus ligula et turpis faucibus cursus. Donec vel nunc metus. Quisque sagittis mattis dui vel varius. Aliquam iaculis interdum lacinia. Nam euismod lectus id maximus sodales. Nam id magna dictum, semper nisl vel, ornare ligula. Sed condimentum metus quis leo pharetra, quis semper urna aliquam. Fusce consectetur accumsan augue sit amet iaculis. Suspendisse volutpat urna vitae fermentum eleifend. Maecenas sapien leo, gravida vitae pellentesque quis, efficitur in erat. Maecenas elementum euismod hendrerit. Mauris sagittis massa a orci.',2.33),(89,67,'Lasloglag','Lorem ipsum dolor sit amet, consectetur adipiscing elit. Morbi pulvinar pharetra bibendum. Ut eget risus nec risus finibus hendrerit in non tortor. Pellentesque maximus ligula et turpis faucibus cursus. Donec vel nunc metus. Quisque sagittis mattis dui vel varius. Aliquam iaculis interdum lacinia. Nam euismod lectus id maximus sodales. Nam id magna dictum, semper nisl vel, ornare ligula. Sed condimentum metus quis leo pharetra, quis semper urna aliquam. Fusce consectetur accumsan augue sit amet iaculis. Suspendisse volutpat urna vitae fermentum eleifend. Maecenas sapien leo, gravida vitae pellentesque quis, efficitur in erat. Maecenas elementum euismod hendrerit. Mauris sagittis massa a orci.','Lorem ipsum dolor sit amet, consectetur adipiscing elit. Morbi pulvinar pharetra bibendum. Ut eget risus nec risus finibus hendrerit in non tortor. Pellentesque maximus ligula et turpis faucibus cursus. Donec vel nunc metus. Quisque sagittis mattis dui vel varius. Aliquam iaculis interdum lacinia. Nam euismod lectus id maximus sodales. Nam id magna dictum, semper nisl vel, ornare ligula. Sed condimentum metus quis leo pharetra, quis semper urna aliquam. Fusce consectetur accumsan augue sit amet iaculis. Suspendisse volutpat urna vitae fermentum eleifend. Maecenas sapien leo, gravida vitae pellentesque quis, efficitur in erat. Maecenas elementum euismod hendrerit. Mauris sagittis massa a orci.',3.25),(90,93,'Lessellamyrn','Lorem ipsum dolor sit amet, consectetur adipiscing elit. Morbi pulvinar pharetra bibendum. Ut eget risus nec risus finibus hendrerit in non tortor. Pellentesque maximus ligula et turpis faucibus cursus. Donec vel nunc metus. Quisque sagittis mattis dui vel varius. Aliquam iaculis interdum lacinia. Nam euismod lectus id maximus sodales. Nam id magna dictum, semper nisl vel, ornare ligula. Sed condimentum metus quis leo pharetra, quis semper urna aliquam. Fusce consectetur accumsan augue sit amet iaculis. Suspendisse volutpat urna vitae fermentum eleifend. Maecenas sapien leo, gravida vitae pellentesque quis, efficitur in erat. Maecenas elementum euismod hendrerit. Mauris sagittis massa a orci.','Lorem ipsum dolor sit amet, consectetur adipiscing elit. Morbi pulvinar pharetra bibendum. Ut eget risus nec risus finibus hendrerit in non tortor. Pellentesque maximus ligula et turpis faucibus cursus. Donec vel nunc metus. Quisque sagittis mattis dui vel varius. Aliquam iaculis interdum lacinia. Nam euismod lectus id maximus sodales. Nam id magna dictum, semper nisl vel, ornare ligula. Sed condimentum metus quis leo pharetra, quis semper urna aliquam. Fusce consectetur accumsan augue sit amet iaculis. Suspendisse volutpat urna vitae fermentum eleifend. Maecenas sapien leo, gravida vitae pellentesque quis, efficitur in erat. Maecenas elementum euismod hendrerit. Mauris sagittis massa a orci.',2.75),(91,98,'Gymlys','Lorem ipsum dolor sit amet, consectetur adipiscing elit. Morbi pulvinar pharetra bibendum. Ut eget risus nec risus finibus hendrerit in non tortor. Pellentesque maximus ligula et turpis faucibus cursus. Donec vel nunc metus. Quisque sagittis mattis dui vel varius. Aliquam iaculis interdum lacinia. Nam euismod lectus id maximus sodales. Nam id magna dictum, semper nisl vel, ornare ligula. Sed condimentum metus quis leo pharetra, quis semper urna aliquam. Fusce consectetur accumsan augue sit amet iaculis. Suspendisse volutpat urna vitae fermentum eleifend. Maecenas sapien leo, gravida vitae pellentesque quis, efficitur in erat. Maecenas elementum euismod hendrerit. Mauris sagittis massa a orci.','Lorem ipsum dolor sit amet, consectetur adipiscing elit. Morbi pulvinar pharetra bibendum. Ut eget risus nec risus finibus hendrerit in non tortor. Pellentesque maximus ligula et turpis faucibus cursus. Donec vel nunc metus. Quisque sagittis mattis dui vel varius. Aliquam iaculis interdum lacinia. Nam euismod lectus id maximus sodales. Nam id magna dictum, semper nisl vel, ornare ligula. Sed condimentum metus quis leo pharetra, quis semper urna aliquam. Fusce consectetur accumsan augue sit amet iaculis. Suspendisse volutpat urna vitae fermentum eleifend. Maecenas sapien leo, gravida vitae pellentesque quis, efficitur in erat. Maecenas elementum euismod hendrerit. Mauris sagittis massa a orci.',3.00),(92,78,'Thasal','Lorem ipsum dolor sit amet, consectetur adipiscing elit. Morbi pulvinar pharetra bibendum. Ut eget risus nec risus finibus hendrerit in non tortor. Pellentesque maximus ligula et turpis faucibus cursus. Donec vel nunc metus. Quisque sagittis mattis dui vel varius. Aliquam iaculis interdum lacinia. Nam euismod lectus id maximus sodales. Nam id magna dictum, semper nisl vel, ornare ligula. Sed condimentum metus quis leo pharetra, quis semper urna aliquam. Fusce consectetur accumsan augue sit amet iaculis. Suspendisse volutpat urna vitae fermentum eleifend. Maecenas sapien leo, gravida vitae pellentesque quis, efficitur in erat. Maecenas elementum euismod hendrerit. Mauris sagittis massa a orci.','Lorem ipsum dolor sit amet, consectetur adipiscing elit. Morbi pulvinar pharetra bibendum. Ut eget risus nec risus finibus hendrerit in non tortor. Pellentesque maximus ligula et turpis faucibus cursus. Donec vel nunc metus. Quisque sagittis mattis dui vel varius. Aliquam iaculis interdum lacinia. Nam euismod lectus id maximus sodales. Nam id magna dictum, semper nisl vel, ornare ligula. Sed condimentum metus quis leo pharetra, quis semper urna aliquam. Fusce consectetur accumsan augue sit amet iaculis. Suspendisse volutpat urna vitae fermentum eleifend. Maecenas sapien leo, gravida vitae pellentesque quis, efficitur in erat. Maecenas elementum euismod hendrerit. Mauris sagittis massa a orci.',2.83),(93,80,'Silurnsellag','Lorem ipsum dolor sit amet, consectetur adipiscing elit. Morbi pulvinar pharetra bibendum. Ut eget risus nec risus finibus hendrerit in non tortor. Pellentesque maximus ligula et turpis faucibus cursus. Donec vel nunc metus. Quisque sagittis mattis dui vel varius. Aliquam iaculis interdum lacinia. Nam euismod lectus id maximus sodales. Nam id magna dictum, semper nisl vel, ornare ligula. Sed condimentum metus quis leo pharetra, quis semper urna aliquam. Fusce consectetur accumsan augue sit amet iaculis. Suspendisse volutpat urna vitae fermentum eleifend. Maecenas sapien leo, gravida vitae pellentesque quis, efficitur in erat. Maecenas elementum euismod hendrerit. Mauris sagittis massa a orci.','Lorem ipsum dolor sit amet, consectetur adipiscing elit. Morbi pulvinar pharetra bibendum. Ut eget risus nec risus finibus hendrerit in non tortor. Pellentesque maximus ligula et turpis faucibus cursus. Donec vel nunc metus. Quisque sagittis mattis dui vel varius. Aliquam iaculis interdum lacinia. Nam euismod lectus id maximus sodales. Nam id magna dictum, semper nisl vel, ornare ligula. Sed condimentum metus quis leo pharetra, quis semper urna aliquam. Fusce consectetur accumsan augue sit amet iaculis. Suspendisse volutpat urna vitae fermentum eleifend. Maecenas sapien leo, gravida vitae pellentesque quis, efficitur in erat. Maecenas elementum euismod hendrerit. Mauris sagittis massa a orci.',2.50),(94,20,'Hallloslysbur','Lorem ipsum dolor sit amet, consectetur adipiscing elit. Morbi pulvinar pharetra bibendum. Ut eget risus nec risus finibus hendrerit in non tortor. Pellentesque maximus ligula et turpis faucibus cursus. Donec vel nunc metus. Quisque sagittis mattis dui vel varius. Aliquam iaculis interdum lacinia. Nam euismod lectus id maximus sodales. Nam id magna dictum, semper nisl vel, ornare ligula. Sed condimentum metus quis leo pharetra, quis semper urna aliquam. Fusce consectetur accumsan augue sit amet iaculis. Suspendisse volutpat urna vitae fermentum eleifend. Maecenas sapien leo, gravida vitae pellentesque quis, efficitur in erat. Maecenas elementum euismod hendrerit. Mauris sagittis massa a orci.','Lorem ipsum dolor sit amet, consectetur adipiscing elit. Morbi pulvinar pharetra bibendum. Ut eget risus nec risus finibus hendrerit in non tortor. Pellentesque maximus ligula et turpis faucibus cursus. Donec vel nunc metus. Quisque sagittis mattis dui vel varius. Aliquam iaculis interdum lacinia. Nam euismod lectus id maximus sodales. Nam id magna dictum, semper nisl vel, ornare ligula. Sed condimentum metus quis leo pharetra, quis semper urna aliquam. Fusce consectetur accumsan augue sit amet iaculis. Suspendisse volutpat urna vitae fermentum eleifend. Maecenas sapien leo, gravida vitae pellentesque quis, efficitur in erat. Maecenas elementum euismod hendrerit. Mauris sagittis massa a orci.',4.11),(95,61,'Ligbir','Lorem ipsum dolor sit amet, consectetur adipiscing elit. Morbi pulvinar pharetra bibendum. Ut eget risus nec risus finibus hendrerit in non tortor. Pellentesque maximus ligula et turpis faucibus cursus. Donec vel nunc metus. Quisque sagittis mattis dui vel varius. Aliquam iaculis interdum lacinia. Nam euismod lectus id maximus sodales. Nam id magna dictum, semper nisl vel, ornare ligula. Sed condimentum metus quis leo pharetra, quis semper urna aliquam. Fusce consectetur accumsan augue sit amet iaculis. Suspendisse volutpat urna vitae fermentum eleifend. Maecenas sapien leo, gravida vitae pellentesque quis, efficitur in erat. Maecenas elementum euismod hendrerit. Mauris sagittis massa a orci.','Lorem ipsum dolor sit amet, consectetur adipiscing elit. Morbi pulvinar pharetra bibendum. Ut eget risus nec risus finibus hendrerit in non tortor. Pellentesque maximus ligula et turpis faucibus cursus. Donec vel nunc metus. Quisque sagittis mattis dui vel varius. Aliquam iaculis interdum lacinia. Nam euismod lectus id maximus sodales. Nam id magna dictum, semper nisl vel, ornare ligula. Sed condimentum metus quis leo pharetra, quis semper urna aliquam. Fusce consectetur accumsan augue sit amet iaculis. Suspendisse volutpat urna vitae fermentum eleifend. Maecenas sapien leo, gravida vitae pellentesque quis, efficitur in erat. Maecenas elementum euismod hendrerit. Mauris sagittis massa a orci.',2.00),(96,2,'Burcylcel','Lorem ipsum dolor sit amet, consectetur adipiscing elit. Morbi pulvinar pharetra bibendum. Ut eget risus nec risus finibus hendrerit in non tortor. Pellentesque maximus ligula et turpis faucibus cursus. Donec vel nunc metus. Quisque sagittis mattis dui vel varius. Aliquam iaculis interdum lacinia. Nam euismod lectus id maximus sodales. Nam id magna dictum, semper nisl vel, ornare ligula. Sed condimentum metus quis leo pharetra, quis semper urna aliquam. Fusce consectetur accumsan augue sit amet iaculis. Suspendisse volutpat urna vitae fermentum eleifend. Maecenas sapien leo, gravida vitae pellentesque quis, efficitur in erat. Maecenas elementum euismod hendrerit. Mauris sagittis massa a orci.','Lorem ipsum dolor sit amet, consectetur adipiscing elit. Morbi pulvinar pharetra bibendum. Ut eget risus nec risus finibus hendrerit in non tortor. Pellentesque maximus ligula et turpis faucibus cursus. Donec vel nunc metus. Quisque sagittis mattis dui vel varius. Aliquam iaculis interdum lacinia. Nam euismod lectus id maximus sodales. Nam id magna dictum, semper nisl vel, ornare ligula. Sed condimentum metus quis leo pharetra, quis semper urna aliquam. Fusce consectetur accumsan augue sit amet iaculis. Suspendisse volutpat urna vitae fermentum eleifend. Maecenas sapien leo, gravida vitae pellentesque quis, efficitur in erat. Maecenas elementum euismod hendrerit. Mauris sagittis massa a orci.',4.00),(97,51,'Narlisho','Lorem ipsum dolor sit amet, consectetur adipiscing elit. Morbi pulvinar pharetra bibendum. Ut eget risus nec risus finibus hendrerit in non tortor. Pellentesque maximus ligula et turpis faucibus cursus. Donec vel nunc metus. Quisque sagittis mattis dui vel varius. Aliquam iaculis interdum lacinia. Nam euismod lectus id maximus sodales. Nam id magna dictum, semper nisl vel, ornare ligula. Sed condimentum metus quis leo pharetra, quis semper urna aliquam. Fusce consectetur accumsan augue sit amet iaculis. Suspendisse volutpat urna vitae fermentum eleifend. Maecenas sapien leo, gravida vitae pellentesque quis, efficitur in erat. Maecenas elementum euismod hendrerit. Mauris sagittis massa a orci.','Lorem ipsum dolor sit amet, consectetur adipiscing elit. Morbi pulvinar pharetra bibendum. Ut eget risus nec risus finibus hendrerit in non tortor. Pellentesque maximus ligula et turpis faucibus cursus. Donec vel nunc metus. Quisque sagittis mattis dui vel varius. Aliquam iaculis interdum lacinia. Nam euismod lectus id maximus sodales. Nam id magna dictum, semper nisl vel, ornare ligula. Sed condimentum metus quis leo pharetra, quis semper urna aliquam. Fusce consectetur accumsan augue sit amet iaculis. Suspendisse volutpat urna vitae fermentum eleifend. Maecenas sapien leo, gravida vitae pellentesque quis, efficitur in erat. Maecenas elementum euismod hendrerit. Mauris sagittis massa a orci.',3.50),(98,57,'Hosal','Lorem ipsum dolor sit amet, consectetur adipiscing elit. Morbi pulvinar pharetra bibendum. Ut eget risus nec risus finibus hendrerit in non tortor. Pellentesque maximus ligula et turpis faucibus cursus. Donec vel nunc metus. Quisque sagittis mattis dui vel varius. Aliquam iaculis interdum lacinia. Nam euismod lectus id maximus sodales. Nam id magna dictum, semper nisl vel, ornare ligula. Sed condimentum metus quis leo pharetra, quis semper urna aliquam. Fusce consectetur accumsan augue sit amet iaculis. Suspendisse volutpat urna vitae fermentum eleifend. Maecenas sapien leo, gravida vitae pellentesque quis, efficitur in erat. Maecenas elementum euismod hendrerit. Mauris sagittis massa a orci.','Lorem ipsum dolor sit amet, consectetur adipiscing elit. Morbi pulvinar pharetra bibendum. Ut eget risus nec risus finibus hendrerit in non tortor. Pellentesque maximus ligula et turpis faucibus cursus. Donec vel nunc metus. Quisque sagittis mattis dui vel varius. Aliquam iaculis interdum lacinia. Nam euismod lectus id maximus sodales. Nam id magna dictum, semper nisl vel, ornare ligula. Sed condimentum metus quis leo pharetra, quis semper urna aliquam. Fusce consectetur accumsan augue sit amet iaculis. Suspendisse volutpat urna vitae fermentum eleifend. Maecenas sapien leo, gravida vitae pellentesque quis, efficitur in erat. Maecenas elementum euismod hendrerit. Mauris sagittis massa a orci.',2.43),(99,97,'Liscal','Lorem ipsum dolor sit amet, consectetur adipiscing elit. Morbi pulvinar pharetra bibendum. Ut eget risus nec risus finibus hendrerit in non tortor. Pellentesque maximus ligula et turpis faucibus cursus. Donec vel nunc metus. Quisque sagittis mattis dui vel varius. Aliquam iaculis interdum lacinia. Nam euismod lectus id maximus sodales. Nam id magna dictum, semper nisl vel, ornare ligula. Sed condimentum metus quis leo pharetra, quis semper urna aliquam. Fusce consectetur accumsan augue sit amet iaculis. Suspendisse volutpat urna vitae fermentum eleifend. Maecenas sapien leo, gravida vitae pellentesque quis, efficitur in erat. Maecenas elementum euismod hendrerit. Mauris sagittis massa a orci.','Lorem ipsum dolor sit amet, consectetur adipiscing elit. Morbi pulvinar pharetra bibendum. Ut eget risus nec risus finibus hendrerit in non tortor. Pellentesque maximus ligula et turpis faucibus cursus. Donec vel nunc metus. Quisque sagittis mattis dui vel varius. Aliquam iaculis interdum lacinia. Nam euismod lectus id maximus sodales. Nam id magna dictum, semper nisl vel, ornare ligula. Sed condimentum metus quis leo pharetra, quis semper urna aliquam. Fusce consectetur accumsan augue sit amet iaculis. Suspendisse volutpat urna vitae fermentum eleifend. Maecenas sapien leo, gravida vitae pellentesque quis, efficitur in erat. Maecenas elementum euismod hendrerit. Mauris sagittis massa a orci.',3.43),(100,73,'Sulbarmornar','Lorem ipsum dolor sit amet, consectetur adipiscing elit. Morbi pulvinar pharetra bibendum. Ut eget risus nec risus finibus hendrerit in non tortor. Pellentesque maximus ligula et turpis faucibus cursus. Donec vel nunc metus. Quisque sagittis mattis dui vel varius. Aliquam iaculis interdum lacinia. Nam euismod lectus id maximus sodales. Nam id magna dictum, semper nisl vel, ornare ligula. Sed condimentum metus quis leo pharetra, quis semper urna aliquam. Fusce consectetur accumsan augue sit amet iaculis. Suspendisse volutpat urna vitae fermentum eleifend. Maecenas sapien leo, gravida vitae pellentesque quis, efficitur in erat. Maecenas elementum euismod hendrerit. Mauris sagittis massa a orci.','Lorem ipsum dolor sit amet, consectetur adipiscing elit. Morbi pulvinar pharetra bibendum. Ut eget risus nec risus finibus hendrerit in non tortor. Pellentesque maximus ligula et turpis faucibus cursus. Donec vel nunc metus. Quisque sagittis mattis dui vel varius. Aliquam iaculis interdum lacinia. Nam euismod lectus id maximus sodales. Nam id magna dictum, semper nisl vel, ornare ligula. Sed condimentum metus quis leo pharetra, quis semper urna aliquam. Fusce consectetur accumsan augue sit amet iaculis. Suspendisse volutpat urna vitae fermentum eleifend. Maecenas sapien leo, gravida vitae pellentesque quis, efficitur in erat. Maecenas elementum euismod hendrerit. Mauris sagittis massa a orci.',1.25);
/*!40000 ALTER TABLE `Recipe` ENABLE KEYS */;
UNLOCK TABLES;

--
-- Table structure for table `RecipeIngredient`
--

DROP TABLE IF EXISTS `RecipeIngredient`;
/*!40101 SET @saved_cs_client     = @@character_set_client */;
 SET character_set_client = utf8mb4 ;
CREATE TABLE `RecipeIngredient` (
  `id` int(11) NOT NULL AUTO_INCREMENT,
  `id_Recipe` int(11) NOT NULL,
  `id_Ingredient` int(11) NOT NULL,
  `id_QuantityUnit` int(11) NOT NULL,
  `totalQuantity` int(11) NOT NULL DEFAULT '1',
  PRIMARY KEY (`id`),
  UNIQUE KEY `UC_RecipeIngredient` (`id_Recipe`,`id_Ingredient`),
  KEY `id_Ingredient` (`id_Ingredient`),
  KEY `id_QuantityUnit` (`id_QuantityUnit`),
  CONSTRAINT `RecipeIngredient_ibfk_1` FOREIGN KEY (`id_Recipe`) REFERENCES `Recipe` (`id`),
  CONSTRAINT `RecipeIngredient_ibfk_2` FOREIGN KEY (`id_Ingredient`) REFERENCES `Ingredient` (`id`),
  CONSTRAINT `RecipeIngredient_ibfk_3` FOREIGN KEY (`id_QuantityUnit`) REFERENCES `QuantityUnit` (`id`)
) ENGINE=InnoDB AUTO_INCREMENT=726 DEFAULT CHARSET=utf8mb4 COLLATE=utf8mb4_0900_ai_ci;
/*!40101 SET character_set_client = @saved_cs_client */;

--
-- Dumping data for table `RecipeIngredient`
--

LOCK TABLES `RecipeIngredient` WRITE;
/*!40000 ALTER TABLE `RecipeIngredient` DISABLE KEYS */;
INSERT INTO `RecipeIngredient` VALUES (1,1,57,2,4),(2,1,51,2,9),(3,1,81,13,9),(4,1,99,12,7),(5,1,58,10,1),(6,1,4,4,4),(7,1,13,12,9),(8,1,54,10,4),(9,1,84,9,3),(10,2,30,6,3),(11,2,80,4,10),(12,2,79,3,1),(13,2,64,12,8),(14,2,97,4,4),(15,2,28,2,5),(16,2,19,2,7),(17,2,84,8,9),(18,2,70,13,2),(19,2,51,3,7),(20,3,26,7,10),(21,3,77,6,6),(22,3,84,9,2),(23,3,16,11,3),(24,3,92,2,4),(25,3,34,12,9),(26,3,36,2,7),(27,3,74,9,9),(28,4,71,12,3),(29,4,25,1,1),(30,4,76,5,6),(31,4,45,8,6),(32,4,67,3,4),(33,5,90,6,3),(34,5,72,2,8),(35,5,30,4,5),(36,5,70,13,8),(37,5,63,5,5),(38,5,88,11,7),(39,5,83,3,10),(40,5,73,2,4),(41,5,18,10,10),(42,6,80,4,8),(43,6,92,5,6),(44,6,99,11,6),(45,6,71,9,1),(46,6,7,10,6),(47,7,46,11,4),(48,7,60,13,7),(49,7,54,12,3),(50,7,7,12,3),(51,7,47,13,2),(52,8,39,2,9),(53,8,86,2,7),(54,8,78,1,2),(55,8,14,7,4),(56,8,81,13,1),(57,8,67,6,7),(58,8,3,6,2),(59,8,96,8,10),(60,9,45,9,2),(61,9,87,8,9),(62,9,84,10,4),(63,9,85,10,3),(64,9,73,1,3),(65,9,43,5,7),(66,10,88,9,4),(67,10,55,3,3),(68,10,2,11,7),(69,10,63,5,9),(70,10,92,6,10),(71,10,67,3,2),(72,10,54,10,8),(73,11,50,9,2),(74,11,43,6,8),(75,11,56,12,5),(76,11,86,4,10),(77,11,90,1,10),(78,11,74,10,4),(79,11,77,6,6),(80,11,88,11,10),(81,12,73,2,1),(82,12,47,13,6),(83,12,50,9,2),(84,12,81,13,2),(85,12,28,4,3),(86,12,42,11,9),(87,13,71,12,7),(88,13,47,13,4),(89,13,42,8,7),(90,13,90,4,9),(91,13,70,13,2),(92,14,48,11,3),(93,14,2,12,8),(94,14,69,13,9),(95,14,57,7,7),(96,14,62,7,4),(97,14,59,3,3),(98,15,40,6,9),(99,15,93,7,2),(100,15,71,10,8),(101,15,44,10,4),(102,15,10,7,1),(103,15,85,8,10),(104,15,94,8,2),(105,15,66,3,9),(106,15,38,5,6),(107,15,74,11,1),(108,16,58,11,1),(109,16,90,3,10),(110,16,49,8,7),(111,16,82,11,10),(112,16,28,6,10),(113,17,72,7,2),(114,17,54,12,1),(115,17,18,8,8),(116,17,6,4,4),(117,17,28,7,6),(118,17,12,2,1),(119,17,77,1,2),(120,17,45,11,5),(121,17,67,3,9),(122,17,26,7,4),(123,18,23,4,5),(124,18,29,9,10),(125,18,81,13,8),(126,18,47,13,1),(127,18,92,4,10),(128,19,14,5,10),(129,19,75,5,1),(130,19,37,11,9),(131,19,60,13,5),(132,19,20,3,7),(133,19,5,7,3),(134,19,8,13,1),(135,20,92,1,7),(136,20,55,2,8),(137,20,81,13,1),(138,20,56,9,3),(139,20,38,5,4),(140,21,5,1,3),(141,21,7,11,1),(142,21,80,2,5),(143,21,83,4,6),(144,21,47,13,5),(145,21,32,1,5),(146,21,30,7,10),(147,21,20,2,1),(148,22,93,5,10),(149,22,24,2,4),(150,22,100,12,4),(151,22,61,10,3),(152,22,97,3,9),(153,22,11,11,10),(154,22,41,13,7),(155,22,70,13,10),(156,22,48,10,1),(157,23,69,13,2),(158,23,16,11,8),(159,23,95,3,9),(160,23,46,11,5),(161,23,57,2,5),(162,23,74,9,1),(163,23,3,5,4),(164,23,33,11,10),(165,23,64,12,9),(166,23,36,6,7),(167,24,88,11,4),(168,24,25,4,4),(169,24,9,12,5),(170,24,61,8,2),(171,24,54,9,4),(172,24,58,9,1),(173,24,22,13,2),(174,24,29,11,2),(175,24,11,10,8),(176,25,93,3,6),(177,25,61,9,2),(178,25,16,12,6),(179,25,69,13,5),(180,25,89,11,1),(181,25,32,7,3),(182,25,4,6,4),(183,25,46,10,9),(184,25,7,9,3),(185,26,2,12,5),(186,26,34,10,4),(187,26,47,13,9),(188,26,72,7,10),(189,26,92,2,2),(190,27,98,5,1),(191,27,42,9,2),(192,27,60,13,6),(193,27,24,7,10),(194,27,37,9,2),(195,27,6,1,7),(196,28,25,4,5),(197,28,72,6,9),(198,28,90,1,9),(199,28,27,10,3),(200,28,7,10,10),(201,28,23,4,6),(202,28,62,4,5),(203,28,11,8,8),(204,28,6,7,8),(205,29,51,6,5),(206,29,65,6,10),(207,29,26,2,4),(208,29,76,2,5),(209,29,34,10,3),(210,29,68,1,3),(211,29,43,2,2),(212,30,11,10,9),(213,30,35,4,8),(214,30,13,8,8),(215,30,19,7,8),(216,30,82,9,2),(217,30,96,10,9),(218,31,46,10,2),(219,31,70,13,5),(220,31,81,13,8),(221,31,73,3,2),(222,31,47,13,4),(223,31,72,2,2),(224,31,86,3,5),(225,32,65,2,6),(226,32,33,11,4),(227,32,41,13,9),(228,32,60,13,6),(229,32,76,6,9),(230,33,34,12,7),(231,33,84,9,7),(232,33,26,2,5),(233,33,30,2,6),(234,33,38,3,7),(235,33,24,6,5),(236,33,79,3,6),(237,33,49,12,2),(238,33,39,4,1),(239,34,9,9,6),(240,34,100,11,3),(241,34,88,11,2),(242,34,87,12,3),(243,34,64,11,5),(244,34,21,10,5),(245,35,14,6,6),(246,35,63,3,10),(247,35,21,11,1),(248,35,47,13,1),(249,35,79,2,9),(250,36,81,13,1),(251,36,36,4,10),(252,36,45,9,2),(253,36,24,2,4),(254,36,12,5,4),(255,36,15,12,3),(256,37,46,8,8),(257,37,52,7,9),(258,37,86,3,9),(259,37,72,7,2),(260,37,98,6,5),(261,37,48,11,2),(262,37,55,5,2),(263,38,55,1,5),(264,38,59,7,10),(265,38,78,7,3),(266,38,99,12,8),(267,38,68,3,9),(268,39,19,5,4),(269,39,22,13,4),(270,39,88,10,10),(271,39,54,10,9),(272,39,57,5,7),(273,39,74,11,8),(274,39,13,12,5),(275,39,9,8,9),(276,39,50,12,9),(277,39,44,11,4),(278,40,53,6,9),(279,40,87,8,3),(280,40,23,1,10),(281,40,78,1,4),(282,40,35,6,4),(283,40,9,8,3),(284,40,60,13,7),(285,40,18,9,8),(286,41,29,10,9),(287,41,74,11,10),(288,41,43,3,1),(289,41,93,6,8),(290,41,83,6,8),(291,41,59,7,7),(292,41,77,4,3),(293,41,47,13,2),(294,41,48,10,1),(295,42,33,10,7),(296,42,40,4,8),(297,42,72,4,8),(298,42,88,11,9),(299,42,30,7,3),(300,42,2,8,9),(301,42,25,2,5),(302,43,36,7,5),(303,43,72,2,3),(304,43,31,3,3),(305,43,23,4,6),(306,43,22,13,1),(307,43,95,6,10),(308,44,34,12,5),(309,44,6,5,4),(310,44,69,13,10),(311,44,30,6,5),(312,44,80,3,7),(313,44,66,7,9),(314,45,31,4,7),(315,45,82,12,5),(316,45,43,2,10),(317,45,47,13,7),(318,45,66,4,10),(319,45,37,10,5),(320,46,41,13,2),(321,46,47,13,1),(322,46,77,7,8),(323,46,37,12,9),(324,46,67,6,9),(325,46,21,9,4),(326,46,68,6,5),(327,46,78,2,3),(328,46,60,13,6),(329,46,65,3,10),(330,47,28,6,2),(331,47,10,3,7),(332,47,67,1,4),(333,47,88,10,9),(334,47,65,5,9),(335,47,7,10,3),(336,47,31,4,1),(337,47,14,4,3),(338,47,9,8,6),(339,47,43,1,8),(340,48,86,1,8),(341,48,19,3,5),(342,48,100,10,7),(343,48,35,6,10),(344,48,96,9,9),(345,48,52,6,7),(346,48,20,2,6),(347,48,69,13,1),(348,48,3,7,1),(349,49,71,12,8),(350,49,58,8,4),(351,49,75,7,9),(352,49,79,3,6),(353,49,7,8,7),(354,49,13,9,5),(355,49,29,12,6),(356,49,57,5,5),(357,49,10,6,4),(358,50,85,11,4),(359,50,12,1,10),(360,50,24,2,9),(361,50,18,10,10),(362,50,64,11,3),(363,50,27,9,3),(364,50,44,8,4),(365,50,56,11,10),(366,50,2,9,7),(367,50,72,1,3),(368,51,14,6,6),(369,51,79,2,9),(370,51,37,8,9),(371,51,91,3,5),(372,51,22,13,9),(373,51,43,5,4),(374,52,18,10,7),(375,52,26,7,9),(376,52,44,12,7),(377,52,14,1,2),(378,52,6,3,5),(379,52,23,2,1),(380,52,38,5,8),(381,53,73,3,3),(382,53,79,2,3),(383,53,6,4,4),(384,53,7,8,8),(385,53,23,5,4),(386,53,32,4,10),(387,53,88,11,4),(388,53,63,7,9),(389,54,68,2,1),(390,54,54,10,1),(391,54,53,3,8),(392,54,86,1,4),(393,54,43,4,9),(394,54,52,4,6),(395,54,87,10,1),(396,55,98,5,6),(397,55,24,1,9),(398,55,78,5,2),(399,55,8,13,6),(400,55,31,5,5),(401,56,17,2,10),(402,56,44,10,4),(403,56,34,9,3),(404,56,6,3,4),(405,56,95,2,4),(406,56,67,5,6),(407,56,92,7,2),(408,56,5,6,1),(409,56,9,9,9),(410,56,29,11,8),(411,57,76,2,8),(412,57,66,2,10),(413,57,88,8,9),(414,57,53,7,7),(415,57,78,6,1),(416,57,11,10,10),(417,57,91,6,6),(418,58,53,7,4),(419,58,74,10,3),(420,58,33,12,5),(421,58,52,7,9),(422,58,6,1,3),(423,58,12,1,3),(424,59,48,12,10),(425,59,53,1,7),(426,59,39,6,6),(427,59,85,11,3),(428,59,79,1,5),(429,60,11,8,9),(430,60,63,6,3),(431,60,44,12,2),(432,60,51,7,8),(433,60,100,12,1),(434,60,96,9,5),(435,60,79,5,2),(436,60,64,12,9),(437,61,24,2,10),(438,61,58,9,7),(439,61,63,7,4),(440,61,83,4,5),(441,61,52,7,10),(442,62,10,4,10),(443,62,97,3,1),(444,62,27,11,6),(445,62,96,9,7),(446,62,100,11,10),(447,62,80,2,5),(448,62,8,13,7),(449,62,11,10,4),(450,62,92,4,6),(451,62,87,12,7),(452,63,84,8,4),(453,63,41,13,6),(454,63,69,13,8),(455,63,21,8,2),(456,63,53,6,2),(457,63,32,2,7),(458,64,4,7,2),(459,64,46,9,1),(460,64,68,2,8),(461,64,38,3,4),(462,64,79,2,10),(463,64,66,6,2),(464,64,44,10,9),(465,64,17,3,5),(466,65,36,6,10),(467,65,97,4,3),(468,65,16,11,5),(469,65,26,5,10),(470,65,59,2,6),(471,65,78,7,7),(472,65,69,13,8),(473,66,100,8,5),(474,66,6,1,10),(475,66,24,7,9),(476,66,40,6,1),(477,66,2,10,7),(478,66,58,10,9),(479,66,71,10,1),(480,66,53,7,9),(481,66,46,11,4),(482,66,51,1,3),(483,67,47,13,8),(484,67,71,10,2),(485,67,24,7,7),(486,67,17,7,4),(487,67,83,6,1),(488,68,69,13,8),(489,68,61,11,8),(490,68,29,9,4),(491,68,5,2,7),(492,68,52,5,1),(493,69,97,7,6),(494,69,21,8,3),(495,69,68,7,5),(496,69,41,13,6),(497,69,48,11,2),(498,69,85,9,2),(499,69,38,3,4),(500,70,73,2,6),(501,70,21,10,5),(502,70,46,8,10),(503,70,65,3,8),(504,70,57,6,1),(505,70,17,1,1),(506,71,21,9,2),(507,71,69,13,4),(508,71,29,12,7),(509,71,20,3,5),(510,71,46,12,7),(511,72,45,9,8),(512,72,28,4,9),(513,72,31,5,10),(514,72,84,12,10),(515,72,14,3,3),(516,72,77,7,3),(517,72,38,7,10),(518,73,22,13,8),(519,73,53,7,5),(520,73,15,11,7),(521,73,62,7,3),(522,73,58,8,6),(523,73,95,6,3),(524,73,72,1,7),(525,74,79,7,6),(526,74,33,10,5),(527,74,38,3,5),(528,74,44,8,8),(529,74,26,4,9),(530,74,68,7,7),(531,75,69,13,7),(532,75,88,11,9),(533,75,96,11,2),(534,75,92,6,6),(535,75,33,8,2),(536,75,86,3,8),(537,75,12,7,10),(538,75,71,11,4),(539,75,99,9,4),(540,75,21,10,9),(541,76,69,13,5),(542,76,30,5,9),(543,76,86,7,1),(544,76,46,11,1),(545,76,71,11,5),(546,76,3,5,10),(547,76,19,6,4),(548,76,38,3,3),(549,77,41,13,4),(550,77,19,2,1),(551,77,57,3,10),(552,77,58,12,8),(553,77,91,4,4),(554,77,99,11,4),(555,77,52,2,8),(556,78,83,4,9),(557,78,67,4,7),(558,78,28,5,6),(559,78,2,10,9),(560,78,4,6,5),(561,78,44,9,2),(562,79,38,6,6),(563,79,3,2,4),(564,79,60,13,5),(565,79,59,1,7),(566,79,66,2,5),(567,80,74,9,2),(568,80,57,1,7),(569,80,72,2,10),(570,80,70,13,6),(571,80,38,5,10),(572,81,89,8,2),(573,81,7,10,1),(574,81,17,6,9),(575,81,90,7,1),(576,81,29,10,5),(577,81,12,3,2),(578,82,56,12,3),(579,82,63,4,7),(580,82,82,12,5),(581,82,64,12,5),(582,82,43,3,4),(583,82,89,12,2),(584,83,13,10,6),(585,83,58,9,5),(586,83,57,3,4),(587,83,29,9,10),(588,83,31,4,5),(589,83,99,8,3),(590,83,16,10,1),(591,83,1,11,9),(592,83,38,7,10),(593,84,62,5,3),(594,84,18,9,2),(595,84,20,2,1),(596,84,87,11,2),(597,84,32,1,9),(598,84,93,6,3),(599,84,14,3,6),(600,84,74,10,2),(601,84,86,7,9),(602,85,62,6,10),(603,85,98,2,8),(604,85,50,10,6),(605,85,76,1,9),(606,85,42,8,6),(607,85,47,13,10),(608,85,46,10,5),(609,85,67,6,8),(610,85,30,4,3),(611,85,52,7,7),(612,86,48,8,2),(613,86,60,13,4),(614,86,27,10,8),(615,86,39,7,1),(616,86,57,5,9),(617,86,34,12,7),(618,86,100,9,10),(619,86,24,6,3),(620,86,18,10,8),(621,86,72,7,2),(622,87,57,1,7),(623,87,40,7,4),(624,87,84,12,4),(625,87,25,5,6),(626,87,100,8,9),(627,87,60,13,10),(628,87,3,2,5),(629,88,50,12,6),(630,88,86,1,5),(631,88,76,4,6),(632,88,36,2,6),(633,88,21,12,2),(634,88,34,9,8),(635,88,23,1,8),(636,88,78,1,6),(637,89,63,1,1),(638,89,84,10,8),(639,89,61,9,8),(640,89,77,4,1),(641,89,32,3,6),(642,89,55,2,4),(643,89,15,9,5),(644,89,3,1,6),(645,89,76,6,1),(646,90,62,7,4),(647,90,25,4,8),(648,90,90,6,6),(649,90,93,6,2),(650,90,17,7,2),(651,90,87,9,5),(652,90,92,3,1),(653,90,66,2,10),(654,90,28,1,1),(655,91,57,3,3),(656,91,35,7,2),(657,91,20,2,2),(658,91,81,13,9),(659,91,84,11,3),(660,91,100,11,3),(661,92,26,3,2),(662,92,69,13,1),(663,92,76,7,7),(664,92,34,12,9),(665,92,78,2,8),(666,92,44,12,3),(667,92,38,7,9),(668,92,48,9,4),(669,93,97,5,5),(670,93,5,3,10),(671,93,24,5,3),(672,93,25,3,9),(673,93,2,11,10),(674,93,13,10,3),(675,93,92,6,2),(676,93,15,12,8),(677,93,59,4,10),(678,93,23,4,9),(679,94,16,10,5),(680,94,40,4,5),(681,94,96,8,9),(682,94,92,2,9),(683,94,70,13,9),(684,94,76,7,8),(685,95,47,13,2),(686,95,58,10,7),(687,95,4,7,10),(688,95,84,9,9),(689,95,15,8,8),(690,95,29,9,6),(691,95,96,11,3),(692,96,12,2,3),(693,96,5,6,5),(694,96,87,11,8),(695,96,57,7,2),(696,96,83,3,4),(697,97,2,12,2),(698,97,36,4,1),(699,97,90,3,4),(700,97,73,7,6),(701,97,55,2,5),(702,97,53,5,3),(703,97,95,3,4),(704,97,15,12,9),(705,97,65,1,9),(706,98,95,5,7),(707,98,33,11,1),(708,98,82,12,9),(709,98,87,9,1),(710,98,64,9,6),(711,98,17,5,6),(712,98,66,4,5),(713,98,21,9,1),(714,98,1,9,3),(715,99,37,10,1),(716,99,60,13,4),(717,99,41,13,3),(718,99,90,7,6),(719,99,81,13,10),(720,100,41,13,8),(721,100,72,4,6),(722,100,67,2,10),(723,100,87,10,10),(724,100,36,5,10),(725,100,63,7,9);
/*!40000 ALTER TABLE `RecipeIngredient` ENABLE KEYS */;
UNLOCK TABLES;

--
-- Table structure for table `User`
--

DROP TABLE IF EXISTS `User`;
/*!40101 SET @saved_cs_client     = @@character_set_client */;
 SET character_set_client = utf8mb4 ;
CREATE TABLE `User` (
  `id` int(11) NOT NULL AUTO_INCREMENT,
  `username` varchar(20) NOT NULL,
  `bio` varchar(100) DEFAULT NULL,
  PRIMARY KEY (`id`),
  UNIQUE KEY `username` (`username`)
) ENGINE=InnoDB AUTO_INCREMENT=102 DEFAULT CHARSET=utf8mb4 COLLATE=utf8mb4_0900_ai_ci COMMENT='Quick user infos.';
/*!40101 SET character_set_client = @saved_cs_client */;

--
-- Dumping data for table `User`
--

LOCK TABLES `User` WRITE;
/*!40000 ALTER TABLE `User` DISABLE KEYS */;
INSERT INTO `User` VALUES (1,'Hogym','Lorem ipsum dolor sit amet, consectetur adipiscing elit. '),(2,'Celloggimbur','Lorem ipsum dolor sit amet, consectetur adipiscing elit. '),(3,'Laglesgim','Lorem ipsum dolor sit amet, consectetur adipiscing elit. '),(4,'Sylcyllis','Lorem ipsum dolor sit amet, consectetur adipiscing elit. '),(5,'Morbir','Lorem ipsum dolor sit amet, consectetur adipiscing elit. '),(6,'Limgem','Lorem ipsum dolor sit amet, consectetur adipiscing elit. '),(7,'Silgimculnir','Lorem ipsum dolor sit amet, consectetur adipiscing elit. '),(8,'Narmar','Lorem ipsum dolor sit amet, consectetur adipiscing elit. '),(9,'Solgamberthi','Lorem ipsum dolor sit amet, consectetur adipiscing elit. '),(10,'Cyllig','Lorem ipsum dolor sit amet, consectetur adipiscing elit. '),(11,'Thalomorn','Lorem ipsum dolor sit amet, consectetur adipiscing elit. '),(12,'Rluggum','Lorem ipsum dolor sit amet, consectetur adipiscing elit. '),(13,'Ornbar','Lorem ipsum dolor sit amet, consectetur adipiscing elit. '),(14,'Merhosyl','Lorem ipsum dolor sit amet, consectetur adipiscing elit. '),(15,'Callisthunir','Lorem ipsum dolor sit amet, consectetur adipiscing elit. '),(16,'Thaligber','Lorem ipsum dolor sit amet, consectetur adipiscing elit. '),(17,'Limbarmar','Lorem ipsum dolor sit amet, consectetur adipiscing elit. '),(18,'Lishalllumcal','Lorem ipsum dolor sit amet, consectetur adipiscing elit. '),(19,'Berthe','Lorem ipsum dolor sit amet, consectetur adipiscing elit. '),(20,'Hathulemhe','Lorem ipsum dolor sit amet, consectetur adipiscing elit. '),(21,'Colmorhi','Lorem ipsum dolor sit amet, consectetur adipiscing elit. '),(22,'Salthalegorn','Lorem ipsum dolor sit amet, consectetur adipiscing elit. '),(23,'Birmircyl','Lorem ipsum dolor sit amet, consectetur adipiscing elit. '),(24,'Bermor','Lorem ipsum dolor sit amet, consectetur adipiscing elit. '),(25,'Morlag','Lorem ipsum dolor sit amet, consectetur adipiscing elit. '),(26,'Barbirorn','Lorem ipsum dolor sit amet, consectetur adipiscing elit. '),(27,'Burmir','Lorem ipsum dolor sit amet, consectetur adipiscing elit. '),(28,'Humarhamur','Lorem ipsum dolor sit amet, consectetur adipiscing elit. '),(29,'Leglam','Lorem ipsum dolor sit amet, consectetur adipiscing elit. '),(30,'Hugimirn','Lorem ipsum dolor sit amet, consectetur adipiscing elit. '),(31,'Berburthamur','Lorem ipsum dolor sit amet, consectetur adipiscing elit. '),(32,'Lasloglum','Lorem ipsum dolor sit amet, consectetur adipiscing elit. '),(33,'Gomlamthi','Lorem ipsum dolor sit amet, consectetur adipiscing elit. '),(34,'Narmarborern','Lorem ipsum dolor sit amet, consectetur adipiscing elit. '),(35,'Lomlos','Lorem ipsum dolor sit amet, consectetur adipiscing elit. '),(36,'Urnlasho','Lorem ipsum dolor sit amet, consectetur adipiscing elit. '),(37,'Hical','Lorem ipsum dolor sit amet, consectetur adipiscing elit. '),(38,'Hisol','Lorem ipsum dolor sit amet, consectetur adipiscing elit. '),(39,'Leshe','Lorem ipsum dolor sit amet, consectetur adipiscing elit. '),(40,'Gumsalculsil','Lorem ipsum dolor sit amet, consectetur adipiscing elit. '),(41,'Morcalsul','Lorem ipsum dolor sit amet, consectetur adipiscing elit. '),(42,'Barlugha','Lorem ipsum dolor sit amet, consectetur adipiscing elit. '),(43,'Salhu','Lorem ipsum dolor sit amet, consectetur adipiscing elit. '),(44,'Celmorgember','Lorem ipsum dolor sit amet, consectetur adipiscing elit. '),(45,'Byrhebyr','Lorem ipsum dolor sit amet, consectetur adipiscing elit. '),(46,'Birhogim','Lorem ipsum dolor sit amet, consectetur adipiscing elit. '),(47,'Helisloshi','Lorem ipsum dolor sit amet, consectetur adipiscing elit. '),(48,'Syllas','Lorem ipsum dolor sit amet, consectetur adipiscing elit. '),(49,'Gymcalhober','Lorem ipsum dolor sit amet, consectetur adipiscing elit. '),(50,'Gimcullegirn','Lorem ipsum dolor sit amet, consectetur adipiscing elit. '),(51,'Borlessil','Lorem ipsum dolor sit amet, consectetur adipiscing elit. '),(52,'Thitha','Lorem ipsum dolor sit amet, consectetur adipiscing elit. '),(53,'Cylcelnor','Lorem ipsum dolor sit amet, consectetur adipiscing elit. '),(54,'Borbyrhulys','Lorem ipsum dolor sit amet, consectetur adipiscing elit. '),(55,'Loglistha','Lorem ipsum dolor sit amet, consectetur adipiscing elit. '),(56,'Silbartha','Lorem ipsum dolor sit amet, consectetur adipiscing elit. '),(57,'Orncilbirgom','Lorem ipsum dolor sit amet, consectetur adipiscing elit. '),(58,'Lasnormer','Lorem ipsum dolor sit amet, consectetur adipiscing elit. '),(59,'Lumsolthalig','Lorem ipsum dolor sit amet, consectetur adipiscing elit. '),(60,'Burlyscul','Lorem ipsum dolor sit amet, consectetur adipiscing elit. '),(61,'Murgomhellhi','Lorem ipsum dolor sit amet, consectetur adipiscing elit. '),(62,'Thatheluslag','Lorem ipsum dolor sit amet, consectetur adipiscing elit. '),(63,'Lyshallluslam','Lorem ipsum dolor sit amet, consectetur adipiscing elit. '),(64,'Mirborcil','Lorem ipsum dolor sit amet, consectetur adipiscing elit. '),(65,'Nircalbur','Lorem ipsum dolor sit amet, consectetur adipiscing elit. '),(66,'Barlugarn','Lorem ipsum dolor sit amet, consectetur adipiscing elit. '),(67,'Gimcul','Lorem ipsum dolor sit amet, consectetur adipiscing elit. '),(68,'Thulam','Lorem ipsum dolor sit amet, consectetur adipiscing elit. '),(69,'Hecolha','Lorem ipsum dolor sit amet, consectetur adipiscing elit. '),(70,'Ornmur','Lorem ipsum dolor sit amet, consectetur adipiscing elit. '),(71,'Lamber','Lorem ipsum dolor sit amet, consectetur adipiscing elit. '),(72,'Sulleshe','Lorem ipsum dolor sit amet, consectetur adipiscing elit. '),(73,'Lomlember','Lorem ipsum dolor sit amet, consectetur adipiscing elit. '),(74,'Loscal','Lorem ipsum dolor sit amet, consectetur adipiscing elit. '),(75,'Calornthilog','Lorem ipsum dolor sit amet, consectetur adipiscing elit. '),(76,'Limlesgam','Lorem ipsum dolor sit amet, consectetur adipiscing elit. '),(77,'Thigomcul','Lorem ipsum dolor sit amet, consectetur adipiscing elit. '),(78,'Laglyslomlis','Lorem ipsum dolor sit amet, consectetur adipiscing elit. '),(79,'Erngomlig','Lorem ipsum dolor sit amet, consectetur adipiscing elit. '),(80,'Gamlusmorcol','Lorem ipsum dolor sit amet, consectetur adipiscing elit. '),(81,'Syllag','Lorem ipsum dolor sit amet, consectetur adipiscing elit. '),(82,'Hothoirnlug','Lorem ipsum dolor sit amet, consectetur adipiscing elit. '),(83,'Hesolmar','Lorem ipsum dolor sit amet, consectetur adipiscing elit. '),(84,'Lugcul','Lorem ipsum dolor sit amet, consectetur adipiscing elit. '),(85,'Thicolthu','Lorem ipsum dolor sit amet, consectetur adipiscing elit. '),(86,'Narlescul','Lorem ipsum dolor sit amet, consectetur adipiscing elit. '),(87,'Nirmersolurn','Lorem ipsum dolor sit amet, consectetur adipiscing elit. '),(88,'Logcel','Lorem ipsum dolor sit amet, consectetur adipiscing elit. '),(89,'Lasloglag','Lorem ipsum dolor sit amet, consectetur adipiscing elit. '),(90,'Lessellamyrn','Lorem ipsum dolor sit amet, consectetur adipiscing elit. '),(91,'Gymlys','Lorem ipsum dolor sit amet, consectetur adipiscing elit. '),(92,'Thasal','Lorem ipsum dolor sit amet, consectetur adipiscing elit. '),(93,'Silurnsellag','Lorem ipsum dolor sit amet, consectetur adipiscing elit. '),(94,'Hallloslysbur','Lorem ipsum dolor sit amet, consectetur adipiscing elit. '),(95,'Ligbir','Lorem ipsum dolor sit amet, consectetur adipiscing elit. '),(96,'Burcylcel','Lorem ipsum dolor sit amet, consectetur adipiscing elit. '),(97,'Narlisho','Lorem ipsum dolor sit amet, consectetur adipiscing elit. '),(98,'Hosal','Lorem ipsum dolor sit amet, consectetur adipiscing elit. '),(99,'Liscal','Lorem ipsum dolor sit amet, consectetur adipiscing elit. '),(100,'Sulbarmornar','Lorem ipsum dolor sit amet, consectetur adipiscing elit. '),(101,'123',NULL);
/*!40000 ALTER TABLE `User` ENABLE KEYS */;
UNLOCK TABLES;
/*!50003 SET @saved_cs_client      = @@character_set_client */ ;
/*!50003 SET @saved_cs_results     = @@character_set_results */ ;
/*!50003 SET @saved_col_connection = @@collation_connection */ ;
/*!50003 SET character_set_client  = latin1 */ ;
/*!50003 SET character_set_results = latin1 */ ;
/*!50003 SET collation_connection  = latin1_swedish_ci */ ;
/*!50003 SET @saved_sql_mode       = @@sql_mode */ ;
/*!50003 SET sql_mode              = 'ONLY_FULL_GROUP_BY,STRICT_TRANS_TABLES,NO_ZERO_IN_DATE,NO_ZERO_DATE,ERROR_FOR_DIVISION_BY_ZERO,NO_ENGINE_SUBSTITUTION' */ ;
DELIMITER ;;
/*!50003 CREATE*/ /*!50017 DEFINER=`root`@`localhost`*/ /*!50003 TRIGGER `NewCartForNewUser` AFTER INSERT ON `User` FOR EACH ROW BEGIN
  INSERT INTO `Cart` (`id`, `id_User`, `totalCost`)
  VALUES (NULL, NEW.id, 0);
END */;;
DELIMITER ;
/*!50003 SET sql_mode              = @saved_sql_mode */ ;
/*!50003 SET character_set_client  = @saved_cs_client */ ;
/*!50003 SET character_set_results = @saved_cs_results */ ;
/*!50003 SET collation_connection  = @saved_col_connection */ ;
/*!40103 SET TIME_ZONE=@OLD_TIME_ZONE */;

/*!40101 SET SQL_MODE=@OLD_SQL_MODE */;
/*!40014 SET FOREIGN_KEY_CHECKS=@OLD_FOREIGN_KEY_CHECKS */;
/*!40014 SET UNIQUE_CHECKS=@OLD_UNIQUE_CHECKS */;
/*!40101 SET CHARACTER_SET_CLIENT=@OLD_CHARACTER_SET_CLIENT */;
/*!40101 SET CHARACTER_SET_RESULTS=@OLD_CHARACTER_SET_RESULTS */;
/*!40101 SET COLLATION_CONNECTION=@OLD_COLLATION_CONNECTION */;
/*!40111 SET SQL_NOTES=@OLD_SQL_NOTES */;

-- Dump completed on 2019-04-16 13:55:25
